:020000040800F2
:1000000068D4002039030008E58D0008FD69000868
:10001000E18D00086319000841A7000800000000F6
:10002000000000000000000000000000790200084D
:10003000152B000800000000D502000845970008B5
:100040005303000853030008530300085303000838
:100050005303000853030008172B0008530300083C
:1000600053030008212B00082B2B00085303000822
:100070005303000853030008530300085303000808
:1000800053030008530300085303000853030008F8
:10009000691900085303000853030008352B0008B2
:1000A00053030008530300085303000853030008D8
:1000B00053030008530300085303000853030008C8
:1000C00053030008530300085303000853030008B8
:1000D000530300082D9E0008530300083D9E0008AE
:1000E0005303000853030008530300085303000898
:1000F0005303000853030008530300087127000846
:100100005303000853030008530300085303000877
:100110005303000853030008530300085303000867
:1001200053030008ED270008530300085303000899
:100130005303000853030008530300085303000847
:10014000791900085303000853030008498E00087A
:10015000FD2700080D280008530300086D9F0008C4
:100160005303000853030008530300085303000817
:100170005303000853030008530300080000000065
:10018000530300085303000800F002F800F064F87D
:100190000AA090E8000C82448344AAF10107DA45E2
:1001A00001D100F059F8AFF2090EBAE80F0013F0D0
:1001B000010F18BFFB1A43F0010318478822010002
:1001C000A822010010F8013B0A4413F0030408BF01
:1001D00010F8014B1D1108BF10F8015B641E05D01B
:1001E00010F8016B641E01F8016BF9D1002D15D0D8
:1001F00010F8014B03F00C030C2BA1EB04040ABF15
:1002000010F8013BA4EB8314A4EB032405F10103D4
:1002100014F8016B5B1E01F8016BF9D5914238BFF0
:1002200010F8013BD1D3704700230024002500269D
:10023000103A28BF78C1FBD8520728BF30C148BF49
:100240000B6070471FB511F0FFF89DE8030000F048
:1002500089FF1FBD10B510BD01F008F81146FFF76A
:10026000F1FF0DF059F901F026F803B4FFF7F2FFA2
:1002700003BC01F05DF800002C4B19680868B0E879
:10028000F04F80F30988BFF36F8F4FF0000080F3C9
:10029000118870470000000008480068006880F37B
:1002A00008884FF0000080F3148862B661B6BFF38F
:1002B0004F8FBFF36F8F00DF00BF00BF08ED00E07E
:1002C000DFF80C00016841F470010160704700BF65
:1002D00088ED00E0EFF30980BFF36F8F134B1A68CE
:1002E0001EF0100F08BF20ED108A20E9F04F1060BB
:1002F00009B44FF0500080F31188BFF34F8FBFF364
:100300006F8F0EF0AFFF4FF0000080F3118809BC33
:1003100019680868B0E8F04F1EF0100F08BFB0EC85
:10032000108A80F30988BFF36F8F7047680400203C
:10033000EFF30580704700000948804709480047EF
:10034000FEE7FEE7FEE7FEE7FEE7FEE7FEE7FEE785
:10035000FEE7FEE704480549054A064B70470000E2
:100360000D980008890100086894002068D40020D6
:1003700068B4002068B400209FED1A1AF5EE000A58
:1003800040EE010ABDEEE00AF5EEC00A10EE100ADA
:10039000F1EE10FA38BF401E00EE100A1349F7EED6
:1003A000001AB8EEC00A30EEC00ADFED0F0A20EEE8
:1003B000200AFCEEC00A10EE900AC0F3080000EE1E
:1003C000900A01EB8000F8EE600A90ED011A70EEE1
:1003D000600A90ED000A71EEE01A21EE800A00EE4C
:1003E000810A704783F9223E00000044EC1B01089B
:1003F000DFED190AB5EEC00A60EE200ABDEEE01A84
:1004000011EE100AF1EE10FA38BF401E00EE100A8D
:100410001349F7EE001AB8EEC00A30EEC00ADFED5D
:100420000F0A60EE200ABCEEE00A10EE100AC0F3DC
:10043000080000EE100A01EB8000B8EE400A90EDD3
:10044000011A70EEC00A90ED000A71EEE01A21EE7A
:10045000800A00EE810A704783F9223E00000044C2
:10046000EC1B010870B405880E884468D1F804C0FC
:100470005368B54208D140884988884201BF118835
:100480008D425188884203D070BC6FF002007047E3
:1004900005FB00F1880827D094ED001ADCED000A76
:1004A00094ED010ADCED011A31EE201AD4ED020AB6
:1004B00070EE211A9CED020A83ED001AC3ED011AB9
:1004C00094ED031ADCED031A30EE800A401E71EE43
:1004D000210A83ED020A04F11004C3ED030A03F1BB
:1004E00010030CF1100CD7D111F0030030D0B0F193
:1004F000004F30D200282BDD211F1B1FACF104025E
:1005000010F0010F0AD091ED010AD2ED010A091D88
:10051000121D30EE200A83ED010A1B1D400817D082
:1005200091ED010AD2ED010A401E30EE200A83ED62
:10053000010A91ED020AD2ED020A01F1080102F16D
:10054000080230EE200A83ED020A03F10803E7D126
:1005500070BC00207047B4EC010A401EFCEC010A9C
:1005600030EE200AA3EC010AF5D1F1E701804280C8
:10057000436070472DE9F34F84B0049840680090C1
:10058000486801900498B0F800E04588DFEDFE0A65
:1005900000200290B0EE600AAE4506D10888498876
:1005A000884204BF7146864504D06FF0020006B051
:1005B000BDE8F08F01985FEA010C18BFB7EE001A92
:1005C0003DD000BFBEEB0C0117D0B1F1004F80F061
:1005D0001F82002911DD021F11F0010F1CBFC2EDA7
:1005E000010A121D4B1006D0C2ED010AC2ED020A2B
:1005F00008325B1EF8D100EB8100BCF10102A0ECD7
:10060000011A19D0B2F1004F80F00882002A13DDE0
:10061000031F12F0010F1CBFC3ED010A1B1D511077
:1006200008D000BFC3ED010AC3ED020A491E03F161
:100630000803F7D100EB8200BCF1010CC2D14FF0EE
:1006400000080395002D14BFB0EE602A002000F0D2
:10065000BF8100BF009908FB05F001EB800B0199F9
:10066000DBED002A01EB80000346F0EE421AC6459E
:1006700052D9AEEB0802ABEB850112F0010F17D097
:1006800001EB850191ED000AB5EEC00AF1EE10FA1A
:1006900007DDB4EEE10AF1EE10FA09DDF0EE401AE2
:1006A00006E0B1EE400AF4EEC01AF1EE10FAF5D30E
:1006B000521031D001EB850C9CED000AB5EEC00A5A
:1006C000F1EE10FA05DDB4EEE10AF1EE10FA09DD03
:1006D00006E0B1EE400AF4EEC01AF1EE10FA01D2D3
:1006E000F0EE401A01EBC50191ED000AB5EEC00A2B
:1006F000F1EE10FA05DDB4EEE10AF1EE10FA09DDD3
:1007000006E0B1EE400AF4EEC01AF1EE10FA01D2A2
:10071000F0EE401A521ECDD1F5EEC01AF1EE10FAED
:1007200000F07381F5EEC02A0126F1EE10FA00996F
:10073000D4BFB1EE620AB0EE620AB4EE610AF1EE25
:1007400010FA1CBFAEEB0802B2F1010C47D005FB5A
:1007500008F201EB820292ED001A00BFB0EE410AEE
:1007600005FB06F4B5EEC00A00EB8404F1EE10FAC6
:10077000CCBFF0EE400AF1EE400AF4EE610AF1EE71
:1007800010FA28D1B5EB080C11D0BCF1004F7DD286
:10079000BCF1000F0BDD00BF92ED000AD1ED000AA5
:1007A000BCF1010CE2EC010AA1EC010AF4D1290030
:1007B0000ED0B1F1004F6AD2002909DD94ED000A94
:1007C000D0ED000A491EE4EC010AA0EC010AF5D1C3
:1007D000012002900BE0761CBCF1010CBED1029806
:1007E000012804D0F5EEC02AF1EE10FA7ED09BED80
:1007F000000AB5EB08009A465946064622D0B0F1E9
:10080000004F74D200281DDD091F10F0010F06D023
:10081000F0EE400A80EEA01A81ED011A091D401089
:1008200010D000BFD1ED010A401E80EE801A81ED8C
:10083000011A91ED021AC1EE000AC1ED020A01F19E
:100840000801EFD1280026D0B0F1004F7ED2002859
:1008500021DDAAF1040110F0010F06D0D1ED010A4B
:1008600080EE801A81ED011A091D401013D000BFDF
:10087000D1ED010A401E80EE801A81ED011AD1ED02
:10088000020A80EE801A81ED021A01E0CBE0D6E088
:1008900001F10801ECD1DDE900124FF000095FEA37
:1008A0000E0773D0C14504BF01EB860102EB850240
:1008B00074D091ED000ADC465046330035D01C461A
:1008C000B6F1004F7ED2002C2FDD0B1FABF1040CD4
:1008D00016F0010F0FD0F0EE400ADCED011AB0EE79
:1008E000601A00EEE11A83ED011A01E08DE0B1E03B
:1008F0001B1D0CF1040C741015D000BFD3ED010AC0
:100900009CED011A40EE410AC3ED010AD3ED020A43
:100910009CED021A0CF1080C40EE410AC3ED020AEC
:100920000833641EEAD101EB86012B0036D0B3F107
:10093000004F72D2002B31DDA2F1040CAAF10400A9
:1009400013F0010F0CD0DCED010A00E08BE090ED1C
:10095000011A001D40EE410ACCED010A0CF1040C15
:100960005C1019D0DCED010A90ED011A40EE410A4D
:10097000CCED010ADCED020A90ED021A083040EEDF
:10098000410ACCED020A03E0000000000DE005E0A2
:10099000641E0CF1080CE5D102EB830201EB880127
:1009A0007F1E09F101097FF47DAF009808F101086D
:1009B000001D00900398401E03907FF44BAE0299F7
:1009C000012900E058E004BF06B0BDE8F08F00BF89
:1009D000B5EEC00AF1EE10FA7FF4E9AD04990EFB12
:1009E00005F3002B4A684FF000010BD902EB810C94
:1009F0009CED000AB5EEC00AF1EE10FA02D1491CD6
:100A00008B42F3D88B427FF4D2AD6FF00400CEE579
:100A1000E0EC010A491EFBD1EFE538E0E0EC010A09
:100A2000521EFBD108E692ED000AD1ED000ABCF19E
:100A3000010CE2EC010AA1EC010AF4D1B7E694ED55
:100A4000000AD0ED000A491EE4EC010AA0EC010AFC
:100A5000F5D1BDE6D1ED000A401E80EE801AA1EC72
:100A6000011AF7D1EEE6D3ED000A401E80EE801A9F
:100A7000A3EC011AF7D10EE7BCEC011AD1ED000A84
:100A80005B1E40EE410AE1EC010AF5D14DE7B0EC06
:100A9000011AD2ED000A5B1E40EE410AE2EC010AA7
:100AA000F5D17BE72DE9F04F82B04668536801939A
:100AB000058847884B88002000900888874201BF3E
:100AC000B2F800C06545528893421EBF6FF0020025
:100AD00002B0BDE8F08F9FED412A4FEA970EC7F3B1
:100AE000400B00BFDDE9000202EB800A4A6898462D
:100AF0004FF00009B0EE420AB4465FEA0E0025D07E
:100B000092ED001ADCED001A02EB8302DCED010A23
:100B100001EE810A92ED001A02EB8302401ED2ED33
:100B2000001A02EB830200EE810A9CED021ADCED52
:100B3000030A00040CF1100C000C01EE210A92EDE6
:100B4000001A02EB830200EE810AD9D117F00300EC
:100B500026D0ACF10404A2EB830210F0010F08D000
:100B600002EB8302D4ED010A92ED001A241D00EE7F
:100B7000810A5FEA0B0013D002EB830CD4ED010A6B
:100B80009CED001A02EBC302401E00EE810AD4ED78
:100B9000020A92ED001A04F1080400EE810AEBD17A
:100BA00009F10100AAEC010A1FFA80F9486800EB7C
:100BB0008902A8F101001FFA80F8B8F1000F99D15D
:100BC000009806EB8706184480B20090681E050462
:100BD0002D0C87D102B00020BDE8F08F000000008E
:100BE00070B405880E884468D1F804C05368B542D3
:100BF00008D140884988884201BF11888D425188B8
:100C0000884203D070BC6FF00200704705FB00F112
:100C1000880827D094ED001ADCED000A94ED010A53
:100C2000DCED011A31EE601AD4ED020A70EE611AA1
:100C30009CED020A83ED001AC3ED011A94ED031A2C
:100C4000DCED031A30EEC00A401E71EE610A83ED3E
:100C5000020A04F11004C3ED030A03F110030CF1BE
:100C6000100CD7D111F0030030D0B0F1004F30D2CA
:100C700000282BDD211F1B1FACF1040210F0010F17
:100C80000AD091ED010AD2ED010A091D121D30EEC4
:100C9000600A83ED010A1B1D400817D091ED010A7F
:100CA000D2ED010A401E30EE600A83ED010A91ED9B
:100CB000020AD2ED020A01F1080102F1080230EE47
:100CC000600A83ED020A03F10803E7D170BC00203B
:100CD0007047B4EC010A401EFCEC010A30EE600AD9
:100CE000A3EC010AF5D1F1E72DE9F04F028847683E
:100CF000B0F802804888D1F8049082B04FF0000A22
:100D00001646824207BF098888456FF0020002B08C
:100D100018BFBDE8F08F4FEA980B02EB420001903C
:100D2000C8F34000CDF8000009EB8A01BBF1000FC9
:100D300033D0019801EB820C01EB80043B46E64680
:100D400001EBC2054FEA0B0093ED000A401E81ED56
:100D5000000A93ED010A01EB02118CED000A93EDFC
:100D6000020A0CEB021C85ED000A93ED030A05EB69
:100D7000021584ED000A04EB021403F11003E3D121
:100D80000EEB820000EB820000EB8201ABF1010070
:100D9000504307EB0B1701EB001118F0030C21D0A7
:100DA0003B1FA1EB82011CF0010F06D093ED010A5D
:100DB00001EB82011B1D81ED000A009880B100BF8C
:100DC00093ED010A01EB820401EBC20184ED000AFC
:100DD00093ED020A401E81ED000A03F10803EFD1F2
:100DE00007EB8C070AF101001FFA80FA701E060457
:100DF000360C99D102B00020BDE8F08F70B50646E0
:100E000000F094F9056806F10B0020F00704B442E5
:100E10009CBF002070BD2B466A68BAB11068A04222
:100E200010D304F1080188423CBF5068586007D3D2
:100E30005168101941601168091B01605860146005
:100E4000101D70BD13465268002AE7D1214628467E
:100E500000F074F90028DED170BD70B50446051F9E
:100E600000F064F90068002C14BF446870BD002CC9
:100E700018BFAC423CBF20466468F8D301680A182A
:100E8000AA4218BF456003D12A6805461144016093
:100E900028684119A1421CBF6C6070BD616869601F
:100EA00021680844286070BD53EA020C00F0698094
:100EB0002DE9F04B4FF00006002B1FBFB3FA83F56E
:100EC00003FA05F424FA05F65E4012BF1643B2FA9F
:100ED00082F502FA05F4C5F120051EBF22FA05FCD1
:100EE00044EA0C04203556EA044C4FEA144418BF77
:100EF000641C4FF000084FF00009904271EB030CA6
:100F000039D3002919BFB1FA81F701FA07F6B0FA0F
:100F100080F700FA07F6C7F120071EBF20FA07FC8A
:100F200046EA0C062037B6FBF4FCA7EB0507103F9A
:100F300007F01F0BCBF120060CFA0BFB2CFA06F680
:100F400044BFB3460026202FA4BF5E464FF0000BDF
:100F50005BEA060C08BF4FF0010B19EB0B09ABFB6A
:100F6000027C48EB0608C01B06FB02CC0BFB03CC43
:100F700071EB0C01C1E70B46024641464846BDE80D
:100F8000F08B13B54FF000004FF00001AFF300807D
:100F9000BDE81C407047032A40F2308010F0030C7B
:100FA00000F0158011F8013BBCF1020F624498BFBC
:100FB00011F801CB00F8013B38BF11F8013BA2F159
:100FC000040298BF00F801CB38BF00F8013B11F0D4
:100FD000030300F02580083AC0F0088051F8043B74
:100FE000083A51F804CBA0E80810F5E7121D5CBFE1
:100FF00051F8043B40F8043BAFF30080D20724BF14
:1010000011F8013B11F801CB48BF11F8012B24BFA7
:1010100000F8013B00F801CB48BF00F8012B7047F6
:1010200010B5203AC0F00B80B1E81850203AA0E883
:101030001850B1E81850A0E81850BFF4F5AF5FEAB7
:10104000027C24BFB1E81850A0E8185044BF18C96A
:1010500018C0BDE810405FEA827C24BF51F8043B11
:1010600040F8043B08BF7047D20728BF31F8023B65
:1010700048BF11F8012B28BF20F8023B48BF00F8F9
:10108000012B704702F0FF0343EA032242EA0242C7
:1010900000F002B84FF000020429C0F0128010F0F6
:1010A000030C00F01B80CCF1040CBCF1020F18BF44
:1010B00000F8012BA8BF20F8022BA1EB0C0100F0D7
:1010C0000DB85FEAC17C24BF00F8012B00F8012BAA
:1010D00048BF00F8012B70474FF0000200B51346DF
:1010E00094469646203922BFA0E80C50A0E80C5048
:1010F000B1F12001BFF4F7AF090728BFA0E80C50F9
:1011000048BF0CC05DF804EB890028BF40F8042BF1
:1011100008BF704748BF20F8022B11F0804F18BF5E
:1011200000F8012B704770477047704700487047C0
:1011300010940020704770477047704738B50446D8
:101140000A4600206946AFF30080002808BF38BD7A
:1011500002460099204600F04FF8012038BD0120DA
:1011600000F07CB8F8B5AFF30080054600200C46CF
:10117000102000BF0646A819A0420DD93246694684
:101180000020AFF30080070008BF00F067F8009868
:10119000A04218BF0546C419FFF7C8FF05600746FF
:1011A000F01D20F007004619284600F00AF8B44266
:1011B00008BFF8BDA21B31463868BDE8F84000F012
:1011C0001BB800210160C0E9011070471020704772
:1011D00010B500F00DF8006810BD10B5044600F021
:1011E00007F8046010BD0000004870470894002014
:1011F0000048704708940020034640688C46002849
:1012000018BF88423CBF03464068F8D318681844AA
:10121000884207D00CF1030020F00700001D411A9E
:10122000521A0146081D0A60FFF717BE1FB584B0A9
:1012300000200A9C06AB04AA02A90094AFF3008028
:1012400018B1DDE9020108B010BD0348204000F0EC
:1012500040F800200146F6E70000207C10B500F0C1
:101260003FF8BDE8104000F02FB870477546FFF713
:10127000BBFFAE4605006946534620F00700854691
:1012800018B020B5FFF766F8BDE820404FF0000623
:101290004FF000074FF000084FF0000B21F007015E
:1012A000AC46ACE8C009ACE8C009ACE8C009ACE8A1
:1012B000C0098D46704710B50446AFF30080204644
:1012C000BDE81040FEF7D1BF002801D000F030B8D3
:1012D000704710B500F04CF8BDE81040FFF7F4BFC0
:1012E00010B5012805D0002103A000F027F8012047
:1012F00010BD09A1F8E7000053494752544D454D30
:101300003A204F7574206F662068656170206D65A6
:101310006D6F7279000000003A2048656170206DA1
:10132000656D6F727920636F727275707465640099
:1013300001491820ABBEFEE72600020070B5054645
:101340000C460A2000E06D1C00F068F835B12878E2
:101350000028F8D102E0641C00F060F814B1207895
:101360000028F8D1BDE870400A2000F057B800000E
:1013700010B5022803D0410103D50DA112E00020D1
:1013800010BD010101D50FA10CE0C10001D511A1D3
:1013900008E0810001D512A104E0400001D513A1AD
:1013A00000E0002115A0FFF7C9FF012010BD0000DB
:1013B000496E76616C6964204F7065726174696F03
:1013C0006E000000446976696465204279205A65A0
:1013D000726F00004F766572666C6F7700000000D8
:1013E000556E646572666C6F77000000496E6578B3
:1013F00061637420526573756C74000053494746ED
:1014000050453A2041726974686D6574696320655E
:101410007863657074696F6E3A20000008B569469C
:101420008DF800000320ABBE08BD000010B50122FE
:101430001021024802F0E4FD10BD0000000002404F
:1014400010B500221021024802F0DAFD10BD0000A4
:101450000000024010B501221146024802F0D0FD02
:1014600010BD00000004024010B500220121024816
:1014700002F0C6FD10BD00000004024010B5044695
:10148000FFF7DEFF922000F0A3F906229549122013
:1014900000F07EF9FFF7CAFF92484078000200B2E0
:1014A000904909780843904908800846B0F900003F
:1014B00000EE100AB8EEC00A8C48D0ED000A20EE0B
:1014C000200AD4ED080A20EE200A84ED000A85489F
:1014D000C078000200B283498978084382490880B5
:1014E0000846B0F9000000EE100AB8EEC00A7F48C6
:1014F000D0ED000A20EE200AD4ED080A20EE200AE2
:1015000084ED010A77484079000200B275490979F3
:101510000843754908800846B0F9000000EE100A3B
:10152000B8EEC00A7148D0ED000A20EE200AD4EDD2
:10153000080A20EE200A84ED020AFFF795FF082230
:101540006849002000F024F9FFF784FF654800781F
:101550000F284FD166480078F0B36248C078000287
:1015600000B26049897808435F49088094ED090A10
:101570000846B0F9000000EE900AF8EEE00A5D4877
:1015800090ED001A10EE810A84ED030A5548407967
:10159000000200B25349097908435349088094ED89
:1015A0000A0A0846B0F9000000EE900AF8EEE00AD8
:1015B000504890ED001A10EE810A84ED040A494863
:1015C000C079000200B2474989790843464908803A
:1015D00094ED0B0A084600E00DE0B0F9000000EEC3
:1015E000900AF8EEE00A434890ED001A10EE810AE6
:1015F00084ED050A44E03B48C078000200B2394956
:1016000089780843384908800846B0F9000000EEA0
:10161000100AB8EEC00A3748D0ED000A20EE200AC2
:1016200084ED030A2F484079000200B22D49097960
:1016300008432D4908800846B0F9000000EE100A62
:10164000B8EEC00A2B48D0ED000A20EE200A84ED47
:10165000040A2448C079000200B22249897908436B
:10166000214908800846B0F9000000EE100AB8EEE3
:10167000C00A2048D0ED000A20EE200A84ED050AB9
:10168000FFF7DEFEA22000F0A3F802221549222077
:1016900000F07EF8FFF7CAFE12480078C00011493A
:1016A000497840EA6110104908800846B0F9000006
:1016B000B0F5806F05DB08460088A0F5006000B239
:1016C00008800948B0F9000000EE100AF8EEC00AE0
:1016D000B4EE001AB3EE070A00EE810A84ED070AA1
:1016E00010BD00003E030020460300200003002040
:1016F000100300200403002070B504460D461C486A
:10170000046000201B49087009F0FAFF19490978A4
:101710000843184908700AF0A9F8164909780843DF
:10172000144908701DB1144800F08CF91CE09FEDBD
:10173000130A114880ED090A9FED110A80ED0A0A8B
:101740009FED0F0A80ED0B0A9FED0E0A80ED0C0A4B
:1017500090ED0C0ADFED0C0A80EE801A80ED081A7D
:101760009FED0A0A80ED060A0248007870BD00006D
:10177000480300200A030020182D0020AC38223B2B
:10178000B016CE393F161B41C3F51C410000204264
:1017900070B506460C46154646F0800000F018F875
:1017A00006E0552000F014F82070641C681EC5B2D5
:1017B000002DF6D170BD70B504460D4644F0800092
:1017C00000F006F8552000F003F8287070BD000006
:1017D00001B582B04FF47A70012301AA02A90090EA
:1017E0000348006804F066F89DF804000EBD000090
:1017F0004803002070B505460C462846FFF7E8FF71
:101800002046FFF7E5FF70BDD2ED020A92ED021A05
:10181000B6EE000A00EEC10AD2ED030A92ED031AF9
:1018200000EEC10AD0ED000A20EE200AD2ED010A36
:1018300092ED021A60EE810A92ED001AD2ED031ABF
:1018400041EE610A90ED011A00EE810AD2ED010A23
:1018500092ED031A60EE810A92ED001AD2ED021A9F
:1018600041EE210A90ED021A00EE810AF0EE000A24
:1018700020EE200A81ED000A92ED010AD2ED020A63
:1018800020EE200AD2ED000A92ED031A00EE810A42
:10189000D0ED000A60EE200A92ED011AD2ED011A95
:1018A000B6EE000A01EE610AD2ED031A92ED032AA8
:1018B000B0EE401A01EEC21AD0ED011AB0EE600A85
:1018C00001EE210AD2ED020A92ED031A60EE810ABE
:1018D00092ED001AD2ED011A41EE610A90ED021A62
:1018E00000EE810AF0EE000A20EE200A81ED010AE6
:1018F00092ED010AD2ED030A20EE200AD2ED000A91
:1019000092ED021A00EEC10AD0ED000A20EE200A84
:10191000D2ED020A92ED031A60EE810A92ED001AEE
:10192000D2ED011A41EE210A90ED011A00EE810A72
:1019300092ED011AD2ED011AF6EE000A41EE610AAB
:1019400092ED021AD2ED021A41EE610A90ED021AEE
:1019500000EE810AF0EE000A20EE200A81ED020A74
:10196000704700BFFEE7000010B5024801F06FFBB2
:1019700010BD0000900B002010B5024801F067FB7D
:1019800010BD0000B80B002038B504464FF40070BD
:101990000849086000208860C86008200861200AA3
:1019A000054908704C706B460A460249034801F02D
:1019B00086F938BD1419002088000020900B002003
:1019C000F8B507460C4615461E4640F2FF100D4975
:1019D000086000208860C86008200861380A0A4949
:1019E00008704F70200A8870CC70280A08714D71F9
:1019F000300A8871CE716B460A460249034801F0ED
:101A00005EF9F8BDFC18002080000020B80B002013
:101A100010B5082A13D14B780C7843EA04231BB283
:101A200000EE103AB8EEC01ADFED051AC1EE210A39
:101A3000B0EE0C1A60EE810AC0ED030A00BF10BDC3
:101A400000FEFF4670B52DED048B88B004460020E3
:101A50000690079000F098FFFE4880ED000A00BF56
:101A600000F092FFFB48D0ED000A30EE600AF2EE83
:101A7000040AB4EEE00AF1EE10FA14DD9FEDF60A66
:101A800084ED090A9FEDF50A84ED0A0A9FEDF30A39
:101A900084ED0B0A9FEDF20A84ED0C0A9FEDF10A2A
:101AA00084ED060A55E29FEDF00A00F029FF9FED54
:101AB000EF0A84ED0C0A9FEDED0A84ED090A9FED13
:101AC000EB0A84ED0A0A9FEDE90A84ED0B0A002671
:101AD00073E1FFF7B5FC9220FFF77AFE062206A914
:101AE0001220FFF755FEFFF7A1FC9DF81900000238
:101AF00000B29DF8181040EA010500EE105AB8EE49
:101B0000C00ADB48D0ED000A20EE200A84ED000A6E
:101B10009DF81B00000200B29DF81A1040EA010572
:101B200000EE105AB8EEC00AD148D0ED000A20EEFF
:101B3000200A84ED010A9DF81D00000200B29DF804
:101B40001C1040EA010500EE105AB8EEC00AC84861
:101B5000D0ED000A20EE200A84ED020AD4ED000A3E
:101B600060EEA00A94ED011AD4ED011A41EE210AAB
:101B700094ED021AD4ED021A41EE210AB0EE600A89
:101B800009F087FDB0EE408A94ED0C0A30EE080AA9
:101B900084ED0C0AFFF768FC082206A90020FFF775
:101BA000F7FDFFF757FC9DF818000F2850D19DF85E
:101BB0001B00000200B29DF81A1040EA010500EE79
:101BC000105AB8EEC00AAB48D0ED000A20EE200A49
:101BD00084ED030A94ED090AD4ED030A30EE200ADD
:101BE00084ED090A9DF81D00000200B29DF81C104A
:101BF00040EA010500EE105AB8EEC00A9D48D0ED4B
:101C0000000A20EE200A84ED040A94ED0A0AD4EDBD
:101C1000040A30EE200A84ED0A0A9DF81F00000233
:101C200000B29DF81E1040EA010500EE105AB8EE11
:101C3000C00A9048D0ED000A20EE200A84ED050A83
:101C400094ED0B0AD4ED050A30EE200A84ED0B0A60
:101C500006BBF0EE488AB0EE489A002017E004F187
:101C60000C0101EB800191ED000A03A901EB800159
:101C700081ED000A04F10C0101EB800191ED000AF5
:101C8000694601EB800181ED000A411CC8B20328BE
:101C9000E5DB49E0B4EEE88AF1EE10FA01DDF0EEA2
:101CA000488AB4EEC98AF1EE10FA01D2B0EE489A31
:101CB000002037E004F10C0101EB800191ED000AF6
:101CC00003A901EB8001D1ED000AB4EEE00AF1EEC8
:101CD00010FA0ADD04F10C0101EB800191ED000A1C
:101CE00003A901EB800181ED000A04F10C0101EB75
:101CF000800191ED000A694601EB8001D1ED000AF7
:101D0000B4EEE00AF1EE10FA0AD204F10C0101EB94
:101D1000800191ED000A694601EB800181ED000A26
:101D2000411CC8B20328C5DB38EEC90A524880ED11
:101D3000000A002012E003A901EB800191ED000AE6
:101D4000694601EB8001D1ED000A30EE600A4B4993
:101D500001EB800181ED000A411CC8B20328EADBD7
:101D6000454890ED000AF6EE000AB4EEE00AF1EE06
:101D700010FA1BDC414890ED000ADFED410AB4EE99
:101D8000E00AF1EE10FA11DC90ED010ADFED3C0AF9
:101D9000B4EEE00AF1EE10FA08DC90ED020ADFED95
:101DA000380AB4EEE00AF1EE10FA00DD0AE09FED29
:101DB000350A00F0A5FD701C86B2334800888642C3
:101DC000FFF687AE00BFD4ED0C0A2F48008800EE66
:101DD000100AB8EE400A80EE801A84ED0C1A00203A
:101DE00015E004F1240101EB8001D1ED000A264940
:101DF000098800EE101AB8EE400A80EE801A04F14D
:101E0000240101EB800181ED001A411CC8B20328B6
:101E1000E7DBFFF715FBA220FFF7DAFC022206A999
:101E20002220FFF7B5FCFFF701FB9DF81800C0006A
:101E30009DF8191040EA6115B5F5806F02DBA5F534
:101E4000006005B200EE105AF8EEC00AB4EE001AB7
:101E50001CE0000038030020AC38223BB016CE391D
:101E60003F161B41000020420AD7A33B00000000A0
:101E700000030020040300200C0300200C2D002090
:101E80009A99193E6F12033A3C030020B3EE070AF9
:101E900000EE810A84ED060A34480088401C00B236
:101EA00032490880324890ED000AF6EE000AB4EE9E
:101EB000E00AF1EE10FA3FF7D3AD94ED0C0ADFED36
:101EC0002D0A30EE600AB0EEC00AF6EE000AB4EE5B
:101ED000E00AF1EE10FAEEDC274890ED000A5FED23
:101EE000180AB4EEE00AF1EE10FAE4DC90ED010A13
:101EF0005FED1D0AB4EEE00AF1EE10FADBDC90EDC6
:101F0000020A5FED210AB4EEE00AF1EE10FAD2DC2B
:101F100094ED090AB0EEC00ADFED180AB4EEE00A4B
:101F2000F1EE10FAC7DC94ED0A0AB0EEC00ADFED5C
:101F3000130AB4EEE00AF1EE10FABCDC94ED0B0AE1
:101F4000B0EEC00ADFED0D0AB4EEE00AF1EE10FAD1
:101F5000B1DC00BF94ED0C0ADFED090A80EE801AB7
:101F600084ED081A08B0BDEC048B70BD120300208C
:101F70000C030020CDCC1C410C2D00200AD7233CA3
:101F8000C3F51C4100BF00F057F8FCE72DE9F04114
:101F900004460D4616460022062104F170000BF09F
:101FA00009F90022082104F1A8000BF003F92846E2
:101FB00009F080F8DFED180A9FED180A184A002191
:101FC000304607F089F9DFED170A9FED170A174A27
:101FD0000021174807F080F900270AE0B4F8A8208C
:101FE000AC20015B13480AF04DFF01200BF00AFC06
:101FF0007F1C0A2FF2DB00270AE0B4F8702074205F
:10200000015B0C480AF03EFF01200BF0FBFB7F1C3C
:102010000A2FF2DBBDE8F081000000000000B442AE
:10202000D41701080000C84300007A46E0170108F1
:10203000A42B0020B80B002008B502E001200BF013
:10204000E1FB524890F890000028F7D0002050495A
:1020500081F87A014F4A50495048FFF797FF0CF03A
:1020600031FC91E0494A4C494C4809F04DFE0CF0D6
:1020700009FB4B49088047484A4B444A464900906F
:10208000464809F05BFD454890F89401012849D184
:10209000414890ED1E0AB0EE402ADFED431A9FED55
:1020A000431ADFED420A9FED410A082140480BF038
:1020B00081FA404800680BF0A5FB374890ED1D0AF7
:1020C000B0EE402ADFED381A9FED381ADFED370AFF
:1020D0009FED360A062136480BF06CFA3548006849
:1020E0000BF090FB2D4890ED730ADFED330A80EE84
:1020F000201ABDEEC10A10EE100A01B22748A0F85E
:10210000C4110146B1F8C411494208B20023244960
:10211000B1F900201946FFF753FC264800680BF080
:1021200071FB31E01D4890F8940168BB9FED1F2AB8
:10213000DFED1D1A9FED1D1ADFED1C0A9FED1B0A36
:1021400008211B480BF036FA1A4800680BF05AFBBE
:102150009FED162ADFED141A9FED141ADFED130A16
:102160009FED120A062112480BF024FA114800686C
:102170000BF048FB00231A4619461846FFF720FCCF
:102180000C4800680BF03EFB6CE700004C2D002073
:10219000902B0020FC2000204C200020A81A0020BA
:1021A0004802002010020020CDCC4C3F000000006F
:1021B000B80B0020440200200200C03900BF00F02C
:1021C0006DF8FCE72DE9F04104460E4617469846A7
:1021D0000AF056FFC4F89C010022062120460AF0AE
:1021E000E9FF0022082104F138000AF0E3FF30463D
:1021F00008F060FFDFED200A9FED200A204A002151
:10220000384607F069F8002508E0228FA18F1D48A5
:102210000AF038FE01200BF0F5FA6D1C0A2DF4DBF4
:10222000002508E02288A18816480AF02BFE01202C
:102230000BF0E8FA6D1C0A2DF4DB00250EE005EB2F
:10224000C50204F51F7101EBC200DFED0F0A9FED1F
:102250000F0A0F4A002107F03FF86D1C022DEEDB3C
:10226000DFED0C0AB2EE040A0B4A002104F50D70F2
:1022700007F032F8BDE8F081000000000000B44231
:10228000B0170108900B00200000FA4400007A46C5
:10229000C8170108CDCC4C3EBC1701082DED028BB0
:1022A00082B09FEDFC0AFC4880ED520A9FEDFB0ACC
:1022B00080ED4B0A9FEDF90A80ED490A9FEDF70A80
:1022C00080ED480A0020F44981F898019FEDF40A56
:1022D000084680ED4C0A0020F24981F87A0102E0BC
:1022E00001200BF08FFAF04890F890000028F7D00A
:1022F000EE4BEF4AEF49E848FFF764FFEE4BEF4A39
:10230000EF49F04807F018F80CF0DCFA2AE2002058
:102310000CF07EFCE04981F830020846D0F89C01C0
:10232000C07A012804D1B7EE000AE74880ED000A20
:10233000D948D0F89C01C07A032804D19FEDD70A70
:10234000E14880ED000AD74A92F87A11DF4A92ED0F
:10235000000ABCEEC00A10EE102AD0B20B22DC4BF1
:10236000D3ED000ADB4B93ED000A09F067FB012077
:102370000BF048FAD84890ED000AB8EE400ADFEDBD
:10238000D70A80EE208AC448D0F89C01807A0328BE
:1023900008D10120C04981F89401B7EE000ACB486A
:1023A00080ED000ABC48D0F89C01807A022808D150
:1023B0000020B94981F894019FEDB80AC34880ED27
:1023C000000AB548D0F89C01807A012803D1B249AF
:1023D00081F8A80303E00020AF4981F8A803AE48C4
:1023E0000BF00EFFAC4981F89801084690F8940173
:1023F00001287CD10846D0F89C01007D00F0010046
:1024000028B1B0EE000A084680ED4A0A0BE0A24867
:10241000D0F89C01007D00F0020020B1B8EE000A67
:102420009D4880ED4A0A9C48D0F89C01B0F9020012
:1024300000EE100AB8EEC00ADFEDA90A20EE200A6D
:10244000954880ED4A0A9FEDA70A00F5907100F5C6
:1024500094700CF0F9FA9048D0ED480A9E4890ED3F
:10246000000AB8EE400A20EE800ADFED9F0A60EE17
:10247000200A9FED9A1A80EE810A8748D0ED490A1A
:1024800030EE200A80ED490AD0F89C01B0F9040032
:1024900000EE100AB8EEC00ADFED940A20EE200A22
:1024A0007D48D0F89C01B0F90C0000EE900AF8EEDF
:1024B000E00A9FED8F1A00EEC10A864880ED000AFF
:1024C0007548D0F89C01B0F9060000EE100AB8EE8D
:1024D000C00ADFED860A20EE200A6F48D0F89C0182
:1024E000B0F90E0000EE900AF8EEE00A00E06CE0B1
:1024F0009FED801A00EE810A754880ED000A694858
:102500004068007D00F0200070B1664890F85C01E2
:1025100000F0200040B9604890ED520ADFED760AE5
:1025200030EE200A80ED520A5B4890ED520AD0F856
:102530009C01B0F9000000EE900AF8EEE00A9FED71
:102540006F1A00EE810A544880ED520ADFED6C0AE2
:102550009FED500A00F5A4700BF0C6F84E4890EDC0
:10256000530AD0ED520A30EE600AB0EEC00ADFED39
:10257000650AB4EEE00AF1EE10FA06DD01204D49DD
:1025800081F8AD00604981F8AD00434890ED520AF2
:1025900080ED530A90F8A80301280DD1B7EE000A88
:1025A0003D4880EDE80A9FED3D0A80ED480A9FED29
:1025B0003B0A80ED490A08E00020374981F8A8036A
:1025C0009FED360A084680EDE80A374A3949324815
:1025D00009F074FE36484D4B334A364900902E4878
:1025E00009F02CFC2C4890F89401012844D1314882
:1025F00090ED1E0AB0EE402ADFED451A9FED271A36
:10260000DFED260A9FED250A082142480AF0D2FF95
:10261000314800680BF0F6F8264890ED1D0AB0EE40
:10262000402ADFED3B1A9FED1D1ADFED1C0A9FEDDE
:102630001B0A062137480AF0BDFF274800680BF047
:10264000E1F8154890ED6C0ADFED330A80EE201AB0
:10265000BDEEC10A10EE100A01B20F48A0F8A81191
:102660000146B1F8A811494208B2FFF78DF91A489E
:1026700000680BF0C7F874E0074890F8940140B97F
:102680009FED062ADFED221A9FED041ADFED030A03
:1026900044E066E0B81E053EA81A002000000000D5
:1026A0006F12033A902B00204C2D0020741F002045
:1026B000541E0020F8190020BC1F0020E41E00203A
:1026C0009C1E00202C1F0020C0010020BC01002007
:1026D000B8010020B4010020B001002000007A44BD
:1026E0007CF2303B4260653B713DBA4082A8FB37CB
:1026F00017B7513852491DB9CDCCCC3D844D7836F1
:102700000AD7A33E3480373A4C2000201002002024
:10271000CDCC4C3F900B00208ABACF391FED210A57
:10272000082111480AF046FF104800680BF06AF8CB
:102730001FED262A5FED0A1A1FED281A5FED290A00
:102740001FED2A0A062108480AF034FF07480068EE
:102750000BF058F80020FFF717F9044800680BF059
:1027600051F800BFD3E50000900B0020B00100201D
:102770001B48406800F0006080B31A48406B006856
:102780001949884205D94FF0006017494C39086053
:102790001CE01448406B00681149B831884205D9E3
:1027A0004FF000601049503908600FE00D48406B51
:1027B00000680B495831884204D94FF0006008493D
:1027C000C86003E04FF00060054988600548006874
:1027D000006840F400700349096808607047000011
:1027E00000600240340C00205864024010B50248DA
:1027F00001F062F910BD00002412002010B502485B
:1028000001F05AF910BD00006411002010B5024813
:1028100001F052F910BD00008412002001680A4B3B
:10282000CAB2103AA3FB02321209084B9B5CC36583
:10283000032A04D96FF30901091D816502E06FF3D2
:1028400009018165806D7047ABAAAAAAE01801084A
:10285000014600208A6A8B69002B0FD0B3F5005F18
:102860001DD08AB3012A30D0022A2ED0032A04D1E7
:10287000C96A11F0807F00D0012070471AB1012A87
:1028800007D0022AF9D1C96A11F0807FF5D0012062
:102890007047C96AB1F1C07FFAD1012070475AB1BF
:1028A000012A0BD0022A07D0032AF7D1C96AB1F155
:1028B000C07FF3D10120704701207047C96A11F031
:1028C000807FFAD001207047FFE7012070470000A9
:1028D00008B5084840680090074900980968884290
:1028E00004D206480068401C044908600249009868
:1028F000086008BD001000E05800002054000020CF
:102900000C494868F0EE400A00BF0A494968091AB4
:1029100001EE101AF8EE411A074991ED001AB8EECF
:10292000411A20EE811AF4EEC11AF1EE10FAECD33E
:1029300070470000001000E04800002010B52DEDA9
:10294000028B82B004460E484068019020680199CD
:10295000081A00EE100AF8EE400A0A4890ED000A44
:10296000B8EE400A80EE801AB0EE418A01982060ED
:10297000FFF7AEFFB0EE480A02B0BDEC028B10BD0F
:10298000001000E04800002010B52DED028B00F093
:1029900059F80F4890ED000AB8EE400A808800EE22
:1029A000900AF8EE600A9FED0B1A00EE810A0848C3
:1029B000C08800EE900AF8EE600A9FED071A00EE5C
:1029C000810AB0EE408AB0EE480ABDEC028B10BD21
:1029D000400000206F12833ABD37863512490968DE
:1029E00041F08071104A11600021104A5160114677
:1029F000096841F0010111600D4941430D4A116020
:102A0000114609684FF47A72B1FBF2F10A4A11607B
:102A100008490968064AB1FBF2F1084A1160002131
:102A2000074A116070470000FCED00E0001000E074
:102A300040420F00480000204C00002050000020C1
:102A40005400002038B5294840680090FFF740FF47
:102A5000274800684FF0FF31A0FB0131009818189B
:102A600041F10001234A03C223480023214902689F
:102A700003C9FEF719FA214A03C220480CC81E48B0
:102A800000680024A2FB001503FB005002FB0402B7
:102A90001848D0E90030591A60EB0200184AC2E920
:102AA00000101648006817490860174800231449A9
:102AB000026803C9FEF7F8F9124988800846808841
:102AC0001149096841430E48D0E90030591A60F1B4
:102AD00000000E4AC2E900100D4800230B490268AD
:102AE00003C9FEF7E1F90749C88038BD001000E0CE
:102AF00054000020600000204800002068000020F2
:102B000070000020400000204C00002078000020D1
:102B100050000020704710B5012001F04FF910BDA2
:102B200010B5082001F04AF910BD10B5102001F0D1
:102B300045F910BD10B5202001F040F910BDD2EDCF
:102B4000020A92ED021AB6EE000A00EEC10AD2EDB8
:102B5000030A92ED031A00EEC10AD0ED000A20EE3E
:102B6000200AD2ED010A92ED021A60EE810A92ED7E
:102B7000001AD2ED031A41EE210A90ED011A00EE7F
:102B8000810AD2ED010A92ED031A60EE810A92EDFC
:102B9000001AD2ED021A41EE610A90ED021A00EE1F
:102BA000810AF0EE000A20EE200A81ED000A92ED83
:102BB000010AD2ED020A20EE200AD2ED000A92EDBF
:102BC000031A00EEC10AD0ED000A60EE200A92ED71
:102BD000011AD2ED011AB6EE000A01EE610AD2ED39
:102BE000031A92ED032AB0EE401A01EEC21AD0ED9C
:102BF000011AB0EE600A01EE210AD2ED020A92ED4E
:102C0000031A60EE810A92ED001AD2ED011A41EE2C
:102C1000210A90ED021A00EE810AF0EE000A20EE81
:102C2000200A81ED010A92ED010AD2ED030A20EE9D
:102C3000200AD2ED000A92ED021A00EE810AD0EDD0
:102C4000000A20EE200AD2ED020A92ED031A60EE8D
:102C5000810A92ED001AD2ED011A41EE610A90ED5F
:102C6000011A00EE810A92ED011AD2ED011AF6EE78
:102C7000000A41EE610A92ED021AD2ED021A41EE0B
:102C8000610A90ED021A00EE810AF0EE000A20EED1
:102C9000200A81ED020A7047704790F82020012A2F
:102CA00007D0022A05D0416A41F480214162012007
:102CB000704700684269114341610020704770B459
:102CC00090F82040D0F800C0DCF808C0012C08D0F3
:102CD000022C06D0416A41F48021416270BC01207F
:102CE00070470CF080640CF000652C4302D11CF09E
:102CF000805F55D0CCF3016C012404FA0CF41C6005
:102D00008B684FF4C0749BB1CD6804EB0C162B4359
:102D10004D6843EAC5030568AB514FF4C2730668BA
:102D200003EB0C130D69F550097D012909D00DE065
:102D30000D88CB6804EB0C1643EA45530568AB518C
:102D4000EBE70168CD5845F48075CD501179D37902
:102D5000557941EA036193791B0443EA052319433A
:102D60004FF4C675036805EB0C1559511178D378EB
:102D700041EA0361937852781B0443EA022211432B
:102D80004FF4C473026803EB0C13D150016804EBD9
:102D90000C100A5842F001020A5070BC0020704723
:102DA000416A41F40011416270BC0120704700008B
:102DB00090F82020012A07D0022A05D0416A41F468
:102DC00080214162012070474248D0F8002242F041
:102DD0000102C0F80022D0F8002222F47C52C0F890
:102DE0000022D0F800224B6A42EA0322C0F80022F7
:102DF0000A7D012302F01F0203FA02F2D0F81C320E
:102E00009343C0F81C32CB69D3B9D0F80C3293434A
:102E1000C0F80C32B1F80CC04B686CF31F43D1F80A
:102E200014C000EBCC0CCCF84032B1F808C00B68F1
:102E30006CF31F43D1F814C000EBCC0CCCF8443237
:102E4000CB69012B1AD1D0F80C321343C0F80C32E5
:102E5000B1F800C04B686CF31F43D1F814C000EB0D
:102E6000CC0CCCF84032B1F808C0CB686CF31F43EF
:102E7000D1F814C000EBCC0CCCF844328B697BB198
:102E8000D0F804321343C0F804320B6973B1D0F8A0
:102E900014321343C0F81432096A01290CD010E02F
:102EA000D0F804329343C0F80432EEE7D0F814327D
:102EB0009343C0F81432EFE7D0F81C121143C0F866
:102EC0001C12D0F8001221F00101C0F800120020FD
:102ED0007047000000640040704730B490F820C094
:102EE000BCF1010F09D0BCF1020F06D0416A41F4D8
:102EF0008021416230BC0120704739B1D0F800C058
:102F0000DCF810C01CF0030F33D006E0D0F800C08E
:102F1000DCF80CC01CF0030F24D04FF4D87C0468FC
:102F20000CEB011C54F80C4004F0040494603CB316
:102F3000046854F80C40E4085460046854F80CC069
:102F40000CF0020CC2F80CC04FF4DA7C04680CEBF5
:102F5000011C54F80C5005F00F05082D16D3082459
:102F6000146118E0416A41F40011416230BC012053
:102F70007047416A41F40011416230BC0120704742
:102F8000046854F80C40640D1460D6E754F80C4003
:102F900004F00F041461046854F80C40C4F30724CF
:102FA0009461046854F80CC04FEA1C4CC2F814C079
:102FB0004FF4DC72D0F800C002EB01125CF802C0E2
:102FC00083F800C0D0F800C05CF802C04FEA1C2CA7
:102FD00083F801C0D0F800C05CF802C04FEA1C4C76
:102FE00083F802C0D0F800C05CF80220120EDA703C
:102FF0004FF4DE72D0F800C002EB01125CF802C0A0
:1030000083F804C0D0F800C05CF802C04FEA1C2C62
:1030100083F805C0D0F800C05CF802C04FEA1C4C31
:1030200083F806C0D0F800C05CF80220120EDA71F6
:1030300039B10068016941F02001016130BC002014
:1030400070470068C16841F02001C160F6E72DE9D2
:10305000F05F0546002428684669D0F80490876828
:10306000D0F80CA0D0F810B0D0F8188016F0010FEE
:1030700054D017F0010F17D00121816017F0020F13
:1030800003D0284600F082FC0EE017F0040F02D0B7
:103090004FF4006408E017F0080F02D04FF480549A
:1030A00002E0284600F071FC17F4807F19D02968EF
:1030B0004FF48070886017F4007F03D0284600F03A
:1030C00067FC0EE017F4806F02D044F4005408E06F
:1030D00017F4006F02D044F4804402E0284600F068
:1030E00056FC17F4803F19D029684FF4803088606F
:1030F00017F4003F03D0284600F04CFC0EE017F414
:10310000802F02D044F4004408E017F4002F02D0CE
:1031100044F4803402E0284600F03BFC16F0080F2F
:1031200007D01AF0100F04D044F40074296810205E
:10313000C86016F0040F4FF0080707D01AF0080F08
:1031400004D02868C760284600F000FA16F0020F85
:1031500007D02868C06810F0030F02D0284600F09E
:10316000F7F916F0400F07D01BF0100F04D044F40D
:10317000806429681020086116F0200F07D01BF02A
:10318000080F04D028680761284600F0C9FB16F034
:10319000100F07D02868006910F0030F02D02846EE
:1031A00000F0BFFB16F4003F08D019F0100F05D057
:1031B000296810204860284600F0B4FB16F4803FD0
:1031C00007D019F0080F04D028684760284600F09F
:1031D000E2FB16F4004F4AD019F0040F44D016F465
:1031E000807F04D018F0010F01D044F0010416F4E0
:1031F000007F04D018F0020F01D044F0020416F44E
:10320000806F04D018F0040F01D044F0040416F4C9
:10321000006F29D018F0700F26D008F070004028F9
:1032200015D006DC102809D020280AD0302816D165
:103230000AE050280ED0602811D10EE044F00804B6
:103240000DE044F010040AE044F0200407E044F0EC
:10325000400404E044F0800401E044F480742868F1
:10326000816921F070018161296804204860002C87
:1032700005D0686A204368622846FFF72DFEBDE846
:10328000F09F70B50446002C03D094F8200010B1D4
:1032900004E0012070BD204600F0A8F82068016815
:1032A00041F00101016000F0B3FE0546206840686E
:1032B0004FF0050610F0010F11D100F0A9FE401BE0
:1032C0000A2807D9606A40F40030606284F8206000
:1032D000012070BD2068406810F0010FEDD020681B
:1032E000016821F00201016000F092FE05462068AD
:1032F000406810F0020F11D000F08AFE401B0A282F
:1033000007D9606A40F40030606284F820600120D0
:1033100070BD2068406810F0020FEDD1207E0128BA
:103320003FD02068016821F080010160607E0128A3
:103330003DD02068016821F040010160A07E012895
:103340003BD02068016821F020010160E07E012867
:1033500039D02068016841F010010160207F012808
:1033600037D02068016821F008010160607F0128E2
:1033700035D02068016821F004010160E168A0688F
:10338000626908432169114308436168491E084383
:103390002168C86100206062012084F820000020BC
:1033A00070BD2068016841F080010160BEE72068BF
:1033B000016841F040010160C0E72068016841F008
:1033C00020010160C2E72068016821F0100101605E
:1033D000C4E72068016841F008010160C6E7206881
:1033E000016841F004010160C8E7000010B586B033
:1033F0000446142101A8FDF76FFE4E49206888425B
:1034000041D14D480068401C4B490860084600689F
:1034100001280FD100BF002000904848006840F00C
:103420000070464908600846006800F0007000908F
:1034300000BF00BF00BF0020009040481038006867
:1034400040F008003D49103908600846006800F067
:103450000800009000BF00BF0320019002200290EE
:1034600000200390032004900920059001A934480E
:1034700000F0B0FC00220621142001F01BF81420FB
:1034800001F00AF854E02F492068884250D100BF6B
:10349000002000902948006840F0806027490860BB
:1034A0000846006800F08060009000BF00BF22481E
:1034B0000068401C204908600846006801280FD1B8
:1034C00000BF002000901D48006840F000701B49BC
:1034D00008600846006800F00070009000BF00BF60
:1034E00000BF0020009015481038006840F002002E
:1034F0001249103908600846006800F00200009088
:1035000000BF00BF602001900220029000200390C5
:10351000032004900920059001A90B4800F05AFCF3
:1035200000220621402000F0C5FF402000F0B4FF3B
:1035300006B010BD00640040280000204038024062
:10354000000C024000680040000402407047000088
:1035500010B52DED048B8AB0044601AB03AA0021FF
:103560002046FFF7BAFCDE4884427DD140F20122BA
:103570000398811A904278D008DC032813D00428DD
:1035800017D009281CD0152870D106E001296ED06B
:1035900002296DD00329F7D1E8E0082201A9D1481A
:1035A000FEF736FA2DE1082201A9CF4809F01EFCEA
:1035B00027E1082201A9CC48383009F017FC20E1A6
:1035C000082201A9C848E03009F010FCC64890ED77
:1035D0003F0A10EE101A08460DF080FE41EC180B61
:1035E0009FEDC20B53EC102B0DF041FA28D8BE48CA
:1035F00090ED3F0A10EE101A08460DF06FFE41ECF8
:10360000180B9FEDBC0B53EC102B0DF035F917D8B0
:10361000B54890ED3F0A10EE101A08460DF05EFE18
:1036200041EC190B9FEDB10B53EC102B0DF054FB3B
:1036300041EC180B0CF052FC0146AB48C0F8FC10F2
:10364000A94890ED3F0AB5EEC00AF1EE10FA2DD868
:1036500090ED3F0A10EE101A08460DF03FFE41ECC7
:10366000180B9FEDA60B04E0CCE07CE0C8E07BE00B
:103670007BE053EC102B0DF0FAF917D29A4890ED3D
:103680003F0A10EE101A08460DF028FE41EC190B07
:103690009FED960B53EC102B0CF082FD41EC180BB8
:1036A0000CF01CFC01469048C0F8FC108E4890EDD0
:1036B0003F0A10EE101A08460DF010FE41EC180BF0
:1036C0009FED8E0B53EC102B0DF0D6F828D88648C2
:1036D00090ED3F0A10EE101A08460DF0FFFD41EC88
:1036E000180B9FED880B53EC102B0DF0C0F917D879
:1036F0007D4890ED3F0A10EE101A08460DF0EEFDE1
:1037000041EC190B9FED7B0B53EC102B0CF048FD9B
:1037100041EC180B0CF0E2FB01467348C0F8FC10BA
:103720007148B0F8840301B26F48A0F88C1390ED93
:103730003F0ADFED760A20EE200A10EE101A084646
:103740000DF0CCFD41EC190B9FED680B53EC102BE9
:103750000CF058FE41EC180B0DF012F881B26248E3
:10376000A0F884134DE000BF00BF00BF0398401EC7
:103770006749087008460078C0EBC001654830F81A
:10378000210001B262480078C0EBC002614800EB42
:10379000820001819DF805009DF8041040EA012196
:1037A0005B480078C0EBC0025A4820F822109DF810
:1037B00007009DF8061040EA012001B25448007845
:1037C000C0EBC002534800EB820041809DF8090025
:1037D0009DF8081040EA012001B24D480078C0EB86
:1037E000C0024C4800EB820081809DF80A104848D6
:1037F0000078C0EBC002474800EB8200817100E016
:1038000000BF00BF4448844265D10398032807D015
:1038100004280CD0A0F2052080B1022859D10EE076
:10382000082201A93048703009F0E0FA52E008227D
:1038300001A92D48A83009F0D9FA4BE000BF039840
:10384000001F3649087008460078C0EBC0013148B7
:1038500030F8210001B231480078C0EBC0022D4899
:1038600000EB820001819DF805009DF8041040EAFC
:1038700001212A480078C0EBC002264820F8221017
:103880009DF807009DF8061040EA012001B2234888
:103890000078C0EBC0021F4800EB820041809DF819
:1038A00009009DF8081040EA012001B21B48007889
:1038B000C0EBC002174800EB820081809DF80A101F
:1038C00016480078C0EBC002124800EB82008171FC
:1038D00000E000BF00BF0AB0BDEC048B10BD0000CB
:1038E000900B0020C8170020A81A0020000000003C
:1038F0000000194000000000000029400000000006
:10390000000019C000000000000029C000000046AF
:10391000900000204C1C0020B80B002091000020DB
:1039200070477047704770B5044694F8200001282E
:1039300005D0606A40F400206062012070BD022062
:1039400084F820002068016821F00101016000F086
:103950005FFB05462068406810F0010F12D000F0B0
:1039600057FB401B0A2808D9606A40F400306062A7
:10397000052084F82000012070BD2068406810F008
:10398000010FECD10020606270BD70477047704736
:10399000704770477047704710B50446002C02D03E
:1039A000607910B106E0012010BD00202071204692
:1039B00000F004F801206071002010BD08B50A4A2B
:1039C000016891420FD100BF0021009107490968A9
:1039D00041F48051054A11601146096801F4805193
:1039E000009100BF00BF08BD0030024030380240E7
:1039F0002DE9F0410446A66D00F00AFB054694F857
:103A000035000027022806D08020606584F83470D5
:103A10000120BDE8F0812068016821F016010160F5
:103A20002068416921F080014161206C08B9A06CD7
:103A300020B12068016821F0080101602068016858
:103A400021F0010101602068006810F0010F12D020
:103A500000F0DEFA401B052808D92020606503200D
:103A600084F8350084F83470BDE8F081206800687F
:103A700010F0010FECD194F85C003F2101FA00F046
:103A8000B060012084F8350084F834700020BDE86F
:103A9000F08190F83510022903D080214165012082
:103AA0007047052180F835100068016821F0010198
:103AB00001600020704700002DE9F84304464FF0F4
:103AC0000008CDF8008076484FF416510068B0FB2E
:103AD000F1F7A56D2E6894F85C00082101FA00F05A
:103AE000304211D02068026812F0040F0CD0026836
:103AF00022F00402026094F85C0001FA00F0A86071
:103B0000606D40F00100606594F85C004FF00109C1
:103B100009FA00F0304209D02168496911F0800F9C
:103B200004D0A860606D40F00200606594F85C10FD
:103B300004208840304209D02168096811F0020F42
:103B400004D0A860606D40F00400606594F85C10DB
:103B500010208840304224D02168096811F0080FF5
:103B60001FD0A8602068016811F4802F0DD0006874
:103B700010F4002F04D0A16C99B12046884710E0C2
:103B8000216C71B1204688470BE0016811F4807FF9
:103B900003D1016821F008010160216C09B12046C0
:103BA000884794F85C1020208840304251D021682A
:103BB000096811F0100F4CD0A86094F83500052862
:103BC0000DD02068016811F4802F32D0006810F405
:103BD000002F29D0E16B59B32046884739E020688F
:103BE000016821F0160101602068416921F080011F
:103BF0004161206C08B9A06C20B12068016821F0F7
:103C00000801016094F85C003F2101FA00F0A8600F
:103C100084F8359084F83480216D00293ED001B0BD
:103C20002046BDE8F0430847616C09B1204688474B
:103C30000FE0016811F4807F07D1016821F01001C5
:103C4000016084F8359084F83480E16B09B1204636
:103C50008847606D002821D0606D10F0010F15D0ED
:103C6000052084F835002068016821F00101016019
:103C70000098401C0090B84204D82068006810F0FA
:103C8000010FF5D184F8359084F83480E16C002977
:103C900004D001B02046BDE8F0430847BDE8F883F2
:103CA000340000202DE9F041044600F0B1F905464A
:103CB000DCB1022084F83500002684F834602068E6
:103CC000016821F0010101602068006810F0010F17
:103CD00013D000F09DF9401B052809D9202060650C
:103CE000032084F83500BDE8F0810120BDE8F081B3
:103CF0002068006810F0010FEBD121680868234AA2
:103D00001040A3686268D4F810C01A43E36843EA1D
:103D10000C031A4363691A43A3691A43E3691A43FC
:103D2000236A1A431043626A042A03D1236BE26AAE
:103D30001A43104308602068406920F00701606A58
:103D400040EA0105012704280ED1A06A0543E06A74
:103D500050B12046FEF77CFD30B14020606584F80C
:103D600035700120BDE8F081206845612046FEF7EE
:103D700055FD94F85C103F2202FA01F181606665FE
:103D800084F835700020BDE8F08100003F8010F01D
:103D900070B5044600F03CF90546B4F1FF3F02D08F
:103DA00004480078044400F033F9401BA042FAD3E1
:103DB00070BD00005C0400207047000010B504498D
:103DC0000A68024202D00860FFF7F6FF10BD00004B
:103DD000143C01402DE9F84F0022DFF818A2DFF86B
:103DE00010924FF0010E03274FF00F08AAF1040BB9
:103DF0000EFA02FC0B6803EA0C0363457DD10C79D3
:103E000004F00304012C01D0022C14D18568540065
:103E100007FA04F6B543CE6806FA04F42C4384602E
:103E2000446824EA0C0C0C79C4F30014944044EA6E
:103E30000C0CC0F804C0D1F804C037EA0C0C0CD04C
:103E4000C4684FEA420C07FA0CF5AC438D6805FADA
:103E50000CFC4CEA040CC0F80CC091F804C00CF047
:103E6000030CBCF1020F12D14FEAD20C00EB8C0410
:103E7000256A4FEA427C4FEADC6C08FA0CF6B5433F
:103E80000E6906FA0CFC4CEA050CC4F820C0046864
:103E90004FEA420C07FA0CF5AC430D7905F0030527
:103EA00005FA0CFC4CEA040CC0F800C0D1F804C0C0
:103EB0001CF4403F7DD0D9F800C04CF4804CC9F8C8
:103EC00000C0D9F800C00CF4804CCDF800C022F03E
:103ED000030C0CF1804505F59835D5F808C8940712
:103EE000240F08FA04F62CEA0606A0F1804CBCF573
:103EF000003C64D0A0F1804C00E05AE0BCF5013CED
:103F000060D0A0F1804CBCF5023C5ED0A0F1804CAA
:103F1000BCF5033C5CD0A0F1804CBCF5043C5AD00D
:103F2000A0F1804CBCF5053C58D0A0F1804CBCF50C
:103F3000063C56D0A0F1804CBCF5073C54D04FF065
:103F4000080C0CFA04FC4CEA060CC5F808C8DAF8B0
:103F500000C02CEA030C4C6814F4801F01D04CEA1A
:103F6000030CCAF800C0244CD4F800C02CEA030C9F
:103F70004D6815F4001F01D04CEA030CC4F800C0D2
:103F8000DBF800C02CEA030C4C6814F4003F01D0AD
:103F90004CEA030CCBF800C0184CD4F800C02CEA53
:103FA000030C4D6815F4803F01D04CEA030CC4F8B3
:103FB00000C0521C102AFFF41BAFBDE8F88F4FF071
:103FC000000CBEE74FF0010CBBE74FF0020CB8E766
:103FD0004FF0030CB5E74FF0040CB2E74FF0050CBF
:103FE000AFE74FF0060CACE74FF0070CA9E7000075
:103FF00044380240083C01400C3C0140003C014078
:10400000002A01D081617047090481617047000076
:1040100001488068704700005C04002070B50446C9
:10402000002C04D094F83D00002510B106E00120DA
:1040300070BD84F83C50204600F0C6F8242084F877
:104040003D002068016821F00101016020680168DD
:1040500041F4004101602068016821F400410160E1
:1040600000F086FF544B6168994203D85349884257
:1040700003D304E05249884201D2012070BD514966
:10408000B0FBF1F12268D2F804C02CF03F0C4CEAEE
:10409000010CC2F804C062689A4201D84A1C07E0C9
:1040A0004FF4967251434FF47A72B1FBF2F14A1C0D
:1040B0002168D1F820C02CF03F0C42EA0C020A62C1
:1040C0006168994210D84900401EB0FBF1F2521CC1
:1040D000C2F30B02042A01D2042026E0B0FBF1F067
:1040E000401CC0F30B0020E0A268002A50D001EB76
:1040F000C10303EB0113A0F1010CBCFBF3F35B1C48
:1041000043F480431B051B0D4AD0002A4AD001EB23
:10411000C10202EB0111401EB0FBF1F0401CC0F3E4
:104120000B0040F4804040F400402168CA6922F04E
:10413000FF0222F44F421043C861216AE069014343
:104140002068026822F0C00211430160E168206922
:1041500001432068826822F0FF0222F403421143E7
:104160008160A169606901432068C26822F0FF0292
:104170001143C1602068016841F0010101602564BC
:10418000202084F83D00256384F83E50002070BD57
:1041900001EB4103A0F1010CBCFBF3F35B1CB1E7A5
:1041A0000120C2E701EB4101401EB0FBF1F0401CD1
:1041B000C0F30B00B7E70000A086010080841E005A
:1041C00000093D0040420F0010B586B0044614219E
:1041D00001A8FCF781FF6F492068884230D100BFF9
:1041E000002000906C48006840F002006A490860B6
:1041F0000846006800F00200009000BF00BF4FF4C6
:10420000407001901220029001200390032004903E
:104210000420059001A96148FFF7DCFD00BF0020E4
:1042200000905D481030006840F400105A49103189
:1042300008600846006800F40010009000BFA6E087
:1042400057492068884250D100BF00200090524852
:10425000006840F02000504908600846006800F0FF
:104260002000009000BF00BF0320019012200290A8
:1042700001200390032004900420059001A94948DF
:10428000FFF7A8FD00BF00200090434810300068F1
:1042900040F480004049103108600846006800F48E
:1042A0008000009000BF00BF3F48404908604FF0C9
:1042B0006060486040213D4881600021C1604FF44A
:1042C00080610161002141618161C1614FF4003170
:1042D000016200214162FFF7E5FC08B1FEF7DCFC5A
:1042E00000BF32486063846351E0314920688842EE
:1042F0004DD100BF002000902748006840F0040026
:10430000254908600846006800F00400009000BFDE
:1043100000BF00BF002000900846006840F0010088
:1043200008600846006800F00100009000BF00BF70
:104330004815019012200290012003900320049060
:104340000420059001A91B48FFF744FD4FF480703D
:104350000190122002900120039003200490042079
:10436000059001A91448FFF735FD00BF002000901B
:1043700009481030006840F4000007491031086017
:104380000846006800F40000009000BF00BF06B0BF
:1043900010BD0000005400403038024000040240CC
:1043A0000058004000140240B8600240DC0C0020BD
:1043B000005C0040000802400000024002488168A2
:1043C00002781144816070475C04002010B50B48EE
:1043D000016841F400710160016841F4806101608D
:1043E000016841F480710160032000F097F80F200C
:1043F00000F006F800F026F8002010BD003C024056
:1044000070B504460D4D4FF47A712878B1FBF0F089
:104410000B490968B1FBF0F001F058FB08B101202D
:1044200070BD102C07D200222146501E00F042F829
:104430006C60002070BD012070BD00005C04002095
:104440003400002008B500BF00200090114800682B
:1044500040F480400F4908600846006800F480403E
:10446000009000BF00BF00BF00200090081F006840
:1044700040F08050091F08600846006800F0805036
:10448000009000BF00BF00220F21901E00F012F824
:1044900008BD00004438024000280ADB00F01F017C
:1044A000012202FA01F14009800000F1E020C0F889
:1044B0000011704710B4184B1B68C3F30223C3F1FB
:1044C000070CBCF1040F01D94FF0040C1C1D072C84
:1044D00001D2002300E0DB1E012404FA0CFCACF145
:1044E000010C0CEA0101994004FA03F35B1E1A4027
:1044F0001143002806DB00F1E020090180F80014D8
:1045000010BC704700F00F0000F1E020090180F8B6
:10451000141D10BC704700000CED00E000F0070017
:10452000064A11684FF6FF03194041EA002040F0A7
:10453000FD7040F080601060704700000CED00E0FE
:104540007047704770477047704711F0800F01F057
:104550000F0101EBC10100EB810101D0143101E039
:1045600001F51571006805F015BF2DE9F05F0446EF
:104570002568284605F0C4FF00287ED1206805F094
:10458000EBFF002879D0D5F80808C0F30D20C4F857
:10459000D404206805F0E0FF10F0020F04D020687A
:1045A000416901F002014161206805F0D5FF10F07A
:1045B000100F36D02068816921F0100181612F6AC7
:1045C00007F00F0000EBC00004EB800000F515764B
:1045D000C7F34340022802D0062812D01CE047F659
:1045E000F070074218D0C7F30A1217462846F16840
:1045F00005F0B6FFF0683844F060706938447061C7
:104600000AE0082204F29C41284605F0A9FF7069DF
:10461000C7F30A11084470612068816941F01001F4
:104620008161206805F098FF10F4002F4FF0100B07
:104630004FF0000A4FF0010967D00026206805F00E
:104640006AFF80465FEA08005FD018F0010F56D07D
:10465000F1B2206805F078FF074617F0010F07D088
:1046600005EB4610C0F8089B3146204604F018FCC4
:1046700017F0080F0AD0082000E01EE205EB4611F3
:10468000C1F8080B3146204604F0E6FB17F0100F86
:1046900003D005EB4610C0F808BB17F0020F1DD081
:1046A000686910F0800F05D0D5F8040840F48061E7
:1046B000C5F8041806EBC60004EB800000F5157081
:1046C000C178012905D180F803A0F1B2204600F09D
:1046D000FEF905EB46110220C1F8080B17F0200F78
:1046E00004D005EB46112020C1F8080B17F4005F39
:1046F00005D005EB46114FF40050C1F8080B761CAD
:104700004FEA5808B8F1000F9FD1206805F024FF48
:1047100010F4802F74D0206805F0F6FE07460026BE
:10472000002F6DD04FF0020B17F0010F64D0F1B2E3
:10473000206805F0F7FE804618F0010F24D006F03F
:104740000F0009FA00F0D5F834188143C5F8341881
:1047500005EB4610C0F80899A079012810D106EBA6
:10476000C60004EB8000C269016A114401623EB9CF
:10477000606A28B904F29C420121206805F0DAFD44
:10478000F1B22046FFF7DEFE18F0080F04D005EB6B
:1047900046110820C1F8080918F0100F04D005EBE5
:1047A00046111020C1F8080918F0400F04D005EB9D
:1047B00046114020C1F8080918F0020F15D0314603
:1047C000284605F066FE06EBC60004EB80001430B8
:1047D000C178012905D180F803A0F1B2204600F08C
:1047E00075F905EB4610C0F808B918F0800F03D032
:1047F0003146204604F0C8FB761C7F08002F93D179
:10480000206805F0A9FE10F0004F11D0D5F804087B
:1048100020F00101C5F8041894F8CC04012861D0F7
:10482000204600F01EFA2068416901F00041416114
:10483000206805F091FE10F4006F0CD0D5F8080840
:1048400010F0010F02D0204600F00EFA20684169F6
:1048500001F400614161206805F07EFE10F4805F84
:1048600065D0D5F8040820F00101C5F8041810211E
:10487000206805F00EFE0021207900281DD94FF692
:104880007F3205EB4110C0F80829D0F8003923F435
:104890000013C0F80039C0F8082BD0F8003B23F40F
:1048A0000013C0F8003BD0F8003B43F00063C0F8B1
:1048B000003B491C20798842E3D8D5F81C0840F019
:1048C0000111C5F81C18E07B98B1D5F8840840F0B8
:1048D0000B01C5F88418D5F8440840F00B01C5F861
:1048E000441813E084F8CCA400212046FFF728FEEA
:1048F00099E7D5F8140842F22B010143C5F81418C2
:10490000D5F8100840F00B01C5F81018D5F80008CC
:1049100020F4FE61C5F80018A17904F29C422068D9
:1049200005F008FD2068416901F48051416120686B
:1049300005F012FE10F4005F16D0206805F0AAFB07
:10494000206805F0CDFDE07100F00CFB2368014606
:10495000E279184605F060FE204600F081F92068F3
:10496000416901F400514161206805F0F5FD10F046
:10497000080F07D0204600F075F92068416901F062
:1049800008014161206805F0E7FD10F0800F17D0A5
:10499000A86920F08001A9610126207901280FD99A
:1049A00006EBC60004EB800090F85702012803D103
:1049B000F1B22046FFF7C9FD761C2079B042EFD84E
:1049C000206805F0C9FD10F4801F22D0012620794F
:1049D000012819D905EB4610D0F8001906EBC600DE
:1049E00004EB8000027E012A0AD111F0004F07D0AB
:1049F00080F81790F0B240F080012046FFF7A5FD47
:104A0000761C2079B042E5D82068416901F4801114
:104A10004161206805F0A0FD10F4001F2DD0012099
:104A20002179012924D905EB4011D1F8001B00EBB5
:104A3000C00204EB820292F85832012B14D111F01B
:104A4000004F11D094F8D434C1F3004103F00103B6
:104A50008B4209D182F85792A96941F08002AA617C
:104A6000696911F0800F2AD0401C21798142DAD87F
:104A70002068416901F400114161206805F06CFD76
:104A800010F0804F07D02046FFF75BFD206841699A
:104A900001F080414161206805F05EFD10F0040FD7
:104AA0000BD02068456815F0040F02D02046FFF7B0
:104AB0004BFD2068416829434160BDE8F09FD5F86F
:104AC000040840F40070C5F80408D1E77047704747
:104AD000F8B50446002C05D0266894F89504002506
:104AE00010B106E00120F8BD84F89454204600F08F
:104AF00063F8032084F89504B6F1A04F00D1A571A6
:104B0000206805F011FC207C8DF8000094E80F006F
:104B100005F0CEFA022618B184F895640120F8BD9C
:104B20000021206805F040FD18B184F8956401204B
:104B3000F8BD00212079012700280FD901EBC10021
:104B400004EB800047750175C1850576C561056276
:104B50004562481CC1B220798842EFD800212079F3
:104B6000002814D901EBC10004EB800080F85552F5
:104B700080F8541280F85852C0F85C52C0F8605265
:104B8000C0F86452481CC1B220798842EAD8207C1F
:104B90008DF8000094E80F0005F00AFB18B184F8C6
:104BA00095640120F8BD657484F89574206805F05B
:104BB000F0FA0020F8BD000010B586B004461421BC
:104BC00001A8FCF789FA2068B0F1A04F42D100BFDC
:104BD000002000902048006840F001001E49086055
:104BE0000846006800F00100009000BF00BF4FF4CD
:104BF000C0500190022002900020039003200490F6
:104C00000A20059001A91548FFF7E4F800BF1248F3
:104C1000001D006840F080000F49091D086000BFBA
:104C2000002000900C481430006840F480400A498D
:104C3000143108600846006800F48040009000BF0E
:104C400000BF00BF002205214320FFF733FC4320B3
:104C5000FFF722FC06B010BD3038024000000240D1
:104C60007047704770477047704700002DE9F84360
:104C700004464FF0010820784FF0000710F0050FB0
:104C800033D0DFF84491C9F86870FFF7C1F90646E0
:104C90004E4D286810F0006F0BD0FFF7B9F9801B5C
:104CA000022802D90320BDE8F883286810F0006FBD
:104CB000F3D16068217A800140EA017044490860BC
:104CC000C9F86880FFF7A4F90646286810F0006F5D
:104CD0000BD1FFF79DF9801B022802D90320BDE804
:104CE000F883286810F0006FF3D0207810F0020FDE
:104CF0005CD03848016841F080510160006800F0E4
:104D000080500090344D286840F480702860FFF790
:104D10007FF90646286810F4807F0BD1FFF778F9F9
:104D2000801B022802D90320BDE8F883286810F40C
:104D3000807FF3D0294D286800F4407028B3A18902
:104D400001F44071814220D0286820F44070244949
:104D5000C1F800800F602860286810F0010F14D09F
:104D6000FFF756F90646286810F0020F0DD141F200
:104D70008837FFF74DF9801BB84202D90320BDE800
:104D8000F883286810F0020FF3D0E0684FF4407108
:104D900031EA000213490CD0086820F4F8100860CA
:104DA0002868A189C1F30B01084328600020BDE8F1
:104DB000F8830A6820F4407022F4F81220F0704062
:104DC00010430860ECE70000000047420038024052
:104DD0008438024040380240007000407038024081
:104DE000400E4742083802402DE9F04704460D4680
:104DF000002C13D0DFF85491D9F80000EFB200F086
:104E00000700A8420DD289F80070D9F8000000F020
:104E10000700A84205D00120BDE8F0870120BDE8C9
:104E2000F08720684A4E10F0020F14D010F0040FE3
:104E300003D0306840F4E0503060207810F0080F64
:104E400003D0306840F4604030603068A16820F0E2
:104E5000F00008433060207810F0010F3ED0606809
:104E60003C49012808D002280DD003280BD009683E
:104E700011F0020F28D00AE0096811F4003F06D1B2
:104E80000120BDE8F087096811F0007F19D0316872
:104E900021F0030108433060FFF7BAF8804630681C
:104EA000616800F00C00B0EB810F17D041F2883A36
:104EB000FFF7AEF8A0EB0800504508D90320BDE885
:104EC000F0870120BDE8F0870120BDE8F087306859
:104ED000616800F00C00B0EB810FE9D1D9F8000057
:104EE00000F00700A8420AD989F80070D9F800003C
:104EF00000F00700A84202D00120BDE8F08720782A
:104F000010F0040F05D03068E16820F4E050084349
:104F10003060207810F0080F06D03068216920F446
:104F2000604040EAC100306000F042F831680A4A4F
:104F3000C1F30311515CC840084908600848006883
:104F4000FFF75EFA0020BDE8F0870000003C024059
:104F500008380240003802408C1701083400002055
:104F60006004002001480068704700003400002001
:104F700000B5FFF7F7FF04490968044AC1F382212D
:104F8000515CC84000BD0000083802409C17010871
:104F900000B5FFF7E7FF04490968044AC1F342314D
:104FA000515CC84000BD0000083802409C17010851
:104FB00010B51748006810F00C01164816D0164BB3
:104FC000042912D0082911D1144C216801F03F02A4
:104FD000216811F4800F0AD02068C0F38810A0FB6C
:104FE00003010023FBF760FF09E0184610BD2168AC
:104FF0000023C1F38811A1FB0001FBF755FF2168D5
:10500000C1F30141491C4900B0FBF1F010BD0000A3
:10501000083802400024F400001BB70004380240A6
:105020002DE9F84F0446002C12D02078FB4E10F0EA
:10503000010FA6F1040563D0301D016801F00C01D9
:1050400004290CD0006800F00C00082803D010E000
:105050000120BDE8F88F306810F4800F09D028686F
:1050600010F4003F4CD06068002849D10120BDE811
:10507000F88F6068B0F5803F14D0B0F5A02F16D03F
:10508000286820F480302860286820F48020286078
:10509000606810B3FEF7BCFF0746286810F4003FB5
:1050A0000ED02DE0286840F480302860F0E72868B2
:1050B00040F480202860286840F480302860E7E7CA
:1050C000FEF7A6FFC01B642802D90320BDE8F88FB5
:1050D000286810F4003FF3D012E0FEF799FF07466E
:1050E000286810F4003F0BD0FEF792FFC01B642825
:1050F00002D90320BDE8F88F286810F4003FF3D1EF
:105100002078C74F10F0020F4FF0000957D0C54864
:10511000016811F00C0F14D0006800F00C00082892
:1051200003D1306810F4800F0BD0E06880B3012009
:105130003860FEF76DFF8046286810F0020F12D02D
:105140001EE0286810F0020F05D0E068012802D0A8
:105150000120BDE8F88F2868216920F0F80040EAB6
:10516000C10028602BE0FEF753FFA0EB08000228E7
:1051700002D90320BDE8F88F286810F0020FF2D0A2
:105180002868216920F0F80040EAC100286016E094
:10519000FFE7C7F80090FEF73BFF8046286810F055
:1051A000020F0CD0FEF734FFA0EB0800022802D952
:1051B0000320BDE8F88F286810F0020FF2D12078A4
:1051C00010F0080F35D09848DFF860A26169C1B1CE
:1051D00001210160FEF71CFF8046DAF8000010F0A4
:1051E000020F26D1FEF714FFA0EB0800022802D917
:1051F0000320BDE8F88FDAF8000010F0020FF1D0BC
:1052000017E0C0F80090FEF703FF8046DAF80000D0
:1052100010F0020F0DD0FEF7FBFEA0EB08000228F5
:1052200002D90320BDE8F88FDAF8000010F0020F71
:10523000F1D1207810F0040F71D04FF000087C48B5
:10524000006810F0805F0AD17948016841F0805110
:105250000160006800F0805000904FF00108DFF816
:10526000D4B1DBF8000010F4807F1BD1DBF8000024
:1052700040F48070CBF80000FEF7CAFE8246DBF8EF
:10528000000010F4807F0DD1FEF7C2FEA0EB0A00F3
:10529000022802D90320BDE8F88FDBF8000010F4E3
:1052A000807FF1D0A068DFF890B1012818D00528E0
:1052B0001DD0DBF8000020F00100CBF80000DBF887
:1052C000000020F00400CBF80000A06840B3FEF717
:1052D0009FFE8246DBF8000010F0020F14D03EE083
:1052E000DBF8000040F00100CBF80000EDE7DBF850
:1052F000000040F00400CBF80000DBF8000040F0B4
:105300000100CBF80000E0E7FEF782FEA0EB0A0107
:1053100041F28830814204D90320BDE8F88F26E0AD
:1053200005E0DBF8000010F0020FEDD017E0FEF70B
:105330006FFE8246DBF8000010F0020F0FD0FEF780
:1053400067FEA0EB0A0141F28830814202D90320B6
:10535000BDE8F88FDBF8000010F0020FEFD1B8F1D4
:10536000010F04D13248016821F080510160A06929
:10537000F0B32C4909684FF0FF3801F00C010829FF
:1053800066D0022810D0C7F86090FEF741FE0446B0
:10539000286810F0007F2BD0FEF73AFE001B022891
:1053A00051D90320BDE8F88FC7F86090FEF730FEB2
:1053B0008146286810F0007F0CD0FEF729FEA0EB94
:1053C0000900022802D90320BDE8F88F286810F0F0
:1053D000007FF2D1216AE069A26A0843616A08EBA2
:1053E0005202890141EA0241084394F82C1000E07E
:1053F00055E040EA0160306001203866FEF708FEA3
:105400000446286810F0007F49D1FEF701FE001B1A
:10541000022813D90320BDE8F88F000004380240A9
:105420000000474208380240800E4742743802406C
:10543000403802400070004070380240286810F088
:10544000007FE2D02BE0286810F0007FA4D126E096
:10545000012822D03068E26900F4800191421AD11B
:10546000226A00F03F01914215D147F6C071626A8D
:105470000140B1EB821F0ED1A26A00F4403108EB6B
:105480005202B1EB024F06D194F82C1000F070607C
:10549000B0EB016F03D00120BDE70120BBE7002086
:1054A000B9E770B50446002C03D06079002510B12F
:1054B00005E0012070BD2571204600F00DF80220A6
:1054C00060712068016841F0040101600120607191
:1054D000A560002070BD000008B50A4A016891422D
:1054E0000FD100BF002100910749096841F0400138
:1054F000054A11601146096801F04001009100BFA2
:1055000000BF08BD000806503438024010B50446FC
:10551000002C02D0607F10B106E0012010BD0020F9
:105520002077204600F042F8022060772068C168AA
:1055300011F0100F05D000200028EFD10121617774
:1055400010BDCA214162216853204862204603F001
:1055500079FFD8B92068816821F0400121F4E00189
:1055600081602068816862686369114322691A4317
:10557000114381602168E06808612068016922891F
:1055800041EA02410161204603F080FF48B92168E9
:105590000A6C22F480220A6421680A6CA3691A4307
:1055A0000A642268FF215162C6E700001FB5044665
:1055B00000200090019002900390094920688842E1
:1055C0000CD102200090074803906846FFF74EFB7D
:1055D00008B1FDF761FB0120034908601FBD000011
:1055E0000028004000031E003C0E474270B50446F0
:1055F0000C482168C860FEF70BFD05462068C068AE
:1056000010F0200F0CD1FEF703FD401BB0F57A7FA0
:1056100001D9032070BD2068C06810F0200FF2D0BF
:10562000002070BD5F7F010070B50446002C09D0DA
:10563000606A002540B125616561A56294F851005A
:1056400040B10CE0012070BD6068B0F5827FF4D0FD
:10565000E561F2E784F85050204600F045F802205A
:1056600084F851002068016821F040010160A088A1
:10567000218900F4827001F404410843A18901F4F6
:1056800000610843217C01F002010843217D01F003
:1056900001010843218B01F400710843217F01F0CF
:1056A0003801084394F8201001F080010843218D4F
:1056B00001F40051084321680860A169042000EA50
:1056C000114094F8241001F010010143206841605A
:1056D0002068C16921F40061C1616565012084F819
:1056E0005100002070BD000010B586B004461421A2
:1056F00001A8FBF7F1FC6649206888427ED100BF13
:10570000002000906348006840F4805061490860C0
:105710000846006800F48050009000BF00BF00BF42
:10572000002000905B481438006840F0020059499E
:10573000143908600846006800F00200009000BFBD
:1057400000BF00BF002000900846006840F0010044
:1057500008600846006800F00100009000BF00BF2C
:105760001820019002200290012003900320049051
:105770000520059001A94848FEF72CFB80200190E8
:105780000220029001200390032004900520059040
:1057900001A94248FEF71EFB4148424908604FF00C
:1057A000C060486000213F488160C1604FF4806163
:1057B0000161002141618161C1614FF440310162A9
:1057C00000214162FEF76EFA08B1FDF765FA00BFED
:1057D0003448E064846300BF3148183032490860BF
:1057E0004FF0C060486040212F4881600021C160B7
:1057F0004FF4806101610021416100E010E08161AE
:10580000C1614FF40031016200214162FEF74AFAA2
:1058100008B1FDF741FA00BF2348A064846335E076
:1058200022492068884231D100BF002000901948E9
:10583000001F006840F480401649091F08600846B0
:10584000006800F48040009000BF00BF00BF00204F
:10585000009010481438006840F480700D491439E5
:1058600008600846006800F48070009000BF00BF28
:105870000E2001900220029000200390032004904B
:105880000520059001A90A48FEF7A4FA06B010BD4C
:105890000030014044380240000402400000024051
:1058A000406402401C0E00207C0E002000380040A6
:1058B000002002402DE9F84F04460A9E8A4693468E
:1058C0001F460125FEF7A4FB804694F8510061684D
:1058D000012809D0B1F5827F03D1A16809B9042854
:1058E00002D00220BDE8F88FBAF1000F28D0BBF13A
:1058F000000F25D0380023D094F85000012822D082
:10590000012084F8500094F85100042802D00520AA
:1059100084F851004FF00009C4F85490C4F838B02E
:10592000E787A787C4F830A0E786A786C4F8409029
:10593000C4F844902068016811F0400F06D009E0D7
:105940000120BDE8F88F0220BDE8F88F016841F022
:1059500040010160E068B0F5006F05D06068002884
:105960004DD0012F4BD083E0606808B1012F3FD1AB
:10597000206B21680088C860206B801C2063E08E4B
:10598000401EE08634E02068816811F0020F0DD0DF
:10599000E18E59B1012D09D1216B0988C160206BBD
:1059A000801C2063E08E401EE08600252068816810
:1059B00011F0010F0BD0E18F49B1C068A16B0880D5
:1059C000A06B801CA063E08F401EE0870125FEF7DE
:1059D0001FFBA0EB0800B0420AD3B6F1FF3F07D08F
:1059E000012084F8510084F850900320BDE8F88F1E
:1059F000E08E0028C7D1E08F0028C4D13EE0206BA4
:105A0000216800780873206B401C2063E08E401EE4
:105A1000E0862DE02068816811F0020F0DD0E18E44
:105A200059B1012D09D1216B09780173206B401CFC
:105A30002063E08E401EE08600252068816811F01A
:105A4000010F0BD0E18F49B1C068A16B0870A06B4A
:105A5000401CA063E08F401EE0870125FEF7D8FAC6
:105A6000A0EB0800B04202D3B6F1FF3F13D196B1CC
:105A7000E08E0028CED1E08F0028CBD142463146BF
:105A8000204603F0B1FD70B12020606584F850908D
:105A90000120BDE8F88F012084F8510084F850906F
:105AA0000320BDE8F88FA06818B92068C168806835
:105AB0000090012084F8510084F85090606D10B17E
:105AC0000120BDE8F88F0020BDE8F88F401EB0F13E
:105AD000807F01D3012070474FF0E0214861044AE4
:105AE000F0201070002088610720086100207047B6
:105AF00023ED00E090F83C20012A2CD0012280F810
:105B00003C20CA680023D1F808C022F4407242EA5F
:105B10000C02D1F804C022F4806242EA0C02D1F8EF
:105B200000C022F4006242EA0C02D1F810C022F454
:105B3000805242EA0C02D1F814C022F4005242EA28
:105B40000C02C96922F4804211430268516480F852
:105B50003C30002070470220704730B490F83C2061
:105B6000012A44D0012480F83C40022280F83D20E4
:105B70000268D2F804C093682CF0700C0D6845EAF6
:105B80000C0CC2F804C00268A2F1804CBCF5803C49
:105B900020D0B2F1804F1DD0A2F1804CBCF5806CBA
:105BA00018D0A2F1804CBCF5006C13D0A2F1804C4F
:105BB000BCF5406C0ED0A2F1804CBCF5823C09D003
:105BC000A2F1804CBCF5A03C04D0A2F1804CBCF505
:105BD000C05C04D123F0800349681943916080F8C8
:105BE0003D40002180F83C1030BC0020704730BCA4
:105BF0000220704710B50446002C03D094F83D00F5
:105C000010B107E0012010BD002084F83C002046C0
:105C100000F01EF8022084F83D00211D206803F0EA
:105C200027FE012084F8460084F83E0084F83F00F7
:105C300084F8400084F8410084F8420084F843006E
:105C400084F8440084F8450084F83D00002010BD2D
:105C500008B53F4A016891420FD100BF0021009171
:105C60003C49096841F001013A4A1160114609684E
:105C700001F00101009100BF69E0374A01689142DB
:105C800011D100BF002100913249091F096841F07C
:105C90000201304A121F11601146096801F0020129
:105CA000009100BF53E02D4A0168914211D100BF1D
:105CB000002100912749091F096841F00401254A84
:105CC000121F11601146096801F00401009100BF24
:105CD0003DE0234A0168914211D100BF00210091AB
:105CE0001C49091F096841F008011A4A121F116076
:105CF0001146096801F00801009100BF27E0194A28
:105D0000016891420FD100BF00210091114909683B
:105D100041F002010F4A11601146096801F00201C9
:105D2000009100BF13E0104A016891420FD100BFFB
:105D3000002100910749096841F40031054A1160CA
:105D40001146096801F40031009100BF00BF08BD91
:105D500000000140443802400004004000080040B8
:105D6000000C0040000401400044014090F83D1048
:105D7000012901D001207047022180F83D10006800
:105D8000A0F18041B1F5803126D0B0F1804F23D011
:105D9000A0F18041B1F580611ED0A0F18041B1F544
:105DA000006119D0A0F18041B1F5406114D0A0F19B
:105DB0008041B1F582310FD0A0F18041B1F5A03121
:105DC0000AD0A0F18041B1F5C05105D0016841F081
:105DD0000101016000207047816801F00701062978
:105DE000F8D0016841F001010160F3E770B50446A5
:105DF000002594F83C00012818D0012684F83C6066
:105E0000022084F83D002068826822F0770222F4A4
:105E10007F4282600868502839D00EDC202854D098
:105E200006DC002851D0102811D14EE0022070BDB0
:105E300030284AD040280AD13DE0602831D070286F
:105E40000DD0B0F5805F03D0B0F5005F13D0012511
:105E500084F83D60002084F83C00284670BDCB6883
:105E60004A688968206803F07CFD2068816841F0F9
:105E700077018160ECE7CB684A688968206803F0A5
:105E800070FD2068816841F480418160E0E7CA6864
:105E90004968206803F054FE5021206803F06CFD2F
:105EA000D6E7CA684968206803F05DFE6021206873
:105EB00003F062FDCCE7CA684968206803F040FE41
:105EC0004021206803F058FDC2E7226801461046D1
:105ED00003F052FDBCE7000010B586B00446142163
:105EE00001A8FBF7F9F86A49206888421FD100BF72
:105EF000002000906748006840F010006549086085
:105F00000846006800F01000009000BF00BF4FF48A
:105F1000D4400190022002900120039002200490BE
:105F20000120059001A95C48FDF754FFADE05B49F5
:105F30002068884224D100BF0020009055480068A6
:105F400040F00400534908600846006800F004006F
:105F5000009000BF00BF8815019002200290012030
:105F6000039002200490059001A94D48FDF732FFEF
:105F70004C48FFF7FBFE08214A4800F043F984E053
:105F800049492068884225D100BF0020009041483F
:105F9000006840F008003F4908600846006800F0CB
:105FA0000800009000BF00BF4FF480400190022025
:105FB00002900120039002200490059001A93B4823
:105FC000FDF708FF3A48FFF7D1FE0821384800F0F6
:105FD00019F95AE03749206888422DD100BF0020C6
:105FE00000902C48006840F080002A49086008466C
:105FF000006800F08000009000BF00BF4FF4E05048
:10600000019002200290012003900220049005904C
:1060100001A92948FDF7DEFE2848FFF7A7FE002169
:10602000264800F0EFF80421244800F0EBF808219E
:10603000224800F0E7F828E021492068884224D16E
:1060400000BF002000901348006840F02000114974
:1060500008600846006800F02000009000BF00BF04
:106060004020019002200290012003900220049021
:106070000320059001A91348FDF7ACFE1248FFF775
:1060800075FE0021104800F0BDF806B010BD0000FC
:10609000000001403038024000100240000400407F
:1060A00000080240240F002000080040000C0240BD
:1060B0006C0F0020000C0040001C0240B40F0020B8
:1060C00000440140001402404410002070B5044612
:1060D0000D46002694F83C0001280FD0012084F8DA
:1060E0003C006AB1042A1FD0082A32D00C2A44D0BE
:1060F0000126002084F83C00304670BD022070BDAF
:106100002946206803F040FC2068816941F00801BD
:1061100081612068816921F00401816120688169C1
:106120002A6911438161E4E72946206803F064FC91
:106130002068816941F4006181612068816921F4EE
:1061400080618161206881692A6941EA0221816157
:10615000CFE72946206803F08BFC2068C16941F035
:106160000801C1612068C16921F00401C161206892
:10617000C1692A691143C161BBE72946206803F060
:10618000B3FC2068C16941F40061C1612068C16944
:1061900021F48061C1612068C1692A6941EA022154
:1061A000C161A6E710B50446002C03D094F83D0069
:1061B00010B107E0012010BD002084F83C0020460B
:1061C00000F01EF8022084F83D00211D206803F035
:1061D0004FFB012084F8460084F83E0084F83F001D
:1061E00084F8400084F8410084F8420084F84300B9
:1061F00084F8440084F8450084F83D00002010BD78
:106200007047000010B50446002909D004290AD0BF
:1062100008290BD094F8410001280AD0012010BDB4
:1062200094F83E00F8E794F83F00F5E794F8400052
:10623000F2E70220D9B3042947D0082948D084F8CE
:1062400041000122206803F07DFB234A2068234996
:10625000904201D0884203D1436C43F4004343642D
:106260002068904224D0B0F1804F21D0A0F180422C
:10627000B2F580621CD0A0F18042B2F5006217D066
:10628000A0F18042B2F5406212D0884210D0A0F155
:106290008041B1F5A0310BD0A0F18041B1F5C051E2
:1062A00006D0016841F001010160002010BD09E045
:1062B000816801F007010629F7D0016841F001016A
:1062C0000160F2E784F83E00BBE784F83F00B8E7DE
:1062D00084F84000B5E700000000014000040140E0
:1062E00070477047F8B5044622681068D168536952
:1062F00000F00F0CBCF1000F0AD110F0200F07D0F6
:1063000011F0200F04D02046BDE8F84003F07ABC1D
:106310000025BCF1000F75D003F0010C01F490765C
:106320005CEA06066ED010F0010F06D011F4807FF3
:1063300003D0626C42F00102626410F0040F06D0D8
:1063400013F0010F03D0626C42F00202626410F09D
:10635000020F06D013F0010F03D0626C42F004026A
:10636000626410F0080F08D001F0200252EA0C021B
:1063700003D0626C42F008026264626C002A35D07D
:1063800010F0200F05D011F0200F02D0204603F0AE
:1063900039FC20684069C0F38010616C11F0080F6F
:1063A00000D148B3204603F0F9FB2068406910F0A3
:1063B000400F1CD02068143050E8001F21F040012D
:1063C00040E80012002AF5D1E06B60B16449016534
:1063D000E06BFDF75EFB002808D0E06B016D01B0BB
:1063E000BDE8F04008472046FFF77BFFF8BD204698
:1063F000FFF777FFF8BD05E0FFE72046FFF771FFE5
:106400006564F8BD236B012B7ED110F0100F7BD09B
:1064100011F0100F78D010685068009050694FF05C
:10642000200310F0400F4FF0020650D0E26B1068CE
:10643000406880B2F0B3A18D81423CD9E085D0693B
:10644000B0F5807F2DD020680C3050E8001F21F47B
:10645000807140E80012002AF5D12068143050E81D
:10646000001F21F0010140E80012002AF5D1206848
:10647000143050E8001F21F0400140E80012002ACB
:10648000F5D184F84230256320680C3050E8001FB5
:1064900021F0100140E80012002AF5D1E06BFDF771
:1064A000A7FA6663A08DE18D401A81B22046FFF7FE
:1064B00017FFF8BDFFE7A18D8142FAD1D069B0F591
:1064C000807FF6D166632046FFF70AFFF8BDA08DF6
:1064D000E18D401A81B2E08D0028F7D00029F5D077
:1064E00020680C3050E8002F22F4907240E8002C15
:1064F000BCF1000FF4D12068143050E8002F22F0D6
:10650000010240E8002C00E014E0BCF1000FF2D1E1
:1065100084F84230256320680C3050E8002F22F0C8
:10652000100240E80023002BF5D166632046FFF7F8
:10653000D7FEF8BD10F0800F07D011F0800F04D007
:106540002046BDE8F84003F041BC10F0400FF0D009
:1065500011F0400FEDD02046BDE8F84003F045BBF8
:106560008F9B000870B50446002C04D094F84100BD
:10657000002510B106E0012070BD84F8405020468F
:1065800000F024F8242084F841002068C16821F438
:106590000051C160204603F09BFB2068016921F493
:1065A000904101612068416921F02A014161206820
:1065B000C16841F40051C1606564202084F8410045
:1065C00084F842006563002070BD000010B586B0FD
:1065D0000446142101A8FAF77FFDAD4920688842DE
:1065E00074D100BF00200090AA48006840F010005D
:1065F000A84908600846006800F01000009000BF3D
:1066000000BF00BF00200090A2481438006840F08E
:106610000200A049143908600846006800F0020032
:10662000009000BF00BF00BF002000900846006837
:1066300040F0010008600846006800F0010000908A
:1066400000BF00BF80200190022002900020039034
:10665000032004900720059001A98F48FDF7BAFB9D
:106660004FF400700190022002900020039003205C
:1066700004900720059001A98848FDF7ABFB8848E6
:10668000884908604FF000604860002185488160BB
:10669000C1604FF480610161002141618161C1618C
:1066A00001624162FDF7FEFA08B1FCF7F5FA00BF9E
:1066B0007C48E063846300BF002205212520FDF7AC
:1066C000F9FE2520FDF7E8FEDFE0FFE776492068C8
:1066D00088425BD100BF002000906E48001F006818
:1066E00040F480206B49091F08600846006800F4E8
:1066F0008020009000BF00BF00BF002000906548D0
:106700001438006840F004006249143908600846F3
:10671000006800F00400009000BF00BF4FF440602C
:106720000190022002900020039003200490072093
:10673000059001A95D48FDF74DFB5D485D49086086
:106740004FF00060486000215A488160C1604FF4FA
:1067500080610161002141618161C1614FF40031BB
:10676000016200214162FDF79DFA08B1FCF794FA3D
:1067700000BF5048E063846300BF0022042127204B
:10678000FDF798FE2720FDF787FE7EE04A49206846
:1067900088427AD100BF002000903E48006840F057
:1067A00020003C4908600846006800F02000009086
:1067B00000BF00BF00BF00200090364814380068BA
:1067C00040F040003349143908600846006800F082
:1067D0004000009000BF00BF4FF4844001900220B1
:1067E000029000200390032004900820059001A946
:1067F0003248FDF7EFFA2A486038314908608005D1
:10680000486000212E488160C1604FF480610161C1
:10681000002141618161C1614FF4003101620021B9
:106820004162FDF73FFA08B1FCF736FA00BF244891
:10683000E063846300BF1A481830224908604FF0B3
:106840002060486040211F4881600021C1604FF4F2
:1068500080610161002141618161C1614FF480313A
:10686000016200214162FDF71DFA08B1FCF714FA3C
:1068700000BF1448A063846300BF002205214720A5
:10688000FDF718FE4720FDF707FE06B010BD00001B
:106890000010014044380240000402400000024061
:1068A0008864024064110020004800400008024053
:1068B00028600240C411002000140140001802406A
:1068C00024120020841200207047704770B50446DF
:1068D00000202074A37B484D2D8803FB05F26168DE
:1068E000D4F8F400FAF79CFBA27B434B1B8802FB15
:1068F00003F16068FAF7F0FBA27B3F4B1B885A4319
:10690000A37B02FB03F1D4F81801FAF7E5FB227B25
:10691000394B1B885A43A37B02FB03F1D4F80C01CB
:10692000FAF7DAFB002031E0D4F8F41001EB800133
:1069300091ED000AB5EEC00AF1EE10FA24D0D4F8B9
:10694000F41001EB800191ED000A227CD4F8F410E0
:1069500001EB820181ED000A227C616A8854A16901
:1069600001EB800191ED000A6169095C227B237CC7
:1069700012FB0311491ED4F80C2102EB810181EDB9
:10698000000A217C491C2174411CC8B2A17B8142B0
:10699000CADC002011E0626A125CE16901EB82014D
:1069A00091ED000A227C00FB0202D4F8181101EBE1
:1069B000820181ED000A411CC8B2217C8142EADCDF
:1069C000207CA4F87800217B7A200153207BA4F856
:1069D0008000217C82200153207CA4F89000217C3F
:1069E00092200153207BA4F89800217C9A20015327
:1069F000207CA4F8480070BD6403002000BFFEE7BF
:106A000010B5044654F8EC0F90ED000A834880ED71
:106A1000000A206890ED010A814880ED000A206894
:106A200090ED020A7F4880ED000A54F8EC0990EDE1
:106A3000030A7D4880ED000A7848D0ED000A60EE38
:106A4000A00A774890ED001AD0ED001A41EE210A15
:106A5000744890ED001AD0ED001A41EE210A7248F8
:106A600090ED001AD0ED001A41EE210AB0EE600A56
:106A700006F082FB6D4880ED000A002012E0D4F899
:106A8000EC1001EB800191ED000A6849D1ED000A9C
:106A900020EE200AD4F8EC1001EB800181ED000A11
:106AA000411CC8B20428EADB614890ED6F0A5C48DB
:106AB000D0ED000A20EE200AF0EE000A80EE201A47
:106AC000F834A06880ED041A594890ED6F0A5548D3
:106AD000D0ED000A20EE200AF0EE000A80EE201A27
:106AE000A06880ED051A524890ED6F0A4B48D0ED32
:106AF000000AF1EE600A20EE200AF0EE000A80EEB5
:106B0000201AA06880ED0A1A494890ED6F0A46489D
:106B1000D0ED000A20EE200AF0EE000A80EE201AE6
:106B2000A06880ED0B1A424890ED6F0A3E48D0ED08
:106B3000000AF1EE600A20EE200AF0EE000A80EE74
:106B4000201AA06880ED101A394890ED6F0A33487A
:106B5000D0ED000AF1EE600A20EE200AF0EE000A05
:106B600080EE201AA06880ED111A314890ED6F0A6E
:106B70002C48D0ED000A20EE200AF0EE000A80EE4C
:106B8000201AA06880ED161A294890ED6F0A244853
:106B9000D0ED000AF1EE600A20EE200AF0EE000AC5
:106BA00080EE201AA06880ED171A206890ED1C0A6C
:106BB0001F48D0ED740A80EE201A206880ED1C1A60
:106BC000206890ED230A1A48D0ED740A80EE201A4E
:106BD000206880ED231A54F8F80990ED1C0ADFEDC7
:106BE000150AB4EEE00AF1EE10FA05DD9FED110A88
:106BF000D4F8F80080ED1C0AD4F8F80090ED230AD0
:106C0000DFED0C0AB4EEE00AF1EE10FA05DD9FEDBF
:106C1000090AD4F8F80080ED230A10BD20040020F2
:106C200024040020280400202C040020300400202C
:106C3000482F002000401C4610B52DED068BF0EECD
:106C4000408AB0EE60AAB0EE419AB0EE618AF0EEF2
:106C5000429A01203A4908700846C0ED6C8A80EDDE
:106C60006DAA80ED6E9A9FED370A80ED730A0020C1
:106C700081F838010A46C2F84001C2F844010021F7
:106C8000C2F84811C2F84C11B7EE000AB4EEC08A3F
:106C9000F1EE10FA03DDB7EE000AB0EE408A2848A4
:106CA00080ED748AC0ED649A032300220621001D42
:106CB00000F09EFD244B01221146A3F10800F9F7D4
:106CC00055FCB7EE000A1E48D0F8EC0080ED000A33
:106CD0009FED1E0A1A48D0F8EC0080ED010A9FEDE6
:106CE0001B0A1748D0F8EC0080ED020A9FED170A46
:106CF0001348D0F8EC0080ED030A15491048C0F89D
:106D0000D0101449C0F8D4101349C0F8D810134952
:106D1000C0F8DC10012180F82E1080F82F100146F9
:106D20009022D1F804010E49FAF77AF90449902229
:106D3000D1F8FC000B49FAF773F9BDEC068B10BDD6
:106D4000482F002077CC2B321031002000000000AB
:106D5000696D0008016A00089D6D0008C56E000895
:106D6000501801088003002010B5044654F8F81F9D
:106D700090220748FAF754F948220648616AFAF760
:106D80004FF96169F83C48220348FAF749F910BD08
:106D900080030020283100207031002010B5044607
:106DA00054F8EC0F90ED000AF0EE000A20EE200AF5
:106DB0003F4880ED000A206890ED010AF0EE000ADD
:106DC00020EE200A3B4880ED000A206890ED020A80
:106DD000F0EE000A20EE200A374880ED000A206815
:106DE00090ED030AF0EE000A20EE200A334880ED11
:106DF000000A14F8DE2C324B1B885A4314F8E03C8E
:106E000002FB03F1206AFAF767F92B4890ED000ABC
:106E1000B1EE400A206A80ED000A284890ED000A91
:106E2000206A80ED010A224890ED000AB1EE400A86
:106E3000206A80ED020A1F4890ED000A206A80ED6A
:106E4000030A1C4890ED000A206A80ED060A1848E3
:106E500090ED000A206A80ED070A184890ED000ABC
:106E6000206A80ED080A144890ED000A206A80ED3F
:106E7000090A0F4890ED000A206A80ED0C0A0D48BF
:106E800090ED000AB1EE400A206A80ED0D0A0A4832
:106E900090ED000AB1EE400A206A80ED0E0A074824
:106EA00090ED000A206AEC3C80ED0F0A10BD000056
:106EB00034040020380400203C040020400400205A
:106EC0006403002070B52DED028B044604F18001AF
:106ED00004F17800F9F708FF84F8C800B4F87800E6
:106EE000A4F8A8005A20015BAA20015304F1A802CB
:106EF00004F1580104F17800F9F7D4FD84F8C800D2
:106F0000B4F8A800A4F8B0008220015BB2200153BD
:106F100004F1B00204F1800104F1A800F9F7C2FD08
:106F200084F8C800B4F89000A4F8A0009220015B97
:106F3000A220015304F1A00204F1900104F1B00079
:106F4000F9F790FA84F8C80004F1B00104F1A00048
:106F5000F9F710FBAC342077206C90ED000AFE4866
:106F600080ED000A206C90ED010AFC4880ED000ADB
:106F7000206C90ED020AFA4880ED000A206C90ED3A
:106F8000030AF84880ED000A34F8340CA081AC3CC8
:106F90000121BA200153F14890ED000AF148D0EDEB
:106FA000000A20EE200AEC48D0ED000AEC4890EDF3
:106FB000001A00EEC10AF0EE000A20EE200AD4F812
:106FC0002C0180ED000AE44890ED000AE348D0ED82
:106FD000000A20EE200AE248D0ED000AE14890EDD8
:106FE000001A00EE810AF0EE000A20EE200AD4F822
:106FF0002C0180ED010AD84890ED000A20EE000A2D
:10700000D648D0ED000A90ED001A00EEC10AD4482F
:10701000D0ED000A90ED001A00EEC10AD148D0ED83
:10702000000A90ED001A00EE810AD4F82C0180EDE0
:10703000020A002512E0D4F82C0100EB850090ED47
:10704000000AB0EEC00AB0EE408A04F063F8C64809
:1070500000EB850080ED000A681CC5B2032DEADB59
:10706000B4F84800A4F8C0000121C220015304F183
:10707000C00204F1B80104F14800F9F7B1FD84F849
:10708000C800B4F8C000A4F8A8000121AA20015348
:1070900004F1A80204F1C00104F1B000F9F702FD07
:1070A000B8342074012020802189B83CBA200153D3
:1070B00004F1B80104F1C000F9F716FE84F8C80025
:1070C000A94A3C3204F1A80104F1B800F9F7EAFC3E
:1070D00084F8C800A54890ED720AD0ED730AB6EEA8
:1070E000001A60EE810AB4EEE00AF1EE10FA03D263
:1070F00001209E4981F838019C4890ED720AD0ED3C
:10710000730AB4EEE00AF1EE10FA46DD90F83801A9
:10711000002842D0954890F8390168B19348D0F8DA
:107120004011D0F84401491C40F100008F4AC2F8D8
:107130004011C2F8440105E000208C4AC2F8400129
:10714000C2F844018948D0F84031D0F844210020E9
:10715000D3F13201904106D20020844981F83801F0
:1071600084F82C004AE0237B814D2D8803FB05F237
:10717000D4E93A01F9F754FF237B7D4D2D886B4309
:10718000257B03FB05F2D4E93E01F9F749FF012015
:1071900084F82C00BDEC028B70BD744890ED720A2F
:1071A000D0ED730A9FED731A60EE810AB4EEE00A27
:1071B000F1EE10FA14DD90F8380188B16B4890EDCB
:1071C000730AD0ED720A30EE600AD0ED730A9FEDBB
:1071D0006A1A60EE810A80EE201A80ED671A04E0D8
:1071E000B7EE000A614880ED670A00215F4AC2F8E5
:1071F0004011C2F84411002084F82C00B4F8580063
:10720000A4F8A8008220015BAA20015304F1A8027F
:1072100004F1800104F15800F9F744FC84F8C80037
:1072200004F1980204F1B00104F1A800F9F73AFC66
:1072300084F8C800002012E0D4F81C1101EB800192
:1072400091ED000A4949D1ED670A20EE200AD4F8F1
:107250001C1101EB800181ED000A411CC8B2B4F899
:1072600098109A22125B51438142E5DC042025E00C
:1072700000211FE0021F3C4B03EB8202D2ED000A0B
:107280009FED3E1A80EE810A00EB40030B44D4F8D8
:107290001C2102EB8302D2ED000A20EE200A00EB53
:1072A00040030B44D4F81C2102EB830282ED000A58
:1072B0004A1CD1B20329DDDB411CC8B20628D7DB4A
:1072C000B4F89800A4F8B8000121BA20015304F1E1
:1072D000B80204F1C00104F19800F9F7E3FB84F867
:1072E000C800224890F83801A0B3042058E0BC211F
:1072F000095901EB800191ED000A1C49D1ED6F0A9B
:107300009FED1F1A60EE810AB4EEE00AF1EE10FA6A
:107310000BDD91ED6F0ADFED1A0A20EE200ABC2189
:10732000095901EB800181ED000ABC21095901EBEB
:10733000800191ED000A0D49D1ED6F0A9FED111A00
:1073400060EE810AB4EEE00AF1EE10FA26D291ED79
:107350006F0A19E026E000004404002048040020E1
:107360004C04002050040020CC300020482F002086
:1073700064030020CDCCCC3D6666663FDA0FC93F82
:107380000AD7233C0AD723BC5FED020A20EE200A6D
:10739000BC21095901EB800181ED000A411CC8B2F2
:1073A0000628A4DB9FED080ABC20005980ED030AE3
:1073B00004F1300204F1B80104F13800F9F752F891
:1073C00084F8C80000BFE5E60000000010B5B7EE85
:1073D000000A2B4880ED010AB7EE000A80ED020A90
:1073E000B7EE000A80ED030A9FED260A80ED040A3D
:1073F0009FED240A80ED050A9FED220A80ED060A22
:1074000001201F4908709FED1F2AF7EE001A9FED1B
:107410001E1ADFED1E0AB2EE040AFFF70DFC002271
:107420001146DFED184A9FED174ADFED163A9FED42
:10743000153ADFED142AB3EE042ADFED151A9FED9D
:10744000111ADFED140A9FED140A144801F0EEFD45
:1074500000211348FEF7D6FE9FED120A124880ED78
:10746000100A9FED0A1ADFED070AB7EE000A0F486F
:1074700005F0A4FE9FED0E0A0B4880ED100A10BD2A
:107480007C2E0020000000008096184B6F12833A7B
:1074900000007A44000096430000FA44982E002031
:1074A0004410002096430B3C4C2D0020E02D002082
:1074B0004ED1113CFFF78AFF00BF00F001F8FCE756
:1074C00000B587B0BA4AD2E900109268CDE905024A
:1074D0000491B848FBF732FAB74880ED000A90ED06
:1074E000000AB64880ED020A00BFB548F9F7C6FFAA
:1074F000B34890ED000AB34880ED070AB04890ED1C
:10750000010AB04880ED080AAD4890ED020AAD4886
:1075100080ED090AAA4890ED000AAB4880ED000A08
:10752000A74890ED010AA84880ED010AA44890ED13
:10753000020AA54880ED020AA14890ED030AA1487D
:1075400080ED040A9E4890ED040A9E4880ED050AED
:107550009B4890ED050A9B4880ED060A984890EDFF
:10756000030A9A4880ED000A954890ED040A97486E
:1075700080ED010A924890ED050A944880ED020AD8
:107580009148D0ED022A90ED012AD0ED001A8F48E3
:1075900090ED021AD0ED010A90ED000A874805F03F
:1075A00029FE864805F05AFE844805F032FE8348DD
:1075B00001F082FF814890ED0C0A824880ED000ABC
:1075C0007E4890ED0D0A7F4880ED010A7B4890EDE2
:1075D0000E0A7C4880ED020A784890ED0F0A79483F
:1075E00080ED030A024601A904A8FBF7A8FA0020CF
:1075F00039E074491C3101EB800191ED000A01A9C9
:1076000001EB8001D1ED000A30EE600A6A49D1ED4C
:10761000000A60EE200A6B4991ED100A664991ED6F
:10762000001A30EE011A80EE810A6649283101EB1A
:107630008001D1ED000A634991ED101A60EE810AD4
:1076400091ED101A5C49D1ED001A31EE211AC0EE0D
:10765000811A30EE210A5B49283101EB800181ED6E
:10766000000A411CC8B20328C3DB564A02F13401A8
:10767000A1F10C00FAF7C8F8524890ED0D0AB0EEEF
:10768000C00ADFED530AB4EEE00AF1EE10FA03D2BD
:107690009FED500A80ED0D0A4A4890ED0E0AB0EEBB
:1076A000C00ADFED4B0AB4EEE00AF1EE10FA03D2A5
:1076B0009FED480A80ED0E0A424890ED0F0AB0EEA9
:1076C000C00ADFED450AB4EEE00AF1EE10FA03D28B
:1076D0009FED400A80ED0F0A404890ED000ADFED73
:1076E000400AB4EEE00AF1EE10FA51DD012035490E
:1076F00081F89000314890ED1A0A084680ED1D0A85
:107700002E4890ED190A084680ED1C0A2B4890ED92
:107710001B0A084680ED1E0A90ED1E0AD0ED200AD5
:1077200030EE600ADFED2F0AB4EEE00AF1EE10FA57
:1077300008DD90ED210AF7EE000A30EE600A80EDD8
:10774000210A15E01F4890ED1E0AD0ED200A30EE08
:10775000600ADFED250AB4EEE00AF1EE10FA07D276
:1077600090ED210AF7EE000A30EE200A80ED210AA2
:10777000144890ED1E0AD0ED210A9FED1C1A01EE6F
:10778000200A80ED1F0A90ED1E0A80ED200A08E015
:10779000124890ED000AF7EE000A30EE200A80ED64
:1077A000000A00BF012006F02DF807B000BD000060
:1077B000441801086C03002070030020E02D002015
:1077C000182D00204C2D0020702E0020642E00204B
:1077D0000AD7A33C000000000AD7233D7403002011
:1077E00000803B45DA0F4940DA0F49C0560EC940C8
:1077F0000FB583B00420FE4908800820FD490880A9
:10780000DDE90310087303990598487303990698F6
:10781000887300210398017406980290F9F7EEFA34
:107820000399486106980290039840690190029973
:10783000F9F730FCEE480088069948430290F9F7C2
:10784000DDFA03998861EA48008806994843029066
:107850000398806901900299F9F73EFCE44800889A
:10786000069948430290F9F7C9FA0399C861E048BC
:1078700000880699484302900398C06901900299D4
:10788000F9F72AFCDA480088049948430290F9F78E
:10789000B5FA03990862D6480088049948430290D3
:1078A0000398006A01900299F9F716FC0698029075
:1078B000F9F7A4FA03994862069802900398406A7F
:1078C00001900299F9F7E6FBC948008804994843FA
:1078D0000290F9F793FA03990860C5480088049963
:1078E000484302900398006801900299F9F7F4FB6D
:1078F000BF480088069948430290F9F77FFA039938
:107900004860BB4800880699484302900398406845
:1079100001900299F9F7E0FBB548008805994843C2
:107920000290F9F76BFA03998860B14800880599CD
:10793000484302900398806801900299F9F7CCFBC4
:10794000AB480088049948430290F9F757FA039925
:10795000C1F8E800A64800880499484302900398BB
:10796000D0F8E80001900299F9F7B6FB0398D0F837
:10797000E80002900398007B019001220146DDE9B6
:1079800002303030F8F7F2FD9948008804994843F6
:107990000290F9F733FA0399C1F8EC009448008893
:1079A0000499484302900398D0F8EC0001900299A2
:1079B000F9F792FB0398D0F8EC0002900398007B53
:1079C000019001220146DDE902303830F8F7CEFDA2
:1079D000059818B386480088059948430290F9F73E
:1079E0000DFA0399C1F8F0008148008805994843D1
:1079F00002900398D0F8F00001900299F9F76CFB1F
:107A00000398D0F8F00002900398407B0190012287
:107A10000146DDE902304030F8F7A8FD74480088DF
:107A2000069948430290F9F7E9F90399C1F8F4007F
:107A30006F4800880699484302900398D0F8F400F4
:107A400001900299F9F748FB0398D0F8F4000290EE
:107A50000398807B019001220146DDE90230483025
:107A6000F8F784FD6248008804994843484302902F
:107A7000F9F7C4F90399C1F8F8005D480088049942
:107A80004843484302900398D0F8F80001900299C7
:107A9000F9F722FB0398D0F8F80002900398007BD6
:107AA00001900398007B00900146DDE902305030E0
:107AB000019AF8F75BFD4E48008804994843484313
:107AC0000290F9F79BF90399C1F8FC004848008837
:107AD00004994843484302900398D0F8FC00019071
:107AE0000299F9F7F9FA0398D0F8FC00029003988C
:107AF000007B01900398007B00900146DDE9023095
:107B00005830019AF8F732FD394800880499484303
:107B100048430290F9F772F90399C1F8000134481B
:107B200000880499484348430290F9F767F903999C
:107B3000C1F804012E480088049948434843029044
:107B40000398D0F8000101900299F9F7C5FA284886
:107B5000008804994843484302900398D0F80401F0
:107B600001900299F9F7B8FA0398D0F80001029051
:107B70000398007B01900398007B00900146DDE9AB
:107B800002306030019AF8F7F1FC0398D0F8040154
:107B900002900398007B01900398007B00900146BF
:107BA000DDE902306830019AF8F7E0FC059878B317
:107BB0000F48008804994843059948430290F9F713
:107BC0001DF90399C1F80801094800880499484340
:107BD0000599484302900398D0F808010190029952
:107BE000F9F77AFA0398D0F808010290039803E0B5
:107BF0006403002066030020407B01900398007B13
:107C000000900146DDE902307030019AF8F7AEFCD1
:107C1000B948008806994843049948430290F9F707
:107C2000EDF80399C1F80C01B34800880499484362
:107C3000069948430290F9F7E1F80399C1F8100159
:107C4000AD48008806994843049948430290039838
:107C5000D0F80C0101900299F9F73EFAA648008885
:107C6000049948430699484302900398D0F81001BC
:107C700001900299F9F730FA0398D0F80C010290BC
:107C80000398007B01900398807B00900146DDE91A
:107C900002307830019AF8F769FC0398D0F81001A7
:107CA00002900398807B01900398007B009001462E
:107CB000DDE902308030019AF8F758FC8E480088E0
:107CC0000499484348430290F9F798F80399C1F89A
:107CD0001401894800880499484348430290039856
:107CE000D0F8140101900299F9F7F6F90398D0F849
:107CF000140102900398007B01900398007B009090
:107D00000146DDE902308830019AF8F72FFC7A4805
:107D100000880699484348430290F9F76FF80399A1
:107D2000C1F81801744800880699484348430290F6
:107D30000398D0F8180101900299F9F7CDF903984A
:107D4000D0F8180102900398807B01900398807B03
:107D500000900146DDE902309030019AF8F706FC08
:107D60006548008804994843069948430290F9F70A
:107D700045F80399C1F81C015F48008804994843FD
:107D80000699484302900398D0F81C01019002998B
:107D9000F9F7A2F90398D0F81C0102900398807BB0
:107DA00001900398007B00900146DDE90230983095
:107DB000019AF8F7DBFB0398007B4F490988484399
:107DC0000399097B48430290F9F718F80399C1F821
:107DD00020010398007B4849098848430399097B9F
:107DE00048430290F9F70AF80399C1F8240103986F
:107DF000007B4149098848430399097B4843029025
:107E0000F8F7FCFF0399C1F828010398007B3A4971
:107E1000098848430290F8F7F1FF0399C1F82C0153
:107E20000398007B3449098848430290F8F7E6FF3D
:107E30000399C1F830010398D0F82001029003980B
:107E4000007B01900398007B00900146DDE9023041
:107E5000A030019AF8F78AFB0398D0F82401029029
:107E60000398007B01900398007B00900146DDE9B8
:107E70000230A830019AF8F779FB0398D0F828016E
:107E800002900398007B01900398007B00900146CC
:107E9000DDE90230B030019AF8F768FB0398D0F8BA
:107EA0002C0102900398007B019001220146DDE93C
:107EB0000230B830F8F75AFB0398D0F8300102903E
:107EC0000398007B019001220146DDE90230C030B9
:107ED000F8F74CFB0021039880F82810039880F8ED
:107EE0002910039880F82A10039880F82B10039823
:107EF00080F82C1007B000BD6403002070B5044664
:107F0000E07B18B12046FEF7E1FC11E0A37B0E4DAB
:107F10002D8803FB05F26168D4F8F400F9F780F8C6
:107F2000A27B094B1B8802FB03F16068F9F7D4F8C8
:107F3000637B054D2D8803FB05F2A168D4F8F000A2
:107F4000F9F76EF870BD00006403002010B5044618
:107F500094F82C0068BBB4F89800A4F8A8007A2024
:107F6000015BAA200153B4F8A800A4F8B0005A207D
:107F7000015BB220015304F1A80204F1780104F17D
:107F80009800F8F78FFD84F8C80004F1B00204F1FE
:107F9000580104F1A800F8F785FD84F8C80004F141
:107FA000500204F1B00104F15800F8F719FE84F80A
:107FB000C80010BD10B5044694F8290068BB04F150
:107FC000680104F16000F8F78FFE84F8C80004F13E
:107FD000580204F1500104F16000F8F763FD84F8E1
:107FE000C800B4F85800A4F8A8006A20015BAA20D1
:107FF000015304F1A80204F1680104F15800F8F7F4
:1080000051FD84F8C80004F1580204F1880104F11C
:10801000A800F8F727FA84F8C80010BD10B5044688
:1080200094F82A00002861D104F1800104F178005D
:10803000F8F75AFE84F8C800B4F87800A4F8A8004D
:108040005A20015BAA20015304F1A80204F158014F
:1080500004F17800F8F726FD84F8C800B4F8A80009
:10806000A4F8B0008220015BB220015304F1B002F9
:1080700004F1800104F1A800F8F714FD84F8C800A9
:10808000B4F89000A4F8A0009220015BA220015354
:1080900004F1A00204F1900104F1B000F8F7E2F954
:1080A00084F8C80004F1B00104F1A000F8F762FA06
:1080B00084F8C800B4F85800A4F8A8008220015B36
:1080C000AA20015304F1A80204F1800104F1580030
:1080D000F8F7E8FC84F8C80004F1980204F1B00154
:1080E00004F1A800F8F7DEFC84F8C80010BD000019
:1080F00070B504462046FFF701FFD4F8CC0018B154
:108100002046D4F8CC108847204600F085F8D4F8F3
:10811000D00018B12046D4F8D01088472046FFF789
:1081200049FFD4F8D40018B12046D4F8D4108847B9
:10813000207C08B9E07BB8B92046FFF76FFFD4F880
:10814000D80018B12046D4F8D8108847204600F04F
:10815000A1F8D4F8DC0018B12046D4F8DC10884728
:108160002046FFF7F3FE13E0237B2A4D2D8803FB07
:1081700005F2D4E93A01F8F753FF237B254D2D880A
:108180006B43257B03FB05F2D4E93E01F8F748FF7A
:10819000D4F8E00018B12046D4F8E0108847002059
:1081A00022E0227B00FB0202D4F8F81001EB8201EE
:1081B00091ED000A216A01EB8001D1ED000AB4EED5
:1081C000E00AF1EE10FA0DD2216A01EB800191ED87
:1081D000000A227B00FB0202D4F8F81001EB8201B6
:1081E00081ED000A411CC8B2217B8142D9DC237B8E
:1081F000084D2D8803FB05F2D4F8E8102068F8F745
:108200000FFFD4F8E40018B12046D4F8E4108847F2
:10821000206870BD6403002010B5044694F828005F
:1082200060BB607B00282ADD207BA4F8B800012118
:10823000BA20015304F1B80204F1300104F16000E6
:10824000F8F730FC84F8C800207BA4F8C0000121B6
:10825000C220015304F1C00204F1400104F1700096
:10826000F8F720FC84F8C80004F1380204F1C001DA
:1082700004F1B800F8F7F6F884F8C80009E004F152
:10828000380204F1300104F16000F8F70BFC84F8C7
:10829000C80010BD10B5044694F82B00E0BBB4F83C
:1082A0007800A4F8B8000121BA20015304F1B80203
:1082B00004F1380104F17800F8F7F4FB84F8C80001
:1082C000B4F84800A4F8C0000121C220015304F111
:1082D000C00204F1B80104F14800F8F781FC84F809
:1082E000C800B4F89800A4F8B8000121BA200153DE
:1082F00004F1B80204F1C00104F19800F8F7D2FBD0
:1083000084F8C80004F1300204F1B80104F1380027
:10831000F8F7A8F884F8C80010BDF0EE400A90ED18
:10832000000A20EE200A20EE200A20EE200A90ED1E
:10833000011A21EE201A01EE200A90ED021A01EE38
:10834000200A90ED031A30EE010A704710B50E486E
:108350000E4908600320486000210C488160C1601C
:108360004FF4102101614FF40011416100210176A9
:1083700041768176C17601774177FAF782FF08B1BD
:10838000FAF78AFC10BD000000640040900B00204A
:1083900010B50E480E4908600320486000210C48C3
:1083A0008160C1604FF4102101614FF400114161FF
:1083B0000021017641768176C17601774177FAF71F
:1083C00060FF08B1FAF768FC10BD000000680040CB
:1083D000B80B002010B50548054908600846FBF7B2
:1083E000DBFA08B1FAF758FC10BD0000003002407B
:1083F0002C00002008B500BF002000902A4800682B
:1084000040F48000284908600846006800F48000B5
:10841000009000BF00BF00BF002000900846006829
:1084200040F4001008600846006800F40010009056
:1084300000BF00BF002205210C20FCF73BF80C20F8
:10844000FCF72AF8002205212F20FCF733F82F2013
:10845000FCF722F8002205213920FCF72BF83920FF
:10846000FCF71AF8002205213A20FCF723F83A20FD
:10847000FCF712F8002205213B20FCF71BF83B20FB
:10848000FCF70AF8002205214420FCF713F84420E9
:10849000FCF702F8002205214520FCF70BF84520E7
:1084A000FBF7FAFF08BD00003038024000B5B1B05C
:1084B0001C222A492AA8F8F7B3FD00212AA805F0B2
:1084C000AEF9274908601C2224491C3123A8F8F77B
:1084D000A7FD002123A805F0A2F9224908601C226B
:1084E0001E4938311CA8F8F79BFD00211CA805F097
:1084F00096F91D4908601C221849543115A8F8F74F
:108500008FFD002115A805F08AF9184908601C2282
:10851000124970310EA8F8F783FD00210EA805F06E
:108520007EF9134908601C220C498C3107A8F8F722
:1085300077FD002107A805F072F90E4908601C229A
:108540000649A8316846F8F76BFD0021684605F03A
:1085500066F90949086031B000BD0000C81601087D
:1085600014000020180000201C0000202000002023
:1085700024000020100000200800002000B587B073
:10858000142102A8F8F7A8FD00BF0020019075484B
:10859000006840F00200734908600846006800F077
:1085A0000200019000BF00BF00BF002001900846FC
:1085B000006840F0400008600846006800F0400095
:1085C000019000BF00BF00BF002001900846006876
:1085D00040F0010008600846006800F001000190CA
:1085E00000BF00BF00BF002001900846006840F0B7
:1085F000080008600846006800F00800019000BF0D
:1086000000BF00BF002001900846006840F0040051
:1086100008600846006800F00400019000BF00BF39
:1086200000BF002001900846006840F48070086098
:108630000846006800F48070019000BF00BF00BFD2
:10864000002001900846006840F0200008600846BD
:10865000006800F02000019000BF00BF00BF0020B4
:1086600001900846006840F08000086008460068F5
:1086700000F08000019000BF00BF00BF002001900B
:108680000846006840F0100008600846006800F0E6
:108690001000019000BF00BF012240213248FBF7CB
:1086A000AFFC012210213148FBF7AAFC0122114640
:1086B0002F48FBF7A5FC4020029001200390049076
:1086C000059002A92848FBF785FB092002904FF48A
:1086D000041003900120049002A92348FBF77AFBC1
:1086E000102002900120039004900220059002A91E
:1086F0001E48FBF76FFB302002904FF404100390EC
:108700000120049002A91B48FBF764FB01200290A2
:10871000039004900220059002A91548FBF75AFB2C
:10872000002206210846FBF7C5FE0620FBF7B4FE33
:10873000002205210920FBF7BDFE0920FBF7ACFE56
:10874000002205210A20FBF7B5FE0A20FBF7A4FE54
:10875000002205211720FBF7ADFE1720FBF79CFE3A
:1087600007B000BD3038024000180240000002404F
:10877000000402400008024010B50B480B49086095
:108780000B484860002109488160C1604FF4804176
:108790000161002141618161C1610162FBF73EFC21
:1087A00008B1FAF779FA10BD00540040E00B002040
:1087B000801A060010B50B480B4908600B4848604A
:1087C000002109488160C1604FF4804101610021AE
:1087D00041618161C1610162FBF720FC08B1FAF7D8
:1087E0005BFA10BD00580040340C0020801A0600CF
:1087F00010B50B480B4908600B4848600021094838
:108800008160C1604FF4804101610021416181615B
:10881000C1610162FBF702FC08B1FAF73DFA10BD35
:10882000005C0040880C0020801A060010B5054846
:10883000054908600846FCF734FE08B1FAF72CFA3F
:1088400010BD0000000806503C0D002010B50A487D
:108850000A490860002048607C210848816040F691
:108860007F41C1600021016141618161FCF74EFEE1
:1088700008B1FAF711FA10BD002800404C0D002095
:1088800010B50F480F4908604FF48270486000210E
:108890000C488160C16002210161012141614902EE
:1088A00081611021C16100210162416281620A215E
:1088B000C162FCF7B9FE08B1FAF7EEF910BD00008D
:1088C000003001406C0D002010B50E480E490860C4
:1088D0004FF48270486000210B488160C1600161E3
:1088E00041614FF4007181610021C1610162416207
:1088F00081620A21C162FCF797FE08B1FAF7CCF950
:1089000010BD000000380040C40D002000B587B045
:108910001C216846F8F7E0FB15481649086053200B
:10892000486000211348816040F2CF71C16000218E
:1089300001618161FDF75EF908B1FAF7ADF90D4803
:10894000FDF730FC08B1FAF7A7F96020009000208D
:10895000019002900490002269460648FDF7B6FB9C
:1089600008B1FAF799F90348FDF7B6FA07B000BD68
:10897000004401404410002000B595B00020119043
:108980001290139014900F9010901C2108A8F8F7E3
:10899000A3FB20216846F8F79FFB3748374908605A
:1089A000A720486000213548816044F61F61C160FE
:1089B0000021016141618161FDF71CF908B1FAF7FD
:1089C0006BF94FF48050119011A92C48FDF70EFA65
:1089D00008B1FAF761F92948FDF7E4FB08B1FAF7A5
:1089E0005BF900200F9010900FA92448FDF7B5F80F
:1089F00008B1FAF751F960200890002009900A9018
:108A00000B900C900D900E90002208A91B48FDF7CA
:108A10005DFB08B1FAF740F9042208A91748FDF7F1
:108A200055FB08B1FAF738F9082208A91348FDF7F1
:108A30004DFB08B1FAF730F90C2208A90F48FDF7F1
:108A400045FB08B1FAF728F9002000900190029048
:108A5000039004904FF40050059000200790694661
:108A60000648FDF747F808B1FAF716F90348FDF78D
:108A700033FA15B000BD000000000140DC0E0020FC
:108A800000B58DB0002009900A900B900C900790D3
:108A900008901C216846F8F71FFB20482049086011
:108AA0000020486000211E48816042F2CF01C16071
:108AB000002101618161FDF79DF808B1FAF7ECF83A
:108AC0004FF48050099009A91548FDF78FF908B1B6
:108AD000FAF7E2F81248FDF765FB08B1FAF7DCF89F
:108AE00000200790089007A90D48FDF736F808B157
:108AF000FAF7D2F8602000900020019002900490D4
:108B0000082269460648FDF7E1FA08B1FAF7C4F809
:108B10000348FDF7E1F90DB000BD0000000400407E
:108B2000240F002000B58DB0002009900A900B9012
:108B30000C90079008901C216846F8F7CDFA204861
:108B400020490860A720486000211E4881604FF638
:108B5000FF71C160002101618161FDF74BF808B12F
:108B6000FAF79AF84FF48050099009A91548FDF7D3
:108B70003DF908B1FAF790F81248FDF713FB08B178
:108B8000FAF78AF800200790089007A90D48FCF72B
:108B9000E4FF08B1FAF780F860200090002001900F
:108BA00002900490082269460648FDF78FFA08B142
:108BB000FAF772F80348FDF78FF90DB000BD000019
:108BC000000800406C0F002000B58DB00020099017
:108BD0000A900B900C90079008901C216846F8F7BB
:108BE0007BFA284828490860002048600021264870
:108BF00081604FF6FF71C160002101618161FCF766
:108C0000F9FF08B1FAF748F84FF48050099009A924
:108C10001D48FDF7EBF808B1FAF73EF81A48FDF7E2
:108C2000C1FA08B1FAF738F800200790089007A9B0
:108C30001548FCF792FF08B1FAF72EF86020009073
:108C40000020019002900490002269460E48FDF732
:108C50003DFA08B1FAF720F8042269460A48FDF700
:108C600035FA08B1FAF718F8082269460648FDF700
:108C70002DFA08B1FAF710F80348FDF72DF90DB0F9
:108C800000BD0000000C0040B40F002000B587B00C
:108C900000200390049005900690019002901548E2
:108CA00015490860A720486000211348816044F6F8
:108CB0001F61C1600021016141618161FCF79AFF80
:108CC00008B1F9F7E9FF4FF48050039003A90A486F
:108CD000FDF78CF808B1F9F7DFFF00200190029052
:108CE00001A90548FCF739FF08B1F9F7D5FF07B02E
:108CF00000BD000000040140FC0F002010B50B482F
:108D00000B4908604FF4E130486000210848816059
:108D1000C16001610C21416100218161C161FDF7E8
:108D200021FC08B1F9F7B8FF10BD000000100140A8
:108D30008C10002010B50B480B4908600B484860A8
:108D4000002109488160C1604FF4806101610C21FC
:108D5000416100218161C161FDF704FC08B1F9F7AF
:108D60009BFF10BD00480040D4100020A0860100E9
:108D700010B50B480B4908604FF4E1304860002102
:108D800008488160C16001610C214161002181615D
:108D9000C161FDF7E7FB08B1F9F77EFF10BD0000E8
:108DA000001401401C11002010B54FF0A0400B49E9
:108DB00008600420087102210848C17100218171F6
:108DC0000221417200218172C17201738173C173EA
:108DD000FBF77EFE08B1F9F75FFF10BDE41200203B
:108DE00000BFFEE7704700BF04F092FCFCE7000004
:108DF00070B504460D46A41C24F8025C00202060D7
:108E0000A80005F073F96060A80005F06FF9A06094
:108E10009FED0C0A10EE100AE0609FED0A0A10EEBA
:108E2000100A2061A9006068F8F756F9A900A06847
:108E3000A41EF8F751F9102104F11A00F8F72AF9E5
:108E400070BD00000000000010B50248FBF78DFB6C
:108E500010BD0000E412002070B504462068056CC7
:108E600000EB4110D0F8081B0C4EB54206D911F4A6
:108E7000004F03D04FF40041C0F8081B2046FBF719
:108E8000F2FEB54208D9A079012805D104F29C422E
:108E90000121206801F04EFA002070BD0A30544FC5
:108EA0002DE9F04104460D462368196C03EB45108B
:108EB000D0F8082BA77920264FF4004C012F08D0BA
:108EC0002F4FB9424BD112F4004F3ED0C0F808CB1F
:108ED00053E02C4B12F0080F07D099424DD912F4F1
:108EE000004F4AD0C0F808CB47E012F0200F02D064
:108EF000C0F8086B41E012F0280F3ED1994205D925
:108F000012F4004F02D0C0F808CB36E005EBC501E3
:108F100004EB810101F51571D0F8100B0A6AC0F35A
:108F20001200101A486125B90A693AB1CA6810449A
:108F3000C860E9B22046FBF706FB1EE004F29C4243
:108F40000121206801F0F6F9F3E712F0200F01D0BB
:108F5000C0F8086BE9B22046FBF7F5FA0DE045B919
:108F6000D4F8640228B904F29C420021184601F0AA
:108F7000E1F9E9B22046FBF7E6FA0020BDE8F0810E
:108F80000A31544F0A30544F2DE9F84F07460E4628
:108F9000D7F8008006EBC60007EB800000F1140450
:108FA00021696069884202D90120BDE8F88F081A5A
:108FB000A168814200D20846C01C4FEA900A08EB23
:108FC000461915E0151AA268AA4200D21546E81CF7
:108FD0004FEA900AB8790090ABB2F2B24046E1682D
:108FE00001F094FBE0682844E06060692844606117
:108FF000D9F8180980B2504505D3226960699042BA
:1090000001D2002ADED16169206988420AD806F0BF
:109010000F00012101FA00F0D8F8341821EA00000D
:10902000C8F834080020BDE8F88F000070B52DEDB9
:109030000A8B0446B0EE408AF0EE608AB0EE419AA8
:10904000F0EE619AB0EE42AAF0EE62AAB0EE43BA38
:10905000F0EE63BAB0EE44CAF0EE64CA0D461646AE
:1090600019EE100AA06418EE900A606418EE100A57
:1090700020649FED1C0A10EE100A206019EE900A81
:1090800060601AEE100AA0601AEE900AE0609FED90
:10909000150A10EE100A20631BEE100A20651BEE65
:1090A000900A60651CEE100AA0651CEE900AE0654F
:1090B000A4F86050294604F16200FFF799FE0020F1
:1090C0008D3444F8010CE6720021E16021618D3C91
:1090D000A12001559FED030A10EE100A6063BDEC5C
:1090E0000A8B70BD00000000B0EE401A10B99FED71
:1090F000790A704790ED100A80ED110A90ED0F0A81
:1091000080ED100AC0ED060A80ED071A30EEC10AA4
:1091100080ED0F0A0178002975D190ED010AD0ED9C
:109120000F1A20EE210A80ED090A90ED0A0AD0ED0F
:10913000021A90ED0F2A01EE820A80ED0A0A90EDE4
:109140000D0A80ED0E0A90ED0C0A80ED0D0A90EDEF
:109150000F0AD0ED101A30EE610A80ED0C0A90ED86
:10916000030AD0ED0C1A20EE210A80ED0B0A90EDD7
:109170000A0AD0ED051AB4EEE10AF1EE10FA04DDA8
:1091800090ED050A80ED0A0A10E090ED0A0AD0ED94
:10919000051AF1EE611AB4EEE10AF1EE10FA05D209
:1091A00090ED050AB1EE400A80ED0A0A90ED090A39
:1091B000D0ED0A1A30EE210AD0ED0B1A30EE210A5A
:1091C00080ED080A90ED080AD0ED041AB4EEE10A29
:1091D000F1EE10FA04DD90ED040A80ED080A76E065
:1091E00090ED080AD0ED041AF1EE611AB4EEE10A2E
:1091F000F1EE10FA6BD290ED040AB1EE400A80ED68
:10920000080A64E0FFE70178012960D190ED0F0AB8
:10921000D0ED101A30EE610AD0ED011A20EE210ACD
:1092200080ED090A90ED020AD0ED0F1A20EE210A16
:1092300080ED0A0A90ED0D0A80ED0E0A90ED0C0A01
:1092400080ED0D0A90ED0F0AD0ED101AB0EE002A55
:1092500002EE610AD0ED111A30EE210A80ED0C0AFF
:1092600090ED030AD0ED0C1A20EE210A80ED0B0AD6
:1092700090ED090AD0ED0A1A30EE210AD0ED0B1A52
:1092800030EE210AD0ED081A30EE210A80ED080AEE
:1092900090ED080AD0ED041AB4EEE10AF1EE10FAEE
:1092A00004DD90ED040A80ED080A10E090ED080A54
:1092B000D0ED041AF1EE611AB4EEE10AF1EE10FA03
:1092C00005D290ED040AB1EE400A80ED080A90ED57
:1092D000080A0EE70000000000B102B970470170F3
:1092E00092ED001A80ED011A92ED011A80ED021A3A
:1092F00092ED021A80ED031A80ED040AC0ED050A12
:109300009FED0C1A80ED0E1A80ED0D1A80ED0C1AEF
:109310009FED081A80ED081A80ED0B1A80ED0A1AED
:1093200080ED091A80ED111A80ED101A80ED0F1AE8
:1093300000BFD3E7000000002DE9F04107460C46CE
:1093400015461E46DFED120A9FED120A124A002151
:109350003846FFF7C1FFDFED0E0AB1EE040A0F4AEF
:1093600000212046FFF7B8FFDFED090AB1EE040A3D
:109370000B4A00212846FFF7AFFFDFED050AB7EEE5
:10938000080A084A00213046FFF7A6FFBDE8F08131
:10939000000000000000C842C4010020D0010020ED
:1093A000DC010020E801002010B5234B1B685B693D
:1093B00043F04003204C246863611F4B1B68DB684B
:1093C00043F010031C4C2468E3601C4B1B681B68B3
:1093D00023F00103194C2468236007E0174B1B6836
:1093E0001B6823F00103154C24682360134B1B6892
:1093F0001B6803F00103002BF0D1114B0F4C2468C4
:10940000A3600E4B1B68D8600C4B1B6819610B4B9B
:109410001B685A60094B1B681B6843F48023074C88
:1094200024682360054B1B681B6843F00103034C51
:109430002468236010BD0000D4100020C411002057
:10944000044800402DE9F041044600252068C16829
:1094500011F0400F17D1C16841F08001C160FAF7E7
:10946000D7FD0646042707E0FAF7D2FD801BB0F5CA
:109470007A7F01D9677701252068C06810F0400F16
:1094800001D1012DF0D12846BDE8F08170B5044628
:1094900000252068C16821F08001C16020688068D3
:1094A00010F0200F06D12046FCF7A0F810B10420E0
:1094B00060770125284670BDD0ED0D4A64EEA44AC0
:1094C000B0EE640AD0ED0E4A64EEA44AF0EE640AEF
:1094D000D0ED0F4A64EEA44AB0EE641AD0ED0C4A07
:1094E00090ED0D5A64EE854AF0EE641AD0ED0C4A08
:1094F00090ED0E5A64EE854AB0EE642AD0ED0C4A27
:1095000090ED0F5A64EE854AF0EE642AD0ED0D4AD4
:1095100090ED0E5A64EE854AB0EE643AD0ED0D4AF5
:1095200090ED0F5A64EE854AF0EE643AD0ED0E4AA3
:1095300090ED0F5A64EE854AB0EE644AF7EE004AA9
:10954000B0EE005A45EE604AB0EE005A45EE414A90
:10955000C0ED104A73EE624AB0EE005A64EE854ADE
:10956000C0ED114A73EE824AB0EE005A64EE854AAD
:10957000C0ED124A73EE224AB0EE005A64EE854AFC
:10958000C0ED134AF7EE004AB0EE005A45EE404AED
:10959000B0EE005A45EE414AC0ED144A74EE614AFD
:1095A000B0EE005A64EE854AC0ED154A73EEC24A29
:1095B000B0EE005A64EE854AC0ED164A74EE214AB8
:1095C000B0EE005A64EE854AC0ED174AF7EE004A45
:1095D000B0EE005A45EE404AB0EE005A45EE604A01
:1095E000C0ED184A7047000070B582B004460E46C0
:1095F00015463346012202212046009500F036F838
:1096000030B1606D40F02000606502B0032070BD95
:10961000144815490068B0FBF1F04FF47A714843E3
:1096200001906068B0F5827F0ED133460022802120
:109630002046009500F01AF880B1606D40F02000DF
:10964000606502B0032070BD019838B10198401EDA
:1096500001902068806810F0800FF5D102B00020E2
:1096600070BD00003400002000366E012DE9F84383
:1096700004460F4690469946089DFAF7C9FC401BE0
:10968000A9EB0005FAF7C4FC06462D480068C0F3B4
:10969000CB30684300902068806837EA00001CD017
:1096A0000020404516D0B9F1FF3F0BD0FAF7B0FCCF
:1096B000801BA84213D295B1009800283BD0009897
:1096C000401E00902068806837EA000035D00020F6
:1096D0004045E8D10020BDE8F8830120E1E720689B
:1096E000416821F0E00141606068B0F5827F0BD1F4
:1096F000A068B0F5004F02D0B0F5806F04D12068AB
:10970000016821F040010160A06AB0F5005F09D155
:109710002068016821F4005101602068016841F46B
:1097200000510160012084F85100002084F85000AD
:109730000320BDE8F8830025C4E70120C8E7000046
:109740003400002010B5FAF739FE06F079F9012847
:1097500001D005F071FE10BD00B593B0302107A80F
:10976000F7F7BAFC142102A8F7F7B6FC00BF0020F7
:1097700001902448006840F0805022490860084663
:10978000006800F08050019000BF00BF00BF0020C3
:1097900001901D48006840F480401B49086008465D
:1097A000006800F48040019000BF00BF01200790D6
:1097B0000004089002200D9041050E9106210F91A2
:1097C000A8211091022111910721129107A8FBF7FE
:1097D00027FC08B1F9F760FA0F20029002200390ED
:1097E000002004904FF4A05005904FF48050069054
:1097F000052102A8FBF7F8FA08B1F9F74DFA13B002
:1098000000BD00004038024000700040144800686D
:1098100040F47000124908601248006840F00100EE
:109820001049086000200F49083108600D480068A1
:109830000D4908400B4908600C48091D0860081FC5
:10984000006820F48020091F0860002005490C31C1
:1098500008604FF0006002498039086070470000DE
:1098600088ED00E000380240FFFFF6FE10300024D3
:10987000F0B40268DFF8B8C02E4C2F4D2F4E304B9D
:1098800060450AD0B0F1804F07D0A04205D0A84271
:1098900003D0B04201D0984203D122F070024F6849
:1098A0003A43604528D0B0F1804F25D0A04223D064
:1098B000A84221D0B0421FD098421DD0A0F18044D0
:1098C000B4F5A03418D0A0F18044B4F5A23413D07C
:1098D000A0F18044B4F5A4340ED0A0F18044B4F5D6
:1098E000C05409D0A0F18044B4F5E05404D0A0F1F4
:1098F0008044B4F5005403D122F44072CC68224372
:109900004C6922F0800222438C68C4620C68846235
:10991000604501D0984201D109690163016841F0B5
:1099200004010160012141610260F0BC7047000048
:10993000000001400004004000080040000C00400E
:109940000004014001F01F0101238B40D0F820C02A
:109950002CEA03030362036A02FA01F1194301626C
:109960007047D0F808C02CF47F4C42EA0322114320
:1099700041EA0C0181607047826822F07002114355
:1099800041F007018160704770B4026A036A23F0F6
:10999000010303624368D0F818C02CF0700C2CF05F
:1099A000030C0C6844EA0C0C22F002028C6822437F
:1099B0000F4C104DA04201D0A84205D122F0080260
:1099C000CE68324322F00402A04201D0A84207D15F
:1099D00023F4807323F400734C6923438C6923437D
:1099E0004360C0F818C049684163026270BC7047A8
:1099F000000001400004014070B4026A036A23F0D1
:109A0000100303624368D0F818C02CF4E04C2CF427
:109A1000407C0C684CEA042C22F020028C6842EA5C
:109A20000412114C114DA04201D0A84206D122F0DF
:109A30008002CE6842EA061222F04002A04201D023
:109A4000A84209D123F4806323F400634C6943EAFC
:109A500084038C6943EA84034360C0F818C04968F2
:109A60008163026270BC7047000001400004014045
:109A700070B4026A036A23F4807303624368D0F807
:109A80001CC02CF0700C2CF0030C0C6844EA0C0C7D
:109A900022F400728C6842EA0422114C114DA0425B
:109AA00001D0A84206D122F40062CE6842EA062222
:109AB00022F48062A04201D0A84209D123F480534D
:109AC00023F400534C6943EA04138C6943EA0413FA
:109AD0004360C0F81CC04968C163026270BC704733
:109AE000000001400004014010B4036A026A22F43D
:109AF000805202624268D0F81CC02CF4E04C2CF476
:109B0000407C0C684CEA042C23F400538C6843EA34
:109B10000433A0F18044B4F5803404D0A0F1804433
:109B2000B4F5823404D122F480424C6942EA8412B2
:109B30004260C0F81CC049680164036210BC7047F1
:109B4000036AD0F820C02CF0010CC0F820C0D0F877
:109B500018C02CF0F00C4CEA021223F00A0319434F
:109B6000826101627047036AD0F820C02CF0100CAB
:109B7000C0F820C0D0F818C02CF4704C4CEA023267
:109B800023F0A00343EA011182610162704710B51E
:109B9000806B0021C185FCF7A4FB10BD01680C316E
:109BA00051E8002F22F4907241E80023002BF5D1F8
:109BB0000168143151E8002F22F0010241E800232E
:109BC000002BF5D1016B012909D101680C3151E855
:109BD000002F22F0100241E80023002BF5D12021B4
:109BE00080F8421000210163704710B50168CA680F
:109BF00022F04002CA60202180F84110FCF765FE87
:109C0000002010BD08B590F84210222901D0022092
:109C100008BD8268B2F5805F01D1016929B1816A0E
:109C2000B2F5805F1DD052B10BE0816A02685268C4
:109C3000C2F308020A80816A891C816209E0026914
:109C40007AB10268526802F07F020A70816A491C88
:109C50008162C18D491E0904090CC18505D000200F
:109C600008BD026852680A70F0E70168CA6822F00D
:109C70002002CA600168CA6822F48072CA60016862
:109C80004A6922F001024A61202180F84210002135
:109C90004163026B012A03D0FCF716FE002008BDC9
:109CA000016301680C3151E8002F22F0100241E8F5
:109CB0000023002BF5D101680A6812F0100F02D0C2
:109CC0000A6849680091818DFCF70AFBE6E700000D
:109CD0002DE9F041044620680169E26821F4405111
:109CE000114301612169A068E26908436169114378
:109CF00001432068C26822F4037222F41442114323
:109D0000C16020684169A26921F440711143416139
:109D10002068A0F18041B1F588312ED0A0F18041BA
:109D2000B1F58A3129D0FBF723F98446E169002097
:109D30001927254D3226B1F5004F22D06068830FD8
:109D40008200ACFB0701F7F7AFF80146A5FB002046
:109D500040097A42424301EB820106EB0111A5FB67
:109D60000121490901F0F00202EB001001F00F019E
:109D7000084421688860BDE8F081FBF709F9844652
:109D8000D4E761684A1840EB0003ACFB0701F7F722
:109D90008BF80346A5FB0010410918460A016FF035
:109DA0001803594300EB810006EBC000A5FB00102F
:109DB000400900F0F80102EB410100F007000844FF
:109DC00021688860BDE8F0811F85EB5190F8411053
:109DD000212901D0022070478168B1F5805F01D14F
:109DE000016961B1016A4A1C026202680978516026
:109DF000C18C491E0904090CC1840AD013E0016A10
:109E000002680988C1F308015160016A891C016276
:109E1000EEE70168CA6822F08002CA600068C16883
:109E200041F04001C16000207047000010B50248B9
:109E3000FCF758FA10BD00008C10002008B544480B
:109E40000068006800F0200060B100BF00200090B2
:109E50003F480068006800903D48006840680090F6
:109E600000BF74E03B48006800F0100000286ED08E
:109E700000BF002000903648006800680090344819
:109E800000684068009000BF00BF33480068006869
:109E900000F4002070BB30480068006820F001002A
:109EA0002D49096808602C4800684068C0F124000A
:109EB0002A49088024202849096848602648006803
:109EC000006840F4002024490968086022480068BE
:109ED000006840F001002049096808601F480088B8
:109EE000122834D11E491F4804F05EFB002002F006
:109EF000F5FC2CE018480068006820F001001649C5
:109F000009680860144800684068C0F124001349DB
:109F1000088024201049096848601348806A20F4AA
:109F20000020114988620C480068006840F0010078
:109F300009490968086009480088122807D10849BA
:109F40000848243004F030FB002002F0C7FC08BDB4
:109F5000D410002000480040C41100209E000020C2
:109F600098190020AE1900200060024008B543484F
:109F7000006800F0100000287FD000BF0020009093
:109F80003F480068006800903D48006840680090C5
:109F900000BF00BF3A48C06B0068006800F40020B2
:109FA000A8BB3748C06B0068006820F00100344946
:109FB000C96B096808603248C06B00684068C0F52A
:109FC0000070304908804FF400702D49C96B096852
:109FD00048602B48C06B0068006840F400202849A6
:109FE000C96B096808602648C06B0068006840F0CB
:109FF00001002349C96B0968086022480288224988
:10A00000224802F08DFF012002F068FC35E0FFE7F6
:10A010001B48C06B0068006820F001001849C96B3C
:10A02000096808601648C06B00684068C0F5007099
:10A03000144908804FF400701149C96B09684860E1
:10A040000F48C06B0068006820F400200C49C96B01
:10A05000096808600A48C06B0068006840F00100A9
:10A060000749C96B0968086006480288084907481B
:10A0700002F056FF012002F031FC08BD001401403F
:10A080001C110020EE020020EC220020EC26002013
:10A09000EC240020D0F800196FF30A01C0F8001971
:10A0A000D0F8041841F48071C0F8041800207047FB
:10A0B0000FB410B504469DF8110001281CD0E068CB
:10A0C00040F04000E060204600F035F89DF81510A3
:10A0D00061B3A16B21F48031A1639DF80E100129B9
:10A0E00007D1A16841F00601A160A16841F02001FB
:10A0F000A16010BC5DF814FBA06B20F48030A0635D
:10A10000E06820F0400020F48400E060E06820F483
:10A110004010E0609DF81800012803D1E06840F489
:10A120008010E060204600F006F8D6E7A16B41F40D
:10A130008031A163D1E781B0002100910099491CD1
:10A1400000910099B1F1706F02D9032001B07047FE
:10A15000016911F0004FF1D00A2100910099491EC8
:10A16000009100990029F9D1016941F001010161D3
:10A170000099491C00910099B1F1706F02D9032038
:10A1800001B07047016911F0010FF1D1002001B059
:10A190007047D0F8001E21F00301C0F8001ED0F86F
:10A1A000041841F00201C0F80418002070470000B4
:10A1B0000FB42DE9F043044600250020002604EBEF
:10A1C0008001C1F80461401C0F28F8D39DF82A7063
:10A1D000002F38D0A06B20F40011A163A06B40F4D5
:10A1E0000021A163C4F8006E9DF8250001283DD030
:10A1F0000321204600F008FA1021204600F049F91A
:10A2000000B10125204600F01FF900B10125C4F876
:10A210001068C4F81468C4F81C6800209DF8202059
:10A220004FF000694FF090484FF67F33002A36D93F
:10A2300004EB4011D1F800C91CF0004F26D010B338
:10A24000C1F8008924E0D4F8040840F00201C4F801
:10A250000418A06B40F40011A163A06B20F400214E
:10A26000A163A06B20F48021A163BBE79DF82300CC
:10A2700020B10121204600F0C7F9BDE700212046AA
:10A2800000F0C2F9B8E7C4F8009901E0C1F800692C
:10A29000C1F81069C1F80839401C8242C8D80020B2
:10A2A000002A16D904EB4011D1F800CB1CF0004F66
:10A2B00006D010B1C1F8008B04E0C4F8009B01E0A7
:10A2C000C1F8006BC1F8106BC1F8083B401C82421A
:10A2D000E8D8D4F8100820F48071C4F81018A661EA
:10A2E0006FF0804060619DF8220018B9A06940F0CD
:10A2F0001000A061A0690B490843A0619DF82600E9
:10A3000018B1A06940F00800A061012F05D1A06933
:10A3100040F0040040F08040A0612846BDE8F00312
:10A320005DF814FB00383C80816821F001018160F8
:10A3300000207047036CDFF858C0634506D9D0F899
:10A34000003B13F0004F01D0002070470023C0F8FD
:10A35000103BD0F8103B43F40023C0F8103BD0F87A
:10A36000103B43F01803C0F8103BD0F8103B43F00B
:10A37000C043C0F8103B012907D1C0F8142BD0F816
:10A38000001B41F08021C0F8001B00207047000036
:10A390000A30544F18B40022009294460A784C7840
:10A3A00000EB421342F21072012C1CD0D3F8004B88
:10A3B00014F0004F45D0D3F8004B44F00064C3F8CC
:10A3C000004B0B7800EB4313D3F8004B44F0804470
:10A3D000C3F8004B009B5B1C0093009B934228D961
:10A3E0004FF0010C2DE0D3F8004914F0004F28D0B5
:10A3F000D3F8004944F00064C3F800490B7800EB3F
:10A400004313D3F8004944F08044C3F80049009B4B
:10A410005B1C0093009B934202D94FF0010C10E0AB
:10A420000B7800EB4313D3F8003913F0004FEED153
:10A4300007E00B7800EB4313D3F8003B13F0004F19
:10A44000C8D118BC6046704781B0002200920099C4
:10A45000491C00910099B1F1706F02D9032001B03D
:10A460007047016911F0004FF1D000921021016195
:10A470000099491C00910099B1F1706F02D9032035
:10A4800001B07047016911F0100FF1D1002001B047
:10A49000704781B000230093009A521C0092009AEA
:10A4A000B2F1706F02D9032001B07047026912F057
:10A4B000004FF1D00093202242EA811101610099FE
:10A4C000491C00910099B1F1706F02D9032001B0CD
:10A4D0007047016911F0200FF1D1002001B07047E1
:10A4E000D0F8080800F00600002805D0022805D0A2
:10A4F000062803D00F2070470020704702207047C5
:10A50000406900F001007047D0F81818D0F81C0816
:10A51000084080B27047D0F81818D0F81C080840DE
:10A52000000C7047D0F81028D0F8343801F00F0C28
:10A5300023FA0CF303F0010342EAC31200EB4110CB
:10A54000D0F808091040704700EB4111D1F8081B02
:10A55000D0F8140808407047416980690840704786
:10A5600030B484460846930802F003010022002B11
:10A5700007D90CF5805425680560001D521C9A42CD
:10A58000F9D300290ED000224FF4805353F80CC0A9
:10A59000D3002CFA03F30370521C401C491E89B2ED
:10A5A0000029F5D130BC704770B505460024E86835
:10A5B00020F0C040E860012902D089B1012070BDBF
:10A5C000E86840F00050E8600A20F9F7E1FB0A343F
:10A5D0002846FFF795FF012810D0C82CF4D30DE0D2
:10A5E000E86840F08040E8600A20F9F7D1FB0A34BF
:10A5F0002846FFF785FF08B1C82CF5D3C82C01D039
:10A60000002070BD012070BDD0F800281143C0F8B3
:10A610000018002070470000022A0FD0002A54D0F2
:10A620000921C26822F47052C260C2684FF47053AC
:10A6300003EA81211143C16000207047244A254B61
:10A640000A449A4201D20F21EBE7234A234B0A44E2
:10A650009A4201D20E21E4E7A1F57402204BA2F543
:10A6600010529A4201D20D21DBE7A1F183721D4BFA
:10A67000A2F5E7429A4201D20C21D2E71A4A1B4BBB
:10A680000A449A4201D20B21CBE7194A194B0A44DA
:10A690009A4201D20A21C4E7174A184B0A449A4247
:10A6A00001D20921BDE7A1F1B772154BA2F55852AD
:10A6B0009A4201D20821B4E7124A1144124A914247
:10A6C00001D20721ADE70621ABE70921A9E7000088
:10A6D000405327FF00350C00401E1BFF40420F0077
:10A6E000804F120020D6130060B6E5FE60E316002E
:10A6F00000D3CEFE40771B00C05BB3FEC0912100AB
:10A7000020753800E05459FEE09C4100DDF800C09F
:10A71000BCF1000F12D1DB1C4FEA930C0023BCF1FB
:10A72000000F0BD900EB023000F580520868106072
:10A73000481C801C411C5B1C6345F7D300207047FC
:10A7400000BFFEE770B52DED0A8B04460D46B0EE56
:10A75000408A95ED1D0ADFEDF40A30EEC00AF34899
:10A7600080ED000A95ED040ADFEDEF0A30EEC00A35
:10A77000EF4880ED000AD4ED180AB0EE600AF5F754
:10A7800037FED4ED040A20EE200A84ED080AD4ED49
:10A79000170AB0EE600AF5F72BFED4ED010A20EEA1
:10A7A000200A84ED060AD4ED180AB0EE600AF5F727
:10A7B000E3FDD4ED000A94ED041A41EE000AC4ED65
:10A7C000070AD4ED170AB0EE600AF5F7D5FDD4ED0F
:10A7D000010A20EE200A84ED050A94ED070AD4ED63
:10A7E000050A30EE600A20EE000AD4ED080A94ED66
:10A7F000061A70EEC10A94ED081AD4ED061A31EE6D
:10A80000611A00EE810A10EE101A084606F066FD85
:10A8100041EC1A0BB0EE4A0AF0EE6A0A00F0FCFEB8
:10A82000B0EE409AF0EE609A51EC190B05F056FB31
:10A83000E06394ED070AD4ED050A30EE600AD4ED2A
:10A84000020AB0EE001A60EE810A20EE200A84EDC2
:10A85000120A94ED080AD4ED060A30EE600AD4ED2F
:10A86000020AB0EE001A60EE810A20EE200A84EDA2
:10A87000130A94ED020A20EE000AD4ED0F0A94EDBB
:10A880000F1A00EE810AD4ED030A94ED031A00EECC
:10A89000C10A84ED140A94ED120A20EE000AD4EDE8
:10A8A000130A94ED131A00EE810AD4ED140A94ED04
:10A8B000141A00EEC10A10EE101A084606F00EFD3A
:10A8C00041EC1C0BB0EE4C0AF0EE6C0A00F0A4FE5A
:10A8D000B0EE40AAF0EE60AA94ED130A10EE101A42
:10A8E000084606F0FBFC41EC1B0B53EC1A2B05F061
:10A8F00057FC41EC190B05F0F1FA08EE900A94EDC3
:10A90000120A94ED141A30EE010AF0EE400AB0EE8D
:10A91000680A00F021FDF0EE000A20EE200A84ED26
:10A92000150AD4ED150AB0EE600AF5F725FDD4ED51
:10A93000050A94ED071A70EEC10A94ED021A41EE71
:10A94000000AF0EE608AD4ED150AB0EE600AF5F761
:10A950004FFDD4ED060A94ED081A70EEC10A94ED8D
:10A96000021A41EE000AB0EE609AF0EE680AB0EE0C
:10A97000490A00F0F1FC84ED160AD4ED170AB0EE96
:10A98000600AF5F7F9FCD4ED010A60EE208AD4EDF7
:10A99000150AB0EE600AF5F7EFFCD4ED020A40EEBE
:10A9A000808AC4ED098AD4ED170AB0EE600AF5F783
:10A9B0001FFDD4ED010A60EE208AD4ED150AB0EE39
:10A9C000600AF5F715FDD4ED020A40EE808AC4ED69
:10A9D0000A8AD4ED000AB0EE001A80EE810AD4EDA6
:10A9E000090A30EEC00A20EE000AD4ED0A0A94EDFE
:10A9F0000A1A00EE810A10EE106A304606F06EFC6C
:10AA000041EC1A0BB0EE4A0AF0EE6A0A00F004FEBE
:10AA1000B0EE409AF0EE609A51EC190B05F05EFA38
:10AA2000E062D4ED000AB0EE001A80EE810AD4EDA7
:10AA3000090A30EEC00AF0EE408AD4ED0A0AB0EE00
:10AA4000600AF0EE680A00F087FC84ED0C0A94EDD1
:10AA50000C0ADFED380A30EEC00A84ED0D0A94F8D6
:10AA6000AC0030B994ED0C0A84ED110A012084F891
:10AA7000AC0094ED0C0AD4ED110A30EE600AC0EE81
:10AA8000080AC4ED100A94ED100ADFED270A30EE33
:10AA9000C00A84ED0E0A254890ED000ADFED250A74
:10AAA00030EEC00AD4ED0C0A30EE600A84ED220AC2
:10AAB00094ED100A1E48D0ED000AF1EE600A30EE67
:10AAC000C00A84ED230A94ED0C0A84ED110A94ED7A
:10AAD0000B0AD4ED280A30EE600AC0EE080AC4ED75
:10AAE000260A94ED260AD4ED290A30EE600AC0EE5B
:10AAF000080AC4ED270A94ED260A84ED290A94ED8C
:10AB00000B0A84ED280A94ED230AD4ED240A30EED2
:10AB1000600AC0EE080AC4ED250A94ED230A84ED0C
:10AB2000240ABDEC0A8B70BD000000005C0300200D
:10AB300060030020DB0FC93F70B52DED0A8B044682
:10AB40000D46B0EE408A95ED1D0AF04880ED000AF2
:10AB500095ED040AEE4880ED000AD4ED180AB0EE37
:10AB6000600AF5F745FCD4ED040A20EE200A84EDD6
:10AB7000080AD4ED170AB0EE600AF5F739FCD4EDF7
:10AB8000010A20EE200A84ED060AD4ED180AB0EE80
:10AB9000600AF5F7F1FBD4ED000A94ED041A41EEDA
:10ABA000000AC4ED070AD4ED170AB0EE600AF5F703
:10ABB000E3FBD4ED010A20EE200A84ED050A94EDB2
:10ABC000070AD4ED050A30EE600A20EE000AD4ED43
:10ABD000080A94ED061A70EEC10A94ED081AD4ED35
:10ABE000061A31EE611A00EE810A10EE101A0846BC
:10ABF00006F074FB41EC1A0BB0EE4A0AF0EE6A0A5A
:10AC000000F00AFDB0EE409AF0EE609A51EC190B9C
:10AC100005F064F9E06394ED070AD4ED050A30EE1F
:10AC2000600AD4ED020AB0EE001A60EE810A20EE4E
:10AC3000200A84ED120A94ED080AD4ED060A30EEDB
:10AC4000600AD4ED020AB0EE001A60EE810A20EE2E
:10AC5000200A84ED130A94ED020A20EE000AD4EDD6
:10AC60000F0A94ED0F1A00EE810AD4ED030A94ED59
:10AC7000031A00EEC10A84ED140A94ED120A20EEC4
:10AC8000000AD4ED130A94ED131A00EE810AD4EDF4
:10AC9000140A94ED141A00EEC10A10EE101A0846B8
:10ACA00006F01CFB41EC1C0BB0EE4C0AF0EE6C0AFB
:10ACB00000F0B2FCB0EE40AAF0EE60AA94ED130AE8
:10ACC00010EE101A084606F009FB41EC1B0B53EC82
:10ACD0001A2B05F065FA41EC190B05F0FFF808EEA8
:10ACE000900A94ED120A94ED141A30EE010AF0EE77
:10ACF000400AB0EE680A00F02FFBF0EE000A20EEEA
:10AD0000200A84ED150AD4ED150AB0EE600AF5F7B5
:10AD100033FBD4ED050A94ED071A70EEC10A94EDE9
:10AD2000021A41EE000AF0EE608AD4ED150AB0EE88
:10AD3000600AF5F75DFBD4ED060A94ED081A70EE93
:10AD4000C10A94ED021A41EE000AB0EE609AF0EEEC
:10AD5000680AB0EE490A00F0FFFA84ED160AD4ED55
:10AD6000170AB0EE600AF5F707FBD4ED010A60EEB2
:10AD7000208AD4ED150AB0EE600AF5F7FDFAD4ED9D
:10AD8000020A40EE808AC4ED098AD4ED170AB0EEBB
:10AD9000600AF5F72DFBD4ED010A60EE208AD4EDB0
:10ADA000150AB0EE600AF5F723FBD4ED020A40EE77
:10ADB000808AC4ED0A8AD4ED000AB0EE001A80EE53
:10ADC000810AD4ED090A30EEC00A20EE000AD4ED63
:10ADD0000A0A94ED0A1A00EE810A10EE106A304653
:10ADE00006F07CFA41EC1A0BB0EE4A0AF0EE6A0A61
:10ADF00000F012FCB0EE409AF0EE609A51EC190BA4
:10AE000005F06CF8E062D4ED000AB0EE001A80EEB6
:10AE1000810AD4ED090A30EEC00AF0EE408AD4ED82
:10AE20000A0AB0EE600AF0EE680A00F095FA84EDC6
:10AE30000C0A94ED0C0ADFED370A30EEC00A84EDFF
:10AE40000D0A94F8AC0030B994ED0C0A84ED110AA7
:10AE5000012084F8AC0094ED0C0AD4ED110A30EE18
:10AE6000600AC0EE080AC4ED100A94ED100ADFED86
:10AE70002A0A30EEC00A84ED0E0A244890ED000A3A
:10AE8000DFED240A30EEC00AD4ED0C0A30EE600A81
:10AE900084ED220A94ED100A1D48D0ED000AF1EE6F
:10AEA000600A30EEC00A84ED230A94ED0C0A84EDAA
:10AEB000110A94ED0B0AD4ED280A30EE600AC0EEB8
:10AEC000080AC4ED260A94ED260AD4ED290A30EECC
:10AED000600AC0EE080AC4ED270A94ED260A84ED44
:10AEE000290A94ED0B0A84ED280A94ED230AD4ED87
:10AEF000240A30EE600AC0EE080AC4ED250A94ED7B
:10AF0000230A84ED240ABDEC0A8B70BD5403002093
:10AF100058030020DB0FC93F0000000010B52DEDE5
:10AF2000028B0446D4ED0C0A94ED161A70EEC10A99
:10AF3000B0EE600AF5F75CFAD4ED010A20EE208A43
:10AF4000D4ED170A94ED151A70EEC10AB0EE600A3E
:10AF5000F5F74EFA28EE008AD4ED160A94ED151A8C
:10AF600070EEC10AB0EE600AF5F742FAC8EE000AC8
:10AF7000C4ED190AD4ED0C0A94ED161A70EEC10A4C
:10AF8000B0EE600AF5F7F8F9D4ED010A20EE208A58
:10AF9000D4ED170A94ED151A70EEC10AB0EE600AEE
:10AFA000F5F726FA28EE008AD4ED160A94ED151A64
:10AFB00070EEC10AB0EE600AF5F71AFAD4ED0B0A8A
:10AFC00020EE200AC8EE000AC4ED1A0AD4ED0C0ADD
:10AFD00094ED151A70EEC10AB0EE600AF5F708FAA2
:10AFE000D4ED040A20EE208AD4ED160A94ED181A46
:10AFF00070EEC10AB0EE600AF5F7FAF928EE008AA1
:10B00000D4ED160A94ED151A70EEC10AB0EE600A7E
:10B01000F5F7EEF9C8EE000AC4ED1B0AD4ED0C0AF0
:10B0200094ED151A70EEC10AB0EE600AF5F7A4F9B6
:10B03000D4ED040A20EE208AD4ED160A94ED181AF5
:10B0400070EEC10AB0EE600AF5F7D2F928EE008A78
:10B05000D4ED160A94ED151A70EEC10AB0EE600A2E
:10B06000F5F7C6F9D4ED0B0A20EE200AC8EE000A67
:10B07000C4ED1C0A94ED190AD4ED1F0A20EE200A33
:10B08000D4ED1A0A94ED201A00EE810A84ED1D0A0F
:10B0900094ED1B0AD4ED1F0A20EE200AD4ED1C0A01
:10B0A00094ED201A00EE810A84ED1E0ABDEC028B9D
:10B0B00010BD00009FED0A0A80ED000A9FED080A0E
:10B0C00080ED010A9FED070A80ED020A9FED050A57
:10B0D00080ED030A9FED020A80ED040A704700002C
:10B0E0009A99193E713D8A3E4100080218BF04201A
:10B0F0000A0E18BF40F001004FF07F4232EA010112
:10B1000008BF40F00200012808BF05207047EFF398
:10B110001080704710B510EE104A4FF01A402DED18
:10B12000028B00EB4400B0F1C85F4AD84FF0FC40FE
:10B13000B0EB440F22D2B0EEC00AF7EE000A30EEB8
:10B14000C00AF6EE000A20EE208A18EE100A03F07C
:10B15000F9FC00EE100A14F0004F1DBF9FED281AF5
:10B16000DFED280AB1EE400A9FED271A08BFF0EE86
:10B17000410AF8EE001A20EE210A05E020EE008ACE
:10B180009FED221ADFED220ADFED221A9FED222A1F
:10B1900070EEC00A20EE080A08EE212ADFED1F1A21
:10B1A00048EE021A9FED1E2A08EE212ADFED1D1A35
:10B1B00048EE021ABDEC028B40EE610A30EE810AC5
:10B1C00010BD4FF0CC40B0EB440F82BF9FED160A8C
:10B1D000BDEC028B10BD4FF07F40B0EB440F05D2A9
:10B1E000BDEC028BBDE8104000F070BA0120F5F70D
:10B1F000F4FFBDEC028BBDE8104000F06DBA00001A
:10B200000000494022AA7D3A000000000000C93F2A
:10B2100022AAFD3924FE1C3DC78AD83C1E67383D52
:10B220001B93993DAFAA2A3EDB0FC93F10B54FF0E3
:10B230000E402DED028BB0EE408A18EE104A00EB66
:10B240004400B0F1506F4AD84FF0FC40B0EB440FCF
:10B2500022D2B0EEC80AF7EE000A30EEC00AF6EECF
:10B26000000A60EE208A18EE900A03F06BFC01EEF3
:10B27000100A14F0004F1DBFDFED2D0A9FED2D0ABF
:10B28000B1EE411ADFED2C0A08BF9FED2C0AF8EE53
:10B29000001A21EE218A05E0DFED290A68EE088A0E
:10B2A000B0EE600A9FED271ADFED271A30EE080A8C
:10B2B00048EE811A9FED251A08EEA11ADFED241A37
:10B2C00048EE811A9FED231A08EEA11A68EE281A9B
:10B2D000BDEC028B01EE810A30EE200A10BD4FF06A
:10B2E000E440B0EB440F0CD918EE100AFFF7FCFE57
:10B2F000042808BF00F0F8F9B0EE480ABDEC028B54
:10B3000010BD4FF07F40B0EB440F07D2B0EE480ABB
:10B31000BDEC028BBDE8104000F0D8B90120F5F774
:10B320005CFFBDEC028BBDE8104000F0D5B9000019
:10B330000000C9BF22AAFDB90000C93F22AAFD39F9
:10B340000000000024FE1C3DC78AD83C1E67383D23
:10B350001B93993DAFAA2A3E70B54FF068422DED80
:10B36000048BF0EE408A18EE900AB0EE608A18EE78
:10B37000101A02EB4003B3F1654F3CBF02EB4102F0
:10B38000B2F1654F7DD200BFC0F3C753C1F3C752BE
:10B390009A1A1B2A09DD10F0004F14BF9FED830A93
:10B3A0009FED830ABDEC048B70BD12F11A0F36DAE3
:10B3B00011F0004F09D010F0004F0CBF9FED7D0A37
:10B3C0009FED7D0ABDEC048B70BD88EE889A19EE66
:10B3D000100AFFF789FE042808BF00F085F918EE6F
:10B3E000900AFFF781FE054618EE100AFFF77CFE73
:10B3F000044619EE100AFFF777FE042D18BF052D3D
:10B4000008D1042C18BF052C04D1002804BF022049
:10B41000F5F7E3FEB0EE490ABDEC048B70BD4200C7
:10B42000B2EB410F3AD910F0004F19BFDFED630ABC
:10B430009FED630ADFED630A9FED630AB0EE481AE1
:10B440000A46B1EE688A80F00041F0EE418A10466B
:10B450000A1A5200B2F1807F34D2484010F0004FF7
:10B46000DFED5A1A9FED5A2A1DBFBEEE001A70EE8C
:10B47000E10A30EE420AB6EE001A08BF70EEA10AE9
:10B4800000E040E008BF30EE020AB0EE682A01EEAC
:10B49000482A08EE818AC2EE081A15E011F0004F22
:10B4A00004BF9FED4C0AF0EE400AD1D010F0004FDF
:10B4B00019BFDFED490A9FED490ADFED490A9FED0B
:10B4C000490AC5E7C8EE881A21EEA11A9FED462A5F
:10B4D000DFED462A41EE022A9FED452A01EE222A9F
:10B4E000DFED442A41EE022A9FED432ABDEC048B96
:10B4F00001EE222A21EE811A01EE020A30EE210A23
:10B5000030EE200A70BD4FF07F42B2EB400F28BFF3
:10B51000B2EB410F09D2F0EE480AB0EE680ABDEC7A
:10B52000048BBDE8704000F0D4B840EA01035B0032
:10B5300008BF41F0FF410BD0B2EB400F08BFB2EBA8
:10B54000410F08D120F0804008EE900A21F08041A0
:10B5500008EE101A18E7B2EB400F12BF5FEA410382
:10B5600040F0FF4001F000413FF40EAFB2EB410F5D
:10B5700012BF5FEA400200F0004041F0FF413FF49B
:10B5800003AF4A0092EA40033FF5FEAE002AACBF8B
:10B590009FED1A0A9FED1A0A68EE808A28EE008A4B
:10B5A00018EE900A18EE101AEEE60000DB0FC9BF85
:10B5B000DB0FC93FDB0F4940DB0F49C00000C9BFAB
:10B5C00022AAFDB90000C93F22AAFD390060ED3E64
:10B5D000C30ACE3700000000000049C022AA7DBA8D
:10B5E0000000494022AA7D3A2DAD65BD8FB8D53DFA
:10B5F0000FB511BE61C84C3EA8AAAABE0000804F7C
:10B600000000802F2DED020B019820F000400190EA
:10B610009DED000B02B0704700B52DED048BB0EE30
:10B62000409AF0EE609A83B051EC190B05F050FA95
:10B6300041EC180B18EE100A18EE901A8DED008BE5
:10B64000002818BF0120084320F00040C0F17F60AF
:10B6500000F1E040C00F14D019EE101A19EE900A54
:10B660008DED009B002918BF0121084320F0004008
:10B67000C0F17F6000F1E040C00F04BF0120F5F78A
:10B68000ACFDB0EE480A03B0F0EE680ABDEC048BE6
:10B6900000BD10B52DED028BB1EEC08A18EE100A78
:10B6A00020F00040C0F1FF40C00F0AD010EE100A99
:10B6B00020F00040C0F1FF40C00F04BF0120F5F7AB
:10B6C0008CFDB0EE480ABDEC028B10BD30EE000AD6
:10B6D000704730EE200A7047DFED020A80EEA00AC4
:10B6E00070470000000000009FED020A20EE000AF3
:10B6F000704700000000001080F3108870470000C1
:10B7000010B5F5F79DFE8020F6F762F85520F6F7A4
:10B710005FF85520F6F75CF850490870F5F786FE9B
:10B720000120F8F735FBF5F78BFE8020F6F750F88F
:10B730005520F6F74DF85520F6F74AF847490870B6
:10B74000F5F774FE0120F8F723FBF5F779FEB62133
:10B750007E20F6F74FF8F5F769FE5020F8F718FB52
:10B76000F5F76EFE8020F6F733F85520F6F730F83F
:10B770005520F6F72DF839490870F5F757FE0120E6
:10B78000F8F706FBF5F75CFE8020F6F721F8552068
:10B79000F6F71EF85520F6F71BF830490870F5F754
:10B7A00045FE0120F8F7F4FA2C4800781E2801D055
:10B7B000FF2010BD00202A49087049E0F5F740FE3F
:10B7C000274A127802EB4202264B1A445178244A47
:10B7D000127802EB4202985CF6F70CF8F5F726FEB9
:10B7E0000120F8F7D5FAF5F72BFE1D49097801EB92
:10B7F00041011C4A515C41F08000F5F7E9FF5520FA
:10B80000F5F7E6FF5520F5F7E3FF14490870F5F763
:10B810000DFE0120F8F7BCFA1148007800EB40005B
:10B820001049084440780D49097888420BD00C48EB
:10B83000007800EB40000B49084480780A490978F9
:10B8400008430949087006480078401C04490870FC
:10B85000034800780628B1DB0020AAE7080300208F
:10B8600009030020140300200A03002010B5F5F797
:10B87000FBFD45490020F5F79EFFF5F7EBFD0120A4
:10B88000F8F786FAF5F7F0FD3F490020F5F793FF4A
:10B89000F5F7E0FD0120F8F77BFAF5F7E5FDB621B5
:10B8A0001420F5F7A7FFF5F7D5FD5020F8F770FA4B
:10B8B000F5F7DAFD34490020F5F77DFFF5F7CAFD0D
:10B8C0000120F8F765FAF5F7CFFD2F490020F5F7CD
:10B8D00072FFF5F7BFFD0120F8F75AFA2A48007801
:10B8E0000F2801D0FF2010BD00202849087045E036
:10B8F000F5F7BAFD254A127802EB4202244B1A44AE
:10B900005178224A127802EB4202985CF5F772FFF6
:10B91000F5F7A0FD0120F8F73BFAF5F7A5FD1B4967
:10B92000097801EB41011A4A505C1749F5F743FFCA
:10B93000F5F790FD0120F8F72BFA1448007800EB9A
:10B9400040001349084440780F490978884210D0D4
:10B950000E480078401E0D4908700846007800EB3C
:10B9600040000C49084480780B49097808430A498B
:10B97000087006480078401C0449087003480078A5
:10B980000628B5DB0020AEE70803002009030020ED
:10B9900026030020140300200A030020002002498F
:10B9A0000968C863704700006C0F0020034A1268E2
:10B9B0009062024A1268D163704700006C0F002049
:10B9C00010B504461A48007840B91A48007828B9DA
:10B9D0001748047064201749087028E0144800785C
:10B9E00038B914480078401E12490870FFF7D6FF96
:10B9F0001DE011480078401C0F4908700846007887
:10BA0000322802DAFFF7CAFF11E00B4800786428F9
:10BA100005DA47F230510120FFF7C8FF07E00020A8
:10BA20000549087002480078401E0149087010BDA1
:10BA3000A7000020A8000020A900002070B52DED6F
:10BA4000028B82B0B0EE408AF0EE608A04460D466A
:10BA5000164610201C49086000208860C860082035
:10BA600008619FED1A0A28EE000ABDEEC00A10EE2A
:10BA7000100A00B2164908809FED140A28EE800AC9
:10BA8000BDEEC00A10EE100A00B21249088010483C
:10BA90000088000A104908700D48007848700D4869
:10BAA0000088000A88700B480078C8700846047146
:10BAB000457101AB024604490848F7F700F902B0A6
:10BAC000BDEC028B70BD00003420002000401C46FD
:10BAD0000A0200200C02002004020020900B00202B
:10BAE00000B58BB00120099000200790012008903C
:10BAF000002001900290039004900690059001A907
:10BB00000C48F7F755F90B48F7F70DFF02210948E4
:10BB1000F7F7C3F80E200A90069001A90648F7F738
:10BB200047F90548F7F7FFFE02210348F7F7B5F894
:10BB30000BB000BD900B0020B80B00202DE9F047A2
:10BB40002DED028B04460D4690461E46DDF82890EA
:10BB5000634890ED000AB8EE400AF0EE080A20EEC5
:10BB6000200ADFED600A80EE201AB0EE418AB0EEC6
:10BB7000480A41462846FEF7E5FD00270DE0D5EDD1
:10BB80000B0AB0EE600A584901EB0710FCF7C5FB41
:10BB900006EB870080ED000A7F1C0C2FEFDB94ED95
:10BBA000490AD4ED570A30EE600AD6ED020A20EEBB
:10BBB000200AD4ED480A94ED551A70EEC10A96EDAC
:10BBC000031A01EE200A84ED730A96ED060AD5EDFC
:10BBD000220A9FED461A70EEC10A20EE200AD6ED29
:10BBE000070A95ED231ADFED411A31EE611A00EED6
:10BBF000810AD4ED490A94ED571A70EEC10A96ED08
:10BC0000081A01EE200AD4ED480A94ED551A70EE98
:10BC1000C10A96ED091A01EE200AD6ED0A0A94ED42
:10BC20005D1ADFED331A31EE611A00EE810AD6EDAE
:10BC30000B0A94ED5E1ADFED2D1A31EE611A00EE5B
:10BC4000810A85ED200A95ED200AD4ED640A30EED4
:10BC5000200A85ED200ADFED270A9FED270A04F56B
:10BC6000E67001F041FDD5ED220AB0EE600AF4F76E
:10BC700083FBDFED220A80EE808A94ED521AF0EE0B
:10BC8000410A95ED0B1AB0EE410A4846FDF72CFA31
:10BC900038EE000AD4ED630A30EE200A85ED1F0A63
:10BCA000DFED170A9FED170A05F17C0001F01CFD7E
:10BCB0002846FFF733F9F3EE020ABBEE020A05F15C
:10BCC000780001F011FDF3EE020ABBEE020A05F165
:10BCD000740001F009FDBDEC028BBDE8F0870000A7
:10BCE0004402002000007A44DC0000200000000034
:10BCF0000000008066668640666686C09A99894123
:10BD00000000C8420000C8C270B504460D46164681
:10BD100094ED230ADFED3E0A30EE200A85ED170A86
:10BD200094ED310ADFED3A0A30EE200A85ED180A6B
:10BD300096ED1D0ADFED370A30EEC00A84ED5D0A8C
:10BD400096ED040ADFED330A30EEC00A84ED5E0A98
:10BD5000B4F9C20100EE100AB8EEC00ADFED2E0AF7
:10BD600020EE200A84ED740AB4F9C20100EE100A34
:10BD7000B8EEC00ADFED290A20EE200A84ED750A2C
:10BD8000B4F9C40100EE100AB8EEC00ADFED240ACF
:10BD900020EE200A84ED730AB4F88403002101F038
:10BDA00089FC84EDC30A1F4890ED000A1E4880ED0F
:10BDB000000A1E4890ED000A1A4880ED000A1C484F
:10BDC00090ED000A1748D0ED000A20EE200A18482E
:10BDD000D0ED010A144890ED001A01EE200AB4F9E2
:10BDE000FA0100EE900AF8EEE00A9FED121A60EEFA
:10BDF000810A0F4890ED021A00EE810A0B4880ED8F
:10BE0000000A90ED000A0C4880ED4E0A70BD00005B
:10BE1000DB0FC93F00000000C1AAD93B1B09033A50
:10BE20000200C039500200204C02002054020020C1
:10BE3000EC170108F1A23E3B902B00202DE9F047C2
:10BE40002DED028B04460D4617461E46DDF8289060
:10BE5000FE4890ED000AB8EE400AF0EE080A20EE27
:10BE6000200ADFEDFB0A80EE201AB0EE418AB0EE28
:10BE7000480A39462846FEF75FFE4FF000080EE0FC
:10BE8000D5ED0B0AB0EE600AF24901EB0810FCF7A1
:10BE900044FA06EB880080ED000A08F10108B8F1C9
:10BEA0000C0FEDDB94F8A803012813D1EA4890EDBC
:10BEB000010AD4EDE80A9FEDE91A70EEC10A20EEFE
:10BEC000200AD0ED030A97ED061A00EEC10A84EDB0
:10BED000620A12E0E04890ED010AD4EDC40A9FED39
:10BEE000DF1A70EEC10A20EE200AD0ED030A97EDAA
:10BEF000061A00EEC10A84ED620A94ED4C0AD4EDF4
:10BF00005F0A30EE600AD648D0ED010A20EE200A22
:10BF1000D0ED030A97ED041A00EEC10A84ED630A1E
:10BF200090ED041AF0EE410A90ED041AB1EE411AB8
:10BF3000B0EE410A04F5C67001F0D6FBD4ED610AFB
:10BF4000B0EE600ADFEDC50AC648FDF7CDF884ED16
:10BF5000640A94ED570AD4ED490A30EE600AD6ED32
:10BF6000020A20EE200AD4ED550A94ED481A70EE2C
:10BF7000C10A96ED031A01EE200A84ED6C0A96EDD3
:10BF8000060AD5ED220A9FEDB51A70EEC10A20EE21
:10BF9000200AD6ED070A95ED231ADFEDB01A31EE2F
:10BFA000611A00EE810AD4ED570A94ED491A70EE39
:10BFB000C10A96ED081A01EE200AD4ED550A94ED57
:10BFC000481A70EEC10A96ED091A01EE200AD6ED64
:10BFD0000A0A94ED5B1ADFEDA11A31EE611A00EE48
:10BFE000810AD6ED0B0A94ED5C1ADFED9C1A31EE56
:10BFF000611A00EE810A85ED200ADFED9B0A9FEDB4
:10C000009B0A04F5D87001F06FFB9948D0F89C01A9
:10C01000807A022804D19FED910A954880ED490A63
:10C02000D4F89C01C07A012849D1D4F89C01B0F918
:10C030000800B0F5FA7F02DD012084F8990194F838
:10C040009501E8BB94F8990101283AD19FED890A3E
:10C0500084ED520A95ED0B0ADFED870AB4EEE00A93
:10C06000F1EE10FA08D2854890ED000AF7EE000ACA
:10C0700030EE200A80ED000A804890ED000AF2EED2
:10C08000040AB4EEE00AF1EE10FA18DB7C4890EDF9
:10C09000000AF2EE040AB4EEE00AF1EE10FAF4DB64
:10C0A0009FED6E0A754880ED000A9FED6C0A74489A
:10C0B00080ED000A012084F8950184F89601B3E030
:10C0C000FFE794F8950101283DD194F899010128E2
:10C0D00039D19FED6C0A84ED520A95ED0B0ADFED24
:10C0E0006A0AB4EEE00AF1EE10FA08DD634890ED5A
:10C0F000000AF7EE000A30EE200A80ED000A5F48E1
:10C1000090ED000AF2EE040AB4EEE00AF1EE10FA45
:10C1100018DB5B4890ED000AF2EE040AB4EEE00A88
:10C12000F1EE10FA0EDB9FED4D0A544880ED000A47
:10C130009FED4A0A524880ED000A022084F89601D9
:10C1400084F8950170E094F89501022853D194F891
:10C15000990101284FD19FED470A84ED520A9FEDC6
:10C160003F0A84ED500A9FED3D0A84ED570A94ED95
:10C17000570A84ED490A95ED0B0ADFED3F0AB4EE4C
:10C18000E00AF1EE10FA08D23C4890ED000AF7EE12
:10C19000000A30EE200A80ED000A384890ED000ACF
:10C1A000F1EE040AB4EEE00AF1EE10FA3CDB34489A
:10C1B00090ED000AF1EE040AB4EEE00AF1EE10FA96
:10C1C00032DB9FED260A2D4880ED000A9FED230A01
:10C1D0002B4880ED000A9FED270A84ED520A9FED5F
:10C1E000250A84ED530A002084F8950184F896010D
:10C1F00084F8990118E0D5ED220AB0EE600AF4F750
:10C20000BBF8DFED220A80EE808A94ED521AF0EE40
:10C21000410A95ED0B1AB0EE410A4846FCF764FF5F
:10C2200038EE000A85ED1F0A204600F0D5F8DFED54
:10C23000180A9FED180A05F17C0001F055FA28460E
:10C24000FEF76CFEF2EE040A26E00000B0010020CA
:10C2500000007A44DC000020E41E00200000000002
:10C260002C1F00209C1E002066668640666686C0E5
:10C27000A81A0020B81E053E7B142E3E9C0100200B
:10C28000400200209A99993EAE47613E33333341D4
:10C290000000C8420000C8C2BAEE040A05F17800E6
:10C2A00001F022FAF2EE040ABAEE040A05F1740073
:10C2B00001F01AFABDEC028BBDE8F08770B50446B8
:10C2C0000E46154600F0DCFEC4F89C0194ED070A0A
:10C2D000DFED380A30EE200A86ED170A94ED150AD4
:10C2E000DFED340A30EE200A86ED180A95ED1D0ABE
:10C2F00084ED5B0A95ED050A84ED5C0A94EDC30AB2
:10C3000084EDC40A95ED1F0A84ED600A95ED1C0AC0
:10C3100084ED5F0A96ED220A2748D0ED220A30EE1E
:10C32000200ADFED260A30EEC00A84ED610AB4F976
:10C33000A60100EE100AB8EEC00ADFED210A20EED9
:10C34000200A84ED6D0AB4F9A60100EE100AB8EED9
:10C35000C00ADFED1C0A20EE200A84ED6E0A00F010
:10C3600079FA84ED590A184890ED000AB8EE400AAF
:10C370009FED161AC0EE010A94ED5A0A94ED591A6F
:10C3800001EE200A84ED5A0A95ED1D0ADFED100A30
:10C39000B4EEE00AF1EE10FA0BD295ED1D0ADFEDD6
:10C3A0000D0AB4EEE00AF1EE10FA02DD002084F886
:10C3B000980170BDDB0FC93F4C2000200000000039
:10C3C000C1AAD93B1B09033AB001002000007A44FE
:10C3D0003C8C4F3E3C8C4FBE30B52DED108B8FB05A
:10C3E000044628200E909FEDFE0AF0EE409A9FED45
:10C3F000FC0A8DED0D0A9FEDFA0AFA4880ED000A5D
:10C400009FEDF70A8DED080A9FEDF50A8DED070AFD
:10C410009FEDF50AB0EE40AA9FEDF40AB0EE408A17
:10C420009FEDF20A8DED060A9FEDF10A8DED050AEA
:10C430009FEDF00AF0EE40AA07A908A800F00EFE52
:10C44000F3EE0E0A9DED070A04F50D70FCF74CFEA5
:10C450000EA800F0FDFD1E200E90D4ED950ABDF84B
:10C46000380000EE100AB8EE400A30EE600A8DED9A
:10C470000D0A9DED0D0AF0EE409A002094E0C0EB0D
:10C48000C00204F5D27101EB8201B1F90410002958
:10C4900008DDC0EBC00204F5D27101EB8201B1F9F5
:10C4A000041008E0C0EBC00204F5D27101EB820178
:10C4B000B1F90410494200EE101AB8EEC00A60EE5D
:10C4C0000A0AC0EBC00204F5D27101EB8201B1F996
:10C4D0000210002908DDC0EBC00204F5D27101EBA7
:10C4E0008201B1F9021008E0C0EBC00204F5D2717C
:10C4F00001EB8201B1F90210494200EE101AB8EEC8
:10C50000C00A20EE800AC0EBC00204F5D27101EB34
:10C510008201B1F9021000EE901AB8EEE01ADDEDDA
:10C52000050A21EE201AC0EBC00204F5D27101EB1E
:10C530008201B1F9021000EE901AF8EEE00A01EE65
:10C54000200AC0EBC00204F5D27101EB8201B1F9FF
:10C55000041000EE901AF8EEE00A20EE881AC0EB04
:10C56000C00204F5D27101EB8201B1F9041000EEB2
:10C57000901AF8EEE00A01EE200A30EE2A0A9E49EF
:10C5800001EB800181ED000A00BF9B4901EB8001B6
:10C59000D1ED000A934991ED000A30EE800A81ED59
:10C5A000000A00BF411CC8B20228FFF668AF8D48E0
:10C5B00090ED000AB4EEE90AF1EE10FA77DD90EDA5
:10C5C000000AC9EE800ACDED040A002539E18A4847
:10C5D00000EB8500D0ED000A9DED040A20EE800AF4
:10C5E00009A800EB850080ED000A09A800EB850092
:10C5F00090ED000AB5EEC00AF1EE10FA00D21EE18D
:10C60000C5EBC50104F5D27000EB8100B0F9020062
:10C61000002808DDC5EBC50104F5D27000EB8100F0
:10C62000B0F9020008E0C5EBC50104F5D27000EBDB
:10C630008100B0F90200404200EE100AB8EEC00AD4
:10C6400060EE0A8A09A800EB850090ED000AC5EBB0
:10C65000C50104F5D27000EB8100B0F9020000EED4
:10C66000900AB8EEE01ADDED060A21EE201AC5EBBD
:10C67000C50104F5D27000EB8100B0F9020000EEB4
:10C68000900AF8EEE00A11EE200A30EE2ADA28EEDF
:10C69000A80AF1EE000A68EE200AB0EE409A00EE19
:10C6A000CD9AB5EEC09AF1EE10FA01D2C7E0CCE017
:10C6B000C5EBC50104F5D27000EB8100B0F90400B0
:10C6C000002854DDB0EE000A28EE000A10EE101A21
:10C6D000084604F003FE41EC1E0B19EE100A04F0AC
:10C6E000FDFD41EC1C0BB0EE4C0AF0EE6C0AFEF7BF
:10C6F00093FF8DED000BB1EE680A10EE100A04F006
:10C70000EDFD41EC1B0B9DED000B53EC102B03F0EA
:10C7100047FD41EC1F0B53EC1E2B03F073FECDE9DC
:10C7200002019DED020B51EC100B03F0D7FB0DEE57
:10C73000900A9FED320AF4EEC0DAF1EE10FA09DD4C
:10C7400043F2B061C5EBC50204F5D27000EB820084
:10C7500081800BE0BDEEED0A10EE100A01B2C5EBD0
:10C76000C50204F5D27000EB8200818066E0B0EE75
:10C77000000A28EE000A10EE101A084604F0AEFD7A
:10C7800041EC1E0B19EE100A04F0A8FDCDE90001E2
:10C790009DED000BFEF740FFB0EE40BAF0EE60BA40
:10C7A000B1EE680A10EE100A04F098FD41EC1C0B83
:10C7B00053EC1B2B04F090FA53EC1E2BCDE9020135
:10C7C0009DED020B51EC100B03F01CFE41EC1F0B16
:10C7D00003F084FB0DEE900A9FED090A12E00000C1
:10C7E00000000000580400204F020636FC110434FB
:10C7F000C3031C348D978240B831002000606A4624
:10C8000000606AC6F4EEC0DAF1EE10FA09D24CF616
:10C810005011C5EBC50204F5D27000EB8200818097
:10C820000BE0BDEEED0A10EE100A01B2C5EBC50239
:10C8300004F5D27000EB8200818000BF00BF681C4D
:10C84000C5B2022DFFF6C3AE00BF0FB0BDEC108B1A
:10C8500030BD000008B5114890ED0A0AB1EE400A5B
:10C860000F4880ED000A0F4890ED6E0AD0ED750A72
:10C8700030EE600AF0EE000A80EE201AB0EE415A67
:10C880006846B0EE451A0649D1ED000A9FED060A4A
:10C8900002F014F99DED000A08BD00004C2D0020A7
:10C8A000AC010020A81A00206F12833A07480068E4
:10C8B0000749B0FBF1F007490870044800684FF4DD
:10C8C0007A71B0FBF1F00449086070473400002031
:10C8D00040420F00380000203C00002010B5044604
:10C8E00004EBC400454901EB8000006804EBC4017F
:10C8F000424A02EB8101486003F0B0F804EBC40146
:10C900003E4A02EB8101086004EBC400114601EBD2
:10C910008000C07CC0F38010B0B104EBC40001EB18
:10C920008000C07C20F0400004EBC40102EB8101D8
:10C93000C87404EBC400114601EB8000006804EBEE
:10C94000C40102EB8101C86004EBC4002B4901EB78
:10C950008000806990B304EBC401284A02EB810196
:10C960008869804758B304EBC400244901EB800078
:10C97000C07C20F02000203004EBC4011F4A02EBF1
:10C980008101C87404EBC400114601EB8000C07C37
:10C9900020F08000803004EBC40102EB8101C874F8
:10C9A00004EBC400114601EB8000006A28B304EBDD
:10C9B000C40102EB8101086A80471EE00FE0FFE737
:10C9C00004EBC4000D4901EB8000C07C20F0800026
:10C9D00004EBC401094A02EB8101C8740DE004EBC9
:10C9E000C400064901EB8000C07C20F0800004EB0D
:10C9F000C401024A02EB8101C87410BD2C19002049
:10CA00001EB50146544B0DCB8DE80D0000209EE075
:10CA100000EB40023DF8123000EBC0024F4C04EB3B
:10CA20008202128A63F30B0200EBC00304EB830360
:10CA30001A8200EB40026B4603EB4202538800EB84
:10CA4000C00204EB8202B2F8112063F30F1200EB74
:10CA5000C00304EB8303A3F8112000EB40026B46F4
:10CA600003EB4202127900EBC00304EB8303DB7C8F
:10CA700062F3440300EBC00204EB8202D374002291
:10CA800000EBC00304EB83039A6100EBC00304EBEB
:10CA90008303DA6100EBC00304EB83031A6200EB4B
:10CAA000C002234603EB8202D27C22F00102521C18
:10CAB00000EBC00304EB8303DA7400EBC0022346EF
:10CAC00003EB8202D27C22F02002203200EBC00372
:10CAD00004EB8303DA7400EBC002234603EB82020B
:10CAE000D27C22F04002403200EBC00304EB83030F
:10CAF000DA7400EBC002234603EB8202D27C22F000
:10CB00008002803200EBC00304EB8303DA749FEDF4
:10CB1000140A10EE102A00EBC00304EB83035A61E1
:10CB200000EBC002234603EB8202116000EBC0025F
:10CB300003EB8202516000EBC00203EB82029160C2
:10CB400000EBC00203EB8202D160421CD0B202288B
:10CB5000FFF65EAF1EBD0000A41701082C190020CF
:10CB60000000000002F07AFF9B4908600846006858
:10CB7000FFF746FF392002F0B7FA2CE102F06EFF12
:10CB800095490860022095490870954890F85B0027
:10CB900020F04001924880F85B1090F85B0020F094
:10CBA00020018F4880F85B10002409E104EBC400E9
:10CBB0008B4901EB8000C07C00F0010000B9FEE071
:10CBC00004EBC400864901EB8000006882490968D3
:10CBD000081A04EBC401824A02EB8101098AC1F3FD
:10CBE0000B01884260D904EBC400114601EB8000C0
:10CBF000C07CC0F3401008BB04EBC40001EB800014
:10CC0000C07C20F04000403004EBC40102EB810105
:10CC1000C87404EBC400114601EB8000C07C20F016
:10CC20002000203004EBC40102EB8101C8746A4883
:10CC3000006804EBC40102EB8101886004EBC400CE
:10CC4000674901EB8000C07CC0F343006349097869
:10CC500001EBC101624A02EB8101C97CC1F34301CE
:10CC6000884201DD5D490C705D4890F85B0020F062
:10CC7000400040305A4981F85B00084690F85B005C
:10CC800020F02000203081F85B0004EBC40001EBB1
:10CC90008000C069002806D004EBC401504A02EBB2
:10CCA0008101C869804789E004EBC4004C4901EB6D
:10CCB0008000C06848490968081A04EBC401484A62
:10CCC00002EB8101B1F81110B0EB111F1BD204EB84
:10CCD000C400114601EB8000C07C20F0400004EB52
:10CCE000C40102EB8101C87404EBC400114601EBDE
:10CCF0008000C07C20F02000203004EBC40102EB57
:10CD00008101C8745AE004EBC400354901EB80008E
:10CD1000C07C20F0400004EBC401314A02EB8101E9
:10CD2000C87404EBC400114601EB8000C07CC0094C
:10CD300068B104EBC40001EB8000C07C20F020004F
:10CD4000203004EBC40102EB8101C8740DE004EB58
:10CD5000C400234901EB8000C07C20F0200004EBDC
:10CD6000C4011F4A02EB8101C87404EBC4001C49D2
:10CD700001EB8000006804EBC401194A02EB810159
:10CD8000496888421AD904EBC400114601EB8000BF
:10CD9000006804EBC40102EB81014968401A00EE0F
:10CDA000100AF8EE400A9FED0F1A81EE200A10EEED
:10CDB000100A04EBC40102EB8101486100BF641C4E
:10CDC000022CFFF6F3AE0A2002F08EF9002002F0EA
:10CDD00055F805490860D1E6980000209C00002025
:10CDE0002C19002000007A449400002030B503463E
:10CDF0000C461546082D44D1207800F00F0098808D
:10CE000020780111D980A078617840EA01219960E9
:10CE1000E0780001217940EA2111D9606079217917
:10CE200001F00F0140EA012119611021F2EE090A17
:10CE3000BAEE090A986801F057FF83ED070A0C2142
:10CE4000F3EE0E0ABBEE0E0AD86801F04DFF83ED3B
:10CE5000080A0C21F2EE040ABAEE040A186901F07D
:10CE600043FF83ED090AA07900EE100AB8EE400AEC
:10CE700083ED0C0AE07900EE100AB8EE400A83ED6B
:10CE80000D0A30BDFEB506460C46154660190F4921
:10CE9000086000208860C86008200861FF208DF8C5
:10CEA00004008DF805008DF806008DF807008DF858
:10CEB00008008DF809008DF80A00FC208DF80B00A1
:10CEC0006B4601AA3046F5F7FAFEFEBD04200020AD
:10CED00070B504460026FEF71AF9054672B6616879
:10CEE0002069884201D9206820612069067820697C
:10CEF000401C2061A068401CA060E068401EE0600B
:10CF00002846FEF7F9FB304670BD034619608818C5
:10CF1000401E58609A600020D860196159617047BE
:10CF20002DE9F047044688461546FEF7F0F882469C
:10CF300072B6B8F1000F00D13CE0A06800B939E04A
:10CF400061686069884201D920686061A068A84270
:10CF500001DD284600E0A068054661696068401A66
:10CF6000461CAE4209DB2E46324641466069F4F764
:10CF700012F86069304460610FE0A5EB06093246A3
:10CF800041466069F4F707F808EB06014A46206855
:10CF9000F4F701F8206848446061A068401BA06075
:10CFA000E0682844E0602F465046FEF7A5FB38466F
:10CFB000BDE8F0875046FEF79FFB4FF0FF30F7E7E4
:10CFC0000146C8687047014671EE602AF0EE621AA9
:10CFD000B0EE602A30EE423A01208840401E02EE58
:10CFE000900AF8EEE22A63EE222A82EEA13AFDEEE2
:10CFF000C32A12EE900A704730B5034613B94FF6B4
:10D00000FF7030BD09E013F8014B82EA0400C0B2A2
:10D01000054D35F8100080EA2222081EA1F1010119
:10D02000F1D11046EDE70000EA19010830B50346DA
:10D0300005E013F8010B80EA02040448025D081EB3
:10D04000A1F10101F5D1104630BD0000E918010839
:10D050000149498901807047B3220020054A52687E
:10D060000260044A128900EE102AB8EE400A81EDEF
:10D07000000A7047C0220020004870472C19002089
:10D080000048704798190020034AD2880280034A5A
:10D0900092890A8070470000B3220020C02200203D
:10D0A00000487047A01C002010B5204800210160F6
:10D0B00001711F48016001711E48016041600181DA
:10D0C00081721D48017020211C48F3F7E3FF1C48C2
:10D0D000002101601B4801601B48018081701B48D2
:10D0E000018081700D211A48F3F7D4FF10211948EF
:10D0F000F3F7D0FF184800210160416081601748B4
:10D100000160818016480180164801701648016050
:10D11000818081711548016081800F211448F3F7E7
:10D12000B9FF144800210160818010BDB8020020C1
:10D13000BD02002088220020C2020020932200208D
:10D14000C3020020C7020020CB020020CE02002034
:10D15000B3220020C0220020D0220020D1020020D3
:10D16000D7020020D9020020DA020020E1020020CC
:10D17000DC220020E7020020F0EE400AF6EE001A62
:10D1800060EEA11AB0EE611AB0EE600A10EE100A5D
:10D190000749A1EB600000EE100A21EE002AF7EE2D
:10D1A000081A42EE401A61EE801AB0EE610A70472A
:10D1B000865A375F028081807047000080ED000A48
:10D1C000C0ED010A80ED021AF7EE001AC0ED0C1A4C
:10D1D00004494167044981670449C1670449C0F8AB
:10D1E00080107047F5D100085DD2000813D2000806
:10D1F000B994000801B52DED060B9DE80E00C0E9BD
:10D200000423C16003A90EC9C0E90723816107B0E7
:10D2100000BD10B50446D4ED160AB0EE600AFEF764
:10D2200005F8B1EE400A84ED190A94ED181AF0EEF3
:10D23000410A94ED171AB0EE410AFEF78DF884ED1D
:10D240001A0A94ED101AF0EE410A94ED131AB0EE9A
:10D25000410AFEF781F884ED1B0A10BD10B52DEDD3
:10D260000E8B044694ED060A20EE000AD4ED070A60
:10D2700094ED071A00EE810AD4ED080A94ED081A1D
:10D2800000EE810A10EE101A084604F027F841EC6F
:10D290001C0BB0EE4C0AF0EE6C0AFEF7BDF9B0EED6
:10D2A00040BAF0EE60BA51EC1B0B02F017FE08EE2C
:10D2B000100A94ED060AC0EE080AC4ED060A94EDC1
:10D2C000070AC0EE080AC4ED070A94ED080AC0EE8A
:10D2D000080AC4ED080A94ED070AD4ED180A20EEF6
:10D2E000200AD4ED080A94ED171A00EEC10AB0EE38
:10D2F00040DA94ED080AD4ED160A20EE200AD4EDA7
:10D30000060A94ED181A00EEC10AF0EE40DA94ED28
:10D31000060AD4ED170A20EE200AD4ED070A94ED90
:10D32000161A00EEC10AB0EE40EA94ED090AD4EDF7
:10D33000010A60EE8D0A94ED021A00EE810A84ED76
:10D34000090A94ED0A0AD4ED010A60EEAD0A94EDE3
:10D35000021A00EE810A84ED0A0A94ED0B0AD4ED5C
:10D36000010A60EE8E0A94ED021A00EE810A84ED45
:10D370000B0A94ED090AD4ED000A00EE8D0AD4EDF3
:10D38000030A30EE200A84ED030A94ED0A0AD4ED74
:10D39000000A00EEAD0AD4ED040A30EE200A84ED56
:10D3A000040A94ED0B0AD4ED000A00EE8E0AD4EDC7
:10D3B000050A30EE200A84ED050A94ED0C0AB0EE61
:10D3C000409A94ED0D0AF0EE409A94ED0E0AB0EEFC
:10D3D00040AA94ED0F0AF0EE40AA94ED020AF6EE90
:10D3E000000A20EE200AF0EE408A94ED030AF1EEE6
:10D3F000690A20EE200AD4ED040A0AEE600AD4ED90
:10D40000050A0AEEE00AD4ED0C0A40EE280AC4ED43
:10D410000C0A94ED030A20EE090AD4ED050A0AEE7F
:10D42000200AD4ED040A0AEEE00AD4ED0D0A40EE1B
:10D43000280AC4ED0D0A94ED040A20EE090AD4ED81
:10D44000050A09EEE00AD4ED030A0AEEA00AD4EDBB
:10D450000E0A40EE280AC4ED0E0A94ED050A20EEED
:10D46000090AD4ED040A09EEA00AD4ED030A0AEE73
:10D47000600AD4ED0F0A40EE280AC4ED0F0A94EDBD
:10D480000C0A20EE000AD4ED0D0A94ED0D1A00EE00
:10D49000810AD4ED0E0A94ED0E1A00EE810AD4ED45
:10D4A0000F0A94ED0F1A00EE810A10EE101A0846CA
:10D4B00003F014FF41EC1C0BB0EE4C0AF0EE6C0ACA
:10D4C000FEF7AAF8B0EE40BAF0EE60BA51EC1B0BD2
:10D4D00002F004FD08EE100A94ED0C0AC0EE080AF2
:10D4E000C4ED0C0A94ED0D0AC0EE080AC4ED0D0A55
:10D4F00094ED0E0AC0EE080AC4ED0E0A94ED0F0A70
:10D50000C0EE080AC4ED0F0A2046D4F88010884700
:10D51000BDEC0E8B10BD0000F6F758FFFCF71CF9B0
:10D52000FBF72CF8FAF766FFFAF710FFFAF730FF6F
:10D53000FBF7A6F9FBF7F6FAFBF746FBFBF7FAFB5E
:10D54000FBF7A4FBFBF754F9FBF780F9FBF798FA1C
:10D55000FBF7DCF9FBF7B8F9FBF7D0FBFBF70CF9AD
:10D56000FBF70AFAFBF720FCFAF734FFFBF75EF94A
:10D57000FBF7FEFBFBF71EF9FEF7B2FAFFF796F991
:10D5800001F008F8A820F5F729FA00BF01210548A5
:10D59000F4F7B2F80028F9D1FAF788FF00F03AF969
:10D5A00000BFFEE76C0D00200021842800D0C11CC4
:10D5B000084670472DE9F0472DED068B84B0824672
:10D5C0000C46B0EE40AAB0EE608AF0EE418AB0EEB2
:10D5D000619AF0EE429A3448046000203249886033
:10D5E000C860082008611020B2EE091AFAEE090A94
:10D5F000B0EE4A0AFFF7E7FC85B20C20B3EE0E1A34
:10D60000FBEE0E0AB0EE480AFFF7DDFC86B20C20F6
:10D610009FED261ADFED260AB0EE680AFFF7D3FC6D
:10D6200087B20C20B1EE041ADFED210AB0EE490AF0
:10D63000FFF7C9FC1FFA80F80C20B2EE041AFAEECC
:10D64000040AB0EE690AFFF7BEFC1FFA80F928123F
:10D650008DF80800E8B28DF80900C6F307108DF8C0
:10D660000A003007000E40EA27208DF80B00F8B2C0
:10D670008DF80C00C8F307108DF80D004FEA087004
:10D68000000E40EA29208DF80E0009F0FF008DF809
:10D690000F0001AB02AA04495046F5F710FB04B095
:10D6A000BDEC068BBDE8F087042000200000FA43A3
:10D6B000000000000246501AB0F5805F03DDA0F5BF
:10D6C000F850FF3805E010F5805F02DA41F6FF738D
:10D6D000184400EE100AB8EEC00ADFED020A20EE90
:10D6E000200A7047DB0F493A90ED001AB4EEC01AD9
:10D6F000F1EE10FA02D280ED000A08E090ED001A77
:10D70000B4EEE01AF1EE10FA01DDC0ED000A704748
:10D7100002E0012000F076F8314890F890000028EF
:10D72000F7D0304802F068FB59E02F48B0F9A60165
:10D7300000EE100AB8EEC00ADFED2C0A20EE200A37
:10D74000294880ED6D0AB0F9C20100EE100AB8EE6A
:10D75000C00ADFED260A20EE200A234880ED740A75
:10D7600090ED6D0AD0ED740A30EE600ADFED200A0C
:10D7700020EE200AF0EE000A80EE201A80ED541A06
:10D7800090ED541AF0EE410A154890ED0A1AB1EEE8
:10D79000411AB0EE410A134802F066FB154890EDBD
:10D7A000000A114880ED550A90ED570AD0ED540A51
:10D7B0009FED111A00EE810A80ED570A90F8A80338
:10D7C000012808D19FED0D0A074880ED540A9FED0E
:10D7D0000B0A80ED570A0A48006800F013F8A4E726
:10D7E0004C2D002044210020A81A0020C1AAD93BBA
:10D7F000BE9F9A3D98020020E02D103B00000000E3
:10D80000A002002010B5002800D1012001F06CFC1E
:10D81000002010BD10B501F0D5FC002010BD30B5C2
:10D8200085B004460D466169B4F90800002910D09E
:10D83000A16971B1FFF7B8FE6269A1690192029115
:10D8400000902B4622692168606802F0C9F80490B4
:10D8500010E0FFF7A9FE04A901910090208A2B4651
:10D8600082B22168606802F085F8012802D005B014
:10D87000002030BD049805B030BD00002DE9F04116
:10D8800004460F461B4EF5683168002081F85200AF
:10D890003068001D01F0DEFA48B93068012190F8C7
:10D8A0002C0001FA00F0316921EA00003061B4F186
:10D8B000FF3F07D137B13068BDE8F041011D0E4888
:10D8C00001F027BB2C4430684460AC4206D230687B
:10D8D000011DB06BBDE8F04101F000BB3068011DD7
:10D8E000706B01F0FBFAB06A844200D2B462BDE80A
:10D8F000F081000068040020E432002070B5044686
:10D9000001F014FB1C4DA868401CA860286810B1E9
:10D91000686938B10CE02C60A868012808D100F0D3
:10D920008FF905E02868E16AC06A884200D82C6057
:10D93000686A401C6862E06A01212A6981401143DB
:10D9400029610E4900EB800001EB8000211D01F0F0
:10D95000E0FA01F00BFB686900280CD02868E16A46
:10D96000C06A884207D206494FF080500860BFF372
:10D970004F8FBFF36F8F70BD680400200832002006
:10D9800004ED00E038B501F0D1FA0F4C2068B8B9C9
:10D990000E4801F095FA0E4801F092FA0B48E0604B
:10D9A0001430206100200B4B009003F1480210213D
:10D9B0000A2001F057FD206010B107A101F05AFBC9
:10D9C000BDE8384001F0D2BAA4040020E0330020C2
:10D9D000F4330020F8320020546D72510000000032
:10D9E00070B50D4C6068002815D00C4E01F09EFA01
:10D9F000F068C568281D01F02DFAA068401EA060DF
:10DA00006068401E606001F0B1FA284600F051F8ED
:10DA100060680028EAD170BD68040020D032002080
:10DA20000B46026C002A0CD0C1681144C160D0F8CA
:10DA300008C0614501D30168C160C1681846F3F7A9
:10DA4000AABA70472DE9F041044616460027A56B97
:10DA5000226C002A10D0C6B1E068F3F79CFAE168A6
:10DA6000206C091AE1602268914202D2A168081A6A
:10DA7000E060022E16D017E02068A8B9A06802F076
:10DA80005DF807460020A0600EE06068F3F783FAB7
:10DA9000216C606808446060A168884204D32068F3
:10DAA000606001E005B16D1E681CA0633846BDE8EA
:10DAB000F08110B5044694F8511000290BD00129CB
:10DAC00011D0022914D0502080F31188BFF34F8F5A
:10DAD000BFF36F8FFEE7206B01F05EFA2046BDE8D2
:10DAE000104001F059BA2046BDE8104001F054BA88
:10DAF00010BD00000749CA681168002904D0002140
:10DB0000016019B1002070470121F9E7D068006871
:10DB100070470000A40400204FF4C041104810F0EA
:10DB2000070F06D0C01D20F007000D49411AC1F5AE
:10DB3000C0410C4A1060002353600144083921F0B1
:10DB40000701183A11604B600B600B1A43600160CB
:10DB50004068906050604FF0004050617047000096
:10DB600008340020D0040020074E4FF08054074DA9
:10DB7000FFF736FF30680128FAD92C60BFF34F8FCA
:10DB8000BFF36F8FF4E700000832002004ED00E0DF
:10DB900003460098002905D00260C3630164012197
:10DBA00001F098BC0060F8E72DE9F05F82460B9F1A
:10DBB0000A9D0C9C0E4690469B464FEA8801A52282
:10DBC000206BF3F75FFA206BA8F1010100EB8100F5
:10DBD00020F007094FF0000866B100202218315CE0
:10DBE00082F83410315C11B1401C1028F6D384F84F
:10DBF000438001E084F83480072D00D30625E562D8
:10DC00006564C4F84880201D01F065F904F118002E
:10DC100001F061F92461C5F10700A0616462C4F8F4
:10DC20004C8084F8508084F852805A4651464846C9
:10DC300000F0D0FA2060002F00D03C60BDE8F09FDB
:10DC400070B500240F4D04EB840005EB800001F05B
:10DC500037F9641C072CF6D30B4801F031F90B4857
:10DC600001F02EF90A4801F02BF90A4801F028F9D1
:10DC7000094801F025F909480349416314318163DA
:10DC800070BD00000832002094320020A83200202D
:10DC9000BC320020D0320020E43200206804002092
:10DCA00010B4144900E011460A688242FBD34B6865
:10DCB00003EB010C844503D14068184448600846D2
:10DCC0000C68D0F804C00CEB0003A3420CD10A4B43
:10DCD0001B689A4206D05268624442600A68126821
:10DCE000026002E0036000E00260814200D0086050
:10DCF00010BC7047D0040020B804002010B50024E8
:10DD000041600061DFF838C091420BD8D11A8269B6
:10DD1000914201D3012410E0011DDCF8100001F054
:10DD2000DDF80AE09A4203D2994201D3012404E0CB
:10DD3000011DDCF80C0001F0D1F8204610BD0000F8
:10DD4000A404002010B5044601F0F0F8A06B20B147
:10DD5000002401F00BF9204610BD0124F9E710B5AD
:10DD6000044601F0E3F8A06BE16B884201D1012485
:10DD700000E0002401F0FAF8204610BDF8B5054691
:10DD80000E461748C068C068C468201D01F062F8DC
:10DD900094F8240010F0040F18D0A0692B46411904
:10DDA00032462046FFF7AAFFA0B1002003460146F5
:10DDB00000902A46204601F0E5FF58B9502080F334
:10DDC0001188BFF34F8FBFF36F8FFEE720F0010084
:10DDD00084F82400216A01B02046BDE8F0400847DD
:10DDE000A404002030B587B0414D002202A9286864
:10DDF00001F0D0FC002875D00298002803DA039ABD
:10DE00000599049890470298002864DB049C606997
:10DE100010B1201D01F01EF801A800F0B3F8024671
:10DE200002980A2857D2DFE800F00505052F364D85
:10DE300005052F3694F8240040F0010084F82400F2
:10DE40000398A169034601442046FFF757FF0028C5
:10DE500041D0216A2046884794F8240010F0040F2E
:10DE600039D0002000900398A16900234218194678
:10DE7000204601F087FF70BB502080F31188BFF36C
:10DE80004F8FBFF36F8FFEE794F8240020F001005E
:10DE900084F824001FE094F8240040F0010084F886
:10DEA00024000398A06128B1811813462046FFF78B
:10DEB00025FF10E0502080F31188BFF34F8FBFF390
:10DEC0006F8FFEE794F8240010F0020F0CD020F0C2
:10DED000010084F82400002202A9286801F05AFCFD
:10DEE000002889D107B030BD204601F055F8F2E78F
:10DEF000A4040020F8B505460C4601F0ABF96846CD
:10DF000000F040F80646009810B101F0A1FEF8BDFF
:10DF100044B9B54206D801F09BFE31462846FFF7CA
:10DF20002DFFF8BD0C481CB10169096891B10024AE
:10DF3000A91B2246006801F0B1F801F089FE002813
:10DF4000EFD106494FF080500860BFF34F8FBFF309
:10DF50006F8FF8BD0124EBE7A404002004ED00E07E
:10DF60000749486B0068002805D0486BC068C06846
:10DF70004068886270474FF0FF3088627047000049
:10DF80006804002070B5044601F068FD0546074EA0
:10DF9000B068854204D200F00BF80120206001E057
:10DFA00000202060B560284670BD0000A404002059
:10DFB000F8B51C4EF0680068002826D00027F068ED
:10DFC000C0680568C468201D00F044FF216A20462F
:10DFD000884794F8240010F0040F12D0A069284458
:10DFE000A84206D960602461211DF06800F076FF28
:10DFF00007E000232A4619462046009701F0C2FE9A
:10E0000040B1F06800680028D9D1F0683169F1604A
:10E010003061F8BD502080F31188BFF34F8FBFF3FC
:10E020006F8FFEE7A404002000210278A52A04D106
:10E03000401C491C0278A52AFAD0880880B2704793
:10E040000A484068B0F1FF3F07D0502080F31188A4
:10E05000BFF34F8FBFF36F8FFEE7502080F311881F
:10E06000BFF34F8FBFF36F8FFEE70000D80400208F
:10E0700082B001A8FFF73EFD0199FFF73BFFFFF7D4
:10E08000B1FEF6E770B5044600F050FF94F9455034
:10E09000002D0CDD606A50B104F1240001F09CFDFC
:10E0A00008B101F051F8681E45B2002DF2DC4FF0C6
:10E0B000FF3684F8456000F059FF00F037FF94F90F
:10E0C0004450002D0CDD206950B104F1100001F026
:10E0D00083FD08B101F038F8681E45B2002DF2DC6E
:10E0E00084F84460BDE8704000F040BF2DE9F04185
:10E0F0000546002601F0AEF8344F386808B9FFF73E
:10E100000BFD7869054251D19DB1083515F0070F17
:10E110000FD005F00700C0F10800054415F0070F07
:10E1200007D0502080F31188BFF34F8FBFF36F8F5C
:10E13000FEE7002D3AD07868854237D82449084652
:10E14000046801E0214604466068A84202D22068C3
:10E150000028F7D13868844228D0086800F1080602
:10E16000206808606068411B10290FD9601910F001
:10E17000070F07D0502080F31188BFF34F8FBFF3F4
:10E180006F8FFEE741606560FFF78AFD6168786820
:10E19000401A7860BA68904200D2B8607869084343
:10E1A000606000202060F868401CF86001F050FDBD
:10E1B00016F0070F07D0502080F31188BFF34F8F60
:10E1C000BFF36F8FFEE73046BDE8F081B804002052
:10E1D000D0040020001F4FF080730360001F21F067
:10E1E00001010160001F0549016014380260001F31
:10E1F0006FF00201016020387047000041E0000824
:10E20000014691ED5B0ADFED150AB4EEE00AF1EE8E
:10E2100010FA08D291ED5B0ADFED110AB4EEE00AC4
:10E22000F1EE10FA11DC91ED5B0ADFED0E0AB4EEAF
:10E23000E00AF1EE10FA0EDD91ED5B0ADFED0A0A5D
:10E24000B4EEE00AF1EE10FA05D29FED080A81ED76
:10E25000520A012070470020FCE70000A63099BE5A
:10E26000DA0FC9BFD0537B3EDA0FC93FB81E053E57
:10E2700038B504460020009000255448216801600C
:10E28000217901716D1D601900880090AD1CBDF8E9
:10E29000000040F20222811A90425CD016DCB0F5F8
:10E2A000817F3FD00ADC012821D002282AD0032810
:10E2B0002CD0A0F20110002875D12DE0A0F203109F
:10E2C00078B301283AD0FE287CD13EE004295DD005
:10E2D00006DC012945D002294CD0032972D150E037
:10E2E000052957D006295FD0FF296BD163E060195B
:10E2F000374902680A6042684A6002890A81807A66
:10E30000887260E03348615D01705CE06119202231
:10E310003148F2F740FE56E0611930480968016063
:10E3200051E004E061192E48096801604BE0601972
:10E330002C4902880A808078887044E061192A4854
:10E340000A880280897881703DE061190D22274892
:10E35000F2F721FE37E0611910222548F2F71BFE83
:10E3600031E0611923480A6802604A68426089689E
:10E37000816028E0611920480A68026089888180EC
:10E3800021E061191D48098801801CE01C48615D7D
:10E39000017018E060191B4902680A6082888A804F
:10E3A000807988710FE00DE06019174902680A60F2
:10E3B0008088888007E06019144902680A608088B4
:10E3C000888000E000BF00BF38BD0000B802002018
:10E3D00088220020C202002093220020C3020020D5
:10E3E000C7020020CB020020CE020020B322002072
:10E3F000C0220020D0220020D1020020D70200201D
:10E40000D9020020DA020020E1020020E702002009
:10E4100070B50025A5264F4C95E04F48FEF758FDF6
:10E42000054694F8860006287ED2DFE800F0031443
:10E430002038445FB5420AD10120873404F8010C2A
:10E440002188481C24F88709A01D455402E00020BB
:10E45000A4F8870076E0A580B4F88710481CA4F8DB
:10E460008700A01D4554022084F886006AE0A08839
:10E4700040EA0520A080B4F88710481CA4F8870063
:10E48000A01D4554A088772803D2032084F8860075
:10E4900004E0002084F88600A4F8870052E034F8F5
:10E4A000871F2088401C24F88709A01D455404209C
:10E4B00084F8860046E034F8871F2088401C24F842
:10E4C0008709A01D4554B4F8870005280DD1052102
:10E4D000A01D00F017FF18B1052084F8860004E0A5
:10E4E000002084F88600A4F887002BE0B4F8871099
:10E4F000A0880930814207D234F8871F2088401C49
:10E5000024F88709A01D4554B4F88710A088093065
:10E51000814210D3002084F88600A4F88700A088E8
:10E5200000F10901A01D00E006E000F0CBFE10B1F3
:10E53000A01DFFF79DFE05E0002084F88600A4F8EA
:10E54000870000BF00BF0448FEF73AFD00287FF4B3
:10E5500064AF70BD042B0020EC260020FEF7A4FD64
:10E560004FF4806208490948FEF7CFFC4FF400726F
:10E570000749A1F5007000F0D1FB04E0FFF748FF68
:10E580000A20FFF73FF9F9E704270020EC260020D6
:10E59000EC24002010B524220249A1F12400FAF74E
:10E5A00003FF10BDD219002000B101B970470278F5
:10E5B000437842EA0322C2F30A020A804278D21068
:10E5C000837842EA4312C2F30A024A8082789211A7
:10E5D000C37842EA8302037942EA8322C2F30A0241
:10E5E0008A8002795210437942EAC312C2F30A02C6
:10E5F000CA804279C2F301128A72427912119308D9
:10E60000CB728279C37942EA032212B28A81027AFA
:10E61000437A42EA032213B201F10C02CB81827ADF
:10E62000C37A42EA032213B201F10C020B82037B8C
:10E630008B74437BCB74827BC37B42EA03228A8246
:10E64000027C437C42EA032212B20A810A88A2F5C4
:10E65000806212B20A804A88A2F5806212B24A80B1
:10E660008A88A2F5806212B28A80CA88A2F5806286
:10E6700012B2CA800A89A2F5806212B20A8100BF72
:10E6800094E7000010B500F06BF900F051F8224853
:10E69000007818B900202049A1F854011E480078DC
:10E6A000012825D1BBEE040A1B4880ED4F0A00F07B
:10E6B000BBFA9FED1A0A184880ED090A9FED180A67
:10E6C00080ED0A0A90ED4F1AF0EE410A90ED4E1AD5
:10E6D000B0EE410A1430FAF707FD0F4890ED0D0A2D
:10E6E000BDEEC00A10EE100A00B20B49A1F85401A9
:10E6F0000C49881EFEF7C8FC0B48408923300B49A3
:10E700000989884203DD00200349A1F85401024829
:10E71000B0F9540110BD0000902B002000007A4693
:10E720000000C843082D0020C0220020B322002092
:10E730005D4890ED000A5D4880ED000A5C4890ED70
:10E74000000A594880ED000A5A4890ED000A5648E0
:10E75000D0ED000A20EE200A5648D0ED010A5348B9
:10E7600090ED001A01EE200A53488068B0F90200CB
:10E7700000EE900AF8EEE00A9FED501A60EE810A72
:10E780004C4890ED021A00EE810A494880ED000ADB
:10E7900090ED000A484880ED4E0A8068008846499E
:10E7A0008968B1F90810401AB0F5805F08DD424869
:10E7B00090F85A01401E40B23F4981F85A0112E0D8
:10E7C0003D48806800883C498968B1F90810401AC2
:10E7D00010F5805F07DA384890F85A01401C40B2C3
:10E7E000354981F85A01344890F85A01122804D169
:10E7F000EF20314981F85A0108E02F4890F95A0179
:10E80000123018B911202C4981F85A012A4890F980
:10E810005A01C0EB4030284989680988084400EE55
:10E82000100AB8EEC00ADFED260A20EE200A2248C0
:10E8300080ED530A90F865011F4981F8660108468A
:10E840004068807C81F86501084690F8650158B100
:10E850000846B0F8680101280ADA0846B0F86801ED
:10E86000401CA1F8680103E000201349A1F86801E9
:10E870001148007890B110484068C07A02280DD144
:10E880000D48B0F86C01B0F5FA6F0BDA0A48B0F831
:10E890006C01401C0849A1F86C0103E00020064906
:10E8A000A1F86C0170470000F4020020F002002083
:10E8B000F802002014180108902B0020F1A23E3B22
:10E8C000C2B8B23710B500201F490870FEF7D8FB58
:10E8D0001D494860FEF7E4FB1B498860DFED1B0A19
:10E8E0009FED1B0A1B4A002117481430FAF7F4FC6D
:10E8F0000020154981F85A0108468068008800EE1A
:10E90000100AB8EE400ADFED140A20EE200A08468D
:10E9100080ED530A0020A1F8540181F872010846E5
:10E9200090ED530A80ED540A9FED0C0A80ED4E0ADB
:10E930009FED0A0A80ED4F0A002081F87401A1F8CA
:10E94000680181F8730110BD902B00200000C843BE
:10E9500000007A4608180108C2B8B237000000006B
:10E9600036484068C07A01280CD135480078012823
:10E9700008D03248407828B901203049487081F8E1
:10E980007A0110E02D484068C07A01280BD12C484C
:10E990000078012807D02948407820B10020274975
:10E9A000487081F87A0125484068C07A022803D16E
:10E9B00001202249087007E020484068C07A0328F7
:10E9C00002D100201D4908701C484068C07A40B23E
:10E9D0001B49087019484068007D00F0400050B1A4
:10E9E000164890F85C0100F0400020B9012013495E
:10E9F000487081F87A0111484068007D00F080007D
:10EA000050B10E4890F85C0100F0800020B9002061
:10EA10000A49487081F87A0108484068007D074932
:10EA200081F85C01074890F8940130B90020087023
:10EA3000A1F85401487081F87A017047902B0020AA
:10EA4000FC020020A81A0020D0ED000A91ED001A67
:10EA5000F4EEC10AF1EE10FA13DDD1ED000A70EE0A
:10EA6000800AC1ED000AD1ED000A90ED001AF4EE23
:10EA7000C10AF1EE10FA20DBD0ED000AC1ED000A68
:10EA80001BE0D0ED000A91ED001AF4EEC10AF1EEA0
:10EA900010FA12D2D1ED000A70EEC00AC1ED000AE0
:10EAA000D1ED000A90ED001AF4EEC10AF1EE10FA71
:10EAB00003D8D0ED000AC1ED000A7047F0EE601AED
:10EAC000B7EE004AB0EE443AF0EE403A194991ED03
:10EAD000004A23EE044A03EEA14AB0EE442A164946
:10EAE00091ED004A1549D1ED004A34EE244AF0EE8A
:10EAF000440A134991ED004A30EE844AC0EE844A3C
:10EB0000F0EE642A71EE424AB0EE424A02EEA44AA6
:10EB1000084981ED004AB7EE004A34EE624A24EE1D
:10EB2000204A054981ED004A024991ED004A80EDF5
:10EB3000004A7047FC01002000020020A4010020D0
:10EB4000A001002010B500EE100A2DED028BB1EEF1
:10EB5000C08A18EE100A20F00040C0F1FF40C00F3C
:10EB60000AD010EE100A20F00040C0F1FF40C00FA4
:10EB700004BF0120F2F731FB18EE100ABDEC028B46
:10EB800010BD0000FEF778FA1D49086037E000204C
:10EB90001C4908701C49087014E01B48007800EB01
:10EBA000C0001749096801EB8000C07CC0F3401029
:10EBB00018B101201349087008E013480078401C80
:10EBC00011490870104800780128E6DB00BF0D48A5
:10EBD000007820B90D48007808B1FCF7DFFE09483D
:10EBE000007828B108490978491CC8B2FCF7E8FE4A
:10EBF00004480078054908700A20FEF703FEC6E7BE
:10EC0000A0000020A4000020A6000020A5000020F5
:10EC1000014601EBC100034A02EB8000C07CC0F357
:10EC2000401070472C19002010B52DED048B2B4897
:10EC3000B0F86E01C82805DABBEE040A274880ED5B
:10EC40004F0A04E0B3EE040A244880ED4F0A23483B
:10EC500090ED4E0A10EE101A084602F03FFB41EC10
:10EC6000190BB0EE490AF0EE690AFCF7CBFCB0EEE6
:10EC7000408AF0EE608A9FED1A0B53EC102B51EC9A
:10EC8000180B01F0F9FD0FD21448B0F86E01C82836
:10EC90000ADA1248B0F86E01401C1049A1F86E0162
:10ECA0000020A1F8700116E00C48B0F86E01C828E9
:10ECB0000DD10A48B0F87001B0F5967F07DA074821
:10ECC000B0F87001401C0549A1F8700103E0002074
:10ECD0000249A1F86E01BDEC048B10BD902B002001
:10ECE000000000000000F83FB0EE401A30EEC10A0C
:10ECF000F0EE401AB0EE412A00EE100AB8EEC00A5B
:10ED000060EE212A01228A40521E00EE102AB8EE3F
:10ED1000C03A82EE830A30EE020A704710B5474BC4
:10ED20001B685B6943F04003444C24686361434BB8
:10ED30001B685B6943F08003404C246863613F4B70
:10ED40001B68DB6843F010033C4C2468E3603C4BD9
:10ED50001B681B6823F00103394C2468236007E01B
:10ED6000374B1B681B6823F00103354C2468236074
:10ED7000334B1B681B6803F00103002BF0D1304BB1
:10ED80001B68304CA34204D9E3142E4C4C3C236046
:10ED900019E02B4B1B682C4CA34204D9E314294CDB
:10EDA000503C23600FE0264B1B68274C603CA3427D
:10EDB00004D9E314244CB83CE36004E04FF400634E
:10EDC000214CB83CA360214B1D4C2468A3601C4B14
:10EDD0001B68D8601A4B1B681961194B1B685A6075
:10EDE000174B1B681B6843F48023154C2468236071
:10EDF000134B1B681B6843F00103114C246823600C
:10EE0000134B1B681B6823F00103114C246823601B
:10EE100007E00F4B1B681B6823F001030C4C2468B0
:10EE200023600B4B1B681B6803F00103002BF0D120
:10EE3000064B074C2468A36010BD00001C11002085
:10EE40002412002058640240B860024004140140BB
:10EE5000841200200169436882689A60836842686E
:10EE60005A604A68824201D182684A600022026187
:10EE70000868401E0860086870470000002801D13B
:10EE800002480068006BFFF7CFB80000680400205C
:10EE9000034B0360034B0B6080231360704700003B
:10EEA000E80400203C050020034B0360034B0B608B
:10EEB0004FF48073136070473C07002090070020D8
:10EEC00000F1080141604FF0FF328260C1600161D2
:10EED00000210160704700210161704710B4D1F832
:10EEE00000C0BCF1FF3F02D000F1080202E002695D
:10EEF00004E01A4653681C686445FAD953684B60AD
:10EF000099608A60516008610168491C016010BC09
:10EF1000704742684A6093688B609368596091605B
:10EF200008610168491C016070470000502080F3AF
:10EF30001188BFF34F8FBFF36F8F0A494868401C99
:10EF4000486001280CD10848006810F0FF0F07D076
:10EF5000502080F31188BFF34F8FBFF36F8FFEE710
:10EF600070470000D804002004ED00E0094948681B
:10EF7000002806D0401E4860002801D180F3118887
:10EF80007047502080F31188BFF34F8FBFF36F8F0E
:10EF9000FEE70000D804002070B500282AD0A0F1B8
:10EFA0000804154D60686969084207D1502080F354
:10EFB0001188BFF34F8FBFF36F8FFEE722683AB11E
:10EFC000502080F31188BFF34F8FBFF36F8FFEE7A0
:10EFD0008843606000F03EF96068696808446860D2
:10EFE0002046FEF75DFE2869401C2861BDE87040A0
:10EFF00000F02EBE70BD0000B80400204FF0E020ED
:10F0000000210161816105494FF47A720968B1FB01
:10F01000F2F1491E4161072101617047340000206F
:10F0200010B5F1F785F9114910280ED300F1E02051
:10F0300090F8F0030A78904207D2502080F31188AC
:10F04000BFF34F8FBFF36F8FFEE7094800688968F1
:10F0500000F4E060884207D9502080F31188BFF3A4
:10F060004F8FBFF36F8FFEE710BD0000D804002064
:10F070000CED00E00022084B53F832C0BCF1000F49
:10F0800003D0521C082AF7D3704743F8321003EB21
:10F09000C201486070470000C831002070B50446C6
:10F0A0000D461646FFF742FF94F94400B0F1FF3FCA
:10F0B0004FF0000001D184F8440094F94510B1F1FB
:10F0C000FF3F01D184F84500FFF750FFA06B28B93E
:10F0D0003246294604F1240000F056F82046BDE8E7
:10F0E0007040FEF7CFBF000010B502460020002A96
:10F0F00012D00F48006B38B1502080F31188BFF355
:10F100004F8FBFF36F8FFEE700F0A4F80021104689
:10F11000FEF7B4FB00F09CFD002807D105494FF035
:10F1200080500860BFF34F8FBFF36F8F10BD00009A
:10F130006804002004ED00E002490A6A0260C96820
:10F14000416070476804002001490120C861704790
:10F150006804002010B50C4600280BD0094A12683C
:10F1600002F11801FFF7BAFE2046BDE81040012168
:10F17000FEF784BB502080F31188BFF34F8FBFF39D
:10F180006F8FFEE76804002070B50D461446002816
:10F190000DD00B4909681831FFF7BBFE0CB14FF0D9
:10F1A000FF3521462846BDE87040FEF767BB50207A
:10F1B00080F31188BFF34F8FBFF36F8FFEE700001E
:10F1C0006804002030B587B000250695059504AA8F
:10F1D00005A906A8FFF75CFE069805990191029023
:10F1E0000023009517A11948049A00F0F9FB184C68
:10F1F000E06208B1012000E00020012801D100F008
:10F200008DFD01280AD0B0F1FF3F19D1502080F3C5
:10F210001188BFF34F8FBFF36F8FFEE7502080F34D
:10F220001188BFF34F8FBFF36F8F4FF0FF30A06295
:10F2300001206061E56007B0BDE8304000F07AB8B9
:10F2400007B030BD49444C450000000069DB0008B0
:10F25000680400200248016B491C016370470000EC
:10F2600068040020154A106B002802D00120D061EC
:10F2700070470020D0611069B0FA80F0C0F11F0023
:10F280000F4900EB800051F8203073B101EB800092
:10F2900041684968416000F10803994201D1496819
:10F2A00041604068C06810607047502080F311884A
:10F2B000BFF34F8FBFF36F8FFEE70000680400209D
:10F2C0000832002070B505460C4600260DB1022C10
:10F2D00001D8002070BDA11E094802882846FDF70C
:10F2E0008BFE0646F1B2A01E285C814206D1601E4C
:10F2F000285CB0EB162F01D10120EBE70020E9E7F5
:10F30000E404002070B505460C4600260DB1022C21
:10F3100001D8002070BD611EFF222846FDF786FE41
:10F320000646601E285CB04201D10120F2E70020B1
:10F33000F0E7000010B582B038480168384A9142C1
:10F3400007D1502080F31188BFF34F8FBFF36F8F29
:10F35000FEE700683349884207D1502080F31188C6
:10F36000BFF34F8FBFF36F8FFEE72F4908780190EF
:10F37000FF200870087800909DF800009DF800209C
:10F3800000F0F000904207D0502080F31188BFF3C6
:10F390004F8FBFF36F8FFEE79DF80000234C00F006
:10F3A000500020700720A0609DF8000010F0800F32
:10F3B0000BD0A068401EA0609DF8000040000090A7
:10F3C0009DF8000010F0800FF3D1A068032807D04B
:10F3D000502080F31188BFF34F8FBFF36F8FFEE78C
:10F3E0004FF44070A060019808701148016841F422
:10F3F00070010160016841F070410160FFF7FEFD9E
:10F4000000206060F0F75CFF0A48016841F040416D
:10F410000160F0F741FF02B0002010BD00ED00E0F8
:10F4200071C20F4170C20F4100E400E0D804002017
:10F4300020ED00E034EF00E010B5502080F311889B
:10F44000BFF34F8FBFF36F8F00F00EFB18B104496D
:10F450004FF080500860002080F3118810BD00003C
:10F4600004ED00E038B5049D002804D05BB102B182
:10F4700089B1C2B120E0502080F31188BFF34F8FD3
:10F48000BFF36F8FFEE7502080F31188BFF34F8FDB
:10F49000BFF36F8FFEE7502080F31188BFF34F8FCB
:10F4A000BFF36F8FFEE739B1502080F31188BFF3AF
:10F4B0004F8FBFF36F8FFEE74FF0480CCDF800C0C1
:10F4C0001C46012384F846302B460094FEF760FB6F
:10F4D000204638BD70B504460D46002C25D0FFF7F8
:10F4E00025FD226CE16B206801FB0200A06000207A
:10F4F000A06320686060E16B226C2068491E01FBFC
:10F500000200E0604FF0FF3084F8440084F84500CA
:10F510009DB104F11000FFF7D3FC04F12400FFF7C4
:10F52000CFFCFFF723FD012070BD502080F3118830
:10F53000BFF34F8FBFF36F8FFEE720690028F0D035
:10F5400004F1100000F048FB0028EAD004494FF015
:10F5500080500860BFF34F8FBFF36F8FE1E700006B
:10F5600004ED00E02DE9FF4782B004468A461F46BD
:10F570000025002C03D0BAF1000F08D011E0502074
:10F5800080F31188BFF34F8FBFF36F8FFEE7206CBE
:10F5900038B1502080F31188BFF34F8FBFF36F8FC6
:10F5A000FEE7022F0AD1E06B012807D0502080F33C
:10F5B0001188BFF34F8FBFF36F8FFEE700F040FA63
:10F5C00048B9049838B1502080F31188BFF34F8FA9
:10F5D000BFF36F8FFEE700264FF08058DFF8F09002
:10F5E000FFF7A4FCA06BE16B884205D3022F03D088
:10F5F000049808B335B329E03A4651462046FEF751
:10F6000021FA616A59B104F1240000F0E5FA68B109
:10F61000C9F80080BFF34F8FBFF36F8F06E028B1AA
:10F62000C9F80080BFF34F8FBFF36F8FFFF79EFCC9
:10F6300006B00120BDE8F087FFF798FC06B0002077
:10F64000BDE8F0876846FFF777FD0125FFF78EFCE0
:10F65000FFF700FEFFF76AFC94F94400B0F1FF3FAA
:10F6600001D184F8446094F94500B0F1FF3F01D125
:10F6700084F84560FFF77AFC04A9684600F02EF98B
:10F6800040B12046FEF7FEFC00F0E2FA06B0002092
:10F69000BDE8F0872046FEF762FB90B104F1100050
:10F6A0000499FFF757FD2046FEF7ECFC00F0D0FA76
:10F6B000002895D1C9F80080BFF34F8FBFF36F8F3B
:10F6C0008EE72046FEF7DEFC00F0C2FA88E7000075
:10F6D00004ED00E02DE9F0470446894617461E4632
:10F6E000002C03D0B9F1000F08D011E0502080F3B6
:10F6F0001188BFF34F8FBFF36F8FFEE7206C38B1D7
:10F70000502080F31188BFF34F8FBFF36F8FFEE758
:10F71000022E0AD1E06B012807D0502080F3118817
:10F72000BFF34F8FBFF36F8FFEE7FFF779FC5020D9
:10F73000EFF3118880F31188BFF34F8FBFF36F8F02
:10F74000A06BE16B884206D3022E04D0002088F320
:10F750001188BDE8F08794F94550A06B32464946C0
:10F760002046FEF76FF9B5F1FF3F04D0681C84F81E
:10F7700045000120EBE7606A0028FAD004F124007C
:10F7800000F02AFA0028F4D0002FF2D001203860CF
:10F79000EFE700002DE9F74783B004468A460025CD
:10F7A000002C03D0BAF1000F08D011E0502080F3F4
:10F7B0001188BFF34F8FBFF36F8FFEE7206C38B116
:10F7C000502080F31188BFF34F8FBFF36F8FFEE798
:10F7D00000F036F948B9059838B1502080F3118807
:10F7E000BFF34F8FBFF36F8FFEE700274FF08058B6
:10F7F000DFF8E490FFF79AFBA66BC6B151462046AE
:10F80000FEF70EF9701EA063206950B104F11000DC
:10F8100000F0E2F928B1C9F80080BFF34F8FBFF3C1
:10F820006F8FFFF7A3FB06B00120BDE8F0870598B6
:10F8300008B135B109E0FFF799FB06B00020BDE83B
:10F84000F0876846FFF778FC0125FFF78FFBFFF78D
:10F8500001FDFFF76BFB94F94400B0F1FF3F01D1CC
:10F8600084F8447094F94500B0F1FF3F01D184F869
:10F870004570FFF77BFB05A9684600F02FF868B1DB
:10F880002046FEF7FFFB00F0E3F92046FEF75AFAA8
:10F890000028AFD006B00020BDE8F0872046FEF774
:10F8A00051FA90B104F124000599FFF753FC20466A
:10F8B000FEF7E8FB00F0CCF900289BD1C9F80080E6
:10F8C000BFF34F8FBFF36F8F94E72046FEF7DAFB4D
:10F8D00000F0BEF98EE7000004ED00E02DE9F041F4
:10F8E00005460C46002D14D0DCB1FFF71FFBDFF8F6
:10F8F00080C0DCF80C006B68C11ADCF80020002620
:10F9000092F85220AAB1DCF8000080F8526001247D
:10F9100029E0502080F31188BFF34F8FBFF36F8F22
:10F92000FEE7502080F31188BFF34F8FBFF36F8F36
:10F93000FEE72268B2F1FF3F08D02F68DCF820C054
:10F94000674505D0834203D801240CE000240AE077
:10F950008A4206D9501A20602846FFF7EDFB0024A2
:10F9600001E026600124FFF701FB2046BDE8F0819D
:10F97000680400202DE9F04F85B081460F9F0E9E50
:10F980008A4690469B464FEA8800FEF7AFFB054645
:10F9900028000AD05420FEF7A9FB04460CB12563C9
:10F9A00004E02846FFF7F8FA00E000249CB10020AC
:10F9B00084F8510003905B464246514601970096F9
:10F9C00002944846FEF7F0F82046FDF797FF05B091
:10F9D0000120BDE8F08F05B04FF0FF30BDE8F08F9B
:10F9E00070B586B00646DDF828C00C9C0B98002840
:10F9F00016D0ECB1542504952063022084F8510000
:10FA0000002005AD0390CDF800C00195029430466A
:10FA1000FEF7CAF82046FDF771FF059806B070BDE5
:10FA2000502080F31188BFF34F8FBFF36F8FFEE735
:10FA3000502080F31188BFF34F8FBFF36F8FFEE725
:10FA400005484169002903D0006B18B100207047B8
:10FA50000120704702207047680400200148C068F8
:10FA600070470000680400202DE9F0470026314F60
:10FA7000386B002805D0B869401CB8613046BDE835
:10FA8000F087F868451CFD609DB9786B006838B157
:10FA9000502080F31188BFF34F8FBFF36F8FFEE7C5
:10FAA000786BB96B7963B863386A401C3862FEF7CB
:10FAB00057FAB86ADFF8808085420FD34FF001090A
:10FAC000786B006838B1786BC068C468606885423C
:10FAD00012D2B86202E04FF0FF30B8623868C06AF4
:10FAE00000EB800058F82000012800D90126F869B1
:10FAF0000028C3D00126C1E7201DFFF7ABF9A06A9B
:10FB000018B104F11800FFF7A5F9E16A3A6909FA9A
:10FB100001F01043386101EB810008EB8000211DEA
:10FB2000FFF7F7F9E06A3968C96A8842C8D3012645
:10FB3000C6E70000680400200832002070B50446C3
:10FB40000021002841D0224D2868844207D050204F
:10FB500080F31188BFF34F8FBFF36F8FFEE7A06C68
:10FB600038B1401EA064636CE26A9A422DD040B165
:10FB70002BE0502080F31188BFF34F8FBFF36F8FBE
:10FB8000FEE7201DFFF766F91249012258B9E06A25
:10FB900000EB800351F823302BB92B6902FA00F0F7
:10FBA00023EA00002861606CE062C0F10700A061F8
:10FBB000E06A2B6982401A432A6100EB800001EB66
:10FBC0008000211DFFF7A5F90121084670BD000046
:10FBD000680400200832002070B5C068C468002C9A
:10FBE00014D004F11800FFF735F9164D286B0126E3
:10FBF000A0B104F118011448FFF78BF9E06A2968F5
:10FC0000C96A88421CD90120EE6170BD502080F382
:10FC10001188BFF34F8FBFF36F8FFEE7201DFFF7F3
:10FC200019F9E06A2A6906FA00F1114329610749C6
:10FC300000EB800001EB8000211DFFF76AF9DDE792
:10FC4000002070BD68040020BC3200200832002073
:10FC50002DE9F0470024A0462D4D286B002807D041
:10FC6000FFF764F9286B401E2863286B40B149E018
:10FC7000502080F31188BFF34F8FBFF36F8FFEE7E3
:10FC8000A86800283ED0234F3868012600B3A7F1AA
:10FC9000B409F868C46804F11800FFF7DBF8201D08
:10FCA000FFF7D8F8E06A2A6906FA00F111432961E2
:10FCB00000EB800009EB8000211DFFF72AF9E06AC4
:10FCC0002968C96A884200D3EE6138680028E0D10B
:10FCD0000CB1FEF745F9AC6944B1FFF7C5FE00B1C0
:10FCE000EE61641E002CF8D10020A861E86948B1DB
:10FCF0004FF0010808494FF080500860BFF34F8F64
:10FD0000BFF36F8FFFF732F94046BDE8F087000080
:10FD100068040020BC32002004ED00E030B587B05C
:10FD20000024FDF72FFE134D2868B0B10020069087
:10FD3000059004AA05A906A8FFF7B6F80599069844
:10FD4000022200920191029000230BA10C48049A18
:10FD5000FFF746FE686000B1012414B107B02046E9
:10FD600030BD502080F31188BFF34F8FBFF36F8FEA
:10FD7000FEE70000A4040020546D72205376630057
:10FD800071E00008F0B585B084460A9D16461F460E
:10FD90000022BCF1000F14D0164C206800B3009173
:10FDA0000196CDF808C006291BDAFFF749FE0228A4
:10FDB0000FD000231A4669462068FFF7D3FB02469E
:10FDC00015E0502080F31188BFF34F8FBFF36F8F82
:10FDD000FEE700232A4669462068FFF7C3FB024678
:10FDE00005E000233A466946FFF774FC024605B079
:10FDF0001046F0BDA404002070B504460223002282
:10FE000019462046F7F7F4FCF8341249A06891E847
:10FE10002C00C96880E82C00C1600F492068D1E936
:10FE200001530A68C968C0E901530260C1600B4D03
:10FE3000E069D5E901132A68ED68061D2AC602604B
:10FE4000074D236A27CD27C36369F83C054D27CDAD
:10FE500027C370BD580200206802002078020020ED
:10FE600088020020F817010870B52DED028B0446BA
:10FE7000B0EE408AF0EE608A154AD4F81401D2E957
:10FE80000035D2E90212C0E90035C0E90212114D75
:10FE9000D4F818012ECD2EC06068C0ED008A6068CD
:10FEA00080ED018A2046F8F723F900200BE0216855
:10FEB00001EB800191ED000A074901EB800181ED22
:10FEC000000A411CC8B20228F1DBBDEC028B70BDF8
:10FED00078020020880200209802002021F00042D1
:10FEE000A2F16052B2F5801F01F0004328BFD2F1A9
:10FEF0007E6C51D9F1EE10CA1CF4400F14D15FEAA8
:10FF0000C00C43EAC20202EB507008BF70475FEAC0
:10FF10004C0C40F10000DFF880C241F0E98028BFBE
:10FF200020F0010001F0E4B8C30001F0004343EA0F
:10FF3000C20202EB507008BF70471B4248BF4FEA35
:10FF40004C0C1CF4000F08BF401CDFF84CC201F041
:10FF5000CFB8C30001F0004343EAC20202EB507283
:10FF600004BF104670471B4248BF4FEA4C0C1CF4BC
:10FF7000000FDFF824C218BF104641F0B98008BF57
:10FF8000521C12F4000F08BF104601F0B18021F09E
:10FF9000004201F0004330E050EA410C04BF084643
:10FFA00070475FEA125CBCF1FE0F1ED1F1EE10CA81
:10FFB0001CF4400FCDD15FEAC00C9BD05FEA001C5F
:10FFC0004FEAC20C4CEB507C04BFC2002CEAD27C3E
:10FFD0001CF4000F04BF4CEA0300DFF8BCC101F0C1
:10FFE000878021F00042A2F16052B2F5801F4FEAF3
:10FFF000410C2ADB1CF5001F16D2F1EE10CA1CF4CE
:020000040801F1
:10000000806F06D02CF0005C4CF0805CA1F1406168
:100010002AE04FF07F40DFF884C143EA500001F04E
:1000200067B8084601F015BA70B500F061FC00BF72
:10003000000000B988000004FFF7F3BF21F0704210
:1000400043EA507040EAC2007047F1EE10CA2CF04B
:10005000805C4CF0005C1CF4006F25D04B00B3F5C5
:10006000001F51D301F140611CF4400F40F07E802D
:100070000CF0405CC3004CF0880C11D05CF0404C9C
:1000800010F0805F0CD0034610F1005041F10001E8
:10009000020108BF20F00050834218BF2CF0004C32
:1000A00000F0604001F0D1BA1CF4400F1AD01B429E
:1000B00048BF4FEA4C0C1CF4000F13D112F1406200
:1000C00048BF22F07F424FEAC00CBCF1010F43EA67
:1000D000C20242EB50704FF0880228BF42F08042CB
:1000E00001F0BCB912F1406248BF22F07F425FEAE2
:1000F000C00C43EAC20242EA50704FF0880218BFB7
:1001000042F0404201F0AAB901F0004321F0004161
:10011000094214D0B1FA81FCACF10B0CCCF12002F5
:1001200001FA0CF120FA02F241EA02014FEA0C5204
:1001300000FA0CF0A1EB020181EA03010FE0B0FA32
:1001400080F200FA02F002F115024FEAD0214FEAE4
:100150000252A1EB02014FEA405081EA0301F1EEA5
:1001600010CA2CF0805C4CF0005C7BE762460CF01F
:10017000405CC3004CF0880C92D05CF0404C0942CB
:1001800048BF520012F4000F8AD110F1005041F123
:1001900000012CF0004C83D1880000408800001042
:1001A00010B5DFF840E211F5801C13F580141EEA4B
:1001B0004C0F18BF1EEA440F00F0C88091EA030FED
:1001C00048BF83F0004300F19C85841A71EB030C57
:1001D00005D2121943EB0C03001B61EB0C014FEA33
:1001E0001154A4EB135C23EA6E0321EA045143F497
:1001F0008013DCF1200E53D322FA0CFE10EB0E001C
:1002000023FA0CFE41EB0E01CCF1200E03FA0EFE98
:1002100010EB0E0051F10001B1F5801FCCF1200E62
:1002200053D201EB045112FA0EF2BDE8104008BFA0
:100230007047F1EE10CA1CF4400F1ED14FF0110CA4
:1002400092F0000F4CF0804C40F15287401C38BFB8
:100250005FEA420240F04C87002814BF20F0010002
:1002600041F100014FEA410313F5001F24BF4CF098
:10027000805CA1F1C04100F03BBF11F0004F54BFC2
:100280001CF4000F1CF4800F4FF0110C4CF0804C4C
:1002900040F02E87401CC0F02B8741F10001E1E7C0
:1002A000012A43EB0302ACF1200CDCF11F0E32BF3C
:1002B0004FF0000E23FA0CF310EB030041EB045156
:1002C000B4EB115FAFD0A1EB045101F580114908E7
:1002D0005FEA300002FA0EF242EA420201EB0451F8
:1002E0005FEA320213D0BDE81040F1EE10CA1CF4F0
:1002F000400F1AD14FF0110C92F0000F4CF0804CCF
:10030000B0D5401C38BF5FEA4202ABD1A4E7BDE8DC
:1003100010404FEA410313F5001F38BF7047DFF864
:10032000C8C0A1F1C04100F0E3BE11F0004F54BFBE
:100330001CF4000F1CF4800F4FF0110C4CF0804C9B
:1003400090D1401C8ED341F100018BE74EF4001E8A
:100350003EEA410418BF3EEA430439D091EA030F54
:1003600048BF83F0004300F1C785841A71EB030C8A
:1003700005D2121943EB0C03001B61EB0C0152EA8E
:10038000430E4FEA1154A4EB135C13D05FEA445EB2
:1003900021EA04511CBF23F00043ACF1010C7FF4AF
:1003A00028AFBDE810404FF0110C801841EB03015D
:1003B00000F089BD5FEA445EBDE8104018BF704799
:1003C00050EA410C08BF70474FF0110C00F07BBDA4
:1003D000BDE8104070B500F08BFA00BF64FBBE3E74
:1003E000110000040000C0FF11000010491058BFA8
:1003F000C1F140415B1058BFC3F140438B42EFF362
:10040000008070472DE9C04130B4DFF864C33CEA96
:10041000111418BF3CEA131400F04B8181EA030564
:100420001CEA111444EAD57418BF1CEA131500F035
:100430001D81A4EB05044FF0004545EAC12145EAC2
:10044000C32341EA505143EA525304F17F74994265
:1004500004F500344FEAC0204FEAC22208BF9042A0
:1004600000F0D0804FEA13650FF20426765D4FEA64
:10047000134506FB05F7C7F1807706FB07F74FEA40
:10048000D737A7FB03687642C8F58038A7FB06CEAE
:1004900038BFA8F1010807FB08E64FF0000EA6FBE5
:1004A000028CE6FB03CEDCF1000CCEF1004E38BF2F
:1004B000AEF1010EA6FB0C584FF000074FF00005FF
:1004C000E6FB0E87A1FB08C6A0FB07CE16EB0E06C7
:1004D00045F10005E1FB076515F1E04E7EBFA4F58F
:1004E00080345FEA46066D4116F18007F1EE10CACE
:1004F00045F100054FEA172747EA05671CF4400F4E
:100500004FEA152536D14FEA4666A6F15E46B6F1AA
:10051000085F2FD9B4F1FE6F2CD8384624F0010CB7
:1005200005EBC471BCF1FE6F01EB0C11DFF844C2A6
:1005300002D8F0BCBDE8004140F2DA8524425CBF3D
:1005400001F5801E9EEAC47F02D4F0BCBDE80041E4
:1005500040F1CE85244277D4DFF81CC256EA080E5B
:10056000A1F1C04118BF4CF0804CF0BCBDE8004187
:1005700000F0BEBD4FEAD22242EA43524FEAD323F3
:10058000A7FB02864FEAD02040EA415007FB0366F2
:100590001EEA0E0F4FEAD12105FB026658BFA6EBFB
:1005A0000056B6EB00564FEA520E4EEAC37E18EBE9
:1005B0000E0E56EB530E05D518EB02085E417F1C5C
:1005C00055F1000556EA080E24D01CF4400FA4D0C3
:1005D00014F0010F18BF4FEA4C0C1CF4000F08D0A8
:1005E00036429AD4B8EB02089E417F1E75F1000591
:1005F00093E7364291D518EB02085E417F1C55F116
:1006000000058AE74FF480154FF000074FF0000611
:100610004FF0000824F0010C384605EBC471BCF122
:10062000FE6F01EB0C1102D8F0BCBDE800811CEAA2
:100630000C0F5CBF01F5801E9EEAC47F02D4F0BCA3
:10064000BDE80081244287D556EA080C01F1C0417B
:100650001CBF06F0004C4CF0804C4CF0005CF0BC31
:100660004CF0140CBDE8004100F084BC50EA410E8F
:100670000CEA13150BD052EA430E13D000F0B9F96F
:10068000641B86EA4606240444EAD674D3E652EA9A
:10069000430E00F02680F0BC81EA030101F0004126
:1006A000BDE80081F0BCBDE80041DFF8D0C000F03B
:1006B0001FBDF0BCBDE8004170B500F019F900BFE6
:1006C000097EFC3E1400000400F007B881EA030133
:1006D0004FF0000001F00041704781EA030100F093
:1006E000C0B9F0BCBDE800415FF828C000F000BD13
:1006F000FFFDFBF9F7F5F4F2F0EEEDEBE9E8E6E4E7
:10070000E3E1E0DEDDDBDAD8D7D5D4D3D1D0CFCD6D
:10071000CCCBCAC8C7C6C5C4C2C1C0BFBEBDBCBBA6
:10072000BAB9B8B7B6B5B4B3B2B1B0AFAEADACABA1
:10073000AAA9A8A8A7A6A5A4A3A3A2A1A09F9F9E7B
:100740009D9C9C9B9A99999897979695959493932D
:10075000929191908F8F8E8E8D8C8C8B8B8A8989C4
:100760008888878786858584848383828281818047
:100770000000FF07140000401400001014000008DF
:100780004FEA1153A3F5806380B5D3F11E03A8BFD0
:10079000D3F1200C1BDB4FF0004242EAC12252EAA7
:1007A000505232FA03FC62FA03F787EA0C0757EA61
:1007B000C0270AD052EA505232FA03FC6046BDE824
:1007C0008040DFF890C000F093BC604680BD0942D5
:1007D00018D450EA410C00D180BD102B07DD4FF03A
:1007E0000000BDE88040DFF86CC000F081BC03F57C
:1007F000787CBCF1FF3F22D0BDE88040DFF858C0D4
:1008000000F076BCBDE8804001F1804212F5801F07
:1008100009DA50EA41024FF0000018BFDFF834C097
:1008200040F066847047DFF830C0012841EB0102D8
:1008300012F5001F88BF4CF4803C00F059BCBDE8A5
:10084000804070B500F054F8000000BFE8000304D9
:1008500080B5D1E7E8000240E8000204B1FA81F275
:1008600001FA02F1C2F11D024FEA415003EB0253BB
:1008700003EBD1217047000051EA030C11D41CF5A1
:10088000801F00F10680994218BF704708BF904250
:10089000704711F5801F58BF13F5801F18D4994277
:1008A00070471CF5801F09D550EA410C0EBF52EA73
:1008B000430C8B42704708BF824270474FF4001CC4
:1008C0001CEB410F38BF1CEB430F01D28B4270472A
:1008D00070B500F00DF800BF0000003F19001604CD
:1008E000FFF784BD4FF000514FF08053FFF77EBDFE
:1008F0000EF1020E2EF0030E01285EF8086B41EB9C
:10090000010414F5001418BFB4F5801F23D3364238
:1009100008D4012A43EB030515F5001518BFB5F5FA
:10092000801F18D301EB010C1CF5801F16D2364234
:1009300004D403EB030C1CF5801F0FD2002C10D144
:100940004FEAD17C002D0CEB4C0C0CF1020C08BFD3
:100950004CEBD37C07E04FF0090C04E04FF0080C9F
:1009600001E04FEAD37C0CEB4C0526FA05F606F0C5
:100970000706B6F1040C06D20EEB860CBDE87040FB
:100980004CF0010C6047DFE80CF0222413025EF803
:1009900004CC1B2D08D1002C88BFB4F5801F34BFB8
:1009A0004CF4804C4CF4004CBDE8704000F0A0BB0F
:1009B000002C88BFB4F5001F24BF1946104670BD37
:1009C0004FF000004FF00041A1F5002170BD194625
:1009D0001046012851EB010418BFD4F5001484BF60
:1009E0005EF804CC2CF0806CBDE8704000F25F83B0
:1009F000704780B54FF003065C004FEA03334FEABF
:100A00003606640D4FEA133318BF43F480131CD12C
:100A100053EA125E04F1010402BF13460022203C97
:100A20001B4202BF130B1205143CB3FA83FEAEF156
:100A30000B0ECEF1200C03FA0EF322FA0CFC02FA94
:100A40000EF2A4EB0E0443EA0C030FB416F0010FF0
:100A50000CBC03BC18BF2546CED180BD80B5012695
:100A6000F3E70808A0F500114FEA3101704753EA97
:100A7000010C11D41CF5801F00F106808B4218BFB9
:100A8000704708BF8242704713F5801F58BF11F5A9
:100A9000801F18D48B4270471CF5801F09D552EA7D
:100AA000430C0EBF50EA410C9942704708BF904278
:100AB00070474FF4001C1CEB430F38BF1CEB410F79
:100AC00001D2994270470FB40CBC03BCFFF700BFC2
:100AD0002DE9F04101F5801CBCF5001FC0F2DC805F
:100AE0004FEA115C21EA0C5141F480110CF1FD0C2C
:100AF0005FEA5C0C0CF5C07C01D34000494135A491
:100B0000890241EA905187028E0E0A0CA45D04FB13
:100B100004F602FB06F6C6F14046A4FB0662F60D9B
:100B200046EA422606FB06F4A4FB01235242C3F127
:100B3000404338BF5B1EA6FB02420024E6FB0324B1
:100B4000D20B42EA4446A6FB0623A1FB02E2A3FB2A
:100B500007E4E3FB61426442C2F1404E38BFAEF1AC
:100B6000010EA6FB04234FF00002E6FB0E32A2FBAF
:100B700003463400E2FB6264A1FB06E6A4FB07E83F
:100B8000E4FB61687642C8F1405838BFA8F101081B
:100B9000A2FB06E4A3FB08E5E2FB6854A1FB05E623
:100BA000A7FB04E8E1FB648618F12005F1EE104A8A
:100BB00056F10006A809B10914F4400F40EA866016
:100BC00028D1A8F11B0808F01F08B8F10A0F21D995
:100BD000BDE8F04101EB0C514FF0170C4CF0804C8C
:100BE00000F086BAFCF5EEE8E2DDD8D3CFCBC7C380
:100BF000C0BDB9B6B4B1AEACA9A7A5A3A19F9D9B3A
:100C00009A9896959392908F8D8C8B8988878685FC
:100C100084838281A0FB006800FB01F208EB42089C
:100C2000B8EB872858EA060215D014F4400F16D105
:100C300018EA080F07D5341858EB0104C8D5401C32
:100C400051F10001C4E7341A78EB0104C0D4401E0E
:100C500071F10001BCE701EB0C51BDE8F08114F427
:100C6000000F0CD118EA080FB2D5361858EB01085E
:100C7000401C51F10001361858EB0108F2E718EA60
:100C8000080FA5D4361A78EB0108401E71F1000157
:100C9000361A78EB0108F2E75FEA4C0C5FEA9C5CDD
:100CA00014D10AD350EA013C01D1BDE8F0810942D8
:100CB0000CD4FFF7D3FEA44618E7BDE8F04170B5A9
:100CC000FFF716FE6DDBFFBE17000004BDE8F04124
:100CD0005FF80CC000F00CBA10B5DFF894E211F523
:100CE000801C13F580141EEA4C0F18BF1EEA440F37
:100CF00000F0F38091EA030F48BF83F000433FF513
:100D000064AA841A71EB030C07D212198CF0004C00
:100D100043EB0C03001B61EB0C0152424FEA1154F0
:100D2000A4EB135C23EAAE0321EA0451C3EBAE0348
:100D300038BF5B1EDCF1200E48D322FA0CFE10EB0C
:100D40000E0043FA0CFE41EB0E01CCF1200E03FA2B
:100D50000EFE10EB0E0051F10001CCF1200E4CD430
:100D600012FA0EF201EB0451BDE8104008BF7047C3
:100D7000F1EE10CA1CF4400F14D14FF0120C92F097
:100D8000000F4CF0804C40F1B381401C18BFB2F111
:100D9000004F40F0AD8100280CBF491C20F001003D
:100DA00000F0A6B911F0004F54BF1CF4000F1CF462
:100DB000800F4FF0120C4CF0804C40F09981401C99
:100DC00040F0968141F1000100F092B912EB020E61
:100DD00043EB030218BF4FF0010E4EEA4202ACF1A2
:100DE000200CDCF11E0E4BD943FA0CFE10EB0E006A
:100DF00051F1FF31CCF11E0EB2D50EF1010E12FAF7
:100E00000EFE404141EB010101EB445C5FEA5C5C9A
:100E100006D95FEA0E0201EB0451BDE81040A5E7D8
:100E20003BD24FEAD42C11F5001124F400641AD0FF
:100E3000B1FA81F20B3AA41AA41ED2F12003914018
:100E400030FA03F31943904001EBCC71002C01EB15
:100E50000451BDE81040A8BF704701F1C0414FF0F8
:100E6000120C00F087B8B0FA80F310FA03F101D148
:100E7000BDE8104019D0E41A173C4805C90AE3E759
:100E800001EB0451BDE81040401E61F100015FF02C
:100E9000FF326BE701EB045110BD491001EB045127
:100EA000BDE810404FEA30000BE0F1EE10CA4FF001
:100EB00000010CF4400CBCF5000F08BF4FF00041DE
:100EC00070474FF0120C4A0008BF0042EDD0B2F557
:100ED000001F28BF704700F0EAB84EF4001E3EEA3B
:100EE000410418BF3EEA430434D091EA030F48BFDF
:100EF00083F000433FF539AA841A71EB030C07D243
:100F000012198CF0004C43EB0C03001B61EB0C013D
:100F100052EA033E4FEA1154A4EB135C14D05FEA8B
:100F2000445E21EA045109D023F000435242ACF15F
:100F3000010CC3F1000338BF5B1EFBE6BDE81040A7
:100F4000801A61EB0301BCE7BDE8104050EA410C98
:100F5000B7D1AAE7BDE8104070B5FFF7C9FC00BFE4
:100F600040DFF63E1100000483F000411046704758
:100F70000000C0FFF1EE103A13F0807F1EBF01F0B9
:100F800000410020704713F4006F40F0AA8009422E
:100F900048BF4CF4803C4FF4C0634FEA115203F158
:100FA000010321EA025122F400629A1A48BF6FF04D
:100FB000FE0241F48011352A3CD830D0152A1ED3C8
:100FC000203A0CD90028C2F1200321FA02F001FADC
:100FD00003F218BF42F001024FF0000130E0C2F10D
:100FE000000302F1200201FA03F120FA02F241EAC1
:100FF000020100FA03F208464FF0000120E0C2F1BE
:10100000200310B400FA03F401FA03F320FA02F00B
:1010100021FA02F1224610BC43EA000010E050EA37
:1010200001324FF000004FF000014FF0004218BFB6
:10103000521C05E04FF001024FF000014FF000009C
:101040001CF4803F2CF4803C18BF41F00041124258
:101050001ED0F1EE103A13F4400F20D1520003D30A
:101060000CD0401C41F10001F1EE103A4CF0804CE4
:1010700043F00803E1EE103A00F03AB85FEAAC72D0
:10108000EFD4F1D1401C41F1000120F00100EBE769
:101090001CF0804F08BF70472CF0004CE4E7094279
:1010A00054BF13F4000F13F4800FDDD1D9E7F1EE34
:1010B000103A13F0807F1EBF01F0004100207047FE
:1010C00013F4006F08BF70472DE9F050FFF7C6FC1E
:1010D00004F5C064A4F10104314301EB0451BDE8FF
:1010E000F0504CF0005C4CF0800C00F0AEBA000008
:1010F0001CF0700F08BF0A460FB4F1EE101A0CF086
:10110000405030EA814318BF4CF0804C4FEA4C030A
:1011100010EA814F4FEAD36323EA112318BF23F06B
:10112000100341EA030101F0E073E1EE101A4CEA0A
:10113000030C0CF00F030A2B1DBF082B0CF07003DF
:101140004CEAC30C4FF4003304BF33EA0C034CF4F5
:10115000400C1CF0005F14D11CF0805F0BD11CF020
:10116000804F31D11CF0006F12D111F4807F0FBC81
:1011700062D000F06ABA11F4806F0FBC2BD000F07F
:1011800064BA11F4006F0FBC08BF704700F05DBA7D
:1011900011F4007F0FBC40F058821CF0400F1EBFBE
:1011A0004FF0004040F0010070471CF0100F14BFDA
:1011B00081EA030242400CF00F000A2808BF4FF0FA
:1011C000FF324FF0000326E011F4805F0FBC08BF30
:1011D000704700F03ABAF1EE103A2CF0805C1CF047
:1011E000800F14BF01F0004200F0004212420CBF19
:1011F00012EA336F12EAF35F0DD31CF0100F1DBF1C
:1012000030A003C81143314808BF104313F4805F76
:1012100040F01B8270471CF0100F02F000421DBF0F
:101220000FF2940003C81143254808BF104313F47C
:10123000805F40F00A8270471CF0400F40F0288029
:101240001CF4404F1BD01CF4004F1CBF1946104625
:101250000CF4807218BF8CEA520C1CF0800F0CBF8B
:1012600040F4800041F400218CEADC0313F0100FFD
:101270001CBF2CF00F0C4CF0080C00F08DB91CF0CA
:10128000100F1ABF12A393E80300134800F084B9AB
:101290001CF0800F14BF01F0004200F000421CF06F
:1012A000100F1BBF0AA393E803000B48114308BFAC
:1012B000104300F071B900BF000000000000F07F93
:1012C0000000807FFFFFFFFFFFFFEF7FFFFF7F7FBB
:1012D000000000000000F87F0000C07F43004FEADC
:1012E000D30C4FEA3C0C43401FBF40070CF1605148
:1012F00013F0FE4F70471CF0006F14D133F0004024
:1013000004BF1946704783EA830383EA430303F06B
:10131000070343EACC010CF0004303F15A5303F5F1
:101320004013FFF79BBA0CF0004343EA507010B52E
:1013300040EACC0000F00FF8000000BA18000004EA
:101340004FEA0001FFF78DBB4FEAE0024FEA407021
:1013500042F0E04170470EF1020E2EF0030E4FEA0C
:1013600040025EF8084B12F1807218BFB2F5000F10
:1013700022D3244207D44FEA410313F1807318BFEC
:10138000B3F5000F18D34FEA400C1CF5000F16D22E
:10139000244204D44FEA410C1CF5000F0FD2002A5E
:1013A00010D14FEAD07C002B0CEB4C0C0CF1020C52
:1013B00008BF4CEBD17C07E04FF0090C04E04FF084
:1013C000080C01E04FEAD17C0CEB4C0324FA03F447
:1013D00004F00704B4F1040C06D20EEB840CBDE853
:1013E00010404CF0010C6047DFE80CF01F201302A6
:1013F0005EF804CC1B2B08D1002A88BFB2F5000F81
:1014000034BF4CF4804C4CF4004CBDE81040FFF766
:101410006FBE002A88BFB2F1807F28BF084610BD8A
:101420004FF00040A0F5800010BD0846420018BFF4
:10143000D2F1807284BF5EF8042C22F08062BDE895
:10144000104000F28A8070474FF00000E1EE100A71
:101450007047FF2141EAD050C0057047F1EE101AE5
:1014600011F0807F1CBF00F00040704711F4006F46
:1014700040F08E8000F0004343EAD05323F48073A1
:10148000C3F1C10323F00041172941D8C3F1200360
:1014900010FA03F1C3F1200320F07F4040F4000074
:1014A00020FA03F003F0004340EA030019D00B4692
:1014B000F1EE101A41F00801E1EE101A11F4400F9C
:1014C0001CD1590009D318BF401C06D17FEAE27332
:1014D00098BF401C38BF20F0010042F0804CFFF75D
:1014E00007BE12F0804F08BF7047F1EE101A944605
:1014F00041F00801E1EE101AFFF7FABD10F0004FBD
:1015000014BF5FEAF1535FEA316338BF401CE4E780
:10151000182903EB912318BF6FF000410131F1EE60
:10152000101A41F00801E1EE101A11F4400F18BF33
:1015300003F00040E2D168BF03F0004009D640024A
:1015400003F0004000F1010004BF12F0004F20F052
:1015500001004FF0804CFFF7CBBDF1EE101A11F0F7
:10156000807F1CBF00F00040704711F4006F08BF7F
:10157000704700F0004120F00040B0FA80F3A3F182
:10158000080341F0C04100FA03F0A1EBC351084445
:1015900042F0005C00F059B80CF00F03092B08BFB3
:1015A000082000F064800A2B32D0082B18BF704747
:1015B00008BF1CF0400F31D01CF4803F23D11CF039
:1015C000200F11D11CF0100F0BBF02460A466FF01E
:1015D00000406FF0004118BF4FF0FF3012F0004F95
:1015E0001CBFC043C94370471CF0100F0CBF02461C
:1015F0000A4612F0004F4FF0FF304FF0FF311CBF92
:10160000C043C94370474FF000004FF000017047DE
:101610001CF0400F18BF4FF0004070471CF0100F37
:1016200008D020F0704300F07F4242EAD3014FEA35
:101630004370704700F0604021F07F4242EA0002B0
:1016400001F07F4040EA727070472DE900502DE9AB
:101650000050EFF7EBFDBDE80050BDE800500CF086
:101660000F0393F0090F18BF7047AFF300801CF40D
:10167000801F24D01CF4E02F09D010F0080F02D1F5
:10168000D0F1020070476FEACC31490070474FF04B
:10169000604111EA407028BF40F04050F1EE103A2E
:1016A00023F0704343EA0003E1EE103AEFF30082C7
:1016B00022F0704242EA000282F3008870471CEA7E
:1016C000004018BF012070473C24010885EB00084A
:1016D000000000000000000080000000000000008A
:1016E0000000000018240108BD21000801000000CE
:1016F00000000000000200000000000000000000E8
:1017000028240108B5740008030000000000000050
:101710000004000000000000000000000824010890
:10172000851F00080100000000000000000200000A
:101730000000000000000000F8230108E78D000809
:101740000200000000000000000200000000000095
:1017500000000000F02301085DE500080000000023
:1017600000000000800000000000000000000000F9
:101770003424010865CB00080000000000000000D0
:101780000001000000000000000000000000000058
:101790000000000001020304060708090000000021
:1017A000010203041E00280001006400640005001B
:1017B00000004843000000000000FA430000104110
:1017C0006F12833A0AD7A3BD00A08C4600002041C7
:1017D0000000000000004843000000000000FA4341
:1017E00000007A44CDCCCC3D0000000010E4DC3F8A
:1017F000CB8541BF7FB5F73C0000803F0000000073
:10180000000000000000803F00007A44CDCCCC3DB9
:101810000000000010E4DC3FCB8541BF7FB5F73C02
:101820000000803F000000000000000000000000F9
:101830000000803F000000000000000000000000E9
:101840000000803F0000000000000000C3F51C41C4
:101850000000803F000000000000000000000000C9
:101860000000000000000000000000000000803FB9
:101870000000000000000000000000000000000068
:1018800000000000000000000000803F0000000099
:101890000000000000000000000000000000000048
:1018A000000000000000803F000000000000000079
:1018B0000000000000000000000000000000000028
:1018C0000000803F00000000000000000000000059
:1018D0000000000000000000000000000000803F49
:1018E0000006101600061016FF005EBCE2613FDD28
:1018F00083C29C7E20A3FD1F419DC3217FFCA2408B
:101900001E5F01E3BD3E6082DC237D9FC1421CFE61
:10191000A0E1BF5D0380DE3C62BEE0025CDF81636C
:101920003D7C22C09E1D43A1FF4618FAA427799B47
:10193000C584DA3866E5BB5907DB856739BAE40642
:10194000581947A5FB7826C49A653BD987045AB82D
:10195000E6A7F91B45C6987A24F8A6441A99C72524
:101960007B3A6486D85B05E7B98CD2306EEDB35113
:101970000F4E10F2AC2F7193CD114FADF3702ECCF2
:1019800092D38D6F31B2EC0E50AFF1134DCE9072F9
:101990002C6D33D18F0C52B0EE326C8ED0530DEFD4
:1019A000B1F0AE4C1291CF2D73CA947628ABF517D7
:1019B000490856B4EA6937D58B5709EBB536688ABA
:1019C000D495CB2977F4AA4816E9B7550B88D634B5
:1019D0006A2B7597C94A14F6A8742AC896154BA99C
:1019E000F7B6E80A54D7896B350000008911122335
:1019F0009B322446AD573665BF74488CC19D5AAFA3
:101A0000D3BE6CCAE5DB7EE9F7F881100801933399
:101A10001A22A5562C47B7753E64C99C408DDBBF82
:101A200052AEEDDA64CBFFF976E802218B3010027A
:101A300099132667AF763444BD554AADC3BC588E62
:101A4000D19F6EEBE7FA7CC8F5D983310A20911259
:101A50001803A7772E66B5543C45CBBD42ACD99E42
:101A6000508FEFFB66EAFDD874C904428D531661AE
:101A70009F702004A9153227BB364CCEC5DF5EED22
:101A8000D7FC6888E1997AABF3BA85520C43977119
:101A90001E60A1142805B3373A26CDDE44CFDFFD02
:101AA00056ECE9986089FBBB72AA06638F721440FA
:101AB0009D512225AB343006B9174EEFC7FE5CCCE2
:101AC000D5DD6AA9E3B8788AF19B87730E629550D9
:101AD0001C41A3352A24B1163807CFFF46EEDDDCC2
:101AE00054CDEBB962A8F99A708B088481951AA736
:101AF00093B62CC2A5D33EE1B7F04008C919522BCA
:101B0000DB3A644EED5F766DFF7C899400859BB770
:101B100012A6ADD224C3BFF136E0C1184809D33BA9
:101B20005A2AE55E6C4FF77D7E6C0AA583B4188651
:101B300091972EE3A7F23CC0B5D14229CB38500A89
:101B4000D91B666FEF7E744CFD5D8BB502A4999630
:101B50001087AFF326E2BDD034C1C3394A28D11A69
:101B6000580BE77F6E6EF55C7C4D0CC685D71EE585
:101B700097F42880A1913AA3B3B2444ACD5B566949
:101B8000DF78600CE91D722FFB3E8DD604C79FF5F0
:101B900016E4A9902081BBB332A2C55A4C4BD77929
:101BA0005E68E11C680DF33F7A2E0EE787F61CC4D1
:101BB00095D52AA1A3B03882B193466BCF7A544809
:101BC000DD59622DEB3C700EF91F8FF706E69DD4B0
:101BD00014C5ABB122A0B9923083C77B4E6AD558E9
:101BE0005C49E33D6A2CF11E780F00000000000004
:101BF000920E493CB10AC93C2BC3163D2EFB483D11
:101C0000752B7B3D04A9963D80B6AF3D36BDC83DE2
:101C10002FBCE13D73B2FA3D87CF093E8340163EAB
:101C2000B5AB223EA2102F3ECF6E3B3EC2C5473E13
:101C30000115543E135C603E7F9A6C3ECCCF783EDB
:101C4000C07D823E938E883E229A8E3E32A0943E84
:101C500086A09A3EE59AA03E128FA63ED47CAC3E6A
:101C6000EF63B23E2A44B83E491DBE3E15EFC33E67
:101C700053B9C93ECA7BCF3E4136D53E80E8DA3EF5
:101C80004F92E03E7533E63EBBCBEB3EEA5AF13E67
:101C9000CBE0F63E275DFC3EE4E7003F3D9C033F82
:101CA000824B063F9BF5083F6B9A0B3FDA390E3F9C
:101CB000CDD3103F2A68133FD9F6153FC07F183F98
:101CC000C6021B3FD17F1D3FCBF61F3F9967223FC6
:101CD00025D2243F5636273F1594293F4AEB2B3F08
:101CE000DE3B2E3FBB85303FC9C8323FF304353F52
:101CF000233A373F4268393F3B8F3B3FF9AE3D3F88
:101D000067C73F3F70D8413F01E2433F03E4453F8F
:101D100065DE473F12D1493FF8BB4B3F029F4D3F25
:101D2000207A4F3F3D4D513F4918533F31DB543FDF
:101D3000E595563F5348583F6AF2593F1A945B3F26
:101D4000532D5D3F05BE5E3F2146603F97C5613F15
:101D50005A3C633F59AA643F880F663FD86B673F80
:101D60003CBF683FA7096A3F0C4B6B3F5E836C3FEB
:101D700093B26D3F9ED86E3F73F56F3F0809713F78
:101D80005213723F4714733FDD0B743F0BFA743FDD
:101D9000C6DE753F07BA763FC58B773FF853783F6D
:101DA0009812793F9DC7793F02737A3FBE147B3FFB
:101DB000CDAC7B3F283B7C3FC9BF7C3FAC3A7D3FED
:101DC000CCAB7D3F23137E3FB0707E3F6DC47E3F22
:101DD000580E7F3F6D4E7F3FAB847F3F0FB17F3FFB
:101DE00097D37F3F43EC7F3F11FB7F3F0000803F55
:101DF00011FB7F3F43EC7F3F97D37F3F0FB17F3F86
:101E0000AB847F3F6D4E7F3F580E7F3F6DC47E3F5A
:101E1000B0707E3F23137E3FCCAB7D3FAC3A7D3F1D
:101E2000C9BF7C3F283B7C3FCDAC7B3FBE147B3F92
:101E300002737A3F9DC7793F9812793FF853783FF4
:101E4000C58B773F07BA763FC6DE753F0BFA743F06
:101E5000DD0B743F4714733F5213723F0809713F03
:101E600073F56F3F9ED86E3F93B26D3F5E836C3FBC
:101E70000C4B6B3FA7096A3F3CBF683FD86B673F7D
:101E8000880F663F59AA643F5A3C633F97C5613F3C
:101E90002146603F05BE5E3F532D5D3F1A945B3F78
:101EA0006AF2593F5348583FE595563F31DB543F5E
:101EB0004918533F3D4D513F207A4F3F029F4D3FC0
:101EC000F8BB4B3F12D1493F65DE473F03E4453F36
:101ED00001E2433F70D8413F67C73F3FF9AE3D3F06
:101EE0003B8F3B3F4268393F233A373FF304353F4E
:101EF000C9C8323FBB85303FDE3B2E3F4AEB2B3F0C
:101F00001594293F5636273F25D2243F9967223F13
:101F1000CBF61F3FD17F1D3FC6021B3FC07F183F3E
:101F2000D9F6153F2A68133FCDD3103FDA390E3F5B
:101F30006B9A0B3F9BF5083F824B063F3D9C033F4E
:101F4000E4E7003F275DFC3ECBE0F63EEA5AF13E77
:101F5000BBCBEB3E7533E63E4F92E03E80E8DA3E87
:101F60004136D53ECA7BCF3E53B9C93E15EFC33E7D
:101F7000491DBE3E2A44B83EEF63B23ED47CAC3E1F
:101F8000128FA63EE59AA03E86A09A3E32A0943ECD
:101F9000229A8E3E938E883EC07D823ECCCF783E84
:101FA0007F9A6C3E135C603E0115543EC2C5473EAD
:101FB000CF6E3B3EA2102F3EB5AB223E8340163E75
:101FC00087CF093E73B2FA3D2FBCE13D36BDC83D17
:101FD00080B6AF3D04A9963D752B7B3D2EFB483D59
:101FE0002BC3163DB10AC93C920E493C00000000CB
:101FF000920E49BCB10AC9BC2BC316BD2EFB48BD0D
:10200000752B7BBD04A996BD80B6AFBD36BDC8BDDE
:102010002FBCE1BD73B2FABD87CF09BE834016BEA7
:10202000B5AB22BEA2102FBECF6E3BBEC2C547BE0F
:10203000011554BE135C60BE7F9A6CBECCCF78BED7
:10204000C07D82BE938E88BE229A8EBE32A094BE80
:1020500086A09ABEE59AA0BE128FA6BED47CACBE66
:10206000EF63B2BE2A44B8BE491DBEBE15EFC3BE63
:1020700053B9C9BECA7BCFBE4136D5BE80E8DABEF1
:102080004F92E0BE7533E6BEBBCBEBBEEA5AF1BE63
:10209000CBE0F6BE275DFCBEE4E700BF3D9C03BF7E
:1020A000824B06BF9BF508BF6B9A0BBFDA390EBF98
:1020B000CDD310BF2A6813BFD9F615BFC07F18BF94
:1020C000C6021BBFD17F1DBFCBF61FBF996722BFC2
:1020D00025D224BF563627BF159429BF4AEB2BBF04
:1020E000DE3B2EBFBB8530BFC9C832BFF30435BF4E
:1020F000233A37BF426839BF3B8F3BBFF9AE3DBF84
:1021000067C73FBF70D841BF01E243BF03E445BF8B
:1021100065DE47BF12D149BFF8BB4BBF029F4DBF21
:10212000207A4FBF3D4D51BF491853BF31DB54BFDB
:10213000E59556BF534858BF6AF259BF1A945BBF22
:10214000532D5DBF05BE5EBF214660BF97C561BF11
:102150005A3C63BF59AA64BF880F66BFD86B67BF7C
:102160003CBF68BFA7096ABF0C4B6BBF5E836CBFE7
:1021700093B26DBF9ED86EBF73F56FBF080971BF74
:10218000521372BF471473BFDD0B74BF0BFA74BFD9
:10219000C6DE75BF07BA76BFC58B77BFF85378BF69
:1021A000981279BF9DC779BF02737ABFBE147BBFF7
:1021B000CDAC7BBF283B7CBFC9BF7CBFAC3A7DBFE9
:1021C000CCAB7DBF23137EBFB0707EBF6DC47EBF1E
:1021D000580E7FBF6D4E7FBFAB847FBF0FB17FBFF7
:1021E00097D37FBF43EC7FBF11FB7FBF000080BF51
:1021F00011FB7FBF43EC7FBF97D37FBF0FB17FBF82
:10220000AB847FBF6D4E7FBF580E7FBF6DC47EBF56
:10221000B0707EBF23137EBFCCAB7DBFAC3A7DBF19
:10222000C9BF7CBF283B7CBFCDAC7BBFBE147BBF8E
:1022300002737ABF9DC779BF981279BFF85378BFF0
:10224000C58B77BF07BA76BFC6DE75BF0BFA74BF02
:10225000DD0B74BF471473BF521372BF080971BFFF
:1022600073F56FBF9ED86EBF93B26DBF5E836CBFB8
:102270000C4B6BBFA7096ABF3CBF68BFD86B67BF79
:10228000880F66BF59AA64BF5A3C63BF97C561BF38
:10229000214660BF05BE5EBF532D5DBF1A945BBF74
:1022A0006AF259BF534858BFE59556BF31DB54BF5A
:1022B000491853BF3D4D51BF207A4FBF029F4DBFBC
:1022C000F8BB4BBF12D149BF65DE47BF03E445BF32
:1022D00001E243BF70D841BF67C73FBFF9AE3DBF02
:1022E0003B8F3BBF426839BF233A37BFF30435BF4A
:1022F000C9C832BFBB8530BFDE3B2EBF4AEB2BBF08
:10230000159429BF563627BF25D224BF996722BF0F
:10231000CBF61FBFD17F1DBFC6021BBFC07F18BF3A
:10232000D9F615BF2A6813BFCDD310BFDA390EBF57
:102330006B9A0BBF9BF508BF824B06BF3D9C03BF4A
:10234000E4E700BF275DFCBECBE0F6BEEA5AF1BE73
:10235000BBCBEBBE7533E6BE4F92E0BE80E8DABE83
:102360004136D5BECA7BCFBE53B9C9BE15EFC3BE79
:10237000491DBEBE2A44B8BEEF63B2BED47CACBE1B
:10238000128FA6BEE59AA0BE86A09ABE32A094BEC9
:10239000229A8EBE938E88BEC07D82BECCCF78BE80
:1023A0007F9A6CBE135C60BE011554BEC2C547BEA9
:1023B000CF6E3BBEA2102FBEB5AB22BE834016BE71
:1023C00087CF09BE73B2FABD2FBCE1BD36BDC8BD13
:1023D00080B6AFBD04A996BD752B7BBD2EFB48BD55
:1023E0002BC316BDB10AC9BC920E49BC00000080C7
:1023F00052454645524545004F4253455256455F6A
:102400005441534B00000000434841535349534C3F
:102410005F5441534B0000004348415353495352CA
:102420005F5441534B000000494E535F5441534B9E
:102430000000000044455445435400007465737423
:10244000000000006424010800000020E8040000EF
:10245000C401000818260108E804002080CF00000D
:10246000280200080232000100046E24F400011268
:10247000640440F1C05B30C1FA7E2AC0304C3AC1DE
:102480000534A2C188E3F14124B958401E16244105
:10249000840D7F3F7AC7893F6E3450403A92234281
:1024A0003B016540FBAD93C4261E7A441B7EA6C348
:1024B00026E442412A94C1C38C6599432D7EB6C25D
:1024C000D5CAB740A4B211C3130ADB42775BD5C1AA
:1024D000D95FE2BFAAF0B1C37CBA8643455586C234
:1024E000E3AA9ABF29D0A3C48422784491C678C3B2
:1024F0000E21BC419D0341C246F11342F67A19C137
:10250000F59C983FACB260C473482844505E1FC32A
:10251000E735654170E7D3C26A66A042581C96C190
:10252000AAB7D63FB79FCBC35E829943A18397C218
:10253000C824D240AEAE20C4F559F2439E15EFC276
:10254000C93C2641A7630144ED4AC1C3911EBD4267
:1025500080DAA041841517427F30E3C12996E0401C
:1025600068919D3EFA6407803F8FC2F53C7B06135D
:10257000011E2370422A5409CDCCCC3D0000C84135
:1025800033110852700C232040484124C34C3F3C77
:10259000B28010052E640118948007803F6F12836B
:1025A0003A64A16801121083F04286810C0A590333
:1025B0005421B8A0093333EB3A58A08B3A14342590
:1025C0007D04017C000240AB03410105530806581D
:1025D00004070F000810810911000A15800B16006E
:1025E0000C18010D760E2A1735030B132042D9243F
:1025F0000450C347B801120401531C00041A00C858
:10260000421C054E60037810000112AA01294E00F9
:082610000500FFFF00000000BF
:040000050800018965
:00000001FF
