:020000040800F2
:10000000A8BF00203903000879730008F1520008E6
:100010007573000863190008618100080000000082
:10002000000000000000000000000000790200084D
:10003000A927000800000000D5020008D97A0008AE
:100040005303000853030008530300085303000838
:100050005303000853030008AB27000853030008AC
:1000600053030008B5270008BF2700085303000802
:100070005303000853030008530300085303000808
:1000800053030008530300085303000853030008F8
:10009000691900085303000853030008C927000822
:1000A00053030008530300085303000853030008D8
:1000B00053030008530300085303000853030008C8
:1000C00053030008530300085303000853030008B8
:1000D000530300085303000853030008318000084D
:1000E0005303000853030008530300085303000898
:1000F0005303000853030008530300085303000888
:100100005303000853030008530300085303000877
:100110005303000853030008530300085303000867
:100120005303000853030008530300085303000857
:100130005303000853030008530300085303000847
:1001400079190008530300085303000853030008FB
:100150005303000853030008530300085303000827
:100160005303000853030008530300085303000817
:100170005303000853030008530300080000000065
:10018000530300085303000800F002F800F064F87D
:100190000AA090E8000C82448344AAF10107DA45E2
:1001A00001D100F059F8AFF2090EBAE80F0013F0D0
:1001B000010F18BFFB1A43F0010318476CE500005C
:1001C0008CE5000010F8013B0A4413F0030408BF5B
:1001D00010F8014B1D1108BF10F8015B641E05D01B
:1001E00010F8016B641E01F8016BF9D1002D15D0D8
:1001F00010F8014B03F00C030C2BA1EB04040ABF15
:1002000010F8013BA4EB8314A4EB032405F10103D4
:1002100014F8016B5B1E01F8016BF9D5914238BFF0
:1002200010F8013BD1D3704700230024002500269D
:10023000103A28BF78C1FBD8520728BF30C148BF49
:100240000B6070471FB50DF02FFC9DE8030000F018
:1002500063FF1FBD10B510BD01F008F81146FFF790
:10026000F1FF0AF0E3FB01F026F803B4FFF7F2FF19
:1002700003BC01F05DF800002C4B19680868B0E879
:10028000F04F80F30988BFF36F8F4FF0000080F3C9
:10029000118870470000000008480068006880F37B
:1002A00008884FF0000080F3148862B661B6BFF38F
:1002B0004F8FBFF36F8F00DF00BF00BF08ED00E07E
:1002C000DFF80C00016841F470010160704700BF65
:1002D00088ED00E0EFF30980BFF36F8F134B1A68CE
:1002E0001EF0100F08BF20ED108A20E9F04F1060BB
:1002F00009B44FF0500080F31188BFF34F8FBFF364
:100300006F8F0BF0BDFD4FF0000080F3118809BC2A
:1003100019680868B0E8F04F1EF0100F08BFB0EC85
:10032000108A80F30988BFF36F8F7047AC030020F9
:10033000EFF30580704700000948804709480047EF
:10034000FEE7FEE7FEE7FEE7FEE7FEE7FEE7FEE785
:10035000FEE7FEE704480549054A064B70470000E2
:10036000A17B000889010008A87F0020A8BF002009
:10037000A89F0020A89F00209FED1A1AF5EE000A02
:1003800040EE010ABDEEE00AF5EEC00A10EE100ADA
:10039000F1EE10FA38BF401E00EE100A1349F7EED6
:1003A000001AB8EEC00A30EEC00ADFED0F0A20EEE8
:1003B000200AFCEEC00A10EE900AC0F3080000EE1E
:1003C000900A01EB8000F8EE600A90ED011A70EEE1
:1003D000600A90ED000A71EEE01A21EE800A00EE4C
:1003E000810A704783F9223E00000044E0DE0008E5
:1003F000DFED190AB5EEC00A60EE200ABDEEE01A84
:1004000011EE100AF1EE10FA38BF401E00EE100A8D
:100410001349F7EE001AB8EEC00A30EEC00ADFED5D
:100420000F0A60EE200ABCEEE00A10EE100AC0F3DC
:10043000080000EE100A01EB8000B8EE400A90EDD3
:10044000011A70EEC00A90ED000A71EEE01A21EE7A
:10045000800A00EE810A704783F9223E00000044C2
:10046000E0DE000870B405880E884468D1F804C046
:100470005368B54208D140884988884201BF118835
:100480008D425188884203D070BC6FF002007047E3
:1004900005FB00F1880827D094ED001ADCED000A76
:1004A00094ED010ADCED011A31EE201AD4ED020AB6
:1004B00070EE211A9CED020A83ED001AC3ED011AB9
:1004C00094ED031ADCED031A30EE800A401E71EE43
:1004D000210A83ED020A04F11004C3ED030A03F1BB
:1004E00010030CF1100CD7D111F0030030D0B0F193
:1004F000004F30D200282BDD211F1B1FACF104025E
:1005000010F0010F0AD091ED010AD2ED010A091D88
:10051000121D30EE200A83ED010A1B1D400817D082
:1005200091ED010AD2ED010A401E30EE200A83ED62
:10053000010A91ED020AD2ED020A01F1080102F16D
:10054000080230EE200A83ED020A03F10803E7D126
:1005500070BC00207047B4EC010A401EFCEC010A9C
:1005600030EE200AA3EC010AF5D1F1E701804280C8
:10057000436070472DE9F34F84B0049840680090C1
:10058000486801900498B0F800E04588DFEDFE0A65
:1005900000200290B0EE600AAE4506D10888498876
:1005A000884204BF7146864504D06FF0020006B051
:1005B000BDE8F08F01985FEA010C18BFB7EE001A92
:1005C0003DD000BFBEEB0C0117D0B1F1004F80F061
:1005D0001F82002911DD021F11F0010F1CBFC2EDA7
:1005E000010A121D4B1006D0C2ED010AC2ED020A2B
:1005F00008325B1EF8D100EB8100BCF10102A0ECD7
:10060000011A19D0B2F1004F80F00882002A13DDE0
:10061000031F12F0010F1CBFC3ED010A1B1D511077
:1006200008D000BFC3ED010AC3ED020A491E03F161
:100630000803F7D100EB8200BCF1010CC2D14FF0EE
:1006400000080395002D14BFB0EE602A002000F0D2
:10065000BF8100BF009908FB05F001EB800B0199F9
:10066000DBED002A01EB80000346F0EE421AC6459E
:1006700052D9AEEB0802ABEB850112F0010F17D097
:1006800001EB850191ED000AB5EEC00AF1EE10FA1A
:1006900007DDB4EEE10AF1EE10FA09DDF0EE401AE2
:1006A00006E0B1EE400AF4EEC01AF1EE10FAF5D30E
:1006B000521031D001EB850C9CED000AB5EEC00A5A
:1006C000F1EE10FA05DDB4EEE10AF1EE10FA09DD03
:1006D00006E0B1EE400AF4EEC01AF1EE10FA01D2D3
:1006E000F0EE401A01EBC50191ED000AB5EEC00A2B
:1006F000F1EE10FA05DDB4EEE10AF1EE10FA09DDD3
:1007000006E0B1EE400AF4EEC01AF1EE10FA01D2A2
:10071000F0EE401A521ECDD1F5EEC01AF1EE10FAED
:1007200000F07381F5EEC02A0126F1EE10FA00996F
:10073000D4BFB1EE620AB0EE620AB4EE610AF1EE25
:1007400010FA1CBFAEEB0802B2F1010C47D005FB5A
:1007500008F201EB820292ED001A00BFB0EE410AEE
:1007600005FB06F4B5EEC00A00EB8404F1EE10FAC6
:10077000CCBFF0EE400AF1EE400AF4EE610AF1EE71
:1007800010FA28D1B5EB080C11D0BCF1004F7DD286
:10079000BCF1000F0BDD00BF92ED000AD1ED000AA5
:1007A000BCF1010CE2EC010AA1EC010AF4D1290030
:1007B0000ED0B1F1004F6AD2002909DD94ED000A94
:1007C000D0ED000A491EE4EC010AA0EC010AF5D1C3
:1007D000012002900BE0761CBCF1010CBED1029806
:1007E000012804D0F5EEC02AF1EE10FA7ED09BED80
:1007F000000AB5EB08009A465946064622D0B0F1E9
:10080000004F74D200281DDD091F10F0010F06D023
:10081000F0EE400A80EEA01A81ED011A091D401089
:1008200010D000BFD1ED010A401E80EE801A81ED8C
:10083000011A91ED021AC1EE000AC1ED020A01F19E
:100840000801EFD1280026D0B0F1004F7ED2002859
:1008500021DDAAF1040110F0010F06D0D1ED010A4B
:1008600080EE801A81ED011A091D401013D000BFDF
:10087000D1ED010A401E80EE801A81ED011AD1ED02
:10088000020A80EE801A81ED021A01E0CBE0D6E088
:1008900001F10801ECD1DDE900124FF000095FEA37
:1008A0000E0773D0C14504BF01EB860102EB850240
:1008B00074D091ED000ADC465046330035D01C461A
:1008C000B6F1004F7ED2002C2FDD0B1FABF1040CD4
:1008D00016F0010F0FD0F0EE400ADCED011AB0EE79
:1008E000601A00EEE11A83ED011A01E08DE0B1E03B
:1008F0001B1D0CF1040C741015D000BFD3ED010AC0
:100900009CED011A40EE410AC3ED010AD3ED020A43
:100910009CED021A0CF1080C40EE410AC3ED020AEC
:100920000833641EEAD101EB86012B0036D0B3F107
:10093000004F72D2002B31DDA2F1040CAAF10400A9
:1009400013F0010F0CD0DCED010A00E08BE090ED1C
:10095000011A001D40EE410ACCED010A0CF1040C15
:100960005C1019D0DCED010A90ED011A40EE410A4D
:10097000CCED010ADCED020A90ED021A083040EEDF
:10098000410ACCED020A03E0000000000DE005E0A2
:10099000641E0CF1080CE5D102EB830201EB880127
:1009A0007F1E09F101097FF47DAF009808F101086D
:1009B000001D00900398401E03907FF44BAE0299F7
:1009C000012900E058E004BF06B0BDE8F08F00BF89
:1009D000B5EEC00AF1EE10FA7FF4E9AD04990EFB12
:1009E00005F3002B4A684FF000010BD902EB810C94
:1009F0009CED000AB5EEC00AF1EE10FA02D1491CD6
:100A00008B42F3D88B427FF4D2AD6FF00400CEE579
:100A1000E0EC010A491EFBD1EFE538E0E0EC010A09
:100A2000521EFBD108E692ED000AD1ED000ABCF19E
:100A3000010CE2EC010AA1EC010AF4D1B7E694ED55
:100A4000000AD0ED000A491EE4EC010AA0EC010AFC
:100A5000F5D1BDE6D1ED000A401E80EE801AA1EC72
:100A6000011AF7D1EEE6D3ED000A401E80EE801A9F
:100A7000A3EC011AF7D10EE7BCEC011AD1ED000A84
:100A80005B1E40EE410AE1EC010AF5D14DE7B0EC06
:100A9000011AD2ED000A5B1E40EE410AE2EC010AA7
:100AA000F5D17BE72DE9F04F82B04668536801939A
:100AB000058847884B88002000900888874201BF3E
:100AC000B2F800C06545528893421EBF6FF0020025
:100AD00002B0BDE8F08F9FED412A4FEA970EC7F3B1
:100AE000400B00BFDDE9000202EB800A4A6898462D
:100AF0004FF00009B0EE420AB4465FEA0E0025D07E
:100B000092ED001ADCED001A02EB8302DCED010A23
:100B100001EE810A92ED001A02EB8302401ED2ED33
:100B2000001A02EB830200EE810A9CED021ADCED52
:100B3000030A00040CF1100C000C01EE210A92EDE6
:100B4000001A02EB830200EE810AD9D117F00300EC
:100B500026D0ACF10404A2EB830210F0010F08D000
:100B600002EB8302D4ED010A92ED001A241D00EE7F
:100B7000810A5FEA0B0013D002EB830CD4ED010A6B
:100B80009CED001A02EBC302401E00EE810AD4ED78
:100B9000020A92ED001A04F1080400EE810AEBD17A
:100BA00009F10100AAEC010A1FFA80F9486800EB7C
:100BB0008902A8F101001FFA80F8B8F1000F99D15D
:100BC000009806EB8706184480B20090681E050462
:100BD0002D0C87D102B00020BDE8F08F000000008E
:100BE00070B405880E884468D1F804C05368B542D3
:100BF00008D140884988884201BF11888D425188B8
:100C0000884203D070BC6FF00200704705FB00F112
:100C1000880827D094ED001ADCED000A94ED010A53
:100C2000DCED011A31EE601AD4ED020A70EE611AA1
:100C30009CED020A83ED001AC3ED011A94ED031A2C
:100C4000DCED031A30EEC00A401E71EE610A83ED3E
:100C5000020A04F11004C3ED030A03F110030CF1BE
:100C6000100CD7D111F0030030D0B0F1004F30D2CA
:100C700000282BDD211F1B1FACF1040210F0010F17
:100C80000AD091ED010AD2ED010A091D121D30EEC4
:100C9000600A83ED010A1B1D400817D091ED010A7F
:100CA000D2ED010A401E30EE600A83ED010A91ED9B
:100CB000020AD2ED020A01F1080102F1080230EE47
:100CC000600A83ED020A03F10803E7D170BC00203B
:100CD0007047B4EC010A401EFCEC010A30EE600AD9
:100CE000A3EC010AF5D1F1E72DE9F04F028847683E
:100CF000B0F802804888D1F8049082B04FF0000A22
:100D00001646824207BF098888456FF0020002B08C
:100D100018BFBDE8F08F4FEA980B02EB420001903C
:100D2000C8F34000CDF8000009EB8A01BBF1000FC9
:100D300033D0019801EB820C01EB80043B46E64680
:100D400001EBC2054FEA0B0093ED000A401E81ED56
:100D5000000A93ED010A01EB02118CED000A93EDFC
:100D6000020A0CEB021C85ED000A93ED030A05EB69
:100D7000021584ED000A04EB021403F11003E3D121
:100D80000EEB820000EB820000EB8201ABF1010070
:100D9000504307EB0B1701EB001118F0030C21D0A7
:100DA0003B1FA1EB82011CF0010F06D093ED010A5D
:100DB00001EB82011B1D81ED000A009880B100BF8C
:100DC00093ED010A01EB820401EBC20184ED000AFC
:100DD00093ED020A401E81ED000A03F10803EFD1F2
:100DE00007EB8C070AF101001FFA80FA701E060457
:100DF000360C99D102B00020BDE8F08F70B50646E0
:100E000000F06EF9056806F10B0020F00704B4420B
:100E10009CBF002070BD2B466A68BAB11068A04222
:100E200010D304F1080188423CBF5068586007D3D2
:100E30005168101941601168091B01605860146005
:100E4000101D70BD13465268002AE7D1214628467E
:100E500000F04EF90028DED170BD53EA020C00F01C
:100E600069802DE9F04B4FF00006002B1FBFB3FA4D
:100E700083F503FA05F424FA05F65E4012BF164323
:100E8000B2FA82F502FA05F4C5F120051EBF22FA76
:100E900005FC44EA0C04203556EA044C4FEA14449D
:100EA00018BF641C4FF000084FF00009904271EB2E
:100EB000030C39D3002919BFB1FA81F701FA07F6FB
:100EC000B0FA80F700FA07F6C7F120071EBF20FA34
:100ED00007FC46EA0C062037B6FBF4FCA7EB050737
:100EE000103F07F01F0BCBF120060CFA0BFB2CFA7E
:100EF00006F644BFB3460026202FA4BF5E464FF03F
:100F0000000B5BEA060C08BF4FF0010B19EB0B0955
:100F1000ABFB027C48EB0608C01B06FB02CC0BFBBC
:100F200003CC71EB0C01C1E70B4602464146484633
:100F3000BDE8F08B13B54FF000004FF00001AFF3A8
:100F40000080BDE81C407047032A40F2308010F05A
:100F5000030C00F0158011F8013BBCF1020F624454
:100F600098BF11F801CB00F8013B38BF11F8013BE5
:100F7000A2F1040298BF00F801CB38BF00F8013B92
:100F800011F0030300F02580083AC0F0088051F802
:100F9000043B083A51F804CBA0E80810F5E7121D0D
:100FA0005CBF51F8043B40F8043BAFF30080D2072C
:100FB00024BF11F8013B11F801CB48BF11F8012BF8
:100FC00024BF00F8013B00F801CB48BF00F8012B1B
:100FD000704710B5203AC0F00B80B1E81850203AA5
:100FE000A0E81850B1E81850A0E81850BFF4F5AFC9
:100FF0005FEA027C24BFB1E81850A0E8185044BF53
:1010000018C918C0BDE810405FEA827C24BF51F8BF
:10101000043B40F8043B08BF7047D20728BF31F8B3
:10102000023B48BF11F8012B28BF20F8023B48BF04
:1010300000F8012B704702F0FF0343EA032242EA63
:10104000024200F002B84FF000020429C0F0128002
:1010500010F0030C00F01B80CCF1040CBCF1020F6B
:1010600018BF00F8012BA8BF20F8022BA1EB0C0140
:1010700000F00DB85FEAC17C24BF00F8012B00F836
:10108000012B48BF00F8012B70474FF0000200B55C
:10109000134694469646203922BFA0E80C50A0E89B
:1010A0000C50B1F12001BFF4F7AF090728BFA0E849
:1010B0000C5048BF0CC05DF804EB890028BF40F815
:1010C000042B08BF704748BF20F8022B11F0804F57
:1010D00018BF00F8012B7047704770477047000039
:1010E00000487047507F0020704770477047704736
:1010F00038B504460A4600206946AFF30080002850
:1011000008BF38BD02460099204600F075F801205E
:1011100038BD012000F0A2B8F8B5AFF30080054655
:1011200000200C46102000BF0646A819A0420DD989
:10113000324669460020AFF30080070008BF00F088
:101140008DF80098A04218BF0546C419FFF7C8FFE4
:1011500005600746F01D20F007004619284600F0FC
:101160000AF8B44208BFF8BDA21B31463868BDE892
:10117000F84000F041B800210160C0E9011070475B
:101180001020704770B50446051FFFF7A9FF0068DF
:10119000002C14BF446870BD002C18BFAC423CBF8B
:1011A00020466468F8D301680A18AA4218BF45604F
:1011B00003D12A6805461144016028684119A142FB
:1011C0001CBF6C6070BD616869602168084428605C
:1011D00070BD10B500F00CF8006810BD10B50446E5
:1011E00000F006F8046010BD00487047487F0020FA
:1011F00000487047487F0020034640688C4600281E
:1012000018BF88423CBF03464068F8D318681844AA
:10121000884207D00CF1030020F00700001D411A9E
:10122000521A0146081D0A60FFF7ACBF1FB584B013
:1012300000200A9C06AB04AA02A90094AFF3008028
:1012400018B1DDE9020108B010BD0348204000F0EC
:1012500040F800200146F6E70000207C10B500F0C1
:101260003FF8BDE8104000F02FB870477546FFF713
:10127000BBFFAE4605006946534620F00700854691
:1012800018B020B5FFF766F8BDE820404FF0000623
:101290004FF000074FF000084FF0000B21F007015E
:1012A000AC46ACE8C009ACE8C009ACE8C009ACE8A1
:1012B000C0098D46704710B50446AFF30080204644
:1012C000BDE81040FEF7D1BF002801D000F030B8D3
:1012D000704710B500F04CF8BDE81040FFF7F4BFC0
:1012E00010B5012805D0002103A000F027F8012047
:1012F00010BD09A1F8E7000053494752544D454D30
:101300003A204F7574206F662068656170206D65A6
:101310006D6F7279000000003A2048656170206DA1
:10132000656D6F727920636F727275707465640099
:1013300001491820ABBEFEE72600020070B5054645
:101340000C460A2000E06D1C00F068F835B12878E2
:101350000028F8D102E0641C00F060F814B1207895
:101360000028F8D1BDE870400A2000F057B800000E
:1013700010B5022803D0410103D50DA112E00020D1
:1013800010BD010101D50FA10CE0C10001D511A1D3
:1013900008E0810001D512A104E0400001D513A1AD
:1013A00000E0002115A0FFF7C9FF012010BD0000DB
:1013B000496E76616C6964204F7065726174696F03
:1013C0006E000000446976696465204279205A65A0
:1013D000726F00004F766572666C6F7700000000D8
:1013E000556E646572666C6F77000000496E6578B3
:1013F00061637420526573756C74000053494746ED
:1014000050453A2041726974686D6574696320655E
:101410007863657074696F6E3A20000008B569469C
:101420008DF800000320ABBE08BD000010B50122FE
:101430001021024802F0BEF910BD00000000024079
:1014400010B500221021024802F0B4F910BD0000CE
:101450000000024010B501221146024802F0AAF92C
:1014600010BD00000004024010B500220121024816
:1014700002F0A0F910BD00000004024010B50446BF
:10148000FFF7DEFF922000F0A3F906229549122013
:1014900000F07EF9FFF7CAFF92484078000200B2E0
:1014A000904909780843904908800846B0F900003F
:1014B00000EE100AB8EEC00A8C48D0ED000A20EE0B
:1014C000200AD4ED080A20EE200A84ED000A85489F
:1014D000C078000200B283498978084382490880B5
:1014E0000846B0F9000000EE100AB8EEC00A7F48C6
:1014F000D0ED000A20EE200AD4ED080A20EE200AE2
:1015000084ED010A77484079000200B275490979F3
:101510000843754908800846B0F9000000EE100A3B
:10152000B8EEC00A7148D0ED000A20EE200AD4EDD2
:10153000080A20EE200A84ED020AFFF795FF082230
:101540006849002000F024F9FFF784FF654800781F
:101550000F284FD166480078F0B36248C078000287
:1015600000B26049897808435F49088094ED090A10
:101570000846B0F9000000EE900AF8EEE00A5D4877
:1015800090ED001A10EE810A84ED030A5548407967
:10159000000200B25349097908435349088094ED89
:1015A0000A0A0846B0F9000000EE900AF8EEE00AD8
:1015B000504890ED001A10EE810A84ED040A494863
:1015C000C079000200B2474989790843464908803A
:1015D00094ED0B0A084600E00DE0B0F9000000EEC3
:1015E000900AF8EEE00A434890ED001A10EE810AE6
:1015F00084ED050A44E03B48C078000200B2394956
:1016000089780843384908800846B0F9000000EEA0
:10161000100AB8EEC00A3748D0ED000A20EE200AC2
:1016200084ED030A2F484079000200B22D49097960
:1016300008432D4908800846B0F9000000EE100A62
:10164000B8EEC00A2B48D0ED000A20EE200A84ED47
:10165000040A2448C079000200B22249897908436B
:10166000214908800846B0F9000000EE100AB8EEE3
:10167000C00A2048D0ED000A20EE200A84ED050AB9
:10168000FFF7DEFEA22000F0A3F802221549222077
:1016900000F07EF8FFF7CAFE12480078C00011493A
:1016A000497840EA6110104908800846B0F9000006
:1016B000B0F5806F05DB08460088A0F5006000B239
:1016C00008800948B0F9000000EE100AF8EEC00AE0
:1016D000B4EE001AB3EE070A00EE810A84ED070AA1
:1016E00010BD00008A020020920200204C0200205F
:1016F0005C0200205002002070B504460D461C48D4
:10170000046000201B49087007F0FAFC19490978A9
:1017100008431849087007F0A9FD164909780843DD
:10172000144908701DB1144800F066F91CE09FEDE3
:10173000130A114880ED090A9FED110A80ED0A0A8B
:101740009FED0F0A80ED0B0A9FED0E0A80ED0C0A4B
:1017500090ED0C0ADFED0C0A80EE801A80ED081A7D
:101760009FED0A0A80ED060A0248007870BD00006D
:10177000940200205602002048180020AC38223B7A
:10178000B016CE393F161B41C3F51C410000204264
:1017900070B506460C46154646F0800000F018F875
:1017A00006E0552000F014F82070641C681EC5B2D5
:1017B000002DF6D170BD70B504460D4644F0800092
:1017C00000F006F8552000F003F8287070BD000006
:1017D00001B582B04FF47A70012301AA02A90090EA
:1017E0000348006802F0A4FF9DF804000EBD00004D
:1017F0009402002070B505460C462846FFF7E8FF26
:101800002046FFF7E5FF70BDD2ED020A92ED021A05
:10181000B6EE000A00EEC10AD2ED030A92ED031AF9
:1018200000EEC10AD0ED000A20EE200AD2ED010A36
:1018300092ED021A60EE810A92ED001AD2ED031ABF
:1018400041EE610A90ED011A00EE810AD2ED010A23
:1018500092ED031A60EE810A92ED001AD2ED021A9F
:1018600041EE210A90ED021A00EE810AF0EE000A24
:1018700020EE200A81ED000A92ED010AD2ED020A63
:1018800020EE200AD2ED000A92ED031A00EE810A42
:10189000D0ED000A60EE200A92ED011AD2ED011A95
:1018A000B6EE000A01EE610AD2ED031A92ED032AA8
:1018B000B0EE401A01EEC21AD0ED011AB0EE600A85
:1018C00001EE210AD2ED020A92ED031A60EE810ABE
:1018D00092ED001AD2ED011A41EE610A90ED021A62
:1018E00000EE810AF0EE000A20EE200A81ED010AE6
:1018F00092ED010AD2ED030A20EE200AD2ED000A91
:1019000092ED021A00EEC10AD0ED000A20EE200A84
:10191000D2ED020A92ED031A60EE810A92ED001AEE
:10192000D2ED011A41EE210A90ED011A00EE810A72
:1019300092ED011AD2ED011AF6EE000A41EE610AAB
:1019400092ED021AD2ED021A41EE610A90ED021AEE
:1019500000EE810AF0EE000A20EE200A81ED020A74
:10196000704700BFFEE7000010B5024801F0B9F96A
:1019700010BD0000D00A002010B5024801F0B1F9F6
:1019800010BD0000F80A002038B504464FF400707E
:101990000849086000208860C86008200861200AA3
:1019A000054908704C706B460A460249034800F02E
:1019B000D0FF38BDD80F002080000020D00A0020C2
:1019C00038B5044640F2FF100849086000208860DE
:1019D000C86008200861200A054908704C706B46F1
:1019E0000A460249034800F0B4FF38BDC00F00208A
:1019F00078000020F80A002070B52DED048B88B027
:101A0000044600200690079000F008FEFE4880ED96
:101A1000000A00BF00F002FEFB48D0ED000A30EEE5
:101A2000600AF2EE040AB4EEE00AF1EE10FA14DDF8
:101A30009FEDF60A84ED090A9FEDF50A84ED0A0A86
:101A40009FEDF30A84ED0B0A9FEDF20A84ED0C0A78
:101A50009FEDF10A84ED060A55E29FEDF00A00F0D1
:101A600099FD9FEDEF0A84ED0C0A9FEDED0A84EDE0
:101A7000090A9FEDEB0A84ED0A0A9FEDE90A84ED5D
:101A80000B0A002673E1FFF7DBFC9220FFF7A0FEB4
:101A9000062206A91220FFF77BFEFFF7C7FC9DF880
:101AA0001900000200B29DF8181040EA010500EE8E
:101AB000105AB8EEC00ADB48D0ED000A20EE200A2A
:101AC00084ED000A9DF81B00000200B29DF81A1078
:101AD00040EA010500EE105AB8EEC00AD148D0ED38
:101AE000000A20EE200A84ED010A9DF81D00000284
:101AF00000B29DF81C1040EA010500EE105AB8EE45
:101B0000C00AC848D0ED000A20EE200A84ED020A7F
:101B1000D4ED000A60EEA00A94ED011AD4ED011A8A
:101B200041EE210A94ED021AD4ED021A41EE210A87
:101B3000B0EE600A07F0B1FAB0EE408A94ED0C0AFC
:101B400030EE080A84ED0C0AFFF78EFC082206A985
:101B50000020FFF71DFEFFF77DFC9DF818000F2801
:101B600050D19DF81B00000200B29DF81A1040EA07
:101B7000010500EE105AB8EEC00AAB48D0ED000ADD
:101B800020EE200A84ED030A94ED090AD4ED030A3D
:101B900030EE200A84ED090A9DF81D00000200B213
:101BA0009DF81C1040EA010500EE105AB8EEC00A7C
:101BB0009D48D0ED000A20EE200A84ED040A94ED41
:101BC0000A0AD4ED040A30EE200A84ED0A0A9DF8D0
:101BD0001F00000200B29DF81E1040EA010500EE51
:101BE000105AB8EEC00A9048D0ED000A20EE200A44
:101BF00084ED050A94ED0B0AD4ED050A30EE200AB7
:101C000084ED0B0A06BBF0EE488AB0EE489A00203D
:101C100017E004F10C0101EB800191ED000A03A92A
:101C200001EB800181ED000A04F10C0101EB800160
:101C300091ED000A694601EB800181ED000A411C2B
:101C4000C8B20328E5DB49E0B4EEE88AF1EE10FA09
:101C500001DDF0EE488AB4EEC98AF1EE10FA01D245
:101C6000B0EE489A002037E004F10C0101EB80014E
:101C700091ED000A03A901EB8001D1ED000AB4EE59
:101C8000E00AF1EE10FA0ADD04F10C0101EB80012B
:101C900091ED000A03A901EB800181ED000A04F136
:101CA0000C0101EB800191ED000A694601EB800116
:101CB000D1ED000AB4EEE00AF1EE10FA0AD204F116
:101CC0000C0101EB800191ED000A694601EB8001F6
:101CD00081ED000A411CC8B20328C5DB38EEC90AF1
:101CE000524880ED000A002012E003A901EB8001B8
:101CF00091ED000A694601EB8001D1ED000A30EE5A
:101D0000600A4B4901EB800181ED000A411CC8B219
:101D10000328EADB454890ED000AF6EE000AB4EE2F
:101D2000E00AF1EE10FA1BDC414890ED000ADFED0D
:101D3000410AB4EEE00AF1EE10FA11DC90ED010A6E
:101D4000DFED3C0AB4EEE00AF1EE10FA08DC90EDAB
:101D5000020ADFED380AB4EEE00AF1EE10FA00DD17
:101D60000AE09FED350A00F015FC701C86B233487E
:101D700000888642FFF687AE00BFD4ED0C0A2F48DC
:101D8000008800EE100AB8EE400A80EE801A84ED5A
:101D90000C1A002015E004F1240101EB8001D1EDC3
:101DA000000A2649098800EE101AB8EE400A80EEB3
:101DB000801A04F1240101EB800181ED001A411C1D
:101DC000C8B20328E7DBFFF73BFBA220FFF700FDCB
:101DD000022206A92220FFF7DBFCFFF727FB9DF874
:101DE0001800C0009DF8191040EA6115B5F5806F24
:101DF00002DBA5F5006005B200EE105AF8EEC00A4D
:101E0000B4EE001A1CE0000084020020AC38223B33
:101E1000B016CE393F161B41000020420AD7A33B23
:101E2000000000004C020020500200205802002058
:101E30003C1800209A99193E6F12033A880200203C
:101E4000B3EE070A00EE810A84ED060A34480088E2
:101E5000401C00B232490880324890ED000AF6EE8C
:101E6000000AB4EEE00AF1EE10FA3FF7D3AD94EDBC
:101E70000C0ADFED2D0A30EE600AB0EEC00AF6EE75
:101E8000000AB4EEE00AF1EE10FAEEDC274890ED1D
:101E9000000A5FED180AB4EEE00AF1EE10FAE4DC95
:101EA00090ED010A5FED1D0AB4EEE00AF1EE10FAC2
:101EB000DBDC90ED020A5FED210AB4EEE00AF1EE00
:101EC00010FAD2DC94ED090AB0EEC00ADFED180A70
:101ED000B4EEE00AF1EE10FAC7DC94ED0A0AB0EEB7
:101EE000C00ADFED130AB4EEE00AF1EE10FABCDC32
:101EF00094ED0B0AB0EEC00ADFED0D0AB4EEE00A75
:101F0000F1EE10FAB1DC00BF94ED0C0ADFED090A26
:101F100080EE801A84ED081A08B0BDEC048B70BD09
:101F20005E02002058020020CDCC1C413C1800204D
:101F30000AD7233CC3F51C4100BF00F047F8FCE77B
:101F40002DE9F04104460D4616460022062104F113
:101F5000700008F0B9FB0022082104F1A80008F085
:101F6000B3FB284606F0B6FDDFED140A9FED140A18
:101F7000144A0021304605F087FB00270AE0B4F838
:101F8000A820AC20015B104808F070FA012008F08E
:101F9000EBFE7F1C0A2FF2DB00270AE0B4F870206A
:101FA0007420015B084808F061FA012008F0DCFEAB
:101FB0007F1C0A2FF2DBBDE8F0810000000000006A
:101FC0000000B442FCDD0008F80A002008B502E079
:101FD000012008F0C9FE494890F890000028F7D089
:101FE000474A48494848FFF7ABFF85E0434A45491F
:101FF000454807F02FFD4248444B404A4149009074
:10200000414807F049FA404890F85401012844D16A
:102010003C4890ED1E0AB0EE402AF6EE001A9FED05
:102020003C1ADFED3B0A9FED3A0A0821394808F0D7
:1020300039FD3948006808F097FE324890ED1D0AD6
:10204000B0EE402AF6EE001A9FED311ADFED300AAD
:102050009FED2F0A06212F4808F024FD2E48006826
:1020600008F082FE284890ED620ADFED2C0A80EE2F
:10207000201ABDEEC10A10EE100A01B22248A0F8E3
:1020800080110146B1F88011494208B2FFF798FC6F
:102090002148006808F068FE2EE01B4890F85401C3
:1020A00050BB9FED1B2ADFED1A1A9FED191ADFEDC9
:1020B000180A9FED170A0821164808F0F3FC164885
:1020C000006808F051FE9FED122ADFED111A9FED16
:1020D000101ADFED0F0A9FED0E0A06210D4808F0D9
:1020E000E1FC0D48006808F03FFE0020FFF768FCA7
:1020F0000948006808F038FE78E700009C180020C6
:10210000B0160020001600201C130020B001002093
:1021100000000000F80A0020E40100200200C0399D
:1021200000BF00F045F8FCE72DE9F04104460D46FC
:10213000164608F0DFF9C4F85C01002206212046AB
:1021400008F0C2FA0022082104F1380008F0BCFAB5
:10215000284606F0BFFCDFED120A9FED120A124A74
:102160000021304605F090FA002708E0228FA18F69
:102170000E4808F07BF9012008F0F6FD7F1C0A2FBD
:10218000F4DB002708E02288A188084808F06EF9EF
:10219000012008F0E9FD7F1C0A2FF4DBBDE8F08187
:1021A000000000000000B442CCDD0008D00A00208E
:1021B0002DED028B82B09FEDA70AA74880ED440A5F
:1021C0009FEDA60A80ED3D0A9FEDA40A80ED3B0A33
:1021D0009FEDA20A80ED3A0A00209F4981F858013C
:1021E0009FED9F0A084680ED3E0A02E0012008F0BC
:1021F000BBFD9C4890F890000028F7D09A4A9B4974
:102200009548FFF791FF9A4A9A499B4805F06CFA66
:102210001FE19A4890ED000AB8EE400ADFED980AF7
:1022200080EE201AB0EE418A8B48D0F85C01807AAB
:10223000032803D10120884981F854018648D0F849
:102240005C01807A022803D10020834981F854017F
:10225000814890F85401012874D17F48D0F85C017E
:10226000B0F9020000EE100AB8EEC00ADFED850AF0
:1022700020EE200A784880ED3C0A9FED830A00F1A9
:10228000E801F03009F045FB7348D0ED3A0A7B488D
:1022900090ED000AB8EE400A20EE800AF0EE000A47
:1022A00060EE200A9FED761A80EE810A6A48D0ED32
:1022B0003B0A30EE200A80ED3B0A90ED3D0AD0F853
:1022C0005C01B0F9040000EE900AF8EEE00A9FED20
:1022D0006F1A00EE810A604880ED3D0A90ED440AD5
:1022E000D0F85C01B0F9060000EE900AF8EEE00AC2
:1022F0009FED671A00EE810A574880ED440A90ED81
:10230000450AD0ED440A30EE600AB0EEC00ADFEDB7
:10231000610AB4EEE00AF1EE10FA06DD012053493D
:1023200081F8AD005C4981F8AD004B4890ED440A5E
:1023300080ED450ADFED590A9FED590A00F58870D6
:1023400008F030FC474A4949434807F007FF464830
:10235000544B444A454900903F4807F0CBFB3E4868
:1023600090F85401012844D1404890ED1E0AB0EE87
:10237000402AF6EE001A9FED391ADFED380A9FED7C
:10238000370A0821484808F08DFB3C48006808F0EF
:10239000EBFC364890ED1D0AB0EE402AF6EE001A2E
:1023A0009FED2E1ADFED2D0A9FED2C0A06213E48E7
:1023B00008F078FB3148006808F0D6FC264890ED1C
:1023C0005C0ADFED3A0A80EE201ABDEEC10A10EE7B
:1023D000100A01B22048A0F868110146B1F868114E
:1023E000494208B2FFF7D0FA2448006808F0BCFC64
:1023F0002EE0194890F8540150BB9FED182ADFEDEC
:10240000171A9FED161ADFED150A9FED140A082121
:10241000254808F047FB1948006808F0A5FC9FED27
:102420000F2ADFED0E1A9FED0D1ADFED0C0A9FED5E
:102430000B0A06211C4808F035FB1048006808F01C
:1024400093FC0020FFF7A0FA0C48006808F08CFC11
:1024500000BFDEE6B81E053E1C1300200000000091
:102460000AD7A3BC9C180020B01400206C120020D6
:1024700040150020F8140020881500209C01002041
:1024800000007A440AD7A33B6F12833B82A8FBB7B4
:10249000ACC5A7366F12033A001600200AD7A33E38
:1024A0004A0C023E98000020D00A00200200C039E9
:1024B00001680A4BCAB2103AA3FB02321209084B58
:1024C0009B5CC365032A04D96FF30901091D81656B
:1024D00002E06FF309018165806D7047ABAAAAAA7B
:1024E000D8DE0008014600208A6A8B69002B0FD0D5
:1024F000B3F5005F1DD08AB3012A30D0022A2ED056
:10250000032A04D1C96A11F0807F00D001207047EE
:102510001AB1012A07D0022AF9D1C96A11F0807FC5
:10252000F5D001207047C96AB1F1C07FFAD101200E
:1025300070475AB1012A0BD0022A07D0032AF7D1DB
:10254000C96AB1F1C07FF3D1012070470120704703
:10255000C96A11F0807FFAD001207047FFE701209F
:102560007047000008B50848406800900749009887
:102570000968884204D206480068401C0449086083
:1025800002490098086008BD001000E050000020DB
:102590004C0000200C494868F0EE400A00BF0A4990
:1025A0004968091A01EE101AF8EE411A074991ED2F
:1025B000001AB8EE411A20EE811AF4EEC11AF1EEBB
:1025C00010FAECD370470000001000E0400000203B
:1025D00010B52DED028B82B004460E484068019084
:1025E00020680199081A00EE100AF8EE400A0A481D
:1025F00090ED000AB8EE400A80EE801AB0EE418AF3
:1026000001982060FFF7AEFFB0EE480A02B0BDECC3
:10261000028B10BD001000E04000002010B52DED31
:10262000028B00F059F80F4890ED000AB8EE400A0E
:10263000808800EE900AF8EE600A9FED0B1A00EE1B
:10264000810A0848C08800EE900AF8EE600A9FED03
:10265000071A00EE810AB0EE408AB0EE480ABDECDF
:10266000028B10BD380000206F12833ABD378635CB
:102670001249096841F08071104A11600021104A26
:1026800051601146096841F0010111600D49414353
:102690000D4A1160114609684FF47A72B1FBF2F1EC
:1026A0000A4A116008490968064AB1FBF2F1084A72
:1026B00011600021074A116070470000FCED00E046
:1026C000001000E040420F004000002044000020C5
:1026D000480000204C00002038B529484068009090
:1026E000FFF740FF274800684FF0FF31A0FB0131A2
:1026F0000098181841F10001234A03C2234800231F
:102700002149026803C9FEF7A8FB214A03C22048F9
:102710000CC81E4800680024A2FB001503FB0050F3
:1027200002FB04021848D0E90030591A60EB02009D
:10273000184AC2E90010164800681749086017488F
:1027400000231449026803C9FEF787FB12498880F9
:10275000084680881149096841430E48D0E9003095
:10276000591A60F100000E4AC2E900100D4800231A
:102770000B49026803C9FEF770FB0749C88038BDE2
:10278000001000E04C000020580000204000002015
:102790006000002068000020380000204400002075
:1027A0007000002048000020704710B5012000F0A4
:1027B000DFFE10BD10B5082000F0DAFE10BD10B528
:1027C000102000F0D5FE10BD10B5202000F0D0FE86
:1027D00010BDD2ED020A92ED021AB6EE000A00EE2A
:1027E000C10AD2ED030A92ED031A00EEC10AD0ED40
:1027F000000A20EE200AD2ED010A92ED021A60EEE4
:10280000810A92ED001AD2ED031A41EE210A90EDF1
:10281000011A00EE810AD2ED010A92ED031A60EE70
:10282000810A92ED001AD2ED021A41EE610A90ED92
:10283000021A00EE810AF0EE000A20EE200A81ED75
:10284000000A92ED010AD2ED020A20EE200AD2ED32
:10285000000A92ED031A00EEC10AD0ED000A60EE04
:10286000200A92ED011AD2ED011AB6EE000A01EE2D
:10287000610AD2ED031A92ED032AB0EE401A01EE7E
:10288000C21AD0ED011AB0EE600A01EE210AD2EDB3
:10289000020A92ED031A60EE810A92ED001AD2ED5F
:1028A000011A41EE210A90ED021A00EE810AF0EEC3
:1028B000000A20EE200A81ED010A92ED010AD2ED14
:1028C000030A20EE200AD2ED000A92ED021A00EE71
:1028D000810AD0ED000A20EE200AD2ED020A92ED24
:1028E000031A60EE810A92ED001AD2ED011A41EE50
:1028F000610A90ED011A00EE810A92ED011AD2ED03
:10290000011AF6EE000A41EE610A92ED021AD2EDCA
:10291000021A41EE610A90ED021A00EE810AF0EE11
:10292000000A20EE200A81ED020A7047704790F8F5
:102930002020012A07D0022A05D0416A41F48021D3
:1029400041620120704700684269114341610020E3
:10295000704770B490F82040D0F800C0DCF808C090
:10296000012C08D0022C06D0416A41F4802141623A
:1029700070BC012070470CF080640CF000652C43A3
:1029800002D11CF0805F55D0CCF3016C012404FA15
:102990000CF41C608B684FF4C0749BB1CD6804EBE1
:1029A0000C162B434D6843EAC5030568AB514FF441
:1029B000C273066803EB0C130D69F550097D0129FC
:1029C00009D00DE00D88CB6804EB0C1643EA4553A3
:1029D0000568AB51EBE70168CD5845F48075CD50E3
:1029E0001179D379557941EA036193791B0443EA5C
:1029F000052319434FF4C675036805EB0C155951AF
:102A00001178D37841EA0361937852781B0443EA42
:102A1000022211434FF4C473026803EB0C13D1502C
:102A2000016804EB0C100A5842F001020A5070BC15
:102A300000207047416A41F40011416270BC0120DE
:102A40007047000090F82020012A07D0022A05D004
:102A5000416A41F480214162012070474248D0F828
:102A6000002242F00102C0F80022D0F8002222F435
:102A70007C52C0F80022D0F800224B6A42EA0322BE
:102A8000C0F800220A7D012302F01F0203FA02F2BD
:102A9000D0F81C329343C0F81C32CB69D3B9D0F8BC
:102AA0000C329343C0F80C32B1F80CC04B686CF395
:102AB0001F43D1F814C000EBCC0CCCF84032B1F875
:102AC00008C00B686CF31F43D1F814C000EBCC0CAA
:102AD000CCF84432CB69012B1AD1D0F80C32134315
:102AE000C0F80C32B1F800C04B686CF31F43D1F84A
:102AF00014C000EBCC0CCCF84032B1F808C0CB6865
:102B00006CF31F43D1F814C000EBCC0CCCF844326A
:102B10008B697BB1D0F804321343C0F804320B69DF
:102B200073B1D0F814321343C0F81432096A012982
:102B30000CD010E0D0F804329343C0F80432EEE732
:102B4000D0F814329343C0F81432EFE7D0F81C12D7
:102B50001143C0F81C12D0F8001221F00101C0F896
:102B6000001200207047000000640040704730B43D
:102B700090F820C0BCF1010F09D0BCF1020F06D0C3
:102B8000416A41F48021416230BC0120704739B173
:102B9000D0F800C0DCF810C01CF0030F33D006E002
:102BA000D0F800C0DCF80CC01CF0030F24D04FF4A8
:102BB000D87C04680CEB011C54F80C4004F00404AD
:102BC00094603CB3046854F80C40E4085460046812
:102BD00054F80CC00CF0020CC2F80CC04FF4DA7CB4
:102BE00004680CEB011C54F80C5005F00F05082D7F
:102BF00016D30824146118E0416A41F400114162BF
:102C000030BC01207047416A41F40011416230BC80
:102C100001207047046854F80C40640D1460D6E736
:102C200054F80C4004F00F041461046854F80C408C
:102C3000C4F307249461046854F80CC04FEA1C4C98
:102C4000C2F814C04FF4DC72D0F800C002EB0112DD
:102C50005CF802C083F800C0D0F800C05CF802C085
:102C60004FEA1C2C83F801C0D0F800C05CF802C009
:102C70004FEA1C4C83F802C0D0F800C05CF8022078
:102C8000120EDA704FF4DE72D0F800C002EB0112BF
:102C90005CF802C083F804C0D0F800C05CF802C041
:102CA0004FEA1C2C83F805C0D0F800C05CF802C0C5
:102CB0004FEA1C4C83F806C0D0F800C05CF8022034
:102CC000120EDA7139B10068016941F02001016129
:102CD00030BC002070470068C16841F02001C1602D
:102CE000F6E72DE9F05F0546002428684669D0F82C
:102CF00004908768D0F80CA0D0F810B0D0F81880F5
:102D000016F0010F54D017F0010F17D00121816088
:102D100017F0020F03D0284600F098FB0EE017F0E2
:102D2000040F02D04FF4006408E017F0080F02D03F
:102D30004FF4805402E0284600F087FB17F4807FB0
:102D400019D029684FF48070886017F4007F03D091
:102D5000284600F07DFB0EE017F4806F02D044F4AB
:102D6000005408E017F4006F02D044F4804402E0FD
:102D7000284600F06CFB17F4803F19D029684FF407
:102D80008030886017F4003F03D0284600F062FBD3
:102D90000EE017F4802F02D044F4004408E017F44A
:102DA000002F02D044F4803402E0284600F051FBAA
:102DB00016F0080F07D01AF0100F04D044F4007476
:102DC00029681020C86016F0040F4FF0080707D0DC
:102DD0001AF0080F04D02868C760284600F000FAEF
:102DE00016F0020F07D02868C06810F0030F02D059
:102DF000284600F0F7F916F0400F07D01BF0100F2F
:102E000004D044F4806429681020086116F0200F73
:102E100007D01BF0080F04D028680761284600F08F
:102E2000DFFA16F0100F07D02868006910F0030FC2
:102E300002D0284600F0D5FA16F4003F08D019F069
:102E4000100F05D0296810204860284600F0CAFA03
:102E500016F4803F07D019F0080F04D028684760A7
:102E6000284600F0F8FA16F4004F4AD019F0040F83
:102E700044D016F4807F04D018F0010F01D044F044
:102E8000010416F4007F04D018F0020F01D044F0C2
:102E9000020416F4806F04D018F0040F01D044F03F
:102EA000040416F4006F29D018F0700F26D008F033
:102EB0007000402815D006DC102809D020280AD040
:102EC000302816D10AE050280ED0602811D10EE02B
:102ED00044F008040DE044F010040AE044F020043B
:102EE00007E044F0400404E044F0800401E044F4CE
:102EF00080742868816921F070018161296804204B
:102F00004860002C05D0686A204368622846FFF7B5
:102F10002DFEBDE8F09F70B50446002C03D094F858
:102F2000200010B104E0012070BD204600F0A8F898
:102F30002068016841F00101016000F043FC054692
:102F4000206840684FF0050610F0010F11D100F025
:102F500039FC401B0A2807D9606A40F400306062DF
:102F600084F82060012070BD2068406810F0010FD7
:102F7000EDD02068016821F00201016000F022FC20
:102F800005462068406810F0020F11D000F01AFCCE
:102F9000401B0A2807D9606A40F40030606284F858
:102FA0002060012070BD2068406810F0020FEDD154
:102FB000207E01283FD02068016821F08001016057
:102FC000607E01283DD02068016821F04001016049
:102FD000A07E01283BD02068016821F0200101601B
:102FE000E07E012839D02068016841F010010160BD
:102FF000207F012837D02068016821F00801016096
:10300000607F012835D02068016821F0040101604B
:10301000E168A06862690843216911430843616857
:10302000491E08432168C86100206062012084F8BD
:103030002000002070BD2068016841F0800101601F
:10304000BEE72068016841F040010160C0E72068E8
:10305000016841F020010160C2E72068016821F0A9
:1030600010010160C4E72068016841F008010160B7
:10307000C6E72068016841F004010160C8E700006C
:1030800010B586B00446142101A8FDF7FEFF4E4995
:103090002068884241D14D480068401C4B49086077
:1030A0000846006801280FD100BF00200090484862
:1030B000006840F00070464908600846006800F06B
:1030C0000070009000BF00BF00BF0020009040488B
:1030D0001038006840F008003D4910390860084683
:1030E000006800F00800009000BF00BF03200190BE
:1030F00002200290002003900320049009200590F4
:1031000001A9344800F040FA00220621142000F002
:1031100015FD142000F004FD54E02F49206888427A
:1031200050D100BF002000902948006840F0806026
:10313000274908600846006800F08060009000BFE2
:1031400000BF22480068401C20490860084600680B
:1031500001280FD100BF002000901D48006840F0FA
:1031600000701B4908600846006800F0007000907D
:1031700000BF00BF00BF0020009015481038006855
:1031800040F002001249103908600846006800F05B
:103190000200009000BF00BF60200190022002905A
:1031A00000200390032004900920059001A90B48FA
:1031B00000F0EAF900220621402000F0BFFC402088
:1031C00000F0AEFC06B010BD0064004024000020FA
:1031D00040380240000C02400068004000040240F9
:1031E0007047000010B58AB0044601AB03AA002165
:1031F0002046FFF7BCFC7448844277D140F202229B
:103200000398811A90421CD008DC03280BD00428B4
:103210000FD0A0F20120002866D111E0012911D0C1
:10322000022961D10FE0082201A9684807F0D2F80D
:103230005BE0082201A96548383007F0CBF854E07C
:1032400000BF00BF00BF0398401E614908700846D8
:10325000007800EB40015F4830F8310001B25C4873
:10326000007800EB40025B4800EBC20001819DF852
:1032700005009DF8041040EA01215548007800EB54
:103280004002544820F832109DF807009DF80610BF
:1032900040EA012001B24E48007800EB40024D4860
:1032A00000EBC20041809DF809009DF8081040EA3B
:1032B000012001B24648007800EB4002454800EB8F
:1032C000C20081809DF80A104148007800EB40025E
:1032D000404800EBC20081713D490978491CC8B2E1
:1032E00006F0E6FF01E001E000BF00BF3A4884427B
:1032F00068D10398032806D004280BD0A0F205203B
:1033000000285DD10DE0082201A93048703007F097
:1033100061F856E0082201A92C48A83007F05AF8B5
:103320004FE001202D4908700846007800EB40016D
:10333000284830F8310001B22848007800EB4002FC
:10334000244800EBC20001819DF805009DF804109F
:1033500040EA01212148007800EB40021D4820F896
:1033600032109DF807009DF8061040EA012001B2D6
:103370001A48007800EB4002164800EBC20041807A
:103380009DF809009DF8081040EA012001B2134899
:10339000007800EB40020F4800EBC20081809DF8EE
:1033A0000A100E48007800EB40020A4800EBC20009
:1033B00081710A490978491CC8B206F079FF00BF3B
:1033C00000BF00BF0AB010BDD00A00201C130020AF
:1033D0008800002080140020F80A002089000020C6
:1033E00070477047704770B5044694F82000012874
:1033F00005D0606A40F400206062012070BD0220A8
:1034000084F820002068016821F00101016000F0CB
:10341000D9F905462068406810F0010F12D000F07D
:10342000D1F9401B0A2808D9606A40F40030606274
:10343000052084F82000012070BD2068406810F04D
:10344000010FECD10020606270BD7047704770477B
:1034500070477047704770472DE9F041044600F00F
:10346000B1F90546DCB1022084F83500002684F865
:1034700034602068016821F0010101602068006863
:1034800010F0010F13D000F09DF9401B052809D959
:1034900020206065032084F83500BDE8F08101201C
:1034A000BDE8F0812068006810F0010FEBD12168C1
:1034B0000868234A1040A3686268D4F810C01A4311
:1034C000E36843EA0C031A4363691A43A3691A4386
:1034D000E3691A43236A1A431043626A042A03D138
:1034E000236BE26A1A43104308602068406920F0A9
:1034F0000701606A40EA0105012704280ED1A06A8D
:103500000543E06A50B12046FEF7ECFF30B14020A1
:10351000606584F835700120BDE8F0812068456160
:103520002046FEF7C5FF94F85C103F2202FA01F135
:103530008160666584F835700020BDE8F081000088
:103540003F8010F070B5044600F03CF90546B4F138
:10355000FF3F02D004480078044400F033F9401BD8
:10356000A042FAD370BD0000A00300207047000005
:1035700010B504490A68024202D00860FFF7F6FF5E
:1035800010BD0000143C01402DE9F84F0022DFF887
:1035900018A2DFF810924FF0010E03274FF00F082A
:1035A000AAF1040B0EFA02FC0B6803EA0C03634554
:1035B0007DD10C7904F00304012C01D0022C14D12C
:1035C0008568540007FA04F6B543CE6806FA04F499
:1035D0002C438460446824EA0C0C0C79C4F3001476
:1035E000944044EA0C0CC0F804C0D1F804C037EA97
:1035F0000C0C0CD0C4684FEA420C07FA0CF5AC4333
:103600008D6805FA0CFC4CEA040CC0F80CC091F86B
:1036100004C00CF0030CBCF1020F12D14FEAD20C23
:1036200000EB8C04256A4FEA427C4FEADC6C08FA16
:103630000CF6B5430E6906FA0CFC4CEA050CC4F80E
:1036400020C004684FEA420C07FA0CF5AC430D7930
:1036500005F0030505FA0CFC4CEA040CC0F800C0A8
:10366000D1F804C01CF4403F7DD0D9F800C04CF420
:10367000804CC9F800C0D9F800C00CF4804CCDF8DB
:1036800000C022F0030C0CF1804505F59835D5F803
:1036900008C89407240F08FA04F62CEA0606A0F1DD
:1036A000804CBCF5003C64D0A0F1804C00E05AE0B6
:1036B000BCF5013C60D0A0F1804CBCF5023C5ED072
:1036C000A0F1804CBCF5033C5CD0A0F1804CBCF573
:1036D000043C5AD0A0F1804CBCF5053C58D0A0F178
:1036E000804CBCF5063C56D0A0F1804CBCF5073CA4
:1036F00054D04FF0080C0CFA04FC4CEA060CC5F848
:1037000008C8DAF800C02CEA030C4C6814F4801FD7
:1037100001D04CEA030CCAF800C0244CD4F800C015
:103720002CEA030C4D6815F4001F01D04CEA030C81
:10373000C4F800C0DBF800C02CEA030C4C6814F499
:10374000003F01D04CEA030CCBF800C0184CD4F871
:1037500000C02CEA030C4D6815F4803F01D04CEA00
:10376000030CC4F800C0521C102AFFF41BAFBDE8C4
:10377000F88F4FF0000CBEE74FF0010CBBE74FF0A5
:10378000020CB8E74FF0030CB5E74FF0040CB2E7BA
:103790004FF0050CAFE74FF0060CACE74FF0070C0D
:1037A000A9E7000044380240083C01400C3C0140BD
:1037B000003C0140002A01D0816170470904816109
:1037C000704700000148806870470000A003002097
:1037D00070B50446002C04D094F83D00002510B1CB
:1037E00006E0012070BD84F83C50204600F0C6F889
:1037F000242084F83D002068016821F00101016067
:103800002068016841F4004101602068016821F4EA
:103810000041016000F05AFB544B6168994203D8A3
:103820005349884203D304E05249884201D201201F
:1038300070BD5149B0FBF1F12268D2F804C02CF000
:103840003F0C4CEA010CC2F804C062689A4201D8ED
:103850004A1C07E04FF4967251434FF47A72B1FB61
:10386000F2F14A1C2168D1F820C02CF03F0C42EA4A
:103870000C020A626168994210D84900401EB0FBF0
:10388000F1F2521CC2F30B02042A01D2042026E0FA
:10389000B0FBF1F0401CC0F30B0020E0A268002A4E
:1038A00050D001EBC10303EB0113A0F1010CBCFBF1
:1038B000F3F35B1C43F480431B051B0D4AD0002A25
:1038C0004AD001EBC10202EB0111401EB0FBF1F046
:1038D000401CC0F30B0040F4804040F400402168DD
:1038E000CA6922F0FF0222F44F421043C861216AE4
:1038F000E06901432068026822F0C00211430160C0
:10390000E168206901432068826822F0FF0222F406
:10391000034211438160A169606901432068C26864
:1039200022F0FF021143C1602068016841F00101EB
:1039300001602564202084F83D00256384F83E5012
:10394000002070BD01EB4103A0F1010CBCFBF3F3BF
:103950005B1CB1E70120C2E701EB4101401EB0FB57
:10396000F1F0401CC0F30B00B7E70000A086010097
:1039700080841E0000093D0040420F0010B586B053
:103980000446142101A8FDF780FB2A4920688842DB
:103990004DD100BF002000902748006840F004008F
:1039A000254908600846006800F00400009000BF48
:1039B00000BF00BF002000900846006840F00100F2
:1039C00008600846006800F00100009000BF00BFDA
:1039D00048150190122002900120039003200490CA
:1039E0000420059001A91548FFF7CEFD4FF4807023
:1039F00001901220029001200390032004900420E3
:103A0000059001A90E48FFF7BFFD00BF0020009000
:103A100009481030006840F4000007491031086080
:103A20000846006800F40000009000BF00BF06B028
:103A300010BD0000005C0040303802400008024029
:103A4000000002400248816802781144816070479A
:103A5000A003002010B50B48016841F4007101601B
:103A6000016841F480610160016841F48071016086
:103A7000032000F097F80F2000F006F800F026F879
:103A8000002010BD003C024070B504460D4D4FF4BF
:103A90007A712878B1FBF0F00B490968B1FBF0F0BE
:103AA00000F052FF08B1012070BD102C07D2002297
:103AB0002146501E00F042F86C60002070BD0120CD
:103AC00070BD0000A00300202800002008B500BF42
:103AD000002000901148006840F480400F490860C1
:103AE0000846006800F48040009000BF00BF00BF9F
:103AF00000200090081F006840F08050091F0860F7
:103B00000846006800F08050009000BF00BF00220F
:103B10000F21901E00F012F808BD0000443802404A
:103B200000280ADB00F01F01012202FA01F140091E
:103B3000800000F1E020C0F80011704710B4184B6D
:103B40001B68C3F30223C3F1070CBCF1040F01D9B6
:103B50004FF0040C1C1D072C01D2002300E0DB1EDB
:103B6000012404FA0CFCACF1010C0CEA01019940AF
:103B700004FA03F35B1E1A401143002806DB00F130
:103B8000E020090180F8001410BC704700F00F001D
:103B900000F1E020090180F8141D10BC70470000FE
:103BA0000CED00E000F00700064A11684FF6FF0335
:103BB000194041EA002040F0FD7040F08060106044
:103BC000704700000CED00E02DE9F84304464FF08B
:103BD000010820784FF0000710F0050F33D0DFF810
:103BE0004491C9F86870FFF7EDFD06464E4D286810
:103BF00010F0006F0BD0FFF7E5FD801B022802D903
:103C00000320BDE8F883286810F0006FF3D16068E6
:103C1000217A800140EA017044490860C9F868804F
:103C2000FFF7D0FD0646286810F0006F0BD1FFF7B4
:103C3000C9FD801B022802D90320BDE8F88328684B
:103C400010F0006FF3D0207810F0020F5CD03848ED
:103C5000016841F080510160006800F080500090E0
:103C6000344D286840F480702860FFF7ABFD0646AD
:103C7000286810F4807F0BD1FFF7A4FD801B022879
:103C800002D90320BDE8F883286810F4807FF3D0C0
:103C9000294D286800F4407028B3A18901F44071CF
:103CA000814220D0286820F440702449C1F8008067
:103CB0000F602860286810F0010F14D0FFF782FD14
:103CC0000646286810F0020F0DD141F28837FFF741
:103CD00079FD801BB84202D90320BDE8F88328682B
:103CE00010F0020FF3D0E0684FF4407131EA0002A7
:103CF00013490CD0086820F4F81008602868A189DE
:103D0000C1F30B01084328600020BDE8F8830A686E
:103D100020F4407022F4F81220F070401043086044
:103D2000ECE70000000047420038024084380240BF
:103D3000403802400070004070380240400E474258
:103D4000083802402DE9F04704460D46002C13D0F8
:103D5000DFF85491D9F80000EFB200F00700A84254
:103D60000DD289F80070D9F8000000F00700A842D1
:103D700005D00120BDE8F0870120BDE8F08720686C
:103D80004A4E10F0020F14D010F0040F03D0306828
:103D900040F4E0503060207810F0080F03D0306815
:103DA00040F4604030603068A16820F0F0000843C3
:103DB0003060207810F0010F3ED060683C49012847
:103DC00008D002280DD003280BD0096811F0020F8B
:103DD00028D00AE0096811F4003F06D10120BDE8AF
:103DE000F087096811F0007F19D0316821F00301D4
:103DF00008433060FFF7E6FC80463068616800F0F9
:103E00000C00B0EB810F17D041F2883AFFF7DAFCD3
:103E1000A0EB0800504508D90320BDE8F087012039
:103E2000BDE8F0870120BDE8F0873068616800F0E8
:103E30000C00B0EB810FE9D1D9F8000000F00700C9
:103E4000A8420AD989F80070D9F8000000F00700EC
:103E5000A84202D00120BDE8F087207810F0040FBE
:103E600005D03068E16820F4E050084330602078E5
:103E700010F0080F06D03068216920F4604040EA55
:103E8000C100306000F042F831680A4AC1F3031102
:103E9000515CC8400849086008480068FFF7F4FD15
:103EA0000020BDE8F0870000003C024008380240D6
:103EB00000380240B4DD000828000020A4030020E0
:103EC00001480068704700002800002000B5FFF797
:103ED000F7FF04490968044AC1F38221515CC840D4
:103EE00000BD000008380240C4DD000800B5FFF73F
:103EF000E7FF04490968044AC1F34231515CC840F4
:103F000000BD000008380240C4DD000810B51748A5
:103F1000006810F00C01164816D0164B042912D078
:103F2000082911D1144C216801F03F02216811F4D5
:103F3000800F0AD02068C0F38810A0FB0301002383
:103F4000FCF78BFF09E0184610BD21680023C1F380
:103F50008811A1FB0001FCF780FF2168C1F301413A
:103F6000491C4900B0FBF1F010BD000008380240C8
:103F70000024F400001BB700043802402DE9F84F7C
:103F80000446002C12D02078FB4E10F0010FA6F151
:103F9000040563D0301D016801F00C0104290CD028
:103FA000006800F00C00082803D010E00120BDE8F4
:103FB000F88F306810F4800F09D0286810F4003FA3
:103FC0004CD06068002849D10120BDE8F88F6068B6
:103FD000B0F5803F14D0B0F5A02F16D0286820F49B
:103FE00080302860286820F480202860606810B342
:103FF000FFF7E8FB0746286810F4003F0ED02DE0DD
:10400000286840F480302860F0E7286840F4802079
:104010002860286840F480302860E7E7FFF7D2FB8B
:10402000C01B642802D90320BDE8F88F286810F46B
:10403000003FF3D012E0FFF7C5FB0746286810F4F5
:10404000003F0BD0FFF7BEFBC01B642802D9032042
:10405000BDE8F88F286810F4003FF3D12078C74FEF
:1040600010F0020F4FF0000957D0C548016811F059
:104070000C0F14D0006800F00C00082803D1306841
:1040800010F4800F0BD0E06880B301203860FFF798
:1040900099FB8046286810F0020F12D01EE02868B5
:1040A00010F0020F05D0E068012802D00120BDE821
:1040B000F88F2868216920F0F80040EAC1002860E4
:1040C0002BE0FFF77FFBA0EB0800022802D90320BA
:1040D000BDE8F88F286810F0020FF2D02868216937
:1040E00020F0F80040EAC100286016E0FFE7C7F8BA
:1040F0000090FFF767FB8046286810F0020F0CD095
:10410000FFF760FBA0EB0800022802D90320BDE8FE
:10411000F88F286810F0020FF2D1207810F0080F05
:1041200035D09848DFF860A26169C1B10121016012
:10413000FFF748FB8046DAF8000010F0020F26D1A6
:10414000FFF740FBA0EB0800022802D90320BDE8DE
:10415000F88FDAF8000010F0020FF1D017E0C0F885
:104160000090FFF72FFB8046DAF8000010F0020FF6
:104170000DD0FFF727FBA0EB0800022802D903208F
:10418000BDE8F88FDAF8000010F0020FF1D12078C6
:1041900010F0040F71D04FF000087C48006810F058
:1041A000805F0AD17948016841F080510160006860
:1041B00000F0805000904FF00108DFF8D4B1DBF838
:1041C000000010F4807F1BD1DBF8000040F4807009
:1041D000CBF80000FFF7F6FA8246DBF8000010F497
:1041E000807F0DD1FFF7EEFAA0EB0A00022802D97A
:1041F0000320BDE8F88FDBF8000010F4807FF1D0D9
:10420000A068DFF890B1012818D005281DD0DBF890
:10421000000020F00100CBF80000DBF8000020F0E7
:104220000400CBF80000A06840B3FFF7CBFA824649
:10423000DBF8000010F0020F14D03EE0DBF80000C5
:1042400040F00100CBF80000EDE7DBF8000040F0A3
:104250000400CBF80000DBF8000040F00100CBF8D0
:104260000000E0E7FFF7AEFAA0EB0A0141F2883068
:10427000814204D90320BDE8F88F26E005E0DBF891
:10428000000010F0020FEDD017E0FFF79BFA824616
:10429000DBF8000010F0020F0FD0FFF793FAA0EB4D
:1042A0000A0141F28830814202D90320BDE8F88F2B
:1042B000DBF8000010F0020FEFD1B8F1010F04D1CC
:1042C0003248016821F080510160A069F0B32C49A7
:1042D00009684FF0FF3801F00C01082966D0022868
:1042E00010D0C7F86090FFF76DFA0446286810F008
:1042F000007F2BD0FFF766FA001B022851D903205C
:10430000BDE8F88FC7F86090FFF75CFA814628682F
:1043100010F0007F0CD0FFF755FAA0EB090002283F
:1043200002D90320BDE8F88F286810F0007FF2D191
:10433000216AE069A26A0843616A08EB52028901B6
:1043400041EA0241084394F82C1000E055E040EAAD
:104350000160306001203866FFF734FA04462868AF
:1043600010F0007F49D1FFF72DFA001B022813D966
:104370000320BDE8F88F00000438024000004742E7
:1043800008380240800E47427438024040380240EC
:104390000070004070380240286810F0007FE2D0C2
:1043A0002BE0286810F0007FA4D126E0012822D05D
:1043B0003068E26900F4800191421AD1226A00F06B
:1043C0003F01914215D147F6C071626A0140B1EBDD
:1043D000821F0ED1A26A00F4403108EB5202B1EB09
:1043E000024F06D194F82C1000F07060B0EB016F12
:1043F00003D00120BDE70120BBE70020B9E710B5DD
:104400000446002C02D0607F10B106E0012010BDF0
:1044100000202077204600F041F8022060772068D5
:10442000C16811F0100F05D000200028EFD1012144
:10443000617710BDCA21416221685320486220463D
:1044400003F0CAF9D8B92068816821F0400121F44D
:10445000E0018160206881686268636911432269B4
:104460001A43114381602168E0680861206801698E
:10447000228941EA02410161204603F0D1F948B99D
:1044800021680A6C22F480220A6421680A6CA369FC
:104490001A430A642268FF215162C6E71FB5044629
:1044A0000020009001900290039009492068884202
:1044B0000CD102200090074803906846FFF784FB68
:1044C00008B1FEF733FA0120034908601FBD000060
:1044D0000028004000031E003C0E474270B5044611
:1044E0000C482168C860FFF76DF905462068C06870
:1044F00010F0200F0CD1FFF765F9401BB0F57A7F63
:1045000001D9032070BD2068C06810F0200FF2D0E0
:10451000002070BD5F7F010070B50446002C09D0FB
:10452000606A002540B125616561A56294F851007B
:1045300040B10CE0012070BD6068B0F5827FF4D01E
:10454000E561F2E784F85050204600F045F802207B
:1045500084F851002068016821F040010160A088C2
:10456000218900F4827001F404410843A18901F417
:1045700000610843217C01F002010843217D01F024
:1045800001010843218B01F400710843217F01F0F0
:104590003801084394F8201001F080010843218D70
:1045A00001F40051084321680860A169042000EA71
:1045B000114094F8241001F010010143206841607B
:1045C0002068C16921F40061C1616565012084F83A
:1045D0005100002070BD000010B586B004461421C3
:1045E00001A8FCF752FD4B49206888427ED100BFEC
:1045F000002000904848006840F480504649086018
:104600000846006800F48050009000BF00BF00BF63
:104610000020009040481438006840F002003E49F5
:10462000143908600846006800F00200009000BFDE
:1046300000BF00BF002000900846006840F0010065
:1046400008600846006800F00100009000BF00BF4D
:104650001820019002200290012003900320049072
:104660000520059001A92D48FEF78EFF80200190BE
:104670000220029001200390032004900520059061
:1046800001A92748FEF780FF2648274908604FF018
:10469000C0604860002124488160C1604FF480619F
:1046A0000161002141618161C1614FF440310162CA
:1046B00000214162FEF7D0FE08B1FEF737F900BFD6
:1046C0001948E064846300BF164818301749086031
:1046D0004FF0C06048604021144881600021C160F3
:1046E0004FF4806101610021416100E010E08161CF
:1046F000C1614FF40031016200214162FEF7ACFE5E
:1047000008B1FEF713F900BF0848A064846300BF36
:1047100006B010BD003001404438024000040240A1
:104720000000024040640240EC0B00204C0C0020D2
:104730002DE9F84F04460A9E8A4693461F460125F6
:10474000FFF740F8804694F851006168012809D0CD
:10475000B1F5827F03D1A16809B9042802D00220F3
:10476000BDE8F88FBAF1000F28D0BBF1000F25D0BB
:10477000380023D094F85000012822D0012084F87A
:10478000500094F85100042802D0052084F851000C
:104790004FF00009C4F85490C4F838B0E787A787F1
:1047A000C4F830A0E786A786C4F84090C4F84490C7
:1047B0002068016811F0400F06D009E00120BDE833
:1047C000F88F0220BDE8F88F016841F040010160D8
:1047D000E068B0F5006F05D0606800284DD0012F6B
:1047E0004BD083E0606808B1012F3FD1206B216876
:1047F0000088C860206B801C2063E08E401EE0862D
:1048000034E02068816811F0020F0DD0E18E59B1BB
:10481000012D09D1216B0988C160206B801C2063A8
:10482000E08E401EE08600252068816811F0010FAF
:104830000BD0E18F49B1C068A16B0880A06B801CD0
:10484000A063E08F401EE0870125FEF7BBFFA0EBD1
:104850000800B0420AD3B6F1FF3F07D0012084F828
:10486000510084F850900320BDE8F88FE08E0028B6
:10487000C7D1E08F0028C4D13EE0206B21680078CA
:104880000873206B401C2063E08E401EE0862DE004
:104890002068816811F0020F0DD0E18E59B1012D11
:1048A00009D1216B09780173206B401C2063E08ED5
:1048B000401EE08600252068816811F0010F0BD0B2
:1048C000E18F49B1C068A16B0870A06B401CA06368
:1048D000E08F401EE0870125FEF774FFA0EB080083
:1048E000B04202D3B6F1FF3F13D196B1E08E00285B
:1048F000CED1E08F0028CBD142463146204603F08E
:104900003DF870B12020606584F850900120BDE82A
:10491000F88F012084F8510084F850900320BDE8FE
:10492000F88FA06818B92068C168806800900120DD
:1049300084F8510084F85090606D10B10120BDE8FA
:10494000F88F0020BDE8F88F401EB0F1807F01D3C2
:10495000012070474FF0E0214861044AF0201070B8
:1049600000208861072008610020704723ED00E0E7
:1049700030B490F83C20012A44D0012480F83C4017
:10498000022280F83D200268D2F804C093682CF01F
:10499000700C0D6845EA0C0CC2F804C00268A2F164
:1049A000804CBCF5803C20D0B2F1804F1DD0A2F1EC
:1049B000804CBCF5806C18D0A2F1804CBCF5006C2A
:1049C00013D0A2F1804CBCF5406C0ED0A2F1804C0B
:1049D000BCF5823C09D0A2F1804CBCF5A03C04D0CF
:1049E000A2F1804CBCF5C05C04D123F0800349687F
:1049F0001943916080F83D40002180F83C1030BCA4
:104A00000020704730BC0220704710B50446002CCF
:104A100003D094F83D0010B107E0012010BD002044
:104A200084F83C00204600F01FF8022084F83D0086
:104A3000211D206803F0E6F8012084F8460084F880
:104A40003E0084F83F0084F8400084F8410084F878
:104A5000420084F8430084F8440084F8450084F858
:104A60003D00002010BD000008B5344A01689142A5
:104A70000FD100BF002100913149096841F00201C6
:104A80002F4A11601146096801F00201009100BF30
:104A900053E02C4A016891420FD100BF00210091E0
:104AA0002749096841F00401254A11601146096847
:104AB00001F00401009100BF3FE0234A01689142E8
:104AC0000FD100BF002100911D49096841F0080184
:104AD0001B4A11601146096801F00801009100BFEE
:104AE0002BE01A4A0168914211D100BF00210091C8
:104AF0001349091D096841F00201114A121D116094
:104B00001146096801F00201009100BF15E0104A4A
:104B10000168914211D100BF002100910849091D8F
:104B2000096841F40031064A121D116011460968F6
:104B300001F40031009100BF00BF08BD0004004037
:104B40004038024000080040000C004000040140D2
:104B50000044014090F83D10012901D00120704728
:104B6000022180F83D100068A0F18041B1F580314C
:104B700026D0B0F1804F23D0A0F18041B1F5806103
:104B80001ED0A0F18041B1F5006119D0A0F18041A3
:104B9000B1F5406114D0A0F18041B1F582310FD060
:104BA000A0F18041B1F5A0310AD0A0F18041B1F56A
:104BB000C05105D0016841F001010160002070473B
:104BC000816801F007010629F8D0016841F0010170
:104BD0000160F3E770B50446002594F83C00012815
:104BE00018D0012684F83C60022084F83D0020683B
:104BF000826822F0770222F47F428260086850289F
:104C000039D00EDC202854D006DC002851D01028E2
:104C100011D14EE0022070BD30284AD040280AD180
:104C20003DE0602831D070280DD0B0F5805F03D012
:104C3000B0F5005F13D0012584F83D60002084F8B2
:104C40003C00284670BDCB684A688968206803F03C
:104C50005AF82068816841F077018160ECE7CB6801
:104C60004A688968206803F04EF82068816841F43A
:104C700080418160E0E7CA684968206803F032F942
:104C80005021206803F04AF8D6E7CA6849682068CE
:104C900003F03BF96021206803F040F8CCE7CA68D4
:104CA0004968206803F01EF94021206803F036F8B7
:104CB000C2E722680146104603F030F8BCE7000066
:104CC00010B586B00446142101A8FCF7DEF9584956
:104CD0002068884224D100BF002000905548006819
:104CE00040F00400534908600846006800F00400E2
:104CF000009000BF00BF88150190022002900120A3
:104D0000039002200490059001A94B48FEF73CFC5B
:104D10004A48FFF71FFF0821484800F03FF984E0A8
:104D200047492068884225D100BF002000904148B3
:104D3000006840F008003F4908600846006800F03D
:104D40000800009000BF00BF4FF480400190022097
:104D500002900120039002200490059001A9394897
:104D6000FEF712FC3848FFF7F5FE0821364800F040
:104D700015F95AE03549206888422DD100BF00203E
:104D800000902C48006840F080002A4908600846DE
:104D9000006800F08000009000BF00BF4FF4E050BA
:104DA00001900220029001200390022004900590BF
:104DB00001A92748FEF7E8FB2648FFF7CBFE0021B4
:104DC000244800F0EBF80421224800F0E7F808211D
:104DD000204800F0E3F828E01F492068884224D1E9
:104DE00000BF002000901348006840F020001149E7
:104DF00008600846006800F02000009000BF00BF77
:104E00004020019002200290012003900220049093
:104E10000320059001A91148FEF7B6FB1048FFF7E3
:104E200099FE00210E4800F0B9F806B010BD000050
:104E3000000400403038024000080240AC0C002062
:104E400000080040000C0240F40C0020000C004060
:104E5000001C02403C0D00200044014000140240B0
:104E6000CC0D002070B504460D46002694F83C0099
:104E700001280FD0012084F83C006AB1042A1FD019
:104E8000082A32D00C2A44D00126002084F83C00A5
:104E9000304670BD022070BD2946206802F046FFF2
:104EA0002068816941F0080181612068816921F0F1
:104EB00004018161206881692A6911438161E4E705
:104EC0002946206802F06AFF2068816941F4006188
:104ED00081612068816921F4806181612068816934
:104EE0002A6941EA02218161CFE72946206802F060
:104EF00091FF2068C16941F00801C1612068C16962
:104F000021F00401C1612068C1692A691143C161AE
:104F1000BBE72946206802F0B9FF2068C16941F467
:104F20000061C1612068C16921F48061C1612068AC
:104F3000C1692A6941EA0221C161A6E710B50446A8
:104F4000002C03D094F83D0010B107E0012010BD03
:104F5000002084F83C00204600F01EF8022084F86F
:104F60003D00211D206802F04DFE012084F846001E
:104F700084F83E0084F83F0084F8400084F8410043
:104F800084F8420084F8430084F8440084F8450023
:104F900084F83D00002010BD7047000010B50446A5
:104FA000002909D004290AD008290BD094F841001F
:104FB00001280AD0012010BD94F83E00F8E794F8CB
:104FC0003F00F5E794F84000F2E70220D9B3042946
:104FD00047D0082948D084F841000122206802F017
:104FE00083FE234A20682349904201D0884203D19E
:104FF000436C43F4004343642068904224D0B0F1F2
:10500000804F21D0A0F18042B2F580621CD0A0F187
:105010008042B2F5006217D0A0F18042B2F5406242
:1050200012D0884210D0A0F18041B1F5A0310BD050
:10503000A0F18041B1F5C05106D0016841F00101F5
:105040000160002010BD09E0816801F00701062918
:10505000F7D0016841F001010160F2E784F83E00F9
:10506000BBE784F83F00B8E784F84000B5E70000EC
:10507000000001400004014070B50446002C04D03B
:1050800094F84100002510B106E0012070BD84F8BD
:105090004050204600F024F8242084F84100206885
:1050A000C16821F40051C160204602F043FF20682E
:1050B000016921F4904101612068416921F02A01D0
:1050C00041612068C16841F40051C16065642020DD
:1050D00084F8410084F842006563002070BD000040
:1050E00010B586B00446142101A8FBF7CEFF2F4966
:1050F0002068884258D100BF002000902C480068EA
:1051000040F480202A4908600846006800F48020A6
:10511000009000BF00BF00BF00200090244810385E
:10512000006840F004002249103908600846006811
:1051300000F00400009000BF00BF4FF440600190F9
:105140000220029000200390032004900720059085
:1051500001A91848FEF718FA1748184908604FF0D7
:1051600000604860002115488160C1604FF4806193
:105170000161002141618161C1614FF4003101622F
:1051800000214162FEF768F908B1FDF7CFFB00BFCF
:105190000A48E063846300BF002204212720FEF751
:1051A000CDFC2720FEF7BCFC06B010BD0048004037
:1051B0004038024000080240286002405C0E002097
:1051C00070B5044600202074A37B484D2D8803FB56
:1051D00005F26168D4F8F400FBF7FBFEA27B434BB9
:1051E0001B8802FB03F16068FBF74FFFA27B3F4B7C
:1051F0001B885A43A37B02FB03F1D4F81801FBF789
:1052000044FF227B394B1B885A43A37B02FB03F1EB
:10521000D4F80C01FBF739FF002031E0D4F8F4108A
:1052200001EB800191ED000AB5EEC00AF1EE10FA33
:1052300024D0D4F8F41001EB800191ED000A227C17
:10524000D4F8F41001EB820181ED000A227C616A3E
:105250008854A16901EB800191ED000A6169095C44
:10526000227B237C12FB0311491ED4F80C2102EB94
:10527000810181ED000A217C491C2174411CC8B2C6
:10528000A17B8142CADC002011E0626A125CE16904
:1052900001EB820191ED000A227C00FB0202D4F8AE
:1052A000181101EB820181ED000A411CC8B2217C7A
:1052B0008142EADC207CA4F87800217B7A2001532B
:1052C000207BA4F88000217C82200153207CA4F85C
:1052D0009000217C92200153207BA4F89800217C2F
:1052E0009A200153207CA4F8480070BDC802002019
:1052F00000BFFEE710B5044654F8EC0F90ED000A2D
:10530000834880ED000A206890ED010A814880ED15
:10531000000A206890ED020A7F4880ED000A54F8E8
:10532000EC0990ED030A7D4880ED000A7848D0ED45
:10533000000A60EEA00A774890ED001AD0ED001A3E
:1053400041EE210A744890ED001AD0ED001A41EEAA
:10535000210A724890ED001AD0ED001A41EE210AA0
:10536000B0EE600A05F092F96D4880ED000A002069
:1053700012E0D4F8EC1001EB800191ED000A6849CD
:10538000D1ED000A20EE200AD4F8EC1001EB8001E8
:1053900081ED000A411CC8B20428EADB614890EDA7
:1053A0006F0A5C48D0ED000A20EE200AF0EE000AF9
:1053B00080EE201AF834A06880ED041A594890ED68
:1053C0006F0A5548D0ED000A20EE200AF0EE000AE0
:1053D00080EE201AA06880ED051A524890ED6F0A01
:1053E0004B48D0ED000AF1EE600A20EE200AF0EE04
:1053F000000A80EE201AA06880ED0A1A494890ED54
:105400006F0A4648D0ED000A20EE200AF0EE000AAE
:1054100080EE201AA06880ED0B1A424890ED6F0ACA
:105420003E48D0ED000AF1EE600A20EE200AF0EED0
:10543000000A80EE201AA06880ED101A394890ED1D
:105440006F0A3348D0ED000AF1EE600A20EE200A20
:10545000F0EE000A80EE201AA06880ED111A3148A3
:1054600090ED6F0A2C48D0ED000A20EE200AF0EEF5
:10547000000A80EE201AA06880ED161A294890EDE7
:105480006F0A2448D0ED000AF1EE600A20EE200AEF
:10549000F0EE000A80EE201AA06880ED171A20684E
:1054A00090ED1C0A1F48D0ED740A80EE201A206887
:1054B00080ED1C1A206890ED230A1A48D0ED740A7A
:1054C00080EE201A206880ED231A54F8F80990ED38
:1054D0001C0ADFED150AB4EEE00AF1EE10FA05DD64
:1054E0009FED110AD4F8F80080ED1C0AD4F8F800FA
:1054F00090ED230ADFED0C0AB4EEE00AF1EE10FAAB
:1055000005DD9FED090AD4F8F80080ED230A10BDEF
:105510006C03002070030020740300207803002037
:105520007C030020981A002000401C4610B52DED89
:10553000068BF0EE408AB0EE60AAB0EE419AB0EE73
:10554000618AF0EE429A01203A4908700846C0ED9F
:105550006C8A80ED6DAA80ED6E9A9FED370A80ED22
:10556000730A002081F838010A46C2F84001C2F8E7
:1055700044010021C2F84811C2F84C11B7EE000AEC
:10558000B4EEC08AF1EE10FA03DDB7EE000AB0EE19
:10559000408A284880ED748AC0ED649A0323002273
:1055A0000621001D00F09EFD244B01221146A3F1AF
:1055B0000800FAF7DBFFB7EE000A1E48D0F8EC004F
:1055C00080ED000A9FED1E0A1A48D0F8EC0080ED2D
:1055D000010A9FED1B0A1748D0F8EC0080ED020A83
:1055E0009FED170A1348D0F8EC0080ED030A154927
:1055F0001048C0F8D0101449C0F8D4101349C0F8AE
:10560000D8101349C0F8DC10012180F82E1080F862
:105610002F1001469022D1F804010E49FBF7D9FC66
:1056200004499022D1F8FC000B49FBF7D2FCBDECF9
:10563000068B10BD981A002077CC2B32601C0020FE
:10564000000000005D560008F55200089156000861
:10565000B957000848DE0008CC02002010B5044607
:1056600054F8F81F90220748FBF7B3FC482206487D
:10567000616AFBF7AEFC6169F83C48220348FBF71E
:10568000A8FC10BDCC020020781C0020C01C00200B
:1056900010B5044654F8EC0F90ED000AF0EE000A45
:1056A00020EE200A3F4880ED000A206890ED010AB4
:1056B000F0EE000A20EE200A3B4880ED000A206848
:1056C00090ED020AF0EE000A20EE200A374880ED45
:1056D000000A206890ED030AF0EE000A20EE200A8E
:1056E000334880ED000A14F8DE2C324B1B885A43F5
:1056F00014F8E03C02FB03F1206AFBF7C6FC2B48E0
:1057000090ED000AB1EE400A206A80ED000A2848B8
:1057100090ED000A206A80ED010A224890ED000A0F
:10572000B1EE400A206A80ED020A1F4890ED000A9F
:10573000206A80ED030A1C4890ED000A206A80ED83
:10574000060A184890ED000A206A80ED070A1848FA
:1057500090ED000A206A80ED080A144890ED000AD6
:10576000206A80ED090A0F4890ED000A206A80ED5A
:105770000C0A0D4890ED000AB1EE400A206A80ED57
:105780000D0A0A4890ED000AB1EE400A206A80ED49
:105790000E0A074890ED000A206AEC3C80ED0F0AE3
:1057A00010BD000080030020840300208803002037
:1057B0008C030020C802002070B52DED028B04463A
:1057C00004F1800104F17800FBF78EFA84F8C80038
:1057D000B4F87800A4F8A8005A20015BAA2001536D
:1057E00004F1A80204F1580104F17800FBF75AF91A
:1057F00084F8C800B4F8A800A4F8B0008220015BC7
:10580000B220015304F1B00204F1800104F1A800B8
:10581000FBF748F984F8C800B4F89000A4F8A00099
:105820009220015BA220015304F1A00204F1900137
:1058300004F1B000FAF716FE84F8C80004F1B001D4
:1058400004F1A000FAF796FEAC342077206C90EDBE
:10585000000AFE4880ED000A206C90ED010AFC4829
:1058600080ED000A206C90ED020AFA4880ED000AF3
:10587000206C90ED030AF84880ED000A34F8340CEF
:10588000A081AC3C0121BA200153F14890ED000AFF
:10589000F148D0ED000A20EE200AEC48D0ED000AD5
:1058A000EC4890ED001A00EEC10AF0EE000A20EE7E
:1058B000200AD4F82C0180ED000AE44890ED000A9B
:1058C000E348D0ED000A20EE200AE248D0ED000ABD
:1058D000E14890ED001A00EE810AF0EE000A20EE99
:1058E000200AD4F82C0180ED010AD84890ED000A76
:1058F00020EE000AD648D0ED000A90ED001A00EE26
:10590000C10AD448D0ED000A90ED001A00EEC10A99
:10591000D148D0ED000A90ED001A00EE810AD4F8CB
:105920002C0180ED020A002512E0D4F82C0100EBD6
:10593000850090ED000AB0EEC00AB0EE408A03F098
:10594000F7F8C64800EB850080ED000A681CC5B278
:10595000032DEADBB4F84800A4F8C0000121C220FE
:10596000015304F1C00204F1B80104F14800FBF74F
:1059700037F984F8C800B4F8C000A4F8A8000121E1
:10598000AA20015304F1A80204F1C00104F1B000FF
:10599000FBF788F8B8342074012020802189B83CB6
:1059A000BA20015304F1B80104F1C000FBF79CF9DF
:1059B00084F8C800A94A3C3204F1A80104F1B800F7
:1059C000FBF770F884F8C800A54890ED720AD0ED96
:1059D000730AB6EE001A60EE810AB4EEE00AF1EE48
:1059E00010FA03D201209E4981F838019C4890EDBD
:1059F000720AD0ED730AB4EEE00AF1EE10FA46DD59
:105A000090F83801002842D0954890F8390168B1E3
:105A10009348D0F84011D0F84401491C40F10000EF
:105A20008F4AC2F84011C2F8440105E000208C4AB8
:105A3000C2F84001C2F844018948D0F84031D0F89A
:105A400044210020D3F13201904106D20020844944
:105A500081F8380184F82C004AE0237B814D2D88A1
:105A600003FB05F2D4E93A01FBF7B3FA237B7D4D42
:105A70002D886B43257B03FB05F2D4E93E01FBF740
:105A8000A8FA012084F82C00BDEC028B70BD74488C
:105A900090ED720AD0ED730A9FED731A60EE810AE1
:105AA000B4EEE00AF1EE10FA14DD90F8380188B196
:105AB0006B4890ED730AD0ED720A30EE600AD0EDBB
:105AC000730A9FED6A1A60EE810A80EE201A80ED5B
:105AD000671A04E0B7EE000A614880ED670A00210A
:105AE0005F4AC2F84011C2F84411002084F82C002B
:105AF000B4F85800A4F8A8008220015BAA20015342
:105B000004F1A80204F1800104F15800FAF7CAFF79
:105B100084F8C80004F1980204F1B00104F1A8006F
:105B2000FAF7C0FF84F8C800002012E0D4F81C1176
:105B300001EB800191ED000A4949D1ED670A20EEA1
:105B4000200AD4F81C1101EB800181ED000A411CF0
:105B5000C8B2B4F898109A22125B51438142E5DC36
:105B6000042025E000211FE0021F3C4B03EB8202D2
:105B7000D2ED000A9FED3E1A80EE810A00EB400351
:105B80000B44D4F81C2102EB8302D2ED000A20EE74
:105B9000200A00EB40030B44D4F81C2102EB8302E3
:105BA00082ED000A4A1CD1B20329DDDB411CC8B2D8
:105BB0000628D7DBB4F89800A4F8B8000121BA2071
:105BC000015304F1B80204F1C00104F19800FAF79E
:105BD00069FF84F8C800224890F83801A0B3042077
:105BE00058E0BC21095901EB800191ED000A1C49E4
:105BF000D1ED6F0A9FED1F1A60EE810AB4EEE00A44
:105C0000F1EE10FA0BDD91ED6F0ADFED1A0A20EECE
:105C1000200ABC21095901EB800181ED000ABC2159
:105C2000095901EB800191ED000A0D49D1ED6F0A90
:105C30009FED111A60EE810AB4EEE00AF1EE10FA5F
:105C400026D291ED6F0A19E026E0000090030020B3
:105C500094030020980300209C0300201C1C0020BB
:105C6000981A0020C8020020CDCCCC3D6666663F65
:105C7000DA0FC93F0AD7233C0AD723BC5FED020ADB
:105C800020EE200ABC21095901EB800181ED000AB8
:105C9000411CC8B20628A4DB9FED080ABC200059AD
:105CA00080ED030A04F1300204F1B80104F1380078
:105CB000FAF7D8FB84F8C80000BFE5E60000000052
:105CC00010B5B7EE000A2B4880ED010AB7EE000AC6
:105CD00080ED020AB7EE000A80ED030A9FED260A66
:105CE00080ED040A9FED240A80ED050A9FED220A4B
:105CF00080ED060A01201F4908709FED1F2AF7EE6C
:105D0000001A9FED1E1ADFED1E0AB2EE040AFFF71D
:105D10000DFC00221146DFED184A9FED174ADFED1A
:105D2000163A9FED153ADFED142AB3EE042ADFEDA3
:105D3000151A9FED111ADFED140A9FED140A14488D
:105D400001F04CFB00211348FFF728F99FED120AE0
:105D5000124880ED100A9FED0A1ADFED070AB7EE30
:105D6000000A0F4804F0B4FC9FED0E0A0B4880EDCA
:105D7000100A10BDCC190020000000008096184BBE
:105D80006F12833A00007A44000096430000FA4400
:105D9000E8190020CC0D002096430B3C9C180020F5
:105DA000301900204ED1113CFFF78AFF00BF00F0F0
:105DB00001F8FCE700B587B0BA4AD2E90010926852
:105DC000CDE905020491B848FCF702FCB74880ED24
:105DD000000A90ED000AB64880ED020A00BFB548FF
:105DE000FBF74CFBB34890ED000AB34880ED070A7F
:105DF000B04890ED010AB04880ED080AAD4890ED3A
:105E0000020AAD4880ED090AAA4890ED000AAB48A5
:105E100080ED000AA74890ED010AA84880ED010A2C
:105E2000A44890ED020AA54880ED020AA14890ED31
:105E3000030AA14880ED040A9E4890ED040A9E489A
:105E400080ED050A9B4890ED050A9B4880ED060A07
:105E5000984890ED030A9A4880ED000A954890ED25
:105E6000040A974880ED010A924890ED050A94488B
:105E700080ED020A9148D0ED022A90ED012AD0ED82
:105E8000001A8F4890ED021AD0ED010A90ED000A39
:105E9000874804F039FC864804F06AFC844804F022
:105EA00042FC834801F0D2FC814890ED0C0A824804
:105EB00080ED000A7E4890ED0D0A7F4880ED010AD2
:105EC0007B4890ED0E0A7C4880ED020A784890ED00
:105ED0000F0A794880ED030A024601A904A8FCF7DD
:105EE00078FC002039E074491C3101EB800191ED10
:105EF000000A01A901EB8001D1ED000A30EE600A31
:105F00006A49D1ED000A60EE200A6B4991ED100A52
:105F1000664991ED001A30EE011A80EE810A664959
:105F2000283101EB8001D1ED000A634991ED101A8F
:105F300060EE810A91ED101A5C49D1ED001A31EE44
:105F4000211AC0EE811A30EE210A5B49283101EB9B
:105F5000800181ED000A411CC8B20328C3DB564A08
:105F600002F13401A1F10C00FBF74EFC524890ED18
:105F70000D0AB0EEC00ADFED530AB4EEE00AF1EE0E
:105F800010FA03D29FED500A80ED0D0A4A4890EDB9
:105F90000E0AB0EEC00ADFED4B0AB4EEE00AF1EEF5
:105FA00010FA03D29FED480A80ED0E0A424890EDA8
:105FB0000F0AB0EEC00ADFED450AB4EEE00AF1EEDA
:105FC00010FA03D29FED400A80ED0F0A404890ED91
:105FD000000ADFED400AB4EEE00AF1EE10FA51DDFE
:105FE0000120354981F89000314890ED1A0A0846A1
:105FF00080ED1D0A2E4890ED190A084680ED1C0A16
:106000002B4890ED1B0A084680ED1E0A90ED1E0AF3
:10601000D0ED200A30EE600ADFED2F0AB4EEE00A80
:10602000F1EE10FA08DD90ED210AF7EE000A30EEED
:10603000600A80ED210A15E01F4890ED1E0AD0EDA0
:10604000200A30EE600ADFED250AB4EEE00AF1EE38
:1060500010FA07D290ED210AF7EE000A30EE200A7E
:1060600080ED210A144890ED1E0AD0ED210A9FED23
:106070001C1A01EE200A80ED1F0A90ED1E0A80ED29
:10608000200A08E0124890ED000AF7EE000A30EE10
:10609000200A80ED000A00BF012004F065FE07B071
:1060A00000BD00003CDE0008B4020020B802002061
:1060B00030190020481800209C180020C01900202A
:1060C000B41900200AD7A33C000000000AD7233DE2
:1060D000BC02002000803B45DA0F4940DA0F49C07E
:1060E000560EC9400FB583B00420FE490880082031
:1060F000FD490880DDE9031008730399059848738A
:1061000003990698887300210398017406980290F9
:10611000FAF774FE03994861069802900398406963
:1061200001900299FAF78FFFEE48008806994843DC
:106130000290FAF763FE03998861EA48008806999D
:10614000484302900398806901900299FAF79DFFF5
:10615000E4480088069948430290FAF74FFE0399F5
:10616000C861E04800880699484302900398C069D6
:1061700001900299FAF789FFDA48008804994843A8
:106180000290FAF73BFE03990862D648008804990A
:10619000484302900398006A01900299FAF775FF4C
:1061A00006980290FAF72AFE039948620698029030
:1061B0000398406A01900299FAF745FFC9480088A0
:1061C000049948430290FAF719FE03990860C548FC
:1061D000008804994843029003980068019002994E
:1061E000FAF753FFBF480088069948430290FAF730
:1061F00005FE03994860BB48008806994843029011
:106200000398406801900299FAF73FFFB54800886B
:10621000059948430290FAF7F1FD03998860B14867
:10622000008805994843029003988068019002997C
:10623000FAF72BFFAB480088049948430290FAF71D
:10624000DDFD0399C1F8E800A64800880499484399
:1062500002900398D0F8E80001900299FAF715FF30
:106260000398D0F8E80002900398007B0190012287
:106270000146DDE902303030FAF778F999480088B4
:10628000049948430290FAF7B9FD0399C1F8EC006C
:10629000944800880499484302900398D0F8EC0091
:1062A00001900299FAF7F1FE0398D0F8EC00029001
:1062B0000398007B019001220146DDE9023038306D
:1062C000FAF754F9059818B38648008805994843A9
:1062D0000290FAF793FD0399C1F8F0008148008815
:1062E0000599484302900398D0F8F0000190029974
:1062F000FAF7CBFE0398D0F8F00002900398407BA9
:10630000019001220146DDE902304030FAF72EF912
:1063100074480088069948430290FAF76FFD039984
:10632000C1F8F4006F48008806994843029003982A
:10633000D0F8F40001900299FAF7A7FE0398D0F87C
:10634000F40002900398807B019001220146DDE970
:1063500002304830FAF70AF9624800880499484345
:1063600048430290FAF74AFD0399C1F8F8005D48E6
:10637000008804994843484302900398D0F8F800F5
:1063800001900299FAF781FE0398D0F8F800029084
:106390000398007B01900398007B00900146DDE9A3
:1063A00002305030019AFAF7E1F84E48008804991B
:1063B000484348430290FAF721FD0399C1F8FC00D5
:1063C0004848008804994843484302900398D0F80D
:1063D000FC0001900299FAF758FE0398D0F8FC00EF
:1063E00002900398007B01900398007B0090014687
:1063F000DDE902305830019AFAF7B8F839480088D8
:106400000499484348430290FAF7F8FC0399C1F80D
:106410000001344800880499484348430290FAF741
:10642000EDFC0399C1F804012E4800880499484303
:10643000484302900398D0F8000101900299FAF7BE
:1064400024FE284800880499484348430290039852
:10645000D0F8040101900299FAF717FE0398D0F8DA
:10646000000102900398007B01900398007B00904C
:106470000146DDE902306030019AFAF777F80398B7
:10648000D0F8040102900398007B01900398007BF0
:1064900000900146DDE902306830019AFAF766F8AB
:1064A000059878B30F4800880499484305994843F4
:1064B0000290FAF7A3FC0399C1F808010948008883
:1064C000049948430599484302900398D0F808017D
:1064D00001900299FAF7D9FD0398D0F808010290CB
:1064E000039803E0C8020020CA020020407B01900C
:1064F0000398007B00900146DDE902307030019A7C
:10650000FAF734F8B9480088069948430499484393
:106510000290FAF773FC0399C1F80C01B3480088A4
:1065200004994843069948430290FAF767FC039997
:10653000C1F81001AD4800880699484304994843C2
:1065400002900398D0F80C0101900299FAF79DFD92
:10655000A648008804994843069948430290039846
:10656000D0F8100101900299FAF78FFD0398D0F846
:106570000C0102900398007B01900398807B0090AF
:106580000146DDE902307830019AF9F7EFFF039810
:10659000D0F8100102900398807B01900398007B53
:1065A00000900146DDE902308030019AF9F7DEFF04
:1065B0008E4800880499484348430290FAF71EFC2D
:1065C0000399C1F814018948008804994843484355
:1065D00002900398D0F8140101900299FAF755FD42
:1065E0000398D0F8140102900398007B019003985F
:1065F000007B00900146DDE902308830019AF9F70E
:10660000B5FF7A4800880699484348430290FAF754
:10661000F5FB0399C1F818017448008806994843AE
:10662000484302900398D0F8180101900299FAF7B4
:106630002CFD0398D0F8180102900398807B0190FC
:106640000398807B00900146DDE902309030019A8A
:10665000F9F78CFF65480088049948430699484338
:106660000290FAF7CBFB0399C1F81C015F48008840
:10667000049948430699484302900398D0F81C01B6
:1066800001900299FAF701FD0398D0F81C010290DD
:106690000398807B01900398007B00900146DDE920
:1066A00002309830019AF9F761FF0398007B4F4957
:1066B000098848430399097B48430290FAF79EFBF7
:1066C0000399C1F820010398007B48490988484391
:1066D0000399097B48430290FAF790FB0399C1F8AC
:1066E00024010398007B4149098848430399097BA9
:1066F00048430290FAF782FB0399C1F828010398F6
:10670000007B3A49098848430290FAF777FB0399DE
:10671000C1F82C010398007B344909884843029052
:10672000FAF76CFB0399C1F830010398D0F8200107
:1067300002900398007B01900398007B0090014633
:10674000DDE90230A030019AF9F710FF0398D0F884
:10675000240102900398007B01900398007B009035
:106760000146DDE90230A830019AF9F7FFFE0398EF
:10677000D0F8280102900398007B01900398007BD9
:1067800000900146DDE90230B030019AF9F7EEFEE3
:106790000398D0F82C0102900398007B019001220D
:1067A0000146DDE90230B830F9F7E0FE0398D0F891
:1067B000300102900398007B019001220146DDE93F
:1067C0000230C030F9F7D2FE0021039880F828107B
:1067D000039880F82910039880F82A10039880F80D
:1067E0002B10039880F82C1007B000BDC8020020C1
:1067F00070B50446E07B18B12046FEF7E1FC11E0DD
:10680000A37B0E4D2D8803FB05F26168D4F8F400DC
:10681000FAF7DFFBA27B094B1B8802FB03F16068E0
:10682000FAF733FC637B054D2D8803FB05F2A16865
:10683000D4F8F000FAF7CDFB70BD0000C8020020CC
:1068400010B5044694F82C0068BBB4F89800A4F87E
:10685000A8007A20015BAA200153B4F8A800A4F88C
:10686000B0005A20015BB220015304F1A80204F1E8
:10687000780104F19800FAF715F984F8C80004F1DA
:10688000B00204F1580104F1A800FAF70BF984F8FA
:10689000C80004F1500204F1B00104F15800FAF705
:1068A0009FF984F8C80010BD10B5044694F829007B
:1068B00068BB04F1680104F16000FAF715FA84F886
:1068C000C80004F1580204F1500104F16000FAF725
:1068D000E9F884F8C800B4F85800A4F8A8006A20C1
:1068E000015BAA20015304F1A80204F1680104F13C
:1068F0005800FAF7D7F884F8C80004F1580204F1F8
:10690000880104F1A800F9F7ADFD84F8C80010BDB6
:1069100010B5044694F82A00002861D104F18001E2
:1069200004F17800FAF7E0F984F8C800B4F87800C8
:10693000A4F8A8005A20015BAA20015304F1A80280
:1069400004F1580104F17800FAF7ACF884F8C800B3
:10695000B4F8A800A4F8B0008220015BB220015373
:1069600004F1B00204F1800104F1A800FAF79AF8EA
:1069700084F8C800B4F89000A4F8A0009220015B4D
:10698000A220015304F1A00204F1900104F1B0002F
:10699000F9F768FD84F8C80004F1B00104F1A00023
:1069A000F9F7E8FD84F8C800B4F85800A4F8A80086
:1069B0008220015BAA20015304F1A80204F18001A6
:1069C00004F15800FAF76EF884F8C80004F1980250
:1069D00004F1B00104F1A800FAF764F884F8C800E3
:1069E00010BD000070B504462046FFF701FFD4F843
:1069F000CC0018B12046D4F8CC108847204600F0CF
:106A000085F8D4F8D00018B12046D4F8D0108847C3
:106A10002046FFF749FFD4F8D40018B12046D4F837
:106A2000D4108847207C08B9E07BB8B92046FFF72E
:106A30006FFFD4F8D80018B12046D4F8D810884792
:106A4000204600F0A1F8D4F8DC0018B12046D4F8B4
:106A5000DC1088472046FFF7F3FE13E0237B2A4D26
:106A60002D8803FB05F2D4E93A01FAF7B2FA237B49
:106A7000254D2D886B43257B03FB05F2D4E93E01B0
:106A8000FAF7A7FAD4F8E00018B12046D4F8E010DD
:106A90008847002022E0227B00FB0202D4F8F81095
:106AA00001EB820191ED000A216A01EB8001D1ED39
:106AB000000AB4EEE00AF1EE10FA0DD2216A01EB01
:106AC000800191ED000A227B00FB0202D4F8F8104D
:106AD00001EB820181ED000A411CC8B2217B814299
:106AE000D9DC237B084D2D8803FB05F2D4F8E81090
:106AF0002068FAF76EFAD4F8E40018B12046D4F80A
:106B0000E4108847206870BDC802002010B5044614
:106B100094F8280060BB607B00282ADD207BA4F865
:106B2000B8000121BA20015304F1B80204F1300188
:106B300004F16000F9F7B6FF84F8C800207BA4F8E0
:106B4000C0000121C220015304F1C00204F1400140
:106B500004F17000F9F7A6FF84F8C80004F13802C8
:106B600004F1C00104F1B800F9F77CFC84F8C80016
:106B700009E004F1380204F1300104F16000F9F792
:106B800091FF84F8C80010BD10B5044694F82B009E
:106B9000E0BBB4F87800A4F8B8000121BA20015392
:106BA00004F1B80204F1380104F17800F9F77AFF32
:106BB00084F8C800B4F84800A4F8C0000121C2203D
:106BC000015304F1C00204F1B80104F14800FAF7DE
:106BD00007F884F8C800B4F89800A4F8B8000121B8
:106BE000BA20015304F1B80204F1C00104F1980085
:106BF000F9F758FF84F8C80004F1300204F1B80135
:106C000004F13800F9F72EFC84F8C80010BDF0EE4E
:106C1000400A90ED000A20EE200A20EE200A20EE25
:106C2000200A90ED011A21EE201A01EE200A90EDC3
:106C3000021A01EE200A90ED031A30EE010A7047A5
:106C400010B50E480E4908600320486000210C482A
:106C50008160C1604FF4102101614FF40011416166
:106C60000021017641768176C17601774177FCF784
:106C700052F908B1FBF75AFE10BD00000064004055
:106C8000D00A002010B50E480E4908600320486065
:106C900000210C488160C1604FF4102101614FF464
:106CA000001141610021017641768176C17601773C
:106CB0004177FCF730F908B1FBF738FE10BD000052
:106CC00000680040F80A002008B500BF00200090CE
:106CD0001A48006840F480001849086008460068B7
:106CE00000F48000009000BF00BF00BF00200090B3
:106CF0000846006840F4001008600846006800F488
:106D00000010009000BF00BF002205210C20FCF7FE
:106D100015FF0C20FCF704FF002205213A20FCF7A8
:106D20000DFF3A20FCF7FCFE002205213B20FCF77A
:106D300005FF3B20FCF7F4FE08BD000030380240A0
:106D400000B5A3B01C221E491CA8FAF742F9002185
:106D50001CA804F016F81B4908601C2218491C31B5
:106D600015A8FAF736F9002115A804F00AF8164913
:106D700008601C22124938310EA8FAF72AF90021BE
:106D80000EA803F0FEFF114908601C220C49543183
:106D900007A8FAF71EF9002107A803F0F2FF0C4933
:106DA00008601C22064970316846FAF712F9002182
:106DB000684603F0E6FF0749086023B000BD000005
:106DC00028DD00081000002014000020180000201A
:106DD0001C0000202000002000B587B0142102A86C
:106DE000FAF753F900BF002001906648006840F0B0
:106DF0000200644908600846006800F00200019043
:106E000000BF00BF00BF002001900846006840F0AE
:106E1000010008600846006800F00100019000BF12
:106E200000BF00BF002001900846006840F0080045
:106E300008600846006800F00800019000BF00BF2D
:106E400000BF002001900846006840F00400086080
:106E50000846006800F00400019000BF00BF00BFBA
:106E6000002001900846006840F080000860084655
:106E7000006800F08000019000BF00BF00BF00204C
:106E800001900846006840F040000860084600682D
:106E900000F04000019000BF00BF00BF0020019043
:106EA0000846006840F0200008600846006800F0CE
:106EB0002000019000BF00BF012240213248FCF7B2
:106EC00079FC012210213148FCF774FC01221146A3
:106ED0002F48FCF76FFC40200290012003900490A3
:106EE000059002A92848FCF74FFB092002904FF4B7
:106EF000041003900120049002A92348FCF744FBEE
:106F0000102002900120039004900220059002A915
:106F10001E48FCF739FB302002904FF40410039018
:106F20000120049002A91B48FCF72EFB01200290CF
:106F3000039004900220059002A91548FCF724FB59
:106F4000002206210846FCF7F9FD0620FCF7E8FDC3
:106F5000002205210920FCF7F1FD0920FCF7E0FDE6
:106F6000002205210A20FCF7E9FD0A20FCF7D8FDE4
:106F7000002205211720FCF7E1FD1720FCF7D0FDCA
:106F800007B000BD30380240001802400000024047
:106F9000000402400008024010B50B480B4908608D
:106FA0000B484860002109488160C1604FF480416E
:106FB0000161002141618161C1610162FCF708FC4E
:106FC00008B1FBF7B3FC10BD005C0040200B0020B3
:106FD000801A060010B50A480A4908600020486077
:106FE0007C210848816040F67F41C1600021016139
:106FF00041618161FDF703FA08B1FBF797FC10BD11
:1070000000280040740B002010B50F480F4908609D
:107010004FF48270486000210C488160C1600221F9
:10702000016101214161490281611021C161002199
:107030000162416281620A21C162FDF76DFA08B105
:10704000FBF774FC10BD000000300140940B0020E1
:1070500000B587B01C216846FAF717F8154816499D
:1070600008605320486000211348816040F2CF71CE
:10707000C160002101618161FDF7C7FC08B1FBF728
:1070800055FC0D48FDF75AFF08B1FBF74FFC602097
:10709000009000200190029004900022694606486A
:1070A000FDF7E0FE08B1FBF741FC0348FDF708FEE1
:1070B00007B000BD00440140CC0D002000B58DB0EC
:1070C000002009900A900B900C90079008901C21CA
:1070D0006846F9F7DAFF2048204908600020486038
:1070E00000211E48816042F2CF01C1600021016190
:1070F0008161FDF78AFC08B1FBF718FC4FF4805062
:10710000099009A91548FDF765FD08B1FBF70EFCCC
:107110001248FDF713FF08B1FBF708FC00200790A9
:10712000089007A90D48FDF723FC08B1FBF7FEFB0B
:10713000602000900020019002900490082269468F
:107140000648FDF78FFE08B1FBF7F0FB0348FDF79B
:10715000B7FD0DB000BD000000040040AC0C0020E5
:1071600000B58DB0002009900A900B900C9007900C
:1071700008901C216846F9F788FF204820490860DC
:10718000A720486000211E4881604FF6FF71C16052
:10719000002101618161FDF738FC08B1FBF7C6FBF6
:1071A0004FF48050099009A91548FDF713FD08B167
:1071B000FBF7BCFB1248FDF7C1FE08B1FBF7B6FBBD
:1071C00000200790089007A90D48FDF7D1FB08B1F2
:1071D000FBF7ACFB6020009000200190029004902F
:1071E000082269460648FDF73DFE08B1FBF79EFB05
:1071F0000348FDF765FD0DB000BD0000000800402C
:10720000F40C002000B58DB0002009900A900B907E
:107210000C90079008901C216846F9F736FF284823
:1072200028490860002048600021264881604FF608
:10723000FF71C160002101618161FDF7E6FB08B1CA
:10724000FBF774FB4FF48050099009A91D48FDF726
:10725000C1FC08B1FBF76AFB1A48FDF76FFE08B1E5
:10726000FBF764FB00200790089007A91548FDF77D
:107270007FFB08B1FBF75AFB6020009000200190D3
:1072800002900490002269460E48FDF7EBFD08B11C
:10729000FBF74CFB042269460A48FDF7E3FD08B101
:1072A000FBF744FB082269460648FDF7DBFD08B101
:1072B000FBF73CFB0348FDF703FD0DB000BD0000EC
:1072C000000C00403C0D002000B587B0002003906A
:1072D00004900590069001900290154815490860A9
:1072E000A720486000211348816044F61F61C160F7
:1072F0000021016141618161FDF787FB08B1FBF766
:1073000015FB4FF48050039003A90A48FDF762FC77
:1073100008B1FBF70BFB00200190029001A9054882
:10732000FDF726FB08B1FBF701FB07B000BD00002D
:1073300000040140840D002010B50B480B49086083
:107340000B484860002109488160C1604FF48061AA
:1073500001610C21416100218161C161FDF78CFE59
:1073600008B1FBF7E3FA10BD00480040140E0020FE
:10737000A086010000BFFEE7704700BF03F026FCB7
:10738000FCE7000070B504460D46A41C24F8025C1E
:1073900000202060A80004F04FF96060A80004F00D
:1073A0004BF9A0609FED0C0A10EE100AE0609FED13
:1073B0000A0A10EE100A2061A9006068F9F765FE5C
:1073C000A900A068A41EF9F760FE102104F11A00BC
:1073D000F9F739FE70BD00000000000070B52DED1A
:1073E0000A8B0446B0EE408AF0EE608AB0EE419A15
:1073F000F0EE619AB0EE42AAF0EE62AAB0EE43BAA5
:10740000F0EE63BAB0EE44CAF0EE64CA0D4616461A
:1074100019EE100AA06418EE900A606418EE100AC3
:1074200020649FED1C0A10EE100A206019EE900AED
:1074300060601AEE100AA0601AEE900AE0609FEDFC
:10744000150A10EE100A20631BEE100A20651BEED1
:10745000900A60651CEE100AA0651CEE900AE065BB
:10746000A4F86050294604F16200FFF78BFF00206A
:107470008D3444F8010CE6720021E16021618D3CFD
:10748000A12001559FED030A10EE100A6063BDECC8
:107490000A8B70BD00000000B0EE401A10B99FEDDD
:1074A000790A704790ED100A80ED110A90ED0F0AED
:1074B00080ED100AC0ED060A80ED071A30EEC10A11
:1074C00080ED0F0A0178002975D190ED010AD0ED09
:1074D0000F1A20EE210A80ED090A90ED0A0AD0ED7C
:1074E000021A90ED0F2A01EE820A80ED0A0A90ED51
:1074F0000D0A80ED0E0A90ED0C0A80ED0D0A90ED5C
:107500000F0AD0ED101A30EE610A80ED0C0A90EDF2
:10751000030AD0ED0C1A20EE210A80ED0B0A90ED43
:107520000A0AD0ED051AB4EEE10AF1EE10FA04DD14
:1075300090ED050A80ED0A0A10E090ED0A0AD0ED00
:10754000051AF1EE611AB4EEE10AF1EE10FA05D275
:1075500090ED050AB1EE400A80ED0A0A90ED090AA5
:10756000D0ED0A1A30EE210AD0ED0B1A30EE210AC6
:1075700080ED080A90ED080AD0ED041AB4EEE10A95
:10758000F1EE10FA04DD90ED040A80ED080A76E0D1
:1075900090ED080AD0ED041AF1EE611AB4EEE10A9A
:1075A000F1EE10FA6BD290ED040AB1EE400A80EDD4
:1075B000080A64E0FFE70178012960D190ED0F0A25
:1075C000D0ED101A30EE610AD0ED011A20EE210A3A
:1075D00080ED090A90ED020AD0ED0F1A20EE210A83
:1075E00080ED0A0A90ED0D0A80ED0E0A90ED0C0A6E
:1075F00080ED0D0A90ED0F0AD0ED101AB0EE002AC2
:1076000002EE610AD0ED111A30EE210A80ED0C0A6B
:1076100090ED030AD0ED0C1A20EE210A80ED0B0A42
:1076200090ED090AD0ED0A1A30EE210AD0ED0B1ABE
:1076300030EE210AD0ED081A30EE210A80ED080A5A
:1076400090ED080AD0ED041AB4EEE10AF1EE10FA5A
:1076500004DD90ED040A80ED080A10E090ED080AC0
:10766000D0ED041AF1EE611AB4EEE10AF1EE10FA6F
:1076700005D290ED040AB1EE400A80ED080A90EDC3
:10768000080A0EE70000000000B102B9704701705F
:1076900092ED001A80ED011A92ED011A80ED021AA6
:1076A00092ED021A80ED031A80ED040AC0ED050A7E
:1076B0009FED0C1A80ED0E1A80ED0D1A80ED0C1A5C
:1076C0009FED081A80ED081A80ED0B1A80ED0A1A5A
:1076D00080ED091A80ED111A80ED101A80ED0F1A55
:1076E00000BFD3E70000000070B506460C46154603
:1076F000DFED0D0A9FED0D0A0D4A00213046FFF720
:10770000C3FFDFED090AB1EE040A0A4A0021204650
:10771000FFF7BAFFDFED040AB0EE080A064A0021BF
:107720002846FFF7B1FF70BD000000000000C8420E
:10773000D8DD0008E4DD0008F0DD000810B5234BBB
:107740001B685B6943F04003204C246863611F4B56
:107750001B68DB6843F010031C4C2468E3601C4B7F
:107760001B681B6823F00103194C2468236007E0A1
:10777000174B1B681B6823F00103154C246823601A
:10778000134B1B681B6803F00103002BF0D1114B56
:107790000F4C2468A3600E4B1B68D8600C4B1B6811
:1077A00019610B4B1B685A60094B1B681B6843F43B
:1077B0008023074C24682360054B1B681B6843F03B
:1077C0000103034C2468236010BD0000140E002048
:1077D0005C0E0020044800402DE9F04104460025DD
:1077E0002068C16811F0400F17D1C16841F08001D5
:1077F000C160FBF7E7FF0646042707E0FBF7E2FF5F
:10780000801BB0F57A7F01D9677701252068C068B1
:1078100010F0400F01D1012DF0D12846BDE8F081D4
:1078200070B5044600252068C16821F08001C16060
:107830002068806810F0200F06D12046FCF74EFE2D
:1078400010B1042060770125284670BDD0ED0D4AA7
:1078500064EEA44AB0EE640AD0ED0E4A64EEA44A87
:10786000F0EE640AD0ED0F4A64EEA44AB0EE641A5A
:10787000D0ED0C4A90ED0D5A64EE854AF0EE641A94
:10788000D0ED0C4A90ED0E5A64EE854AB0EE642AB3
:10789000D0ED0C4A90ED0F5A64EE854AF0EE642A62
:1078A000D0ED0D4A90ED0E5A64EE854AB0EE643A82
:1078B000D0ED0D4A90ED0F5A64EE854AF0EE643A31
:1078C000D0ED0E4A90ED0F5A64EE854AB0EE644A50
:1078D000F7EE004AB0EE005A45EE604AB0EE005AAC
:1078E00045EE414AC0ED104A73EE624AB0EE005ACE
:1078F00064EE854AC0ED114A73EE824AB0EE005A3A
:1079000064EE854AC0ED124A73EE224AB0EE005A88
:1079100064EE854AC0ED134AF7EE004AB0EE005A15
:1079200045EE404AB0EE005A45EE414AC0ED144AD9
:1079300074EE614AB0EE005A64EE854AC0ED154A15
:1079400073EEC24AB0EE005A64EE854AC0ED164AA4
:1079500074EE214AB0EE005A64EE854AC0ED174A33
:10796000F7EE004AB0EE005A45EE404AB0EE005A3B
:1079700045EE604AC0ED184A7047000070B582B00D
:1079800004460E4615463346012202212046009544
:1079900000F036F830B1606D40F02000606502B054
:1079A000032070BD144815490068B0FBF1F04FF496
:1079B0007A71484301906068B0F5827F0ED13346FA
:1079C000002280212046009500F01AF880B1606DF9
:1079D00040F02000606502B0032070BD019838B10E
:1079E0000198401E01902068806810F0800FF5D14A
:1079F00002B0002070BD00002800002000366E019B
:107A00002DE9F84304460F4690469946089DFBF73A
:107A1000D9FE401BA9EB0005FBF7D4FE06462D4816
:107A20000068C0F3CB30684300902068806837EA74
:107A300000000ED00020404546D0B9F1FF3F3BD0BA
:107A4000FBF7C0FE801BA84205D225B1009870B399
:107A50002FE00120EFE72068416821F0E00141605C
:107A60006068B0F5827F0BD1A068B0F5004F02D0FE
:107A7000B0F5806F04D12068016821F040010160F9
:107A8000A06AB0F5005F09D12068016821F40051B7
:107A900001602068016841F400510160012084F810
:107AA0005100002084F850000320BDE8F883FFE770
:107AB00000250098401E00902068806837EA00008A
:107AC00005D000204045B8D10020BDE8F883012052
:107AD000F8E700002800002010B5FBF7B3FF04F022
:107AE00085FD012801D004F07DFA10BD00B593B0EA
:107AF000302107A8F9F7C9FA142102A8F9F7C5FA45
:107B000000BF002001902448006840F080502249C6
:107B100008600846006800F08050019000BF00BF78
:107B200000BF002001901D48006840F480401B49C0
:107B300008600846006800F48040019000BF00BF64
:107B4000012007900004089002200D9041050E913D
:107B500006210F91A8211091022111910721129164
:107B600007A8FCF70BFA08B1FAF7E0FE0F20029025
:107B700002200390002004904FF4A05005904FF491
:107B800080500690052102A8FCF7DCF808B1FAF74E
:107B9000CDFE13B000BD0000403802400070004030
:107BA0001448006840F470001249086012480068E8
:107BB00040F001001049086000200F4908310860BA
:107BC0000D4800680D4908400B4908600C48091D24
:107BD0000860081F006820F48020091F086000204A
:107BE00005490C3108604FF0006002498039086097
:107BF0007047000088ED00E000380240FFFFF6FE0D
:107C000010300024F0B40268324BDFF8CCC0334DA2
:107C1000334E344C98420AD0B0F1804F07D06045C3
:107C200005D0A84203D0B04201D0A04203D122F037
:107C300070024F683A43984228D0B0F1804F25D067
:107C4000604523D0A84221D0B0421FD0A0421DD011
:107C5000A0F1804CBCF5A03C18D0A0F1804CBCF544
:107C6000A23C13D0A0F1804CBCF5A43C0ED0A0F1F6
:107C7000804CBCF5C05C09D0A0F1804CBCF5E05C48
:107C800004D0A0F1804CBCF5005C05D122F4407218
:107C9000D1F80CC04CEA0202D1F814C022F08002E4
:107CA00042EA0C0202608A68C2620A6882629842F2
:107CB00001D0A04201D1096901630121416101693B
:107CC00011F0010F03D0016921F001010161F0BC45
:107CD0007047000000000140000400400008004020
:107CE000000C00400004014001F01F0101238B4003
:107CF000D0F820C02CEA03030362036A02FA01F100
:107D0000194301627047D0F808C02CF47F4C42EA56
:107D10000322114341EA0C0181607047826822F01E
:107D20007002114341F007018160704770B4026A2C
:107D3000036A23F0010303624368D0F818C02CF0F3
:107D4000700C2CF0030C0C6844EA0C0C22F00202BC
:107D50008C6822430F4C104DA04201D0A84205D19F
:107D600022F00802CE68324322F00402A04201D081
:107D7000A84207D123F4807323F400734C69234392
:107D80008C6923434360C0F818C0496841630262AC
:107D900070BC7047000001400004014070B4026AEA
:107DA000036A23F0100303624368D0F818C02CF470
:107DB000E04C2CF4407C0C684CEA042C22F02002AD
:107DC0008C6842EA0412114C114DA04201D0A84225
:107DD00006D122F08002CE6842EA061222F040026A
:107DE000A04201D0A84209D123F4806323F40063A8
:107DF0004C6943EA84038C6943EA84034360C0F816
:107E000018C049688163026270BC7047000001407D
:107E10000004014070B4026A036A23F480730362B1
:107E20004368D0F81CC02CF0700C2CF0030C0C68CC
:107E300044EA0C0C22F400728C6842EA0422114CD1
:107E4000114DA04201D0A84206D122F40062CE68B2
:107E500042EA062222F48062A04201D0A84209D15F
:107E600023F4805323F400534C6943EA04138C69D0
:107E700043EA04134360C0F81CC04968C16302624E
:107E800070BC7047000001400004014010B4036A58
:107E9000026A22F4805202624268D0F81CC02CF4BC
:107EA000E04C2CF4407C0C684CEA042C23F4005386
:107EB0008C6843EA0433A0F18044B4F5803404D0E4
:107EC000A0F18044B4F5823404D122F480424C699C
:107ED00042EA84124260C0F81CC04968016403622F
:107EE00010BC7047036AD0F820C02CF0010CC0F819
:107EF00020C0D0F818C02CF0F00C4CEA021223F08D
:107F00000A031943826101627047036AD0F820C0F6
:107F10002CF0100CC0F820C0D0F818C02CF4704C15
:107F20004CEA023223F0A00343EA011182610162AC
:107F3000704700002DE9F041044620680169E268BD
:107F400021F44051114301612169A068E2690843AD
:107F50006169114301432068C26822F4037222F46C
:107F600014421143C16020684169A26921F4407143
:107F7000114341612068A0F18041B1F588312ED0D4
:107F8000A0F18041B1F58A3129D0FBF79FFF8446EB
:107F9000E16900201927254D3226B1F5004F22D086
:107FA0006068830F8200ACFB0701F8F756FF0146BB
:107FB000A5FB002040097A42424301EB820106EB17
:107FC0000111A5FB0121490901F0F00202EB0010AB
:107FD00001F00F01084421688860BDE8F081FBF7DB
:107FE00085FF8446D4E761684A1840EB0003ACFB88
:107FF0000701F8F732FF0346A5FB001041091846B8
:108000000A016FF01803594300EB810006EBC00032
:10801000A5FB0010400900F0F80102EB410100F05F
:108020000700084421688860BDE8F0811F85EB5196
:1080300008B544480068006800F0200060B100BF47
:10804000002000903F480068006800903D480068AC
:108050004068009000BF74E03B48006800F01000EA
:1080600000286ED000BF00200090364800680068ED
:108070000090344800684068009000BF00BF33485B
:108080000068006800F4002070BB30480068006899
:1080900020F001002D49096808602C4800684068FC
:1080A000C0F124002A490880242028490968486032
:1080B00026480068006840F40020244909680860E8
:1080C00022480068006840F0010020490968086003
:1080D0001F480088122834D11E491F4803F0ACFB0A
:1080E000002002F0E5F82CE018480068006820F055
:1080F0000100164909680860144800684068C0F12A
:108100002400134908802420104909684860134856
:10811000806A20F40020114988620C4800680068D9
:1081200040F00100094909680860094800881228E0
:1081300007D108490848243003F07EFB002002F0F4
:10814000B7F808BD140E0020004800405C0E002067
:108150008A0000200C120020221200200060024041
:1081600000BFFEE770B52DED0A8B04460D46B0EE5C
:10817000408A95ED1D0ADFEDF40A30EEC00AF3489F
:1081800080ED000A95ED040ADFEDEF0A30EEC00A3B
:10819000EF4880ED000AD4ED180AB0EE600AF8F757
:1081A00027F9D4ED040A20EE200A84ED080AD4ED64
:1081B000170AB0EE600AF8F71BF9D4ED010A20EEB9
:1081C000200A84ED060AD4ED180AB0EE600AF8F72A
:1081D000D3F8D4ED000A94ED041A41EE000AC4ED80
:1081E000070AD4ED170AB0EE600AF8F7C5F8D4ED27
:1081F000010A20EE200A84ED050A94ED070AD4ED69
:10820000050A30EE600A20EE000AD4ED080A94ED6B
:10821000061A70EEC10A94ED081AD4ED061A31EE72
:10822000611A00EE810A10EE101A084605F086FB6E
:1082300041EC1A0BB0EE4A0AF0EE6A0A00F0F0FECA
:10824000B0EE409AF0EE609A51EC190B04F01CFC71
:10825000E06394ED070AD4ED050A30EE600AD4ED30
:10826000020AB0EE001A60EE810A20EE200A84EDC8
:10827000120A94ED080AD4ED060A30EE600AD4ED35
:10828000020AB0EE001A60EE810A20EE200A84EDA8
:10829000130A94ED020A20EE000AD4ED0F0A94EDC1
:1082A0000F1A00EE810AD4ED030A94ED031A00EED2
:1082B000C10A84ED140A94ED120A20EE000AD4EDEE
:1082C000130A94ED131A00EE810AD4ED140A94ED0A
:1082D000141A00EEC10A10EE101A084605F02EFB23
:1082E00041EC1C0BB0EE4C0AF0EE6C0A00F098FE6C
:1082F000B0EE40AAF0EE60AA94ED130A10EE101A48
:10830000084605F01BFB41EC1B0B53EC1A2B04F049
:108310001DFD41EC190B04F0B7FB08EE900A94ED3B
:10832000120A94ED141A30EE010AF0EE400AB0EE93
:10833000680A00F01FFDF0EE000A20EE200A84ED2E
:10834000150AD4ED150AB0EE600AF8F715F8D4ED69
:10835000050A94ED071A70EEC10A94ED021A41EE77
:10836000000AF0EE608AD4ED150AB0EE600AF8F764
:108370003FF8D4ED060A94ED081A70EEC10A94EDA8
:10838000021A41EE000AB0EE609AF0EE680AB0EE12
:10839000490A00F0EFFC84ED160AD4ED170AB0EE9E
:1083A000600AF7F7E9FFD4ED010A60EE208AD4ED08
:1083B000150AB0EE600AF7F7DFFFD4ED020A40EECF
:1083C000808AC4ED098AD4ED170AB0EE600AF8F786
:1083D0000FF8D4ED010A60EE208AD4ED150AB0EE54
:1083E000600AF8F705F8D4ED020A40EE808AC4ED81
:1083F0000A8AD4ED000AB0EE001A80EE810AD4EDAC
:10840000090A30EEC00A20EE000AD4ED0A0A94ED03
:108410000A1A00EE810A10EE106A304605F08EFA54
:1084200041EC1A0BB0EE4A0AF0EE6A0A00F0F8FDD1
:10843000B0EE409AF0EE609A51EC190B04F024FB78
:10844000E062D4ED000AB0EE001A80EE810AD4EDAD
:10845000090A30EEC00AF0EE408AD4ED0A0AB0EE06
:10846000600AF0EE680A00F085FC84ED0C0A94EDD9
:108470000C0ADFED380A30EEC00A84ED0D0A94F8DC
:10848000AC0030B994ED0C0A84ED110A012084F897
:10849000AC0094ED0C0AD4ED110A30EE600AC0EE87
:1084A000080AC4ED100A94ED100ADFED270A30EE39
:1084B000C00A84ED0E0A254890ED000ADFED250A7A
:1084C00030EEC00AD4ED0C0A30EE600A84ED220AC8
:1084D00094ED100A1E48D0ED000AF1EE600A30EE6D
:1084E000C00A84ED230A94ED0C0A84ED110A94ED80
:1084F0000B0AD4ED280A30EE600AC0EE080AC4ED7B
:10850000260A94ED260AD4ED290A30EE600AC0EE60
:10851000080AC4ED270A94ED260A84ED290A94ED91
:108520000B0A84ED280A94ED230AD4ED240A30EED8
:10853000600AC0EE080AC4ED250A94ED230A84ED12
:10854000240ABDEC0A8B70BD00000000A8020020C8
:10855000AC020020DB0FC93F70B52DED0A8B04463D
:108560000D46B0EE408A95ED1D0AF04880ED000AF8
:1085700095ED040AEE4880ED000AD4ED180AB0EE3D
:10858000600AF7F735FFD4ED040A20EE200A84EDE7
:10859000080AD4ED170AB0EE600AF7F729FFD4ED08
:1085A000010A20EE200A84ED060AD4ED180AB0EE86
:1085B000600AF7F7E1FED4ED000A94ED041A41EEEB
:1085C000000AC4ED070AD4ED170AB0EE600AF7F707
:1085D000D3FED4ED010A20EE200A84ED050A94EDC5
:1085E000070AD4ED050A30EE600A20EE000AD4ED49
:1085F000080A94ED061A70EEC10A94ED081AD4ED3B
:10860000061A31EE611A00EE810A10EE101A0846C1
:1086100005F094F941EC1A0BB0EE4A0AF0EE6A0A42
:1086200000F0FEFCB0EE409AF0EE609A51EC190BAF
:1086300004F02AFAE06394ED070AD4ED050A30EE5F
:10864000600AD4ED020AB0EE001A60EE810A20EE54
:10865000200A84ED120A94ED080AD4ED060A30EEE1
:10866000600AD4ED020AB0EE001A60EE810A20EE34
:10867000200A84ED130A94ED020A20EE000AD4EDDC
:108680000F0A94ED0F1A00EE810AD4ED030A94ED5F
:10869000031A00EEC10A84ED140A94ED120A20EECA
:1086A000000AD4ED130A94ED131A00EE810AD4EDFA
:1086B000140A94ED141A00EEC10A10EE101A0846BE
:1086C00005F03CF941EC1C0BB0EE4C0AF0EE6C0AE4
:1086D00000F0A6FCB0EE40AAF0EE60AA94ED130AFA
:1086E00010EE101A084605F029F941EC1B0B53EC6B
:1086F0001A2B04F02BFB41EC190B04F0C5F908EE22
:10870000900A94ED120A94ED141A30EE010AF0EE7C
:10871000400AB0EE680A00F02DFBF0EE000A20EEF1
:10872000200A84ED150AD4ED150AB0EE600AF7F7B9
:1087300023FED4ED050A94ED071A70EEC10A94EDFC
:10874000021A41EE000AF0EE608AD4ED150AB0EE8E
:10875000600AF7F74DFED4ED060A94ED081A70EEA4
:10876000C10A94ED021A41EE000AB0EE609AF0EEF2
:10877000680AB0EE490A00F0FDFA84ED160AD4ED5D
:10878000170AB0EE600AF7F7F7FDD4ED010A60EEC4
:10879000208AD4ED150AB0EE600AF7F7EDFDD4EDAE
:1087A000020A40EE808AC4ED098AD4ED170AB0EEC1
:1087B000600AF7F71DFED4ED010A60EE208AD4EDC1
:1087C000150AB0EE600AF7F713FED4ED020A40EE88
:1087D000808AC4ED0A8AD4ED000AB0EE001A80EE59
:1087E000810AD4ED090A30EEC00A20EE000AD4ED69
:1087F0000A0A94ED0A1A00EE810A10EE106A304659
:1088000005F09CF841EC1A0BB0EE4A0AF0EE6A0A49
:1088100000F006FCB0EE409AF0EE609A51EC190BB5
:1088200004F032F9E062D4ED000AB0EE001A80EEF6
:10883000810AD4ED090A30EEC00AF0EE408AD4ED88
:108840000A0AB0EE600AF0EE680A00F093FA84EDCE
:108850000C0A94ED0C0ADFED370A30EEC00A84ED05
:108860000D0A94F8AC0030B994ED0C0A84ED110AAD
:10887000012084F8AC0094ED0C0AD4ED110A30EE1E
:10888000600AC0EE080AC4ED100A94ED100ADFED8C
:108890002A0A30EEC00A84ED0E0A244890ED000A40
:1088A000DFED240A30EEC00AD4ED0C0A30EE600A87
:1088B00084ED220A94ED100A1D48D0ED000AF1EE75
:1088C000600A30EEC00A84ED230A94ED0C0A84EDB0
:1088D000110A94ED0B0AD4ED280A30EE600AC0EEBE
:1088E000080AC4ED260A94ED260AD4ED290A30EED2
:1088F000600AC0EE080AC4ED270A94ED260A84ED4A
:10890000290A94ED0B0A84ED280A94ED230AD4ED8C
:10891000240A30EE600AC0EE080AC4ED250A94ED80
:10892000230A84ED240ABDEC0A8B70BDA00200204E
:10893000A4020020DB0FC93F0000000010B52DEDA0
:10894000028B0446D4ED0C0A94ED161A70EEC10A9F
:10895000B0EE600AF7F74CFDD4ED010A20EE208A54
:10896000D4ED170A94ED151A70EEC10AB0EE600A44
:10897000F7F73EFD28EE008AD4ED160A94ED151A9D
:1089800070EEC10AB0EE600AF7F732FDC8EE000AD9
:10899000C4ED190AD4ED0C0A94ED161A70EEC10A52
:1089A000B0EE600AF7F7E8FCD4ED010A20EE208A69
:1089B000D4ED170A94ED151A70EEC10AB0EE600AF4
:1089C000F7F716FD28EE008AD4ED160A94ED151A75
:1089D00070EEC10AB0EE600AF7F70AFDD4ED0B0A9B
:1089E00020EE200AC8EE000AC4ED1A0AD4ED0C0AE3
:1089F00094ED151A70EEC10AB0EE600AF7F7F8FCB4
:108A0000D4ED040A20EE208AD4ED160A94ED181A4B
:108A100070EEC10AB0EE600AF7F7EAFC28EE008AB1
:108A2000D4ED160A94ED151A70EEC10AB0EE600A84
:108A3000F7F7DEFCC8EE000AC4ED1B0AD4ED0C0A01
:108A400094ED151A70EEC10AB0EE600AF7F794FCC7
:108A5000D4ED040A20EE208AD4ED160A94ED181AFB
:108A600070EEC10AB0EE600AF7F7C2FC28EE008A89
:108A7000D4ED160A94ED151A70EEC10AB0EE600A34
:108A8000F7F7B6FCD4ED0B0A20EE200AC8EE000A78
:108A9000C4ED1C0A94ED190AD4ED1F0A20EE200A39
:108AA000D4ED1A0A94ED201A00EE810A84ED1D0A15
:108AB00094ED1B0AD4ED1F0A20EE200AD4ED1C0A07
:108AC00094ED201A00EE810A84ED1E0ABDEC028BA3
:108AD00010BD00009FED0A0A80ED000A9FED080A14
:108AE00080ED010A9FED070A80ED020A9FED050A5D
:108AF00080ED030A9FED020A80ED040A7047000032
:108B00009A99193E713D8A3E4100080218BF04201F
:108B10000A0E18BF40F001004FF07F4232EA010117
:108B200008BF40F00200012808BF05207047000080
:108B300010B510EE104A4FF01A402DED028B00EBED
:108B40004400B0F1C85F4AD84FF0FC40B0EB440F8E
:108B500022D2B0EEC00AF7EE000A30EEC00AF6EEFE
:108B6000000A20EE208A18EE100A02F00CFF00EE38
:108B7000100A14F0004F1DBF9FED281ADFED280AE0
:108B8000B1EE400A9FED271A08BFF0EE410AF8EE59
:108B9000001A20EE210A05E020EE008A9FED221A3D
:108BA000DFED220ADFED221A9FED222A70EEC00AC5
:108BB00020EE080A08EE212ADFED1F1A48EE021AFD
:108BC0009FED1E2A08EE212ADFED1D1A48EE021A3B
:108BD000BDEC028B40EE610A30EE810A10BD4FF011
:108BE000CC40B0EB440F82BF9FED160ABDEC028B68
:108BF00010BD4FF07F40B0EB440F05D2BDEC028BAF
:108C0000BDE8104000F066BA0120F8F7E7FABDECC5
:108C1000028BBDE8104000F063BA0000000049403C
:108C200022AA7D3A000000000000C93F22AAFD39B7
:108C300024FE1C3DC78AD83C1E67383D1B93993DD6
:108C4000AFAA2A3EDB0FC93F10B54FF00E402DED05
:108C5000028BB0EE408A18EE104A00EB4400B0F1EF
:108C6000506F4AD84FF0FC40B0EB440F22D2B0EE28
:108C7000C80AF7EE000A30EEC00AF6EE000A60EE0F
:108C8000208A18EE900A02F07EFE01EE100A14F01F
:108C9000004F1DBFDFED2D0A9FED2D0AB1EE411AE9
:108CA000DFED2C0A08BF9FED2C0AF8EE001A21EE2A
:108CB000218A05E0DFED290A68EE088AB0EE600A35
:108CC0009FED271ADFED271A30EE080A48EE811AC9
:108CD0009FED251A08EEA11ADFED241A48EE811A3D
:108CE0009FED231A08EEA11A68EE281ABDEC028B3C
:108CF00001EE810A30EE200A10BD4FF0E440B0EBE7
:108D0000440F0CD918EE100AFFF7FEFE042808BF26
:108D100000F0EEF9B0EE480ABDEC028B10BD4FF04A
:108D20007F40B0EB440F07D2B0EE480ABDEC028B97
:108D3000BDE8104000F0CEB90120F8F74FFABDECC5
:108D4000028BBDE8104000F0CBB900000000C9BFA5
:108D500022AAFDB90000C93F22AAFD390000000087
:108D600024FE1C3DC78AD83C1E67383D1B93993DA5
:108D7000AFAA2A3E70B54FF068422DED048BF0EE9D
:108D8000408A18EE900AB0EE608A18EE101A02EBD4
:108D90004003B3F1654F3CBF02EB4102B2F1654FB6
:108DA0007DD200BFC0F3C753C1F3C7529A1A1B2A22
:108DB00009DD10F0004F14BF9FED830A9FED830A79
:108DC000BDEC048B70BD12F11A0F36DA11F0004FB2
:108DD00009D010F0004F0CBF9FED7D0A9FED7D0A7A
:108DE000BDEC048B70BD88EE889A19EE100AFFF76F
:108DF0008BFE042808BF00F07BF918EE900AFFF7FD
:108E000083FE054618EE100AFFF77EFE044619EEB3
:108E1000100AFFF779FE042D18BF052D08D1042C88
:108E200018BF052C04D1002804BF0220F8F7D6F99A
:108E3000B0EE490ABDEC048B70BD4200B2EB410FAD
:108E40003AD910F0004F19BFDFED630A9FED630AB6
:108E5000DFED630A9FED630AB0EE481A0A46B1EEF1
:108E6000688A80F00041F0EE418A10460A1A5200EA
:108E7000B2F1807F34D2484010F0004FDFED5A1A33
:108E80009FED5A2A1DBFBEEE001A70EEE10A30EEC9
:108E9000420AB6EE001A08BF70EEA10A00E040E0F8
:108EA00008BF30EE020AB0EE682A01EE482A08EE4A
:108EB000818AC2EE081A15E011F0004F04BF9FED41
:108EC0004C0AF0EE400AD1D010F0004F19BFDFED90
:108ED000490A9FED490ADFED490A9FED490AC5E7B6
:108EE000C8EE881A21EEA11A9FED462ADFED462A28
:108EF00041EE022A9FED452A01EE222ADFED442AA7
:108F000041EE022A9FED432ABDEC048B01EE222A9A
:108F100021EE811A01EE020A30EE210A30EE200A1B
:108F200070BD4FF07F42B2EB400F28BFB2EB410F54
:108F300009D2F0EE480AB0EE680ABDEC048BBDE839
:108F4000704000F0CAB840EA01035B0008BF41F07E
:108F5000FF410BD0B2EB400F08BFB2EB410F08D17D
:108F600020F0804008EE900A21F0804108EE101AAF
:108F700018E7B2EB400F12BF5FEA410340F0FF4039
:108F800001F000413FF40EAFB2EB410F12BF5FEAB8
:108F9000400200F0004041F0FF413FF403AF4A00BF
:108FA00092EA40033FF5FEAE002AACBF9FED1A0ADD
:108FB0009FED1A0A68EE808A28EE008A18EE900A61
:108FC00018EE101AEEE60000DB0FC9BFDB0FC93F39
:108FD000DB0F4940DB0F49C00000C9BF22AAFDB921
:108FE0000000C93F22AAFD390060ED3EC30ACE371A
:108FF00000000000000049C022AA7DBA00004940DC
:1090000022AA7D3A2DAD65BD8FB8D53D0FB511BEF5
:1090100061C84C3EA8AAAABE0000804F0000802F65
:1090200000B52DED048BB0EE409AF0EE609A83B05F
:1090300051EC190B04F07CF841EC180B18EE100AF7
:1090400018EE901A8DED008B002818BF0120084300
:1090500020F00040C0F17F6000F1E040C00F14D06C
:1090600019EE101A19EE900A8DED009B002918BF19
:109070000121084320F00040C0F17F6000F1E04092
:10908000C00F04BF0120F8F7A9F8B0EE480A03B0FA
:10909000F0EE680ABDEC048B00BD10B52DED028B1F
:1090A000B1EEC08A18EE100A20F00040C0F1FF4077
:1090B000C00F0AD010EE100A20F00040C0F1FF40AF
:1090C000C00F04BF0120F8F789F8B0EE480ABDECE4
:1090D000028B10BD30EE000A704730EE200A704758
:1090E000DFED020A80EEA00A7047000000000000D9
:1090F0009FED020A20EE000A7047000000000010F9
:1091000010B5F8F79DF98020F8F762FB5520F8F7C5
:109110005FFB5520F8F75CFB50490870F8F786F9BB
:109120000120FAF70FFAF8F78BF98020F8F750FBD7
:109130005520F8F74DFB5520F8F74AFB47490870D2
:10914000F8F774F90120FAF7FDF9F8F779F9B62183
:109150007E20F8F74FFBF8F769F95020FAF7F2F99B
:10916000F8F76EF98020F8F733FB5520F8F730FB5D
:109170005520F8F72DFB39490870F8F757F9012009
:10918000FAF7E0F9F8F75CF98020F8F721FB5520B1
:10919000F8F71EFB5520F8F71BFB30490870F8F76D
:1091A00045F90120FAF7CEF92C4800781E2801D0A5
:1091B000FF2010BD00202A49087049E0F8F740F967
:1091C000274A127802EB4202264B1A445178244A6D
:1091D000127802EB4202985CF8F70CFBF8F726F9DC
:1091E0000120FAF7AFF9F8F72BF91D49097801EBDF
:1091F00041011C4A515C41F08000F8F7E9FA552022
:10920000F8F7E6FA5520F8F7E3FA14490870F8F78A
:109210000DF90120FAF796F91148007800EB4000AB
:109220001049084440780D49097888420BD00C4811
:10923000007800EB40000B49084480780A4909781F
:1092400008430949087006480078401C0449087022
:10925000034800780628B1DB0020AAE7540200206A
:1092600055020020600200205602002010B5F8F7D9
:10927000FBF845490020F8F79EFAF8F7EBF80120D3
:10928000FAF760F9F8F7F0F83F490020F8F793FA99
:10929000F8F7E0F80120FAF755F9F8F7E5F8B62104
:1092A0001420F8F7A7FAF8F7D5F85020FAF74AF99A
:1092B000F8F7DAF834490020F8F77DFAF8F7CAF839
:1092C0000120FAF73FF9F8F7CFF82F490020F8F717
:1092D00072FAF8F7BFF80120FAF734F92A48007853
:1092E0000F2801D0FF2010BD00202849087045E05C
:1092F000F8F7BAF8254A127802EB4202244B1A44D6
:109300005178224A127802EB4202985CF8F772FA1E
:10931000F8F7A0F80120FAF715F9F8F7A5F81B49B6
:10932000097801EB41011A4A505C1749F8F743FAF2
:10933000F8F790F80120FAF705F91448007800EBE7
:1093400040001349084440780F490978884210D0FA
:109350000E480078401E0D4908700846007800EB62
:1093600040000C49084480780B49097808430A49B1
:10937000087006480078401C0449087003480078CB
:109380000628B5DB0020AEE754020020550200207D
:1093900072020020600200205602002000200249D4
:1093A0000968C86370470000F40C0020034A126883
:1093B0009062024A1268D16370470000F40C0020EA
:1093C00010B504461A48007840B91A48007828B900
:1093D0001748047064201749087028E01448007882
:1093E00038B914480078401E12490870FFF7D6FFBC
:1093F0001DE011480078401C0F49087008460078AD
:10940000322802DAFFF7CAFF11E00B48007864281F
:1094100005DA47F230510120FFF7C8FF07E00020CE
:109420000549087002480078401E0149087010BDC7
:1094300093000020940000209500002000B58BB020
:109440000120099000200790012008900020019041
:109450000290039004900690059001A90C48F9F73A
:10946000F1FA0B48F9F7BFFF02210948F9F75FFA53
:109470000E200A90069001A90648F9F7E3FA05487C
:10948000F9F7B1FF02210348F9F751FA0BB000BD1B
:10949000D00A0020F80A00202DE9F0472DED028BBC
:1094A00004460D4690461E46DDF82890FD4890ED96
:1094B000000AB8EE400AF0EE080A20EE200ADFEDBE
:1094C000FA0A80EE201AB0EE418AB0EE480A414610
:1094D0002846FEF747FE00270DE0D5ED0B0AB0EE5B
:1094E000600AF24901EB0710FDF791FB06EB8700DC
:1094F00080ED000A7F1C0C2FEFDB96ED000AD5ED06
:10950000220A9FEDEB1A70EEC10A20EE200AD6ED7A
:10951000010A95ED231ADFEDE61A31EE611A00EE2D
:10952000810AD4ED3B0A94ED481A70EEC10A96ED1B
:10953000021A01EE200AD4ED470A94ED3A1ADFED43
:10954000DD1A51EE810A96ED031A01EE200AD6EDDE
:10955000040A94ED4D1ADFEDD81A31EE611A00EECF
:10956000810AD6ED050A94ED4E1ADFEDD41A31EEDC
:10957000611A00EE810A84ED620A95ED220ADFEDA0
:10958000CC0A30EE600AD4ED420A30EE200AD6ED65
:10959000060A20EE200AD6ED070A95ED231ADFED24
:1095A000C41A31EE611A00EE810AD4ED3B0A94ED43
:1095B000481A70EEC10A96ED081A01EE200AD4EDA1
:1095C000470A94ED3A1ADFEDBB1A51EE810A96ED87
:1095D000091A01EE200AD6ED0A0A94ED4D1ADFEDC4
:1095E000B61A31EE611A00EE810AD6ED0B0A94ED3F
:1095F0004E1ADFEDB21A31EE611A00EE810A85EDE6
:10960000200A95ED200AD4ED540A30EE200A85EDAB
:10961000200A94ED620AD4ED520A30EE600A84ED1D
:10962000620ADFEDA70A9FEDA70A04F5C47001F0F6
:10963000B9FAD5ED220AB0EE600AF6F79DFEDFED2D
:10964000A20A80EE808A94ED441AF0EE410A95ED6C
:109650000B1AB0EE410A4846FDF71EFF38EE000A2D
:10966000D4ED530A30EE200A85ED1F0AD4F85C01D0
:10967000C07A01285CD1D4F85C01B0F90800B0F5DB
:10968000FA7F02DD012084F8590194F85601E8BB05
:1096900094F8590101284CD1D5ED220AB0EE600AA8
:1096A000F6F76AFEDFED880A80EE808AD5ED0B0AB8
:1096B000B0EE600ADFED850A4846FDF7EDFE38EEB4
:1096C000000A85ED1F0A95ED0B0ADFED810AB4EE65
:1096D000E00AF1EE10FA08D27E4890ED000AF7EEAB
:1096E000000A30EE200A80ED000A7A4890ED000A68
:1096F000F2EE040AB4EEE00AF1EE10FA18DB90ED97
:10970000000AF2EE040AB4EEE00A00E011E0F1EE25
:1097100010FAF3DB9FED660A80ED000A9FED640A04
:109720006D4880ED000A012084F8560184F8550147
:10973000FAE094F8560101284ED194F85901012815
:109740004AD1D5ED220AB0EE600AF6F715FEDFED3C
:109750005E0A80EE808AD5ED0B0AB0EE600ADFED7E
:109760005F0A4846FDF798FE38EE000A85ED1F0AAD
:1097700095ED0B0ADFED5A0AB4EEE00AF1EE10FAAD
:1097800008DD544890ED000AF7EE000A30EE200A9A
:1097900080ED000A4F4890ED000AF2EE040AB4EEA4
:1097A000E00AF1EE10FA16DB90ED000AF2EE040A80
:1097B000B4EEE00AF1EE10FA0DDB9FED3D0A80ED0C
:1097C000000A9FED3B0A444880ED000A022084F81D
:1097D000560184F85501A7E094F85601022860D19B
:1097E00094F8590101285CD1D5ED220AB0EE600A47
:1097F000F6F7C2FDDFED340A80EE808AD5ED0B0A64
:10980000B0EE600ADFED310A4846FDF745FE38EE5E
:10981000000A85ED1F0A9FED260A84ED420A9FED9E
:10982000240A84ED480A94ED480A84ED3B0A95ED3C
:109830000B0ADFED270AB4EEE00AF1EE10FA08D2C7
:10984000244890ED000AF7EE000A30EE200A80ED81
:10985000000A204890ED000AF2EE040AB4EEE00A95
:10986000F1EE10FA60DB1C4890ED000AF2EE040AFB
:10987000B4EEE00AF1EE10FA56DB9FED0D0A154842
:1098800080ED000A9FED0A0A134880ED000A9FED63
:10989000150A84ED440A9FED130A84ED450A002061
:1098A00022E028E0E401002000007A44C800002003
:1098B00000000000CDCCCC3E9EEF27BC0AD7233C55
:1098C00066668640666686C09A998941B81E053EDE
:1098D0000AD7233EE0010020880100209A99993E92
:1098E000B81E853E9A99193E84F8560184F85501B0
:1098F00084F8590118E0D5ED220AB0EE600AF6F7B7
:109900003BFD5FED0F0A80EE808A94ED441AF0EE85
:10991000410A95ED0B1AB0EE410A4846FDF7BCFD31
:1099200038EE000A85ED1F0A4146284600F0E6FDA4
:1099300044490870204601F009FF84F8580194F862
:109940005801E8BB40480078012844D13D480078E0
:10995000012840D195F8AD0098BB94F85501012835
:1099600039D094F85601012835D094F855010228D1
:1099700031D094F8560102282DD01FED330A84ED22
:10998000620A96ED060AD5ED220A1FED371A70EE2F
:10999000C10A20EE200AD6ED070A95ED231A5FEDE5
:1099A0003C1A31EE611A00EE810A85ED200A1FEDA6
:1099B000400A84ED4A0A94ED4A0A84ED3B0A01E02C
:1099C0000DE008E095ED200AD4ED540A30EE200AAF
:1099D00085ED200A17E0002085F8AD0013E094F82B
:1099E000580101280FD11FED4E0A85ED200A1FED09
:1099F000500A85ED1F0A1FED520A85ED1D0A1FED65
:109A0000540A85ED1E0ADFED110A9FED110A05F1DA
:109A10007C0001F0C7F82846FEF790FFF3EE020A3B
:109A2000BBEE020A05F1780001F0BCF8F3EE020A81
:109A3000BBEE020A05F1740001F0B4F8BDEC028B34
:109A4000BDE8F087E8010020A00100200000C84226
:109A50000000C8C290ED230ADFED210A30EE200A93
:109A600081ED170A90ED310ADFED1D0A30EE200A74
:109A700081ED180A92ED1D0ADFED1A0A30EEC00AD8
:109A800080ED4D0A92ED040ADFED160A30EEC00AB1
:109A900080ED4E0AB0F97E3100EE103AB8EEC00A01
:109AA000DFED110A20EE200A80ED630AB0F97E3165
:109AB00000EE103AB8EEC00ADFED0C0A20EE200AE4
:109AC00080ED640AB0F9803100EE103AB8EEC00AB9
:109AD000DFED070A20EE200A80ED620A70470000E1
:109AE000DB0FC93F00000000C1AAD93B1B09033AA4
:109AF0000200C0392DE9F0472DED028B04460D46DA
:109B000017461E46DDF82890FE4890ED000AB8EE94
:109B1000400AF0EE080A20EE200ADFEDFB0A80EE94
:109B2000201AB0EE418AB0EE480A39462846FEF7C0
:109B300013FD4FF000080EE0D5ED0B0AB0EE600A01
:109B4000F24901EB0810FDF762F806EB880080EDA2
:109B5000000A08F10108B8F10C0FEDDB94ED3D0AA5
:109B6000D4ED500A30EE600AE948D0ED010A20EE4B
:109B7000200AD0ED030A97ED061A00EEC10A84ED23
:109B8000520A94ED3E0AD4ED4F0A30EE600AE148E5
:109B9000D0ED010A20EE200AD0ED030A97ED041A59
:109BA00000EEC10A84ED530A90ED041AF0EE410A6A
:109BB00090ED041AB1EE411AB0EE410A04F5A67018
:109BC00000F0F0FFD4ED510AB0EE600ADFEDD20AEA
:109BD000D248FDF761FC84ED540A96ED000AD5EDFC
:109BE000220A9FEDCD1A70EEC10A20EE200AD6EDB2
:109BF000010A95ED231ADFEDC81A31EE611A00EE65
:109C0000810AD4ED480A94ED3B1A70EEC10A96ED34
:109C1000021A01EE200AD4ED470A94ED3A1ADFED5C
:109C2000C01A41EEC10A96ED031A01EE200AD4EDE6
:109C30004B0A9FEDBC1A70EEC10A94ED411A70EE0A
:109C4000C10A96ED041A01EE200AD6ED050A94ED3C
:109C50004C1ADFEDB51A31EE611A00EE810A84ED7F
:109C60005C0A96ED060AD5ED220A9FEDAB1A70EE5E
:109C7000C10A20EE200AD6ED070A95ED231ADFED82
:109C8000A61A31EE611A00EE810AD4ED480A94ED6D
:109C90003B1A70EEC10A96ED081A01EE200AD4EDC7
:109CA000470A94ED3A1ADFED9E1A41EEC10A96ED8D
:109CB000091A01EE200AD4ED4B0A9FED9A1A70EEB4
:109CC000C10A94ED411A70EEC10A96ED0A1A01EE2E
:109CD000200AD6ED0B0A94ED4C1ADFED931A31EE03
:109CE000611A00EE810A85ED200A95ED200AD4ED77
:109CF000540A30EE200A85ED200A94ED5C0AD4ED7A
:109D0000520A30EE600A84ED5C0ADFED880A9FEDAE
:109D1000880A04F5B87000F045FFD5ED220AB0EED0
:109D2000600AF6F729FBDFED830A80EE808A94ED66
:109D3000441AF0EE410A95ED0B1AB0EE410A48467E
:109D4000FDF7AAFB38EE000AD4ED530A30EE600AA4
:109D500085ED1F0AD4F85C01C07A01285ED1D4F8E1
:109D60005C01B0F90800B0F5FA7F02DD012084F84B
:109D7000590194F85501E0BB94F8590101284ED1DE
:109D8000D5ED220AB0EE600AF6F7F6FADFED690AC1
:109D900080EE808AD5ED0B0AB0EE600ADFED660A30
:109DA0004846FDF779FB38EE000A85ED1F0A95ED70
:109DB0000B0ADFED620AB4EEE00AF1EE10FA08D207
:109DC0005F4890ED000AF7EE000A30EE200A80EDC1
:109DD000000A5B4890ED000AF2EE040AB4EEE00AD5
:109DE000F1EE10FA1ADB574890ED000AF2EE040A81
:109DF00000E014E0B4EEE00AF1EE10FAF2DB9FEDC1
:109E0000460A4F4880ED000A9FED430A4D4880ED19
:109E1000000A012084F8550184F8560101E194F804
:109E20005501012850D194F8590101284CD1D5EDA4
:109E3000220AB0EE600AF6F79FFADFED3E0A80EEE6
:109E4000808AD5ED0B0AB0EE600ADFED3F0A484686
:109E5000FDF722FB38EE000A85ED1F0A95ED0B0A8F
:109E6000DFED3A0AB4EEE00AF1EE10FA08DD34480C
:109E700090ED000AF7EE000A30EE200A80ED000AAD
:109E80002F4890ED000AF2EE040AB4EEE00AF1EE7B
:109E900010FA18DB2B4890ED000AF2EE040AB4EE3B
:109EA000E00AF1EE10FA0EDB9FED1B0A244880ED6C
:109EB000000A9FED190A234880ED000A022084F869
:109EC000560184F85501ACE094F8550102287CD184
:109ED00094F85901012878D1D5ED220AB0EE600A34
:109EE000F6F74AFADFED130A80EE808AD5ED0B0A09
:109EF000B0EE600ADFED100A4846FDF7CDFA38EE05
:109F0000000A25E09C01002000007A44C8000020DF
:109F1000401500208815002000000000F8140020E3
:109F2000CDCCCC3E9EEF273C0AD7233C66668640CC
:109F3000666686C09A998941B81E053E0AD7233EB7
:109F400088010020E00100209A99993EB81E853EC4
:109F500085ED1F0A1FED100A84ED420A1FED120A5B
:109F600084ED480A94ED480A84ED3B0A95ED0B0A0E
:109F70005FED0E0AB4EEE00AF1EE10FA08D2704876
:109F800090ED000AF7EE000A30EE200A80ED000A9C
:109F90006B4890ED000AF2EE040AB4EEE00AF1EE2E
:109FA00010FA3EDB674890ED000AF2EE040AB4EEC8
:109FB000E00AF1EE10FA34DB1FED290A604880ED6B
:109FC000000A1FED2B0A5F4800E011E080ED000A57
:109FD0009FED5D0A84ED440A9FED5B0A84ED450A1E
:109FE000002084F8550184F8560184F8590118E0DE
:109FF000D5ED220AB0EE600AF6F7BEF95FED330A3E
:10A0000080EE808A94ED441AF0EE410A95ED0B1A29
:10A01000B0EE410A4846FDF73FFA38EE000A85EDFA
:10A020001F0A3946284600F0CDFA484908702046F4
:10A0300001F0C2FB84F8580194F85801E8BB43488A
:10A040000078012844D142480078012840D195F891
:10A05000AD0098BB94F85501012839D094F8560109
:10A06000012835D094F85501022831D094F85601D2
:10A0700002282DD01FED580A84ED5C0A96ED060AE1
:10A08000D5ED220A1FED5C1A70EEC10A20EE200AFF
:10A09000D6ED070A95ED231A5FED611A31EE611ACC
:10A0A00000EE810A85ED200A1FED650A84ED4A0A5B
:10A0B00094ED4A0A84ED3B0A01E00DE008E095EDDD
:10A0C000200AD4ED540A30EE200A85ED200A17E06C
:10A0D000002085F8AD0013E094F8580101280FD155
:10A0E0001FED730A85ED200A1FED750A85ED1F0A25
:10A0F0001FED770A85ED1D0A1FED790A85ED1E0A11
:10A10000DFED140A9FED140A05F17C0000F04AFD12
:10A110002846FEF713FCF3EE020ABBEE020A05F135
:10A12000780000F03FFDF3EE020ABBEE020A05F1F3
:10A13000740000F037FDBDEC028BBDE8F087000035
:10A1400088010020E0010020295C0F3EA0010020D2
:10A15000E80100200000C8420000C8C290ED070AD4
:10A16000DFED3D0A30EE200A81ED170A90ED150A69
:10A17000DFED390A30EE200A81ED180A92ED1D0A52
:10A1800080ED4B0A92ED050A80ED4C0A92ED1F0A14
:10A1900080ED500A92ED1C0A80ED4F0A91ED220AE3
:10A1A0002E4BD3ED220A30EE200ADFED2D0A30EEE1
:10A1B000C00A80ED510AB0F9663100EE103AB8EEEF
:10A1C000C00ADFED280A20EE200A80ED5D0AB0F912
:10A1D000663100EE103AB8EEC00ADFED230A20EE39
:10A1E000200A80ED5E0AB0F9683100EE103AB8EE50
:10A1F000C00ADFED1E0A20EE200A80ED5C0A1C4B2F
:10A2000093ED5E0AD3ED640A30EE600AF0EE000AC8
:10A2100080EE201A80ED491A90ED4A0AD0ED490AE5
:10A220009FED141A00EE810A80ED4A0A92ED1D0A94
:10A23000DFED110AB4EEE00AF1EE10FA0BD292ED66
:10A240001D0ADFED0E0AB4EEE00AF1EE10FA02DDAF
:10A25000002380F858317047DB0FC93F00160020FB
:10A2600000000000C1AAD93B1B09033A0200C03913
:10A270001C1300206F12833A3C8C4F3E3C8C4FBE27
:10A28000074800680749B0FBF1F007490870044827
:10A2900000684FF47A71B0FBF1F004490860704730
:10A2A0002800002040420F002C0000203000002039
:10A2B00010B5044604EBC400454901EB800000687A
:10A2C00004EBC401424A02EB8101486002F09CF9B0
:10A2D00004EBC4013E4A02EB8101086004EBC400B8
:10A2E000114601EB8000C07CC0F38010B0B104EBDC
:10A2F000C40001EB8000C07C20F0400004EBC401EE
:10A3000002EB8101C87404EBC400114601EB80002C
:10A31000006804EBC40102EB8101C86004EBC400D7
:10A320002B4901EB8000806990B304EBC401284AFB
:10A3300002EB81018869804758B304EBC4002449CB
:10A3400001EB8000C07C20F02000203004EBC40131
:10A350001F4A02EB8101C87404EBC400114601EBF3
:10A360008000C07C20F08000803004EBC40102EB50
:10A370008101C87404EBC400114601EB8000006A3F
:10A3800028B304EBC40102EB8101086A80471EE098
:10A390000FE0FFE704EBC4000D4901EB8000C07C37
:10A3A00020F0800004EBC401094A02EB8101C8746B
:10A3B0000DE004EBC400064901EB8000C07C20F0F6
:10A3C000800004EBC401024A02EB8101C87410BD95
:10A3D000F00F002030B503460C461546082D44D139
:10A3E000207800F00F00988020780111D980A078A3
:10A3F000617840EA01219960E0780001217940EA22
:10A400002111D9606079217901F00F0140EA012121
:10A4100019611021F2EE090ABAEE090A986801F0F2
:10A4200017FB83ED070A0C21F3EE0E0ABBEE0E0AB2
:10A43000D86801F00DFB83ED080A0C21F2EE040A46
:10A44000BAEE040A186901F003FB83ED090AA0794A
:10A4500000EE100AB8EE400A83ED0C0AE07900EE37
:10A46000100AB8EE400A83ED0D0A30BDFEB506466F
:10A470000C46154660190F49086000208860C860C6
:10A4800008200861FF208DF804008DF805008DF884
:10A4900006008DF807008DF808008DF809008DF88A
:10A4A0000A00FC208DF80B006B4601AA3046F8F735
:10A4B00050FAFEBDD0150020014671EE602AF0EE84
:10A4C000621AB0EE602A30EE423A01208840401E07
:10A4D00002EE900AF8EEE22A63EE222A82EEA13A18
:10A4E000FDEEC32A12EE900A704700000048704744
:10A4F000F00F0020004870470C12002070B52DEDC1
:10A50000028B04460D46D4ED220AB0EE600AF5F740
:10A510006FFFD4ED200A20EE200AD4ED0B0A80EE66
:10A52000208AD4ED220AB0EE600AF5F725FFD4EDBB
:10A530001F0A00EE808A9FED200A38EE000A84EDA3
:10A540002A0A1E4890ED010A80ED000A90ED020AE9
:10A5500080ED010A90ED030A80ED020A94ED2A0ACB
:10A5600080ED030A90ED000AF5EE000A20EE200AC5
:10A57000D0ED010AB5EE001A01EE200AD0ED020A74
:10A58000B5EE001A01EE200AD0ED030AB5EE001A6E
:10A5900001EE200A0A4880ED000A90ED000AF2EE72
:10A5A000080AB4EEE00AF1EE10FA03D20120BDEC85
:10A5B000028B70BD0020FAE7AAF19A408C180020A7
:10A5C0009C02002070B52DED028B04460D46D4EDA3
:10A5D000220AB0EE600AF5F70BFFD4ED200A20EE58
:10A5E000200AD4ED0B0A80EE208AD4ED220AB0EEC8
:10A5F000600AF5F7C1FED4ED1F0A00EE808A9FEDD8
:10A60000200A38EE000A84ED2A0A1E4890ED010A5D
:10A6100080ED000A90ED020A80ED010A90ED030A38
:10A6200080ED020A94ED2A0A80ED030A90ED000AFB
:10A63000F5EE000A20EE200AD0ED010AB5EE001A70
:10A6400001EE200AD0ED020AB5EE001A01EE200A52
:10A65000D0ED030AB5EE001A01EE200A0A4880ED9B
:10A66000000A90ED000AF2EE080AB4EEE00AF1EEFC
:10A6700010FA03D20120BDEC028B70BD0020FAE776
:10A68000AAF19A407C18002098020020F0EE400ABF
:10A69000F6EE001A60EEA11AB0EE611AB0EE600A92
:10A6A00010EE100A0749A1EB600000EE100A21EE3F
:10A6B000002AF7EE081A42EE401A61EE801AB0EE58
:10A6C000610A7047865A375F0280818070470000B8
:10A6D00080ED000AC0ED010A80ED021AF7EE001AC3
:10A6E000C0ED0C1A04494167044981670449C167F8
:10A6F0000449C0F88010704709A7000871A7000836
:10A7000027A700084D78000801B52DED060B9DE840
:10A710000E00C0E90423C16003A90EC9C0E90723E4
:10A72000816107B000BD10B50446D4ED160AB0EE45
:10A73000600AFEF789FAB1EE400A84ED190A94ED39
:10A74000181AF0EE410A94ED171AB0EE410AFEF71E
:10A7500011FB84ED1A0A94ED101AF0EE410A94ED03
:10A76000131AB0EE410AFEF705FB84ED1B0A10BD7B
:10A7700010B52DED0E8B044694ED060A20EE000A6E
:10A78000D4ED070A94ED071A00EE810AD4ED080A09
:10A7900094ED081A00EE810A10EE101A084603F034
:10A7A000CDF841EC1C0BB0EE4C0AF0EE6C0AFEF753
:10A7B00037FCB0EE40BAF0EE60BA51EC1B0B02F081
:10A7C00063F908EE100A94ED060AC0EE080AC4ED1B
:10A7D000060A94ED070AC0EE080AC4ED070A94EDD4
:10A7E000080AC0EE080AC4ED080A94ED070AD4ED81
:10A7F000180A20EE200AD4ED080A94ED171A00EE8C
:10A80000C10AB0EE40DA94ED080AD4ED160A20EE43
:10A81000200AD4ED060A94ED181A00EEC10AF0EEF3
:10A8200040DA94ED060AD4ED170A20EE200AD4EDA2
:10A83000070A94ED161A00EEC10AB0EE40EA94ED54
:10A84000090AD4ED010A60EE8D0A94ED021A00EEB9
:10A85000810A84ED090A94ED0A0AD4ED010A60EE3A
:10A86000AD0A94ED021A00EE810A84ED0A0A94ED15
:10A870000B0AD4ED010A60EE8E0A94ED021A00EE86
:10A88000810A84ED0B0A94ED090AD4ED000A00EE6A
:10A890008D0AD4ED030A30EE200A84ED030A94ED0C
:10A8A0000A0AD4ED000A00EEAD0AD4ED040A30EE37
:10A8B000200A84ED040A94ED0B0AD4ED000A00EEA0
:10A8C0008E0AD4ED050A30EE200A84ED050A94EDD7
:10A8D0000C0AB0EE409A94ED0D0AF0EE409A94ED19
:10A8E0000E0AB0EE40AA94ED0F0AF0EE40AA94EDE5
:10A8F000020AF6EE000A20EE200AF0EE408A94EDFD
:10A90000030AF1EE690A20EE200AD4ED040A0AEEE9
:10A91000600AD4ED050A0AEEE00AD4ED0C0A40EE16
:10A92000280AC4ED0C0A94ED030A20EE090AD4EDBE
:10A93000050A0AEE200AD4ED040A0AEEE00AD4ED74
:10A940000D0A40EE280AC4ED0D0A94ED040A20EE2B
:10A95000090AD4ED050A09EEE00AD4ED030A0AEE6D
:10A96000A00AD4ED0E0A40EE280AC4ED0E0A94EDBA
:10A97000050A20EE090AD4ED040A09EEA00AD4ED76
:10A98000030A0AEE600AD4ED0F0A40EE280AC4ED6D
:10A990000F0A94ED0C0A20EE000AD4ED0D0A94ED96
:10A9A0000D1A00EE810AD4ED0E0A94ED0E1A00EE97
:10A9B000810AD4ED0F0A94ED0F1A00EE810A10EE11
:10A9C000101A084602F0BAFF41EC1C0BB0EE4C0A1C
:10A9D000F0EE6C0AFEF724FBB0EE40BAF0EE60BA7F
:10A9E00051EC1B0B02F050F808EE100A94ED0C0A23
:10A9F000C0EE080AC4ED0C0A94ED0D0AC0EE080A78
:10AA0000C4ED0D0A94ED0E0AC0EE080AC4ED0E0A5C
:10AA100094ED0F0AC0EE080AC4ED0F0A2046D4F8E0
:10AA200080108847BDEC0E8B10BD0000F9F712F8BE
:10AA3000FDF75CF8FCF7D0F9FCF746F9FCF700F9F4
:10AA4000FCF720F9FCF7E0FAFCF78AFBFCF7DAFBED
:10AA5000FCF772FCFCF738FCFCF79EFAFCF7BAFA3C
:10AA6000FCF72CFBFCF7F4FAFEF7E8FCFFF708FC18
:10AA700000F0D8FEA820F7F7FBFD00BF0121054834
:10AA8000F6F73AFE0028F9D1FCF75AF900F074F90C
:10AA900000BFFEE7940B00200021842800D0C11CD9
:10AAA000084670472DE9F0472DED068B84B08246AD
:10AAB0000C46B0EE40AAB0EE608AF0EE418AB0EEED
:10AAC000619AF0EE429A344804600020324988606E
:10AAD000C860082008611020B2EE091AFAEE090ACF
:10AAE000B0EE4A0AFFF7E8FC85B20C20B3EE0E1A6E
:10AAF000FBEE0E0AB0EE480AFFF7DEFC86B20C2031
:10AB00009FED261ADFED260AB0EE680AFFF7D4FCA7
:10AB100087B20C20B1EE041ADFED210AB0EE490A2B
:10AB2000FFF7CAFC1FFA80F80C20B2EE041AFAEE06
:10AB3000040AB0EE690AFFF7BFFC1FFA80F9281279
:10AB40008DF80800E8B28DF80900C6F307108DF8FB
:10AB50000A003007000E40EA27208DF80B00F8B2FB
:10AB60008DF80C00C8F307108DF80D004FEA08703F
:10AB7000000E40EA29208DF80E0009F0FF008DF844
:10AB80000F0001AB02AA04495046F7F7E2FE04B0F9
:10AB9000BDEC068BBDE8F087D01500200000FA431D
:10ABA0000000000090ED001AB4EEC01AF1EE10FAA9
:10ABB00002D280ED000A08E090ED001AB4EEE01A2F
:10ABC000F1EE10FA01DDC0ED000A70472DED028BA9
:10ABD00002E0012000F0C8F8554890F890000028E5
:10ABE000F7D0544801F0DEFEA1E0534890ED5D0A35
:10ABF0004F48D0ED050A30EE600A5048D0ED0E0AFD
:10AC000030EE200A4E4880ED000A4C48D0ED220A72
:10AC1000B0EE600AF5F7B0FB4848D0ED0B0A90EDB6
:10AC2000231A60EE810A20EE208A454890ED000A42
:10AC3000DFED440A00EE208A4048D0ED220AB0EE53
:10AC4000600AF5F7D5FB3D48D0ED260A00EE808A74
:10AC50003D4880ED008A384890ED630A3448D0EDD5
:10AC6000050A30EE200A3948D0ED0E0A30EE200AEF
:10AC7000374880ED000A3548D0ED220AB0EE600A70
:10AC8000F5F77AFB3148D0ED0B0A90ED231A60EE10
:10AC9000810A20EE208A2E4890ED000ADFED290A75
:10ACA00000EE208A2948D0ED220AB0EE600AF5F7BE
:10ACB0009FFB2648D0ED260A00EE808A254880EDCD
:10ACC000008A214890ED000A2248D0ED000A30EEBB
:10ACD000600AF0EE000A80EE201A1F4880ED001A8C
:10ACE0001348D0ED0A0AF1EE600AB0EE600A1A4885
:10ACF000D0ED000A0F4801F08DFE174890ED000AD4
:10AD00000D4880ED460A154890ED000A0A4880ED8E
:10AD1000470A90ED480AD0ED470A9FED111A00EE60
:10AD2000810A80ED480A0F48006800F01DF85CE7D2
:10AD30009C180020F81600201C1300206C12002024
:10AD400038020020BE9F9A3D4002002000160020DD
:10AD50003C02002044020020480200202C02002077
:10AD60006F12033B3402002010B5002800D10120EF
:10AD700000F0C8FF002010BD10B501F031F8002030
:10AD800010BD30B585B004460D466169B4F90800C0
:10AD9000002910D0A16971B1FFF77EFE6269A16937
:10ADA0000192029100902B4622692168606801F0AF
:10ADB000EDFB049010E0FFF76FFE04A901910090F5
:10ADC000208A2B4682B22168606801F0A9FB012825
:10ADD00002D005B0002030BD049805B030BD0000A1
:10ADE0002DE9F04104460F461B4EF56831680020FE
:10ADF00081F852003068001D00F044FE48B9306808
:10AE0000012190F82C0001FA00F0316921EA0000DC
:10AE10003061B4F1FF3F07D137B13068BDE8F04190
:10AE2000011D0E4800F083BE2C4430684460AC42E3
:10AE300006D23068011DB06BBDE8F04100F05CBE89
:10AE40003068011D706B00F057FEB06A844200D27A
:10AE5000B462BDE8F0810000AC030020241E002095
:10AE600070B5044600F070FE1C4DA868401CA86038
:10AE7000286810B1686938B10CE02C60A868012816
:10AE800008D100F08FF905E02868E16AC06A8842BD
:10AE900000D82C60686A401C6862E06A01212A6957
:10AEA0008140114329610E4900EB800001EB8000D5
:10AEB000211D00F03CFE00F067FE686900280CD000
:10AEC0002868E16AC06A884207D206494FF080507C
:10AED0000860BFF34F8FBFF36F8F70BDAC030020CE
:10AEE000481D002004ED00E038B500F02DFE0F4CA9
:10AEF0002068B8B90E4800F0F1FD0E4800F0EEFDF4
:10AF00000B48E0601430206100200B4B009003F1EF
:10AF1000480210210A2001F07BF8206010B107A13F
:10AF200000F0B6FEBDE8384000F02EBEE803002079
:10AF3000201F0020341F0020381E0020546D725145
:10AF40000000000070B50D4C6068002815D00C4E54
:10AF500000F0FAFDF068C568281D00F093FDA068B8
:10AF6000401EA0606068401E606000F00DFE284634
:10AF700000F051F860680028EAD170BDAC030020F1
:10AF8000101E00200B46026C002A0CD0C168114430
:10AF9000C160D0F808C0614501D30168C160C168D3
:10AFA0001846F5F7D1BF70472DE9F0410446164623
:10AFB0000027A56B226C002A10D0C6B1E068F5F717
:10AFC000C3FFE168206C091AE1602268914202D255
:10AFD000A168081AE060022E16D017E02068A8B910
:10AFE000A06801F081FB07460020A0600EE06068C9
:10AFF000F5F7AAFF216C606808446060A168884288
:10B0000004D32068606001E005B16D1E681CA06378
:10B010003846BDE8F08110B5044694F85110002977
:10B020000BD0012911D0022914D0502080F31188AF
:10B03000BFF34F8FBFF36F8FFEE7206B00F0BAFDB9
:10B040002046BDE8104000F0B5BD2046BDE81040E8
:10B0500000F0B0BD10BD00000749CA6811680029A2
:10B0600004D00021016019B1002070470121F9E7E7
:10B07000D068006870470000E80300204FF4C0412A
:10B08000104810F0070F06D0C01D20F007000D4932
:10B09000411AC1F5C0410C4A1060002353600144BD
:10B0A000083921F00701183A11604B600B600B1A48
:10B0B000436001604068906050604FF00040506114
:10B0C00070470000481F002014040020074E4FF076
:10B0D0008054074DFFF736FF30680128FAD92C60FD
:10B0E000BFF34F8FBFF36F8FF4E70000481D0020C0
:10B0F00004ED00E003460098002905D00260C36318
:10B100000164012100F0BCBF0060F8E72DE9F05FA9
:10B1100082460B9F0A9D0C9C0E4690469B464FEA2A
:10B120008801A522206BF5F786FF206BA8F10101AD
:10B1300000EB810020F007094FF0000866B1002005
:10B140002218315C82F83410315C11B1401C102897
:10B15000F6D384F8438001E084F83480072D00D3CF
:10B160000625E5626564C4F84880201D00F0C1FC36
:10B1700004F1180000F0BDFC2461C5F10700A061D6
:10B180006462C4F84C8084F8508084F852805A4637
:10B190005146484600F0C4FA2060002F00D03C60C1
:10B1A000BDE8F09F70B500240F4D04EB840005EB63
:10B1B000800000F093FC641C072CF6D30B4800F0D1
:10B1C0008DFC0B4800F08AFC0A4800F087FC0A4816
:10B1D00000F084FC094800F081FC09480349416300
:10B1E0001431816370BD0000481D0020D41D002073
:10B1F000E81D0020FC1D0020101E0020241E002041
:10B20000AC03002010B4144900E011460A688242E1
:10B21000FBD34B6803EB010C844503D14068184411
:10B22000486008460C68D0F804C00CEB0003A34249
:10B230000CD10A4B1B689A4206D0526862444260A5
:10B240000A681268026002E0036000E00260814266
:10B2500000D0086010BC704714040020FC030020DC
:10B2600010B5002441600061DFF838C091420BD86E
:10B27000D11A8269914201D3012410E0011DDCF84A
:10B28000100000F039FC0AE09A4203D2994201D33F
:10B29000012404E0011DDCF80C0000F02DFC204628
:10B2A00010BD0000E803002010B5044600F04CFC7F
:10B2B000A06B20B1002400F067FC204610BD0124E3
:10B2C000F9E710B5044600F03FFCA06BE16B884243
:10B2D00001D1012400E0002400F056FC204610BDFE
:10B2E000F8B505460E461748C068C068C468201DFA
:10B2F00000F0C8FB94F8240010F0040F18D0A069E7
:10B300002B46411932462046FFF7AAFFA0B1002084
:10B310000346014600902A46204601F009FB58B931
:10B32000502080F31188BFF34F8FBFF36F8FFEE77C
:10B3300020F0010084F82400216A01B02046BDE815
:10B34000F0400847E803002030B587B0414D0022A7
:10B3500002A9286800F0F4FF002875D002980028A0
:10B3600003DA039A0599049890470298002864DB51
:10B37000049C606910B1201D00F084FB01A800F05E
:10B38000B3F8024602980A2857D2DFE800F0050514
:10B39000052F364D05052F3694F8240040F00100A6
:10B3A00084F824000398A169034601442046FFF76E
:10B3B00057FF002841D0216A2046884794F824008E
:10B3C00010F0040F39D0002000900398A1690023E9
:10B3D00042181946204601F0ABFA70BB502080F3AA
:10B3E0001188BFF34F8FBFF36F8FFEE794F82400EF
:10B3F00020F0010084F824001FE094F8240040F0BD
:10B40000010084F824000398A06128B18118134634
:10B410002046FFF725FF10E0502080F31188BFF38E
:10B420004F8FBFF36F8FFEE794F8240010F0020FE8
:10B430000CD020F0010084F82400002202A9286822
:10B4400000F07EFF002889D107B030BD204600F013
:10B45000B1FBF2E7E8030020F8B505460C4600F022
:10B4600007FD684600F040F80646009810B101F06C
:10B47000C5F9F8BD44B9B54206D801F0BFF9314667
:10B480002846FFF72DFFF8BD0C481CB1016909687B
:10B4900091B10024A91B2246006800F00DFC01F0C8
:10B4A000ADF90028EFD106494FF080500860BFF396
:10B4B0004F8FBFF36F8FF8BD0124EBE7E803002047
:10B4C00004ED00E00749486B0068002805D0486B90
:10B4D000C068C0684068886270474FF0FF3088627B
:10B4E00070470000AC03002070B5044601F08CF8F2
:10B4F0000546074EB068854204D200F00BF80120E3
:10B50000206001E000202060B560284670BD00008A
:10B51000E8030020F8B51C4EF0680068002826D02B
:10B520000027F068C0680568C468201D00F0AAFA0A
:10B53000216A2046884794F8240010F0040F12D0A6
:10B54000A0692844A84206D960602461211DF068E2
:10B5500000F0D2FA07E000232A4619462046009759
:10B5600001F0E6F940B1F06800680028D9D1F06830
:10B570003169F1603061F8BD502080F31188BFF36C
:10B580004F8FBFF36F8FFEE7E80300200A48406843
:10B59000B0F1FF3F07D0502080F31188BFF34F8FE9
:10B5A000BFF36F8FFEE7502080F31188BFF34F8FFA
:10B5B000BFF36F8FFEE700001C04002082B001A8DB
:10B5C000FFF74AFD0199FFF747FFFFF7BDFEF6E7DA
:10B5D00070B5044600F0B8FA94F94550002D0CDD22
:10B5E000606A50B104F1240001F0CCF808B100F019
:10B5F000B9FB681E45B2002DF2DC4FF0FF3684F82F
:10B60000456000F0C1FA00F09FFA94F94450002D13
:10B610000CDD206950B104F1100001F0B3F808B15D
:10B6200000F0A0FB681E45B2002DF2DC84F84460F7
:10B63000BDE8704000F0A8BA2DE9F04105460026AB
:10B6400000F016FC344F386808B9FFF717FD786929
:10B65000054251D19DB1083515F0070F0FD005F007
:10B660000700C0F10800054415F0070F07D050206F
:10B6700080F31188BFF34F8FBFF36F8FFEE7002D6C
:10B680003AD07868854237D824490846046801E0F2
:10B69000214604466068A84202D220680028F7D1FB
:10B6A0003868844228D0086800F1080620680860DD
:10B6B0006068411B10290FD9601910F0070F07D0DF
:10B6C000502080F31188BFF34F8FBFF36F8FFEE7D9
:10B6D00041606560FFF796FD61687868401A7860A0
:10B6E000BA68904200D2B860786908436060002070
:10B6F0002060F868401CF86001F080F816F0070F31
:10B7000007D0502080F31188BFF34F8FBFF36F8FA6
:10B71000FEE73046BDE8F081FC0300201404002061
:10B72000001F4FF080730360001F21F001010160D2
:10B73000001F0549016014380260001F6FF002010C
:10B7400001602038704700008DB50008014691ED7A
:10B750004B0ADFED150AB4EEE00AF1EE10FA08D25A
:10B7600091ED4B0ADFED110AB4EEE00AF1EE10FAAA
:10B7700011DC91ED4B0ADFED0E0AB4EEE00AF1EEBA
:10B7800010FA0EDD91ED4B0ADFED0A0AB4EEE00A85
:10B79000F1EE10FA05D2B4EE000A81ED440A012060
:10B7A00070470020FCE70000D51DABBEDA0FC9BF13
:10B7B000D51DAB3EDA0FC93F014691ED4B0ADFEDD7
:10B7C000150AB4EEE00AF1EE10FA08D291ED4B0A38
:10B7D000DFED110AB4EEE00AF1EE10FA11DC91EDA2
:10B7E0004B0ADFED0E0AB4EEE00AF1EE10FA0EDDC0
:10B7F00091ED4B0ADFED0A0AB4EEE00AF1EE10FA21
:10B8000005D2B4EE000A81ED440A01207047002001
:10B81000FCE70000D51DABBEDA0FC9BFD51DAB3E9E
:10B82000DA0FC93F10B524220249A1F12400FBF729
:10B8300085FF10BD4612002000B101B970470278A3
:10B84000437842EA0322C2F30A020A804278D21005
:10B85000837842EA4312C2F30A024A808278921144
:10B86000C37842EA8302037942EA8322C2F30A02DE
:10B870008A8002795210437942EAC312C2F30A0263
:10B88000CA804279C2F301128A7242791211930876
:10B89000CB728279C37942EA032212B28A81027A98
:10B8A000437A42EA032213B201F10C02CB81827A7D
:10B8B000C37A42EA032213B201F10C020B82037B2A
:10B8C0008B74437BCB74827BC37B42EA03228A82E4
:10B8D000027C437C42EA032212B20A810A88A2F562
:10B8E000806212B20A804A88A2F5806212B24A804F
:10B8F0008A88A2F5806212B28A80CA88A2F5806224
:10B9000012B2CA800A89A2F5806212B20A8100BF0F
:10B9100094E7D0ED000A91ED001AF4EEC10AF1EEC1
:10B9200010FA13DDD1ED000A70EE800AC1ED000AB5
:10B93000D1ED000A90ED001AF4EEC10AF1EE10FA12
:10B9400020DBD0ED000AC1ED000A1BE0D0ED000ABB
:10B9500091ED001AF4EEC10AF1EE10FA12D2D1ED17
:10B96000000A70EEC00AC1ED000AD1ED000A90EDA8
:10B97000001AF4EEC10AF1EE10FA03D8D0ED000A75
:10B98000C1ED000A704710B500EE100A2DED028BD4
:10B99000B1EEC08A18EE100A20F00040C0F1FF405E
:10B9A000C00F0AD010EE100A20F00040C0F1FF4096
:10B9B000C00F04BF0120F5F711FC18EE100ABDEC12
:10B9C000028B10BDFEF792FD1D49086037E0002094
:10B9D0001C4908701C49087014E01B48007800EBF3
:10B9E000C0001749096801EB8000C07CC0F340101B
:10B9F00018B101201349087008E013480078401C72
:10BA000011490870104800780B28E6DB00BF0D488C
:10BA1000007820B90D48007808B1FDF7BFFC09484F
:10BA2000007828B108490978491CC8B2FDF7C8FC5C
:10BA300004480078054908700A20FFF795F9C6E721
:10BA40008C00002090000020920000209100002037
:10BA5000B0EE401A30EEC10AF0EE401AB0EE412AC4
:10BA600000EE100AB8EEC00A60EE212A01228A40D8
:10BA7000521E00EE102AB8EEC03A82EE830A30EE73
:10BA8000020A70470169436882689A608368426865
:10BA90005A604A68824201D182684A60002202618B
:10BAA0000868401E0860086870470000034B036088
:10BAB000034B0B60802313607047000028040020B4
:10BAC0007C040020034B0360034B0B604FF4807336
:10BAD000136070477C060020D006002000F10801AA
:10BAE00041604FF0FF328260C1600161002101605E
:10BAF000704700210161704710B4D1F800C0BCF15B
:10BB0000FF3F02D000F1080202E0026904E01A4699
:10BB100053681C686445FAD953684B6099608A6021
:10BB2000516008610168491C016010BC704742689F
:10BB30004A6093688B6093685960916008610168FE
:10BB4000491C016070470000502080F31188BFF34A
:10BB50004F8FBFF36F8F0A494868401C4860012827
:10BB60000CD10848006810F0FF0F07D0502080F378
:10BB70001188BFF34F8FBFF36F8FFEE77047000050
:10BB80001C04002004ED00E009494868002806D0A4
:10BB9000401E4860002801D180F311887047502072
:10BBA00080F31188BFF34F8FBFF36F8FFEE7000064
:10BBB0001C04002070B500282AD0A0F10804154DFF
:10BBC00060686969084207D1502080F31188BFF38B
:10BBD0004F8FBFF36F8FFEE722683AB1502080F39A
:10BBE0001188BFF34F8FBFF36F8FFEE7884360600C
:10BBF00000F03EF960686968084468602046FFF715
:10BC000001FB2869401C2861BDE8704000F0F6BDCA
:10BC100070BD0000FC0300204FF0E0200021016116
:10BC2000816105494FF47A720968B1FBF2F1491E4E
:10BC300041610721016170472800002010B5F4F729
:10BC400077FB114910280ED300F1E02090F8F003A3
:10BC50000A78904207D2502080F31188BFF34F8FAB
:10BC6000BFF36F8FFEE709480068896800F4E06061
:10BC7000884207D9502080F31188BFF34F8FBFF35C
:10BC80006F8FFEE710BD00001C0400200CED00E0EB
:10BC90000022084B53F832C0BCF1000F03D0521CF5
:10BCA000082AF7D3704743F8321003EBC20148600B
:10BCB00070470000081D002070B504460D4616466A
:10BCC000FFF742FF94F94400B0F1FF3F4FF000004E
:10BCD00001D184F8440094F94510B1F1FF3F01D13E
:10BCE00084F84500FFF750FFA06B28B9324629467B
:10BCF00004F1240000F056F82046BDE87040FFF73C
:10BD000067BC000010B502460020002A12D00F4880
:10BD1000006B38B1502080F31188BFF34F8FBFF311
:10BD20006F8FFEE700F0A4F800211046FFF758F8E7
:10BD300000F064FD002807D105494FF080500860ED
:10BD4000BFF34F8FBFF36F8F10BD0000AC03002017
:10BD500004ED00E002490A6A0260C9684160704768
:10BD6000AC03002001490120C8617047AC030020EA
:10BD700010B50C4600280BD0094A126802F11801D0
:10BD8000FFF7BAFE2046BDE810400121FFF728B8B2
:10BD9000502080F31188BFF34F8FBFF36F8FFEE702
:10BDA000AC03002070B50D46144600280DD00B4999
:10BDB00009681831FFF7BBFE0CB14FF0FF35214683
:10BDC0002846BDE87040FFF70BB8502080F311887B
:10BDD000BFF34F8FBFF36F8FFEE70000AC0300206F
:10BDE00030B587B000250695059504AA05A906A8D3
:10BDF000FFF75CFE069805990191029000230095DB
:10BE000017A11948049A00F0C1FB184CE06208B170
:10BE1000012000E00020012801D100F055FD01289B
:10BE20000AD0B0F1FF3F19D1502080F31188BFF341
:10BE30004F8FBFF36F8FFEE7502080F31188BFF361
:10BE40004F8FBFF36F8F4FF0FF30A0620120606112
:10BE5000E56007B0BDE8304000F042B807B030BD43
:10BE600049444C4500000000CDB00008AC03002060
:10BE70000248016B491C016370470000AC030020BD
:10BE8000154A106B002802D00120D06170470020B5
:10BE9000D0611069B0FA80F0C0F11F000F4900EBCB
:10BEA000800051F8203073B101EB8000416849688F
:10BEB000416000F10803994201D14968416040683E
:10BEC000C06810607047502080F31188BFF34F8F17
:10BED000BFF36F8FFEE70000AC030020481D002079
:10BEE00010B582B038480168384A914207D15020D5
:10BEF00080F31188BFF34F8FBFF36F8FFEE70068A9
:10BF00003349884207D1502080F31188BFF34F8F07
:10BF1000BFF36F8FFEE72F4908780190FF2008706C
:10BF2000087800909DF800009DF8002000F0F000D7
:10BF3000904207D0502080F31188BFF34F8FBFF39A
:10BF40006F8FFEE79DF80000234C00F0500020703A
:10BF50000720A0609DF8000010F0800F0BD0A068B3
:10BF6000401EA0609DF80000400000909DF8000079
:10BF700010F0800FF3D1A068032807D0502080F381
:10BF80001188BFF34F8FBFF36F8FFEE74FF4407000
:10BF9000A060019808701148016841F470010160C7
:10BFA000016841F070410160FFF736FE00206060DB
:10BFB000F4F786F90A48016841F040410160F4F75E
:10BFC0006BF902B0002010BD00ED00E071C20F411E
:10BFD00070C20F4100E400E01C04002020ED00E0EE
:10BFE00034EF00E010B5502080F31188BFF34F8F7D
:10BFF000BFF36F8F00F00EFB18B104494FF0805073
:10C000000860002080F3118810BD000004ED00E0FE
:10C0100038B5049D002804D05BB102B189B1C2B12A
:10C0200020E0502080F31188BFF34F8FBFF36F8F54
:10C03000FEE7502080F31188BFF34F8FBFF36F8F5F
:10C04000FEE7502080F31188BFF34F8FBFF36F8F4F
:10C05000FEE739B1502080F31188BFF34F8FBFF353
:10C060006F8FFEE74FF0480CCDF800C01C4601234F
:10C0700084F846302B460094FFF73CF8204638BD44
:10C0800070B504460D46002C25D0FFF75DFD226CEF
:10C09000E16B206801FB0200A0600020A063206823
:10C0A0006060E16B226C2068491E01FB0200E060C9
:10C0B0004FF0FF3084F8440084F845009DB104F14E
:10C0C0001000FFF70BFD04F12400FFF707FDFFF759
:10C0D0005BFD012070BD502080F31188BFF34F8FAE
:10C0E000BFF36F8FFEE720690028F0D004F1100045
:10C0F00000F048FB0028EAD004494FF08050086067
:10C10000BFF34F8FBFF36F8FE1E7000004ED00E056
:10C110002DE9FF4782B004468A461F460025002CC1
:10C1200003D0BAF1000F08D011E0502080F311883D
:10C13000BFF34F8FBFF36F8FFEE7206C38B15020F5
:10C1400080F31188BFF34F8FBFF36F8FFEE7022F8D
:10C150000AD1E06B012807D0502080F31188BFF38B
:10C160004F8FBFF36F8FFEE700F040FA48B9049895
:10C1700038B1502080F31188BFF34F8FBFF36F8F1A
:10C18000FEE700264FF08058DFF8F090FFF7DCFC68
:10C19000A06BE16B884205D3022F03D0049808B34B
:10C1A00035B329E03A4651462046FEF7FDFE616A66
:10C1B00059B104F1240000F0E5FA68B1C9F8008033
:10C1C000BFF34F8FBFF36F8F06E028B1C9F800802F
:10C1D000BFF34F8FBFF36F8FFFF7D6FC06B0012080
:10C1E000BDE8F087FFF7D0FC06B00020BDE8F0877F
:10C1F0006846FFF7AFFD0125FFF7C6FCFFF738FEE5
:10C20000FFF7A2FC94F94400B0F1FF3F01D184F89C
:10C21000446094F94500B0F1FF3F01D184F84560D6
:10C22000FFF7B2FC04A9684600F02EF940B12046A1
:10C23000FFF7CEF900F0E2FA06B00020BDE8F08783
:10C240002046FFF73EF890B104F110000499FFF783
:10C250008FFD2046FFF7BCF900F0D0FA002895D1F9
:10C26000C9F80080BFF34F8FBFF36F8F8EE7204672
:10C27000FFF7AEF900F0C2FA88E7000004ED00E035
:10C280002DE9F0470446894617461E46002C03D088
:10C29000B9F1000F08D011E0502080F31188BFF3EE
:10C2A0004F8FBFF36F8FFEE7206C38B1502080F3C3
:10C2B0001188BFF34F8FBFF36F8FFEE7022E0AD1B5
:10C2C000E06B012807D0502080F31188BFF34F8F17
:10C2D000BFF36F8FFEE7FFF7B1FC5020EFF311883B
:10C2E00080F31188BFF34F8FBFF36F8FA06BE16BAB
:10C2F000884206D3022E04D0002088F31188BDE8BE
:10C30000F08794F94550A06B324649462046FEF727
:10C310004BFEB5F1FF3F04D0681C84F845000120B6
:10C32000EBE7606A0028FAD004F1240000F02AFA52
:10C330000028F4D0002FF2D001203860EFE7000091
:10C340002DE9F74783B004468A460025002C03D028
:10C35000BAF1000F08D011E0502080F31188BFF32C
:10C360004F8FBFF36F8FFEE7206C38B1502080F302
:10C370001188BFF34F8FBFF36F8FFEE700F036F9E0
:10C3800048B9059838B1502080F31188BFF34F8F1A
:10C39000BFF36F8FFEE700274FF08058DFF8E4907F
:10C3A000FFF7D2FBA66BC6B151462046FEF7EAFD69
:10C3B000701EA063206950B104F1100000F0E2F992
:10C3C00028B1C9F80080BFF34F8FBFF36F8FFFF71D
:10C3D000DBFB06B00120BDE8F087059808B135B158
:10C3E00009E0FFF7D1FB06B00020BDE8F087684602
:10C3F000FFF7B0FC0125FFF7C7FBFFF739FDFFF79B
:10C40000A3FB94F94400B0F1FF3F01D184F84470DC
:10C4100094F94500B0F1FF3F01D184F84570FFF772
:10C42000B3FB05A9684600F02FF868B12046FFF776
:10C43000CFF800F0E3F92046FEF736FF0028AFD032
:10C4400006B00020BDE8F0872046FEF72DFF90B132
:10C4500004F124000599FFF78BFC2046FFF7B8F89C
:10C4600000F0CCF900289BD1C9F80080BFF34F8FB2
:10C47000BFF36F8F94E72046FFF7AAF800F0BEF9EC
:10C480008EE7000004ED00E02DE9F04105460C4682
:10C49000002D14D0DCB1FFF757FBDFF880C0DCF8CB
:10C4A0000C006B68C11ADCF80020002692F85220BC
:10C4B000AAB1DCF8000080F85260012429E0502085
:10C4C00080F31188BFF34F8FBFF36F8FFEE75020CB
:10C4D00080F31188BFF34F8FBFF36F8FFEE72268A1
:10C4E000B2F1FF3F08D02F68DCF820C0674505D0C7
:10C4F000834203D801240CE000240AE08A4206D9D2
:10C50000501A20602846FFF725FC002401E0266031
:10C510000124FFF739FB2046BDE8F081AC03002081
:10C520002DE9F04F85B081460F9F0E9E8A469046BA
:10C530009B464FEA8800FFF77FF8054628000AD09F
:10C540005420FFF779F804460CB1256304E028462F
:10C55000FFF730FB00E000249CB1002084F851007C
:10C5600003905B4642465146019700960294484626
:10C57000FEF7CCFD2046FEF773FC05B00120BDE8B8
:10C58000F08F05B04FF0FF30BDE8F08F70B586B08A
:10C590000646DDF828C00C9C0B98002816D0ECB19C
:10C5A000542504952063022084F85100002005AD35
:10C5B0000390CDF800C0019502943046FEF7A6FD29
:10C5C0002046FEF74DFC059806B070BD502080F364
:10C5D0001188BFF34F8FBFF36F8FFEE7502080F3BA
:10C5E0001188BFF34F8FBFF36F8FFEE70548416996
:10C5F000002903D0006B18B100207047012070475C
:10C6000002207047AC0300200148C068704700005A
:10C61000AC0300202DE9F0470026314F386B00288D
:10C6200005D0B869401CB8613046BDE8F087F868AD
:10C63000451CFD609DB9786B006838B1502080F3CF
:10C640001188BFF34F8FBFF36F8FFEE7786BB96B25
:10C650007963B863386A401C3862FEF733FFB86A02
:10C66000DFF8808085420FD34FF00109786B0068B6
:10C6700038B1786BC068C4686068854212D2B8620D
:10C6800002E04FF0FF30B8623868C06A00EB80000B
:10C6900058F82000012800D90126F8690028C3D0E5
:10C6A0000126C1E7201DFFF7EDF9A06A18B104F1DA
:10C6B0001800FFF7E7F9E16A3A6909FA01F0104357
:10C6C000386101EB810008EB8000211DFFF72FFA94
:10C6D000E06A3968C96A8842C8D30126C6E7000003
:10C6E000AC030020481D002070B50446002100283E
:10C6F00041D0224D2868844207D0502080F3118811
:10C70000BFF34F8FBFF36F8FFEE7A06C38B1401EB1
:10C71000A064636CE26A9A422DD040B12BE05020B5
:10C7200080F31188BFF34F8FBFF36F8FFEE7201D9B
:10C73000FFF7A8F91249012258B9E06A00EB80031B
:10C7400051F823302BB92B6902FA00F023EA0000DC
:10C750002861606CE062C0F10700A061E06A2B69AB
:10C7600082401A432A6100EB800001EB8000211D0A
:10C77000FFF7DDF90121084670BD0000AC03002081
:10C78000481D002070B5C068C468002C14D004F1A6
:10C790001800FFF777F9164D286B0126A0B104F1B8
:10C7A00018011448FFF7C3F9E06A2968C96A88428A
:10C7B0001CD90120EE6170BD502080F31188BFF3B9
:10C7C0004F8FBFF36F8FFEE7201DFFF75BF9E06A25
:10C7D0002A6906FA00F111432961074900EB80003C
:10C7E00001EB8000211DFFF7A2F9DDE7002070BDFD
:10C7F000AC030020FC1D0020481D00202DE9F0475F
:10C800000024A0462D4D286B002807D0FFF79CF987
:10C81000286B401E2863286B40B149E0502080F30C
:10C820001188BFF34F8FBFF36F8FFEE7A868002812
:10C830003ED0234F3868012600B3A7F1B409F86849
:10C84000C46804F11800FFF71DF9201DFFF71AF95D
:10C85000E06A2A6906FA00F11143296100EB8000C1
:10C8600009EB8000211DFFF762F9E06A2968C96AB7
:10C87000884200D3EE6138680028E0D10CB1FEF7A1
:10C8800021FEAC6944B1FFF7C5FE00B1EE61641E44
:10C89000002CF8D10020A861E86948B14FF00108E8
:10C8A00008494FF080500860BFF34F8FBFF36F8F80
:10C8B000FFF76AF94046BDE8F0870000AC030020AE
:10C8C000FC1D002004ED00E030B587B00024FEF729
:10C8D0000BFB134D2868B0B100200690059004AA08
:10C8E00005A906A8FFF7EEF805990698022200921E
:10C8F0000191029000230BA10C48049AFFF746FE19
:10C90000686000B1012414B107B0204630BD50204A
:10C9100080F31188BFF34F8FBFF36F8FFEE70000E6
:10C92000E8030020546D722053766300BDB5000803
:10C93000F0B585B084460A9D16461F460022BCF11C
:10C94000000F14D0164C206800B300910196CDF86A
:10C9500008C006291BDAFFF749FE02280FD0002382
:10C960001A4669462068FFF7D3FB024615E05020BF
:10C9700080F31188BFF34F8FBFF36F8FFEE7002363
:10C980002A4669462068FFF7C3FB024605E00023FC
:10C990003A466946FFF774FC024605B01046F0BD02
:10C9A000E803002070B50446022300221946204601
:10C9B000F9F798FBF8341249A06891E82C00C9688F
:10C9C00080E82C00C1600F492068D1E901530A6852
:10C9D000C968C0E901530260C1600B4DE069D5E947
:10C9E00001132A68ED68061D2AC60260074D236AF6
:10C9F00027CD27C36369F83C054D27CD27C370BDFC
:10CA0000EC010020FC0100200C0200201C02002090
:10CA100008DE000870B52DED028B0446B0EE408AAA
:10CA2000F0EE608A154AD4F81401D2E90035D2E953
:10CA30000212C0E90035C0E90212114DD4F8180104
:10CA40002ECD2EC06068C0ED008A606880ED018A3E
:10CA50002046F9F7C7FF00200BE0216801EB8001B9
:10CA600091ED000A074901EB800181ED000A411CAC
:10CA7000C8B20228F1DBBDEC028B70BD0C020020B5
:10CA80001C0200202C02002021F00042A2F1605282
:10CA9000B2F5801F01F0004328BFD2F17E6C51D95E
:10CAA000F1EE10CA1CF4400F14D15FEAC00C43EA47
:10CAB000C20202EB507008BF70475FEA4C0C40F1B5
:10CAC0000000DFF880C240F0438628BF20F001005C
:10CAD00000F03EBEC30001F0004343EAC20202EB95
:10CAE000507008BF70471B4248BF4FEA4C0C1CF403
:10CAF000000F08BF401CDFF84CC200F029BEC30085
:10CB000001F0004343EAC20202EB507204BF104638
:10CB100070471B4248BF4FEA4C0C1CF4000FDFF873
:10CB200024C218BF104640F0138608BF521C12F4EE
:10CB3000000F08BF104600F00B8621F0004201F004
:10CB4000004330E050EA410C04BF084670475FEAFA
:10CB5000125CBCF1FE0F1ED1F1EE10CA1CF4400FA6
:10CB6000CDD15FEAC00C9BD05FEA001C4FEAC20C3B
:10CB70004CEB507C04BFC2002CEAD27C1CF4000FAA
:10CB800004BF4CEA0300DFF8BCC100F0E18521F0EE
:10CB90000042A2F16052B2F5801F4FEA410C2ADB3D
:10CBA0001CF5001F16D2F1EE10CA1CF4806F06D0DF
:10CBB0002CF0005C4CF0805CA1F140612AE04FF069
:10CBC0007F40DFF884C143EA500000F0C1BD084651
:10CBD00000F06FBF70B500F0ECF900BF000000B9C5
:10CBE00088000004FFF7F3BF21F0704243EA507061
:10CBF00040EAC2007047F1EE10CA2CF0805C4CF0A5
:10CC0000005C1CF4006F25D04B00B3F5001F51D31E
:10CC100001F140611CF4400F40F07E800CF0405C5C
:10CC2000C3004CF0880C11D05CF0404C10F0805FD9
:10CC30000CD0034610F1005041F10001020108BF81
:10CC400020F00050834218BF2CF0004C00F06040F0
:10CC500001F02BB81CF4400F1AD01B4248BF4FEA1A
:10CC60004C0C1CF4000F13D112F1406248BF22F0AB
:10CC70007F424FEAC00CBCF1010F43EAC20242EB13
:10CC800050704FF0880228BF42F0804200F016BF7B
:10CC900012F1406248BF22F07F425FEAC00C43EAD3
:10CCA000C20242EA50704FF0880218BF42F0404280
:10CCB00000F004BF01F0004321F00041094214D00C
:10CCC000B1FA81FCACF10B0CCCF1200201FA0CF1B1
:10CCD00020FA02F241EA02014FEA0C5200FA0CF08B
:10CCE000A1EB020181EA03010FE0B0FA80F200FA41
:10CCF00002F002F115024FEAD0214FEA0252A1EBF5
:10CD000002014FEA405081EA0301F1EE10CA2CF013
:10CD1000805C4CF0005C7BE762460CF0405CC3003A
:10CD20004CF0880C92D05CF0404C094248BF520055
:10CD300012F4000F8AD110F1005041F100012CF0E3
:10CD4000004C83D1880000408800001010B5DFF847
:10CD500040E211F5801C13F580141EEA4C0F18BF39
:10CD60001EEA440F00F0C88091EA030F48BF83F029
:10CD7000004300F1F682841A71EB030C05D21219FC
:10CD800043EB0C03001B61EB0C014FEA1154A4EBC5
:10CD9000135C23EA6E0321EA045143F48013DCF1AF
:10CDA000200E53D322FA0CFE10EB0E0023FA0CFED9
:10CDB00041EB0E01CCF1200E03FA0EFE10EB0E003B
:10CDC00051F10001B1F5801FCCF1200E53D201EBDF
:10CDD000045112FA0EF2BDE8104008BF7047F1EEA0
:10CDE00010CA1CF4400F1ED14FF0110C92F0000F2E
:10CDF0004CF0804C40F1AC84401C38BF5FEA4202EA
:10CE000040F0A684002814BF20F0010041F1000189
:10CE10004FEA410313F5001F24BF4CF0805CA1F1E1
:10CE2000C04100F095BC11F0004F54BF1CF4000F3E
:10CE30001CF4800F4FF0110C4CF0804C40F08884B3
:10CE4000401CC0F0858441F10001E1E7012A43EB79
:10CE50000302ACF1200CDCF11F0E32BF4FF0000ECC
:10CE600023FA0CF310EB030041EB0451B4EB115F18
:10CE7000AFD0A1EB045101F5801149085FEA300001
:10CE800002FA0EF242EA420201EB04515FEA320278
:10CE900013D0BDE81040F1EE10CA1CF4400F1AD1B7
:10CEA0004FF0110C92F0000F4CF0804CB0D5401CAC
:10CEB00038BF5FEA4202ABD1A4E7BDE810404FEAB9
:10CEC000410313F5001F38BF7047DFF8C8C0A1F158
:10CED000C04100F03DBC11F0004F54BF1CF4000FE6
:10CEE0001CF4800F4FF0110C4CF0804C90D1401C82
:10CEF0008ED341F100018BE74EF4001E3EEA41045F
:10CF000018BF3EEA430439D091EA030F48BF83F0CB
:10CF1000004300F12183841A71EB030C05D212192E
:10CF200043EB0C03001B61EB0C0152EA430E4FEA8A
:10CF30001154A4EB135C13D05FEA445E21EA045160
:10CF40001CBF23F00043ACF1010C7FF428AFBDE817
:10CF500010404FF0110C801841EB030100F0E3BAD0
:10CF60005FEA445EBDE8104018BF704750EA410CCC
:10CF700008BF70474FF0110C00F0D5BABDE8104063
:10CF800070B500F016F800BF64FBBE3E110000044F
:10CF90000000C0FF11000010B1FA81F201FA02F1A5
:10CFA000C2F11D024FEA415003EB025303EBD121C2
:10CFB00070470EF1020E2EF0030E01285EF8086B8A
:10CFC00041EB010414F5001418BFB4F5801F23D3FE
:10CFD000364208D4012A43EB030515F5001518BFA6
:10CFE000B5F5801F18D301EB010C1CF5801F16D27C
:10CFF000364204D403EB030C1CF5801F0FD2002C27
:10D0000010D14FEAD17C002D0CEB4C0C0CF1020C32
:10D0100008BF4CEBD37C07E04FF0090C04E04FF065
:10D02000080C01E04FEAD37C0CEB4C0526FA05F620
:10D0300006F00706B6F1040C06D20EEB860CBDE82E
:10D0400070404CF0010C6047DFE80CF02224130222
:10D050005EF804CC1B2D08D1002C88BFB4F5801FCE
:10D0600034BF4CF4804C4CF4004CBDE8704000F0F0
:10D070006FBB002C88BFB4F5001F24BF19461046B3
:10D0800070BD4FF000004FF00041A1F5002170BDD0
:10D0900019461046012851EB010418BFD4F50014BD
:10D0A00084BF5EF804CC2CF0806CBDE8704000F2C8
:10D0B0002E83704780B54FF003065C004FEA0333C0
:10D0C0004FEA3606640D4FEA133318BF43F480135A
:10D0D0001CD153EA125E04F1010402BF1346002280
:10D0E000203C1B4202BF130B1205143CB3FA83FE13
:10D0F000AEF10B0ECEF1200C03FA0EF322FA0CFC6B
:10D1000002FA0EF2A4EB0E0443EA0C030FB416F07D
:10D11000010F0CBC03BC18BF2546CED180BD80B525
:10D120000126F3E70808A0F500114FEA3101704726
:10D130002DE9F04101F5801CBCF5001FC0F2DC8038
:10D140004FEA115C21EA0C5141F480110CF1FD0C05
:10D150005FEA5C0C0CF5C07C01D34000494135A46A
:10D16000890241EA905187028E0E0A0CA45D04FBED
:10D1700004F602FB06F6C6F14046A4FB0662F60D75
:10D1800046EA422606FB06F4A4FB01235242C3F101
:10D19000404338BF5B1EA6FB02420024E6FB03248B
:10D1A000D20B42EA4446A6FB0623A1FB02E2A3FB04
:10D1B00007E4E3FB61426442C2F1404E38BFAEF186
:10D1C000010EA6FB04234FF00002E6FB0E32A2FB89
:10D1D00003463400E2FB6264A1FB06E6A4FB07E819
:10D1E000E4FB61687642C8F1405838BFA8F10108F5
:10D1F000A2FB06E4A3FB08E5E2FB6854A1FB05E6FD
:10D20000A7FB04E8E1FB648618F12005F1EE104A63
:10D2100056F10006A809B10914F4400F40EA8660EF
:10D2200028D1A8F11B0808F01F08B8F10A0F21D96E
:10D23000BDE8F04101EB0C514FF0170C4CF0804C65
:10D2400000F086BAFCF5EEE8E2DDD8D3CFCBC7C359
:10D25000C0BDB9B6B4B1AEACA9A7A5A3A19F9D9B13
:10D260009A9896959392908F8D8C8B8988878685D6
:10D2700084838281A0FB006800FB01F208EB420876
:10D28000B8EB872858EA060215D014F4400F16D1DF
:10D2900018EA080F07D5341858EB0104C8D5401C0C
:10D2A00051F10001C4E7341A78EB0104C0D4401EE8
:10D2B00071F10001BCE701EB0C51BDE8F08114F401
:10D2C000000F0CD118EA080FB2D5361858EB010838
:10D2D000401C51F10001361858EB0108F2E718EA3A
:10D2E000080FA5D4361A78EB0108401E71F1000131
:10D2F000361A78EB0108F2E75FEA4C0C5FEA9C5CB7
:10D3000014D10AD350EA013C01D1BDE8F0810942B1
:10D310000CD4FFF704FFA44618E7BDE8F04170B550
:10D32000FFF747FE6DDBFFBE17000004BDE8F041CC
:10D330005FF80CC000F00CBA10B5DFF894E211F5FC
:10D34000801C13F580141EEA4C0F18BF1EEA440F10
:10D3500000F0F38091EA030F48BF83F000433FF5EC
:10D360000AAD841A71EB030C07D212198CF0004C31
:10D3700043EB0C03001B61EB0C0152424FEA1154CA
:10D38000A4EB135C23EAAE0321EA0451C3EBAE0322
:10D3900038BF5B1EDCF1200E48D322FA0CFE10EBE6
:10D3A0000E0043FA0CFE41EB0E01CCF1200E03FA05
:10D3B0000EFE10EB0E0051F10001CCF1200E4CD40A
:10D3C00012FA0EF201EB0451BDE8104008BF70479D
:10D3D000F1EE10CA1CF4400F14D14FF0120C92F071
:10D3E000000F4CF0804C40F1B381401C18BFB2F1EB
:10D3F000004F40F0AD8100280CBF491C20F0010017
:10D4000000F0A6B911F0004F54BF1CF4000F1CF43B
:10D41000800F4FF0120C4CF0804C40F09981401C72
:10D4200040F0968141F1000100F092B912EB020E3A
:10D4300043EB030218BF4FF0010E4EEA4202ACF17B
:10D44000200CDCF11E0E4BD943FA0CFE10EB0E0043
:10D4500051F1FF31CCF11E0EB2D50EF1010E12FAD0
:10D460000EFE404141EB010101EB445C5FEA5C5C74
:10D4700006D95FEA0E0201EB0451BDE81040A5E7B2
:10D480003BD24FEAD42C11F5001124F400641AD0D9
:10D49000B1FA81F20B3AA41AA41ED2F120039140F2
:10D4A00030FA03F31943904001EBCC71002C01EBEF
:10D4B0000451BDE81040A8BF704701F1C0414FF0D2
:10D4C000120C00F087B8B0FA80F310FA03F101D122
:10D4D000BDE8104019D0E41A173C4805C90AE3E733
:10D4E00001EB0451BDE81040401E61F100015FF006
:10D4F000FF326BE701EB045110BD491001EB045101
:10D50000BDE810404FEA30000BE0F1EE10CA4FF0DA
:10D5100000010CF4400CBCF5000F08BF4FF00041B7
:10D5200070474FF0120C4A0008BF0042EDD0B2F530
:10D53000001F28BF704700F0EAB84EF4001E3EEA14
:10D54000410418BF3EEA430434D091EA030F48BFB8
:10D5500083F000433FF5DFAC841A71EB030C07D274
:10D5600012198CF0004C43EB0C03001B61EB0C0117
:10D5700052EA033E4FEA1154A4EB135C14D05FEA65
:10D58000445E21EA045109D023F000435242ACF139
:10D59000010CC3F1000338BF5B1EFBE6BDE8104081
:10D5A000801A61EB0301BCE7BDE8104050EA410C72
:10D5B000B7D1AAE7BDE8104070B5FFF7FAFC00BF8D
:10D5C00040DFF63E1100000483F000411046704732
:10D5D0000000C0FFF1EE103A13F0807F1EBF01F093
:10D5E00000410020704713F4006F40F0AA80094208
:10D5F00048BF4CF4803C4FF4C0634FEA115203F132
:10D60000010321EA025122F400629A1A48BF6FF026
:10D61000FE0241F48011352A3CD830D0152A1ED3A1
:10D62000203A0CD90028C2F1200321FA02F001FAB5
:10D6300003F218BF42F001024FF0000130E0C2F1E6
:10D64000000302F1200201FA03F120FA02F241EA9A
:10D65000020100FA03F208464FF0000120E0C2F197
:10D66000200310B400FA03F401FA03F320FA02F0E5
:10D6700021FA02F1224610BC43EA000010E050EA11
:10D6800001324FF000004FF000014FF0004218BF90
:10D69000521C05E04FF001024FF000014FF0000076
:10D6A0001CF4803F2CF4803C18BF41F00041124232
:10D6B0001ED0F1EE103A13F4400F20D1520003D3E4
:10D6C0000CD0401C41F10001F1EE103A4CF0804CBE
:10D6D00043F00803E1EE103A00F03AB85FEAAC72AA
:10D6E000EFD4F1D1401C41F1000120F00100EBE743
:10D6F0001CF0804F08BF70472CF0004CE4E7094253
:10D7000054BF13F4000F13F4800FDDD1D9E7F1EE0D
:10D71000103A13F0807F1EBF01F0004100207047D7
:10D7200013F4006F08BF70472DE9F050FFF7F7FCC6
:10D7300004F5C064A4F10104314301EB0451BDE8D8
:10D74000F0504CF0005C4CF0800C00F0AEBA0000E1
:10D750001CF0700F08BF0A460FB4F1EE101A0CF05F
:10D76000405030EA814318BF4CF0804C4FEA4C03E4
:10D7700010EA814F4FEAD36323EA112318BF23F045
:10D78000100341EA030101F0E073E1EE101A4CEAE4
:10D79000030C0CF00F030A2B1DBF082B0CF07003B9
:10D7A0004CEAC30C4FF4003304BF33EA0C034CF4CF
:10D7B000400C1CF0005F14D11CF0805F0BD11CF0FA
:10D7C000804F31D11CF0006F12D111F4807F0FBC5B
:10D7D00062D000F06ABA11F4806F0FBC2BD000F059
:10D7E00064BA11F4006F0FBC08BF704700F05DBA57
:10D7F00011F4007F0FBC40F058821CF0400F1EBF98
:10D800004FF0004040F0010070471CF0100F14BFB3
:10D8100081EA030242400CF00F000A2808BF4FF0D3
:10D82000FF324FF0000326E011F4805F0FBC08BF09
:10D83000704700F03ABAF1EE103A2CF0805C1CF020
:10D84000800F14BF01F0004200F0004212420CBFF2
:10D8500012EA336F12EAF35F0DD31CF0100F1DBFF5
:10D8600030A003C81143314808BF104313F4805F50
:10D8700040F01B8270471CF0100F02F000421DBFE9
:10D880000FF2940003C81143254808BF104313F456
:10D89000805F40F00A8270471CF0400F40F0288003
:10D8A0001CF4404F1BD01CF4004F1CBF19461046FF
:10D8B0000CF4807218BF8CEA520C1CF0800F0CBF65
:10D8C00040F4800041F400218CEADC0313F0100FD7
:10D8D0001CBF2CF00F0C4CF0080C00F08DB91CF0A4
:10D8E000100F1ABF12A393E80300134800F084B985
:10D8F0001CF0800F14BF01F0004200F000421CF049
:10D90000100F1BBF0AA393E803000B48114308BF85
:10D91000104300F071B900BF000000000000F07F6C
:10D920000000807FFFFFFFFFFFFFEF7FFFFF7F7F94
:10D93000000000000000F87F0000C07F43004FEAB5
:10D94000D30C4FEA3C0C43401FBF40070CF1605121
:10D9500013F0FE4F70471CF0006F14D133F00040FD
:10D9600004BF1946704783EA830383EA430303F045
:10D97000070343EACC010CF0004303F15A5303F5CB
:10D980004013FFF709BB0CF0004343EA507010B599
:10D9900040EACC0000F00FF8000000BA18000004C4
:10D9A0004FEA0001FFF7BEBB4FEAE0024FEA4070CA
:10D9B00042F0E04170470EF1020E2EF0030E4FEAE6
:10D9C00040025EF8084B12F1807218BFB2F5000FEA
:10D9D00022D3244207D44FEA410313F1807318BFC6
:10D9E000B3F5000F18D34FEA400C1CF5000F16D208
:10D9F000244204D44FEA410C1CF5000F0FD2002A38
:10DA000010D14FEAD07C002B0CEB4C0C0CF1020C2B
:10DA100008BF4CEBD17C07E04FF0090C04E04FF05D
:10DA2000080C01E04FEAD17C0CEB4C0324FA03F420
:10DA300004F00704B4F1040C06D20EEB840CBDE82C
:10DA400010404CF0010C6047DFE80CF01F2013027F
:10DA50005EF804CC1B2B08D1002A88BFB2F5000F5A
:10DA600034BF4CF4804C4CF4004CBDE81040FFF740
:10DA70006FBE002A88BFB2F1807F28BF084610BD64
:10DA80004FF00040A0F5800010BD0846420018BFCE
:10DA9000D2F1807284BF5EF8042C22F08062BDE86F
:10DAA000104000F28A8070474FF00000E1EE100A4B
:10DAB0007047FF2141EAD050C0057047F1EE101ABF
:10DAC00011F0807F1CBF00F00040704711F4006F20
:10DAD00040F08E8000F0004343EAD05323F480737B
:10DAE000C3F1C10323F00041172941D8C3F120033A
:10DAF00010FA03F1C3F1200320F07F4040F400004E
:10DB000020FA03F003F0004340EA030019D00B466B
:10DB1000F1EE101A41F00801E1EE101A11F4400F75
:10DB20001CD1590009D318BF401C06D17FEAE2730B
:10DB300098BF401C38BF20F0010042F0804CFFF736
:10DB400007BE12F0804F08BF7047F1EE101A9446DE
:10DB500041F00801E1EE101AFFF7FABD10F0004F96
:10DB600014BF5FEAF1535FEA316338BF401CE4E75A
:10DB7000182903EB912318BF6FF000410131F1EE3A
:10DB8000101A41F00801E1EE101A11F4400F18BF0D
:10DB900003F00040E2D168BF03F0004009D6400224
:10DBA00003F0004000F1010004BF12F0004F20F02C
:10DBB00001004FF0804CFFF7CBBDF1EE101A11F0D1
:10DBC000807F1CBF00F00040704711F4006F08BF59
:10DBD000704700F0004120F00040B0FA80F3A3F15C
:10DBE000080341F0C04100FA03F0A1EBC35108441F
:10DBF00042F0005C00F059B80CF00F03092B08BF8D
:10DC0000082000F064800A2B32D0082B18BF704720
:10DC100008BF1CF0400F31D01CF4803F23D11CF012
:10DC2000200F11D11CF0100F0BBF02460A466FF0F7
:10DC300000406FF0004118BF4FF0FF3012F0004F6E
:10DC40001CBFC043C94370471CF0100F0CBF0246F5
:10DC50000A4612F0004F4FF0FF304FF0FF311CBF6B
:10DC6000C043C94370474FF000004FF000017047B8
:10DC70001CF0400F18BF4FF0004070471CF0100F11
:10DC800008D020F0704300F07F4242EAD3014FEA0F
:10DC90004370704700F0604021F07F4242EA00028A
:10DCA00001F07F4040EA727070472DE900502DE985
:10DCB0000050F3F7BBFABDE80050BDE800500CF08F
:10DCC0000F0393F0090F18BF7047AFF300801CF4E7
:10DCD000801F24D01CF4E02F09D010F0080F02D1CF
:10DCE000D0F1020070476FEACC31490070474FF025
:10DCF000604111EA407028BF40F04050F1EE103A08
:10DD000023F0704343EA0003E1EE103AEFF30082A0
:10DD100022F0704242EA000282F3008870471CEA57
:10DD2000004018BF0120704720E70008C5B900086F
:10DD30000000000000000000800000000000000063
:10DD40000000000004E70008212100080100000095
:10DD500000000000000200000000000000000000C1
:10DD600014E70008A95D000803000000000000009F
:10DD7000000200000000000000000000F4E60008BF
:10DD8000391F000801000000000000000002000030
:10DD90000000000000000000E4E600087B730008BB
:10DDA000020000000000000000020000000000006F
:10DDB0000000000000000000000000000102030459
:10DDC00006070809000000000102030400007A436E
:10DDD00000000000000002440000000000000000FD
:10DDE0000000000000004842000000000000204148
:10DDF0000000204100000000CDCC4C3F00007A43E1
:10DE000000000000000002440000803F000000000D
:10DE1000000000000000803F0000803F0000000084
:10DE200000000000000000000000803F0000000033
:10DE300000000000000000000000803F0000000023
:10DE400000000000C3F51C410000803F00000000FE
:10DE500000000000000000000000000000000000C2
:10DE6000000000000000803F0000000000000000F3
:10DE700000000000000000000000000000000000A2
:10DE80000000803F000000000000000000000000D3
:10DE90000000000000000000000000000000803FC3
:10DEA0000000000000000000000000000000000072
:10DEB00000000000000000000000803F00000000A3
:10DEC0000000000000000000000000000000000052
:10DED000000000000000803F00061016000610162B
:10DEE00000000000920E493CB10AC93C2BC3163D0C
:10DEF0002EFB483D752B7B3D04A9963D80B6AF3D7A
:10DF000036BDC83D2FBCE13D73B2FA3D87CF093E17
:10DF10008340163EB5AB223EA2102F3ECF6E3B3E55
:10DF2000C2C5473E0115543E135C603E7F9A6C3E6D
:10DF3000CCCF783EC07D823E938E883E229A8E3E24
:10DF400032A0943E86A09A3EE59AA03E128FA63E4D
:10DF5000D47CAC3EEF63B23E2A44B83E491DBE3E7F
:10DF600015EFC33E53B9C93ECA7BCF3E4136D53EBD
:10DF700080E8DA3E4F92E03E7533E63EBBCBEB3EA7
:10DF8000EA5AF13ECBE0F63E275DFC3EE4E7003F77
:10DF90003D9C033F824B063F9BF5083F6B9A0B3F2E
:10DFA000DA390E3FCDD3103F2A68133FD9F6153F1B
:10DFB000C07F183FC6021B3FD17F1D3FCBF61F3FDE
:10DFC0009967223F25D2243F5636273F1594293F93
:10DFD0004AEB2B3FDE3B2E3FBB85303FC9C8323F6B
:10DFE000F304353F233A373F4268393F3B8F3B3F8D
:10DFF000F9AE3D3F67C73F3F70D8413F01E2433F25
:10E0000003E4453F65DE473F12D1493FF8BB4B3F34
:10E01000029F4D3F207A4F3F3D4D513F4918533F9E
:10E0200031DB543FE595563F5348583F6AF2593F1C
:10E030001A945B3F532D5D3F05BE5E3F2146603F16
:10E0400097C5613F5A3C633F59AA643F880F663FBA
:10E05000D86B673F3CBF683FA7096A3F0C4B6B3FDB
:10E060005E836C3F93B26D3F9ED86E3F73F56F3FFA
:10E070000809713F5213723F4714733FDD0B743F21
:10E080000BFA743FC6DE753F07BA763FC58B773F04
:10E09000F853783F9812793F9DC7793F02737A3FD2
:10E0A000BE147B3FCDAC7B3F283B7C3FC9BF7C3F50
:10E0B000AC3A7D3FCCAB7D3F23137E3FB0707E3FBB
:10E0C0006DC47E3F580E7F3F6D4E7F3FAB847F3FD8
:10E0D0000FB17F3F97D37F3F43EC7F3F11FB7F3FE3
:10E0E0000000803F11FB7F3F43EC7F3F97D37F3F92
:10E0F0000FB17F3FAB847F3F6D4E7F3F580E7F3F18
:10E100006DC47E3FB0707E3F23137E3FCCAB7D3F1E
:10E11000AC3A7D3FC9BF7C3F283B7C3FCDAC7B3FC9
:10E12000BE147B3F02737A3F9DC7793F9812793FB7
:10E13000F853783FC58B773F07BA763FC6DE753F09
:10E140000BFA743FDD0B743F4714733F5213723F59
:10E150000809713F73F56F3F9ED86E3F93B26D3FD4
:10E160005E836C3F0C4B6B3FA7096A3F3CBF683F27
:10E17000D86B673F880F663F59AA643F5A3C633F9C
:10E1800097C5613F2146603F05BE5E3F532D5D3F11
:10E190001A945B3F6AF2593F5348583FE595563F02
:10E1A00031DB543F4918533F3D4D513F207A4F3F9B
:10E1B000029F4D3FF8BB4B3F12D1493F65DE473FC1
:10E1C00003E4453F01E2433F70D8413F67C73F3F0B
:10E1D000F9AE3D3F3B8F3B3F4268393F233A373FE3
:10E1E000F304353FC9C8323FBB85303FDE3B2E3F8D
:10E1F0004AEB2B3F1594293F5636273F25D2243F23
:10E200009967223FCBF61F3FD17F1D3FC6021B3FC0
:10E21000C07F183FD9F6153F2A68133FCDD3103F72
:10E22000DA390E3F6B9A0B3F9BF5083F824B063F56
:10E230003D9C033FE4E7003F275DFC3ECBE0F63E1C
:10E24000EA5AF13EBBCBEB3E7533E63E4F92E03EE1
:10E2500080E8DA3E4136D53ECA7BCF3E53B9C93E4F
:10E2600015EFC33E491DBE3E2A44B83EEF63B23EA1
:10E27000D47CAC3E128FA63EE59AA03E86A09A3E84
:10E2800032A0943E229A8E3E938E883EC07D823E7E
:10E29000CCCF783E7F9A6C3E135C603E0115543EB5
:10E2A000C2C5473ECF6E3B3EA2102F3EB5AB223ECD
:10E2B0008340163E87CF093E73B2FA3D2FBCE13D45
:10E2C00036BDC83D80B6AF3D04A9963D752B7B3D5C
:10E2D0002EFB483D2BC3163DB10AC93C920E493C6A
:10E2E00000000000920E49BCB10AC9BC2BC316BD88
:10E2F0002EFB48BD752B7BBD04A996BD80B6AFBD76
:10E3000036BDC8BD2FBCE1BD73B2FABD87CF09BE13
:10E31000834016BEB5AB22BEA2102FBECF6E3BBE51
:10E32000C2C547BE011554BE135C60BE7F9A6CBE69
:10E33000CCCF78BEC07D82BE938E88BE229A8EBE20
:10E3400032A094BE86A09ABEE59AA0BE128FA6BE49
:10E35000D47CACBEEF63B2BE2A44B8BE491DBEBE7B
:10E3600015EFC3BE53B9C9BECA7BCFBE4136D5BEB9
:10E3700080E8DABE4F92E0BE7533E6BEBBCBEBBEA3
:10E38000EA5AF1BECBE0F6BE275DFCBEE4E700BF73
:10E390003D9C03BF824B06BF9BF508BF6B9A0BBF2A
:10E3A000DA390EBFCDD310BF2A6813BFD9F615BF17
:10E3B000C07F18BFC6021BBFD17F1DBFCBF61FBFDA
:10E3C000996722BF25D224BF563627BF159429BF8F
:10E3D0004AEB2BBFDE3B2EBFBB8530BFC9C832BF67
:10E3E000F30435BF233A37BF426839BF3B8F3BBF89
:10E3F000F9AE3DBF67C73FBF70D841BF01E243BF21
:10E4000003E445BF65DE47BF12D149BFF8BB4BBF30
:10E41000029F4DBF207A4FBF3D4D51BF491853BF9A
:10E4200031DB54BFE59556BF534858BF6AF259BF18
:10E430001A945BBF532D5DBF05BE5EBF214660BF12
:10E4400097C561BF5A3C63BF59AA64BF880F66BFB6
:10E45000D86B67BF3CBF68BFA7096ABF0C4B6BBFD7
:10E460005E836CBF93B26DBF9ED86EBF73F56FBFF6
:10E47000080971BF521372BF471473BFDD0B74BF1D
:10E480000BFA74BFC6DE75BF07BA76BFC58B77BF00
:10E49000F85378BF981279BF9DC779BF02737ABFCE
:10E4A000BE147BBFCDAC7BBF283B7CBFC9BF7CBF4C
:10E4B000AC3A7DBFCCAB7DBF23137EBFB0707EBFB7
:10E4C0006DC47EBF580E7FBF6D4E7FBFAB847FBFD4
:10E4D0000FB17FBF97D37FBF43EC7FBF11FB7FBFDF
:10E4E000000080BF11FB7FBF43EC7FBF97D37FBF8E
:10E4F0000FB17FBFAB847FBF6D4E7FBF580E7FBF14
:10E500006DC47EBFB0707EBF23137EBFCCAB7DBF1A
:10E51000AC3A7DBFC9BF7CBF283B7CBFCDAC7BBFC5
:10E52000BE147BBF02737ABF9DC779BF981279BFB3
:10E53000F85378BFC58B77BF07BA76BFC6DE75BF05
:10E540000BFA74BFDD0B74BF471473BF521372BF55
:10E55000080971BF73F56FBF9ED86EBF93B26DBFD0
:10E560005E836CBF0C4B6BBFA7096ABF3CBF68BF23
:10E57000D86B67BF880F66BF59AA64BF5A3C63BF98
:10E5800097C561BF214660BF05BE5EBF532D5DBF0D
:10E590001A945BBF6AF259BF534858BFE59556BFFE
:10E5A00031DB54BF491853BF3D4D51BF207A4FBF97
:10E5B000029F4DBFF8BB4BBF12D149BF65DE47BFBD
:10E5C00003E445BF01E243BF70D841BF67C73FBF07
:10E5D000F9AE3DBF3B8F3BBF426839BF233A37BFDF
:10E5E000F30435BFC9C832BFBB8530BFDE3B2EBF89
:10E5F0004AEB2BBF159429BF563627BF25D224BF1F
:10E60000996722BFCBF61FBFD17F1DBFC6021BBFBC
:10E61000C07F18BFD9F615BF2A6813BFCDD310BF6E
:10E62000DA390EBF6B9A0BBF9BF508BF824B06BF52
:10E630003D9C03BFE4E700BF275DFCBECBE0F6BE18
:10E64000EA5AF1BEBBCBEBBE7533E6BE4F92E0BEDD
:10E6500080E8DABE4136D5BECA7BCFBE53B9C9BE4B
:10E6600015EFC3BE491DBEBE2A44B8BEEF63B2BE9D
:10E67000D47CACBE128FA6BEE59AA0BE86A09ABE80
:10E6800032A094BE229A8EBE938E88BEC07D82BE7A
:10E69000CCCF78BE7F9A6CBE135C60BE011554BEB1
:10E6A000C2C547BECF6E3BBEA2102FBEB5AB22BEC9
:10E6B000834016BE87CF09BE73B2FABD2FBCE1BD41
:10E6C00036BDC8BD80B6AFBD04A996BD752B7BBD58
:10E6D0002EFB48BD2BC316BDB10AC9BC920E49BC66
:10E6E000000000804F4253455256455F5441534B02
:10E6F00000000000434841535349534C5F54415379
:10E700004B00000043484153534953525F54415317
:10E710004B000000494E535F5441534B0000000032
:10E72000746573740000000048E7000800000020D2
:10E7300028040000C4010008D8E8000828040020CC
:10E7400080BB0000280200080226000100046624A5
:10E75000F4000112646F40F101DE82BFCAC382BEC1
:10E76000BE3069C0705FBBC088E3894124B91840DE
:10E770001E16144129EDE53F8AB03140A1672340C0
:10E780007FD9954042CF96BF54072CC4D61E1C4457
:10E790006A8460C3091692405B9918C33BDFF34259
:10E7A00099D815C29A7CEB3FA59445C2EC291D422D
:10E7B000916D20C171AC6BBF2A6CF4C260B2C042D3
:10E7C00005CBC3C1C6A2FDBFB01B9EC2561EF142FF
:10E7D000F18195C2773EB5414C7D18410B9860BEE2
:10E7E000CD92AEC09AB63940315CEC43338CDEC377
:10E7F000442A0F43C234C440A1BED74233F4B2C24C
:10E800003D6CB441A4531FBFA30F29C2C5521D4282
:10E810002FEE76C1DD2424400E9DA0C287D0994200
:10E820009695FDC17F30AB40976B0444E748FBC32E
:10E8300052163743E971174106518142B46B7BC2CE
:10E840000EE7C041AFB11B3FFA6407803F8FC2F5AE
:10E850003C73F6011A072E803F18C1486007803FBD
:10E860006F12833A4C4104815C01101083C8427CD2
:10E87000810C061503B8A0093333EB3A58A08B3A44
:10E88000C020257D04017C000240AB0341010553FB
:10E8900008065804070F000810810911000A1580A6
:10E8A0000B16000C18010D8E0B267017890B172004
:10E8B000423900081250C347CDCCCC3D0401531C53
:10E8C0001514011A1C0D420C032544037810000195
:08E8D00012AA01217F000000E3
:040000050800018965
:00000001FF
