:020000040800F2
:1000000030930024A1030008818C0008B178000817
:100010007D8C00088F12000861A400080000000019
:10002000000000000000000000000000E1020008E5
:10003000A5220008000000003D030008419E0008C2
:10004000BB030008BB030008BB030008BB03000898
:10005000BB030008BB030008BB030008BB03000888
:10006000BB030008BB030008BB030008491D0008D0
:10007000591D0008BB030008BB030008BB030008B0
:10008000BB030008BB030008BB0300086924000889
:10009000D9240008BB030008BB030008BB03000809
:1000A000BB030008BB030008BB030008BB03000838
:1000B00009A00008BB030008BB030008BB0300083D
:1000C000BB030008BB030008BB030008BB03000818
:1000D000D99C0008BB030008BB030008BB03000851
:1000E000BB030008BB03000800000000BB030008BE
:1000F000BB030008BB030008BB030008BB030008E8
:10010000BB030008BB030008BB030008BB030008D7
:10011000BB030008BB030008BB030008BB030008C7
:10012000BB030008BB030008BB030008BB030008B7
:10013000BB030008BB030008BB030008BB030008A7
:1001400000000000000000000000000000000000AF
:10015000BB030008BB030008BB030008BB03000887
:10016000BB030008BB030008BB030008BB03000877
:10017000BB030008BB030008BB030008000000002D
:10018000BB030008BB030008BB030008BB03000857
:10019000BB030008BB030008BB030008BB03000847
:1001A000BB030008BB030008BB03000800000000FD
:1001B000BB030008BB030008BB030008BB03000827
:1001C000BB030008BB0300080000000000000000A3
:1001D0000000000000000000BB0300080000000059
:1001E000000000000000000000000000000000000F
:1001F0000000000000000000BB030008BB03000873
:10020000BB030008BB03000800000000BB0300089C
:10021000BB030008BB030008BB030008BB030008C6
:10022000BB03000800000000BB0300080000000042
:10023000BB030008BB03000800000000BB0300086C
:10024000BB030008BB030008BB030008BB03000896
:10025000BB030008BB030008BB030008BB03000886
:10026000BB030008BB030008BB030008BB03000876
:10027000BB030008BB030008BB030008000000002C
:10028000BB030008BB030008BB030008BB03000856
:1002900000000000BB030008BB03000800000000D2
:1002A00000000000BB030008BB030008BB030008FC
:1002B000BB030008BB030008BB030008E9240008D7
:1002C000BB030008BB030008BB030008DFF80CD029
:1002D00000F0ECF80048004791CA00083093002471
:1002E0002C4B19680868B0E8F04F80F30988BFF319
:1002F0006F8F4FF0000080F31188704700000000FE
:1003000008480068006880F308884FF0000080F318
:10031000148862B661B6BFF34F8FBFF36F8F00DFF3
:1003200000BF00BF08ED00E0DFF80C00016841F4F9
:1003300070010160704700BF88ED00E0EFF30980B5
:10034000BFF36F8F134B1A681EF0100F08BF20ED1C
:10035000108A20E9F04F106009B44FF0500080F38C
:100360001188BFF34F8FBFF36F8F0DF0F5F94FF08A
:10037000000080F3118809BC19680868B0E8F04FE4
:100380001EF0100F08BFB0EC108A80F30988BFF38D
:100390006F8F70479C000024EFF3058070470000CA
:1003A0000648804706480047FEE7FEE7FEE7FEE70F
:1003B000FEE7FEE7FEE7FEE7FEE7FEE7299F00080F
:1003C000CD0200082DE9F05F0546002092469B46CD
:1003D00088460646814640241BE02846414647465B
:1003E000224600F053F853465A46C01A914110D3A2
:1003F00011461846224600F03AF82D1A67EB01081C
:100400004F4622460120002100F031F817EB000989
:100410004E41201EA4F10104DFDC484631462A4645
:100420004346BDE8F09F40EA01039B0703D009E083
:1004300008C9121F08C0042AFAD203E011F8013BD0
:1004400000F8013B521EF9D27047D2B201E000F829
:10045000012B491EFBD270470022F6E710B5134668
:100460000A4604461946FFF7F0FF204610BD202A31
:1004700004DB203A00FA02F1002070479140C2F1FB
:10048000200320FA03F3194390407047202A04DB2D
:10049000203A21FA02F00021704721FA02F3D040FD
:1004A000C2F120029140084319467047064C074D9F
:1004B00006E0E06840F0010394E807009847103434
:1004C000AC42F6D3FFF706FF74E6000894E6000896
:1004D00070B58C1810F8015B15F0070301D110F806
:1004E000013B2A1106D110F8012B03E010F8016B33
:1004F00001F8016B5B1EF9D12B0705D40023521EB6
:100500000DD401F8013BFAE710F8013BCB1A921C1D
:1005100003E013F8015B01F8015B521EF9D5A1421B
:10052000D8D3002070BD00009FED201AB5EE002A40
:1005300000EE012A9FED1E1ABDEEC20AB5EEC02ADA
:10054000F1EE10FA10EE100AB8BF013800EE100AF2
:100550000020B8EEC00A32EE400A9FED162A20EEC7
:10056000010ABCEEC01A11EE101A30EE021AB0EBFE
:10057000512F18BF002102EE101A4DF6706000FED8
:10058000010AC0F60000B8EE422A00EB810090EDAF
:10059000011A30EE420AB7EE002A32EE402A20EE6F
:1005A000010A90ED001A02EE010A704783F9223E1B
:1005B00000000044000000C4B0B503880D88AB42C1
:1005C00056D145884C88A54252D11488A3424FD1B8
:1005D0005488A5424CD105FB03FC436800254968BB
:1005E000B5EB9C0F506831D04FEA9C02524200BFDD
:1005F00093ED000A91ED001A30EE010A03F1100E9E
:1006000001F1100400F1100580ED000A013293EDB4
:10061000010A91ED011A30EE010A80ED010A93ED15
:10062000020A91ED021A30EE010A80ED020A93ED02
:10063000030A91ED031A30EE010A7346214680ED5C
:10064000030A2846D4D12146284673461CF00302EB
:100650000CD05242B3EC010AB1EC011A30EE010A9F
:10066000051D013280ED000A2846F3D1002000E08C
:10067000FD2040B2B0BD0180428043607047000061
:100680002DE9F04F8BB0B0F800B0B0F802E0F345C0
:1006900040F051810B88FD229B4540F04D814F88F1
:1006A000BB4240F04981BBF1000F436800F0298153
:1006B0006FF003004C6800EB8B08CDF81CE00027BE
:1006C00000934FF07E5906945E462046BBEB060031
:1006D00009D0B9002046FFF7BFFE00200130874255
:1006E00004F10404FAD104F1040AC4F80090751E60
:1006F00010D0A8EB87015046FFF7AEFE012054460C
:100700000130864204F10404FAD1002D07F10107FB
:100710002E46DBD1BBF1000F009BDDF81CE000F0A2
:10072000F0800420CDF814B000EB8E000190184644
:10073000ABF1010603EB8E044FEA8E021D1DCEF1D4
:100740000001002308919FED800A7746814600BF93
:100750005B4580F0F58003FB0EF0B0EE403A09EB0C
:1007600080010A9191ED001A0699B0EE414A01EB21
:10077000800009902146304606E000BF91ED004A16
:100780000138B0EE423A1144B5EEC04AF1EE10FA2B
:100790000ADDB4EEC34AB0EE442AF1EE10FAD8BF37
:1007A000B0EE432A09E000BFB1EE442AB4EEC23AEB
:1007B000F1EE10FA01DBB0EE432A0028DED1B5EEEF
:1007C000402AF1EE10FA00F0BB80B0EEC13AB4EE70
:1007D000423AF1EE10FA1CBFD84310EB0B0004D0E4
:1007E000002000BF01308642FCD1B5EE401AF1EE88
:1007F00010FA00F0A580CDE90346AEEB030C0A9990
:10080000BCF1010F4FF07E5008600AD0012029464C
:1008100091ED002A82EE012A01308742A1EC012AE3
:10082000F6D1DDE9080100BF91ED002A82EE012A30
:100830000C1D013081ED002A2146F5D1ACF1010BF0
:1008400005994FF00008DDF818A04846CDF808904B
:10085000984505D100EB8C060AEB8E0A33E000BF09
:1008600090ED001A0A9CB0EE413ABBF1000F94EDF6
:10087000002A01EE423A00F1040680ED003A15D05C
:100880000120002406EB040905EB040E99ED002A73
:100890009EED003A01EE432A0130874204F1040440
:1008A00089ED002AEED12644DDF81CE0DDE90804DC
:1008B0009AED002A94ED003A01EE432A0434013007
:1008C000AAEC012AF4D106EB8300013908F10108F2
:1008D000BED1DDF80890013F049E09F10409039C94
:1008E00003F101030198A6F101060444DDF814B0F8
:1008F00005447FF42DAFB5EE401A009BF1EE10FADF
:1009000020D10EFB0BF1002000294FF000020BD08C
:1009100093ED000AB5EE400AF1EE10FA04D101326F
:100920008A4203F10403F3D38A4208BF6FF0040044
:100930000BB0BDE8F08FFD2250B20BB0BDE8F08FD8
:10094000FB22F9E70022F7E7000000002DE9F04F55
:1009500088B0B0F802C00B889C4540F08880B0F8A1
:1009600000E013889E4540F08280B1F802905388E1
:1009700099457CD14FEA9C04476804FB09F049681B
:100980000CF00305029101EB0010019000202CF007
:100990000303A0EB9C0107EB830607914FEA890351
:1009A0005168C5F1000A00919FED330ACDE9039C1F
:1009B000CDE9050E0099CE4601EB8008DDE901BCCA
:1009C000002CB0EE401AE146384627D0624607991F
:1009D0003846B0EE401A00BF92ED002A90ED003A82
:1009E00003EE021A1A4490ED014A92ED002A04EE39
:1009F000021A1A4490ED025A92ED002A05EE021AEC
:100A00001A4490ED036A92ED002A06EE021A0131B3
:100A100000F110001A44DFD1D946304655B1514695
:100A200090ED002A99ED003A02EE031A04300131EC
:100A30009944F5D108F1040088ED001ABEF1010EC9
:100A40000CF1040C0BF1040B8046B9D1DDF80C90CD
:100A50000598DDF810C04844DDF818E007EB8C0776
:100A6000BEF1010E06EB8C06A2D1002000E0FD20B5
:100A700040B208B0BDE8F08F00000000B0B50388B8
:100A80000D88AB4256D145884C88A54252D1148876
:100A9000A3424FD15488A5424CD105FB03FC4368C7
:100AA00000254968B5EB9C0F506831D04FEA9C0295
:100AB000524200BF93ED000A91ED001A30EE410A58
:100AC00003F1100E01F1100400F1100580ED000A91
:100AD000013293ED010A91ED011A30EE410A80EDE9
:100AE000010A93ED020A91ED021A30EE410A80EDFF
:100AF000020A93ED030A91ED031A30EE410A7346A0
:100B0000214680ED030A2846D4D121462846734663
:100B10001CF003020CD05242B3EC010AB1EC011AF2
:100B200030EE410A051D013280ED000A2846F3D15E
:100B3000002000E0FD2040B2B0BD00002DE9F04FE4
:100B400083B002884B889A424DD144880B889C42DE
:100B500049D10023D1F804804FEA940C416804F095
:100B6000030ECDF80080A3EB9404029414019600C8
:100B70000194CEF1000B4046BCF1000F1ED0474659
:100B8000029C00BF08683D4638603744486807EB60
:100B90000609A85101F11000D1F808A0013447F866
:100BA00006A009EB0607C968374449F80610014654
:100BB000E8D101996C18014603E000BF009800EBF2
:100BC0008304BEF1000F07D05D4600BF51F8040B4F
:100BD000013520603444F9D10133013A08F10408A9
:100BE000CAD1002000E0FD2040B203B0BDE8F08F84
:100BF0009FED1F1A20EE010A9FED1F2ABDEEC01ABD
:100C0000B5EEC00AF1EE10FA11EE100AB8BF0138C5
:100C100001EE100A0020B8EEC11A30EE410A9FED35
:100C2000151A20EE010ABCEEC01A11EE101A30EEB1
:100C3000021AB0EB512F18BF002102EE101A4DF628
:100C4000706000FE010AC0F60000B8EE422A00EB18
:100C5000810090ED011A30EE420AB7EE002A32EE22
:100C6000402A20EE010A90ED001A02EE010A7047B8
:100C700083F9223E00000044000000C410B50122A8
:100C80001146024803F078FF10BD0000000802582A
:100C900010B500220121024803F06EFF10BD0000D4
:100CA0000008025810B501220821024803F064FF31
:100CB00010BD00000008025810B5002208210248AB
:100CC00003F05AFF10BD00000008025810B504469A
:100CD000FFF7DEFF922000F011FA0622C24912202F
:100CE00000F0ECF9FFF7CAFFC0480078002855D0A3
:100CF000BD484078000200B2BB4909780843BC49AE
:100D0000088094ED0C0A0846B0F9000000EE900A45
:100D1000F8EEE00AB74890ED001A60EE810A94ED13
:100D2000081A10EE810A84ED000AAF48C07800026C
:100D300000B2AD4989780843AD49088094ED0D0AA9
:100D40000846B0F9000000EE900AF8EEE00AA94863
:100D500090ED001A60EE810A94ED081A10EE810AF7
:100D600084ED010AA0484079000200B29E49097949
:100D700008439F4908800846B0F9000000EE100AB9
:100D8000B8EEC00A9B48D0ED000A20EE200AD4ED50
:100D9000080A20EE200A84ED020A50E092484078CA
:100DA000000200B29049097808439149088008463A
:100DB000B0F9000000EE100AB8EEC00A8D48D0ED80
:100DC000000A20EE200AD4ED080A20EE200A84ED65
:100DD000000A8548C078000200B283498978084338
:100DE000834908800846B0F9000000EE100AB8EE0A
:100DF000C00A8048D0ED000A20EE200AD4ED080A8F
:100E000020EE200A84ED010A77484079000200B202
:100E1000754909790843764908800846B0F9000009
:100E200000EE100AB8EEC00A7248D0ED000A20EEBB
:100E3000200AD4ED080A20EE200A84ED020AFFF70A
:100E40003BFF08226849002000F038F9FFF72AFF2D
:100E5000654800780F284FD164480078F0B36248A5
:100E6000C078000200B26049897808436049088070
:100E700094ED090A0846B0F9000000EE900AF8EE79
:100E8000E00A5D4890ED001A10EE810A84ED030A35
:100E900055484079000200B2534909790843544942
:100EA000088094ED0A0A0846B0F9000000EE900AA6
:100EB000F8EEE00A504890ED001A10EE810A84ED39
:100EC000040A4948C079000200B2474989790843B9
:100ED0004749088094ED0B0A084600E00DE0B0F9A0
:100EE000000000EE900AF8EEE00A434890ED001A88
:100EF00010EE810A84ED050A44E03B48C078000208
:100F000000B2394989780843394908800846B0F960
:100F1000000000EE100AB8EEC00A3748D0ED000A13
:100F200020EE200A84ED030A2F484079000200B227
:100F30002D49097908432E4908800846B0F9000078
:100F400000EE100AB8EEC00A2B48D0ED000A20EEE1
:100F5000200A84ED040A2448C079000200B2224924
:100F600089790843224908800846B0F9000000EE5C
:100F7000100AB8EEC00A2048D0ED000A20EE200A80
:100F800084ED050AFFF784FEA22000F0B7F80222E4
:100F90001549222000F092F8FFF770FE1248007801
:100FA000C0001149497840EA61101149088008469B
:100FB000B0F90000B0F5806F05DB08460088A0F5A9
:100FC000006000B208800A48B0F9000000EE100A84
:100FD000F8EEC00AB4EE001AB3EE070A00EE810A7A
:100FE00084ED070A10BD00007000002440000024BA
:100FF00078000024300000243400002470B504463A
:101000000D46224804600020214908700AF01AF9B0
:101010001F49097808431E4908700AF0C9F91C499C
:10102000097808431A4908701DB11A4800F032F9CE
:1010300028E09FED190A174880ED090A9FED170A6D
:1010400080ED0A0A9FED160A80ED0B0A9FED150A46
:1010500080ED0C0A9FED140A80ED0D0A9FED130A36
:1010600080ED0E0A9FED120A80ED0F0A90ED0F0A37
:10107000DFED100A80EE801A80ED081A9FED0E0A4F
:1010800080ED060A0248007870BD00007C00002454
:101090003A000024F8070024F0A032BAB9F3AFBA3E
:1010A000B1EFBBBA0B6F993E2A98933D0000000048
:1010B0007A841D41C3F51C410000204270B50646EC
:1010C0000C46154646F0800000F018F806E0552062
:1010D00000F014F82070641C681EC5B2002DF6D113
:1010E00070BD70B504460D4644F0800000F006F86F
:1010F000552000F003F8287070BD000001B582B0E3
:101100004FF47A70012301AA02A9009003480068F5
:1011100005F080FE9DF804000EBD00007C00002458
:1011200070B505460C462846FFF7E8FF2046FFF756
:10113000E5FF70BDD2ED020A92ED021AB6EE000A8A
:1011400000EEC10AD2ED030A92ED031A00EEC10AC5
:10115000D0ED000A20EE200AD2ED010A92ED021A2B
:1011600060EE810A92ED001AD2ED031A41EE610A97
:1011700090ED011A00EE810AD2ED010A92ED031AF8
:1011800060EE810A92ED001AD2ED021A41EE210AB8
:1011900090ED021A00EE810AF0EE000A20EE200A1D
:1011A00081ED000A92ED010AD2ED020A20EE200A3A
:1011B000D2ED000A92ED031A00EE810AD0ED000A8A
:1011C00060EE200A92ED011AD2ED011AB6EE000A85
:1011D00001EE610AD2ED031A92ED032AB0EE401A35
:1011E00001EEC21AD0ED011AB0EE600A01EE210A3A
:1011F000D2ED020A92ED031A60EE810A92ED001A16
:10120000D2ED011A41EE610A90ED021A00EE810A58
:10121000F0EE000A20EE200A81ED010A92ED010AAB
:10122000D2ED030A20EE200AD2ED000A92ED021A56
:1012300000EEC10AD0ED000A20EE200AD2ED020A2B
:1012400092ED031A60EE810A92ED001AD2ED011AB6
:1012500041EE210A90ED011A00EE810A92ED011A89
:10126000D2ED011AF6EE000A41EE610A92ED021A81
:10127000D2ED021A41EE610A90ED021A00EE810AE7
:10128000F0EE000A20EE200A81ED020A704700BF4E
:10129000FEE7000070B52DED048B88B004460020F9
:1012A0000690079000F038FFFE4880ED000A00BF6E
:1012B00000F032FFFB48D0ED000A30EE600AF2EE9B
:1012C000040AB4EEE00AF1EE10FA14DD9FEDF60A1E
:1012D00084ED090A9FEDF50A84ED0A0A9FEDF40AF0
:1012E00084ED0B0A9FEDF30A84ED0F0A9FEDF20ADD
:1012F00084ED060A5FE29FEDF10A00F0C9FE9FED62
:10130000F00A84ED0F0A9FEDEE0A84ED090A9FEDC5
:10131000EC0A84ED0A0A9FEDEA0A84ED0B0A002626
:1013200073E1FFF7B5FC9220FFF7E8FE062206A95D
:101330001220FFF7C3FEFFF7A1FC9DF81900000281
:1013400000B29DF8181040EA010500EE105AB8EE00
:10135000C00ADC48D0ED000A20EE200A84ED000A25
:101360009DF81B00000200B29DF81A1040EA01052A
:1013700000EE105AB8EEC00AD248D0ED000A20EEB6
:10138000200A84ED010A9DF81D00000200B29DF8BC
:101390001C1040EA010500EE105AB8EEC00AC94818
:1013A000D0ED000A20EE200A84ED020AD4ED000AF6
:1013B00060EEA00A94ED011AD4ED011A41EE210A63
:1013C00094ED021AD4ED021A41EE210AB0EE600A41
:1013D00009F0EFFEB0EE408A94ED0F0A30EE080AF5
:1013E00084ED0F0AFFF768FC082206A90020FFF72A
:1013F00065FEFFF757FC9DF818000F2850D19DF8A7
:101400001B00000200B29DF81A1040EA010500EE30
:10141000105AB8EEC00AAC48D0ED000A20EE200AFF
:1014200084ED030A94ED090AD4ED030A30EE200A94
:1014300084ED090A9DF81D00000200B29DF81C1001
:1014400040EA010500EE105AB8EEC00A9E48D0ED01
:10145000000A20EE200A84ED040A94ED0A0AD4ED75
:10146000040A30EE200A84ED0A0A9DF81F000002EB
:1014700000B29DF81E1040EA010500EE105AB8EEC9
:10148000C00A9148D0ED000A20EE200A84ED050A3A
:1014900094ED0B0AD4ED050A30EE200A84ED0B0A18
:1014A00006BBF0EE488AB0EE489A002017E004F13F
:1014B0000C0101EB800191ED000A03A901EB800111
:1014C00081ED000A04F10C0101EB800191ED000AAD
:1014D000694601EB800181ED000A411CC8B2032876
:1014E000E5DB49E0B4EEE88AF1EE10FA01DDF0EE5A
:1014F000488AB4EEC98AF1EE10FA01D2B0EE489AE9
:10150000002037E004F10C0101EB800191ED000AAD
:1015100003A901EB8001D1ED000AB4EEE00AF1EE7F
:1015200010FA0ADD04F10C0101EB800191ED000AD3
:1015300003A901EB800181ED000A04F10C0101EB2C
:10154000800191ED000A694601EB8001D1ED000AAE
:10155000B4EEE00AF1EE10FA0AD204F10C0101EB4C
:10156000800191ED000A694601EB800181ED000ADE
:10157000411CC8B20328C5DB38EEC90A534880EDC8
:10158000000A002012E003A901EB800191ED000A9E
:10159000694601EB8001D1ED000A30EE600A4C494A
:1015A00001EB800181ED000A411CC8B20328EADB8F
:1015B000464890ED000AF6EE000AB4EEE00AF1EEBD
:1015C00010FA1BDC424890ED000ADFED420AB4EE4F
:1015D000E00AF1EE10FA11DC90ED010ADFED3D0AB0
:1015E000B4EEE00AF1EE10FA08DC90ED020ADFED4D
:1015F000390AB4EEE00AF1EE10FA00DD0AE09FEDE0
:10160000360A00F045FD701C86B2344800888642D8
:10161000FFF687AE00BFD4ED0F0A3048008800EE19
:10162000100AB8EE400A80EE801A84ED0F1A0020EE
:1016300015E004F1240101EB8001D1ED000A2749F6
:10164000098800EE101AB8EE400A80EE801A04F104
:10165000240101EB800181ED001A411CC8B203286E
:10166000E7DBFFF715FBA220FFF748FD022206A9E2
:101670002220FFF723FDFFF701FB9DF81800C000B3
:101680009DF8191040EA6115B5F5806F02DBA5F5EC
:10169000006005B200EE105AF8EEC00AB4EE001A6F
:1016A0001EE0000068000024F0A032BAB9F3AFBA1F
:1016B000B1EFBBBA7A841D41000020420AD7A33B98
:1016C0000000000030000024340000243C0000240E
:1016D000EC0700249A99193E6F12033A6C0000241B
:1016E000B3EE070A00EE810A84ED060A7C48008802
:1016F000401C00B27A4908807A4890ED000AF6EE64
:10170000000AB4EEE00AF1EE10FA3FF7D1ADD4EDE5
:101710000F0A9FED751A70EEC10AB0EE600A0AF06A
:10172000BCFEF6EE000AB4EEE00AF1EE10FAECDCD4
:101730006E4890ED000A5FED190AB4EEE00AF1EE92
:1017400010FAE2DC90ED010A5FED1E0AB4EEE00A49
:10175000F1EE10FAD9DC90ED020A5FED220AB4EE48
:10176000E00AF1EE10FAD0DCD4ED090AB0EE600A1E
:101770000AF093FEDFED5E0AB4EEE00AF1EE10FA35
:10178000C3DCD4ED0A0AB0EE600A0AF086FEDFED93
:10179000580AB4EEE00AF1EE10FAB6DCD4ED0B0A0A
:1017A000B0EE600A0AF079FEDFED510AB4EEE00A0D
:1017B000F1EE10FAA9DC00BF94ED0F0ADFED4D0A3F
:1017C00080EE801A84ED081A002680E0FFF760FAA8
:1017D0009220FFF793FC062206A91220FFF76EFC69
:1017E000FFF74CFA9DF81900000200B29DF818109E
:1017F00040EA010500EE105AB8EEC00A3E48D0EDAE
:10180000000A20EE200AD4ED080A20EE200A84ED1A
:10181000000A94ED0C0ADFED390A20EE200AD4ED1F
:10182000000A9FED371A00EE810A84ED0C0A9DF83C
:101830001B00000200B29DF81A1040EA010500EEFC
:10184000105AB8EEC00A2C48D0ED000A20EE200A4B
:10185000D4ED080A20EE200A84ED010A94ED0D0A69
:10186000DFED260A20EE200AD4ED010A9FED241AAE
:1018700000EE810A84ED0D0A9DF81D00000200B201
:101880009DF81C1040EA010500EE105AB8EEC00A9F
:101890001948D0ED000A20EE200AD4ED080A20EE07
:1018A000200A84ED020A94ED0E0ADFED140A20EE00
:1018B000200AD4ED020A9FED121A00EE810A84ED8F
:1018C0000E0A1FED7B0A00F0E3FB701C86B20D4888
:1018D00000888642FFF67AAF08B0BDEC048B70BD7D
:1018E000420000243C000024CDCC1C41EC07002425
:1018F0000AD7233CC3F51C4130000024CDCC4C3F1B
:10190000CDCC4C3E6E00002400BF00F05DF8FCE73B
:101910002DE9F04104460D4616460022062104F149
:1019200070000AF01DFF0022082104F1A8000AF04F
:1019300017FF0022012104F58E700BF053FF28469B
:1019400009F0F0F9DFED1C0A9FED1C0A1C4A00218A
:10195000304607F067FB00270AE0B4F8A820AC2067
:10196000015B18480AF078FD01200BF00FFA7F1C8C
:101970000A2FF2DB00270AE0B4F870207420015B24
:1019800010480AF069FD01200BF000FA7F1C0A2FB5
:10199000F2DB00270BE04FF48E70025BB4F82411E9
:1019A00008480AF059FD01200BF0F0F97F1C0A2FBE
:1019B000F1DBBDE8F0810000000000000000B4424F
:1019C000D0DD00089C04002408B502E001200BF0E3
:1019D000DDF94C4890F890000028F7D04A4A4B496E
:1019E0004B48FFF795FF8BE0464A484948480AF0C4
:1019F000B5F84548474B434A44490090444809F0EC
:101A0000AFFD434890F8B00101283FD13F4890ED29
:101A10001E0AB0EE402ADFED401A9FED3F1ADFEDBF
:101A20003E0A9FED3D0A08213C480BF0A7F83C48D0
:101A300000680BF0ABF9354890ED1D0AB0EE402A76
:101A4000DFED351A9FED341ADFED330A9FED320AD0
:101A5000062132480BF092F8314800680BF096F9F5
:101A60002B4890ED480AB0EE402ADFED2B1A9FED8F
:101A70002A1ADFED290A9FED280A012127480BF0D9
:101A8000F5F8274800680BF081F939E0204890F814
:101A9000B001A8BB9FED202ADFED1F1A9FED1E1A93
:101AA000DFED1D0A9FED1C0A08211C480BF066F8AB
:101AB0001B4800680BF06AF99FED172ADFED161A34
:101AC0009FED151ADFED140A9FED130A0621134846
:101AD0000BF054F8124800680BF058F99FED0E2AED
:101AE000DFED0D1A9FED0C1ADFED0B0A9FED0A0AD0
:101AF00001210A480BF0BAF8094800680BF046F9D2
:101B000072E70000488100242883002478820024A2
:101B10002084002420010024000000009C040024F4
:101B20005401002400BF00F057F8FCE72DE9F04114
:101B300004460D4616460022062120460AF010FEF5
:101B40000022082104F138000AF00AFE00220121D7
:101B500004F1E0000BF046FE284609F0E3F8DFED63
:101B60001A0A9FED1A0A1A4A0021304607F05AFA5B
:101B7000002708E0228FA18F16480AF06DFC012093
:101B80000BF004F97F1C0A2FF4DB002708E0228801
:101B9000A18810480AF060FC01200BF0F7F87F1CC8
:101BA0000A2FF4DB00270AE0B4F8E020E820015B0C
:101BB00008480AF051FC01200BF0E8F87F1C0A2FBE
:101BC000F2DBBDE8F0810000000000000000B4423C
:101BD000DCDD0008FC03002408B502E001200BF066
:101BE000D5F84E4890F890000028F7D04C4A4D495F
:101BF0004D48FFF79BFF4D4A4D494E4807F022FEE6
:101C00008BE0464A474948480AF038FB44484A4B6B
:101C1000424A44490090444809F0C6FF424890F8BF
:101C2000B00101283FD13F4890ED1E0AB0EE402A96
:101C3000DFED421A9FED411ADFED400A9FED3F0AAA
:101C400008213F480AF09AFF3E4800680BF09EF8D2
:101C5000344890ED1D0AB0EE402ADFED381A9FEDB2
:101C6000371ADFED360A9FED350A062134480AF0AF
:101C700085FF344800680BF089F82B4890ED390A4D
:101C8000B0EE402ADFED2D1A9FED2C1ADFED2B0A66
:101C90009FED2A0A01212A480AF0E8FF2948006836
:101CA0000BF074F839E0204890F8B001A8BB9FED24
:101CB000232ADFED221A9FED211ADFED200A9FED86
:101CC0001F0A08211E480AF059FF1E4800680BF041
:101CD0005DF89FED1A2ADFED191A9FED181ADFED56
:101CE000170A9FED160A062115480AF047FF154806
:101CF00000680BF04BF89FED112ADFED101A9FEDF5
:101D00000F1ADFED0E0A9FED0D0A01210C480AF0B3
:101D1000ADFF0C4800680BF039F872E748810024E9
:101D2000D885002470830024208400246886002441
:101D300020860024B08600245C01002400000000FE
:101D4000FC0300241003002410B5024800F01AFF21
:101D500010BD00006406002410B5024800F012FF18
:101D600010BD0000DC0600240146374A0868904296
:101D700049D0354A18320868904244D0324A30324D
:101D8000086890423FD0304A4832086890423AD0C2
:101D90002D4A60320868904235D02B4A7832086864
:101DA000904230D0284A9032086890422BD0264A80
:101DB000A8320868904226D0244A0868904222D06F
:101DC000224A1832086890421DD0204A30320868F2
:101DD000904218D01D4A48320868904213D01B4ADE
:101DE0006032086890420ED0184A783208689042F3
:101DF00009D0164A90320868904204D0134AA8329B
:101E00000868904201D1012000E00020B0B10A78BA
:101E1000103A1823B2FBF3F000F007020C4B9A5C67
:101E2000CA65032805D90A686FF30902121D8A657D
:101E300003E00A686FF309028A6503E0086820F08E
:101E4000FF008865886D7047100002401004024052
:101E50005CDD000810B502682B4C0368A34222D059
:101E6000294C14340368A3421DD0274C283403683E
:101E7000A34218D0244C3C340368A34213D0224C14
:101E800050340368A3420ED01F4C64340368A3424D
:101E900009D01D4C78340368A34204D01A4C8C340A
:101EA0000368A34201D1012300E000238BB1037832
:101EB000083B1424B3FBF4F1144B03EB81030366DA
:101EC000124B8033436601F01F040123A340836655
:101ED00018E00378103B1824B3FBF4F10C4B9A4242
:101EE00004D80B4BA83B9A4200D30831094B03EBB3
:101EF00081030366074B8033436601F01F0401230F
:101F0000A340836610BD00000854025800580258D0
:101F1000B8040240000802400179A9B3082940D85A
:101F2000204B02689A4222D01E4B143302689A4218
:101F30001DD01C4B283302689A4218D0194B3C33F1
:101F400002689A4213D0174B503302689A420ED05F
:101F5000144B643302689A4209D0124B78330268FA
:101F60009A4204D00F4B8C3302689A4201D101226D
:101F700000E000224AB14A1E0B4B03EB8202C2660C
:101F8000094A4032026708E00BE04A1E074B03EBA8
:101F90008202C266054A403202674A1E012393400C
:101FA000436770470854025800590258000902401C
:101FB000014600208A69D2B98A6A32B1012A0DD05D
:101FC000022A03D0032A10D10EE000BFCA6A02F031
:101FD0008072B2F1807F00D1012007E0CA6AB2F1BD
:101FE000C07F00D1012001E000E000BF36E08A6937
:101FF000B2F5005F1BD18A6A32B1012A07D0022AEA
:1020000003D0032A11D10AE000BF01200EE0CA6A02
:1020100002F08072B2F1807F00D1012006E0CA6A2E
:10202000B2F1C07F00D1012000E000BF16E08A6A53
:1020300032B1012A05D0022A04D0032A0CD103E0D0
:1020400000BF00BF012008E0CA6A02F08072B2F14E
:10205000807F00D1012000E000BF00BF704700007A
:1020600008B5084840680090074900980968884208
:1020700004D206480068401C0449086002490098E0
:10208000086008BD001000E0C8030024C403002459
:102090000C494868F0EE400A00BF0A494968091A2D
:1020A00001EE101AF8EE411A074991ED001AB8EE48
:1020B000411A20EE811AF4EEC11AF1EE10FAECD3B7
:1020C00070470000001000E0B803002410B52DEDAB
:1020D000028B82B004460E48406801902068019946
:1020E000081A00EE100AF8EE400A0A4890ED000ABD
:1020F000B8EE400A80EE801AB0EE418A0198206066
:10210000FFF7AEFFB0EE480A02B0BDEC028B10BD87
:10211000001000E0B803002410B52DED028B00F094
:1021200059F80F4890ED000AB8EE400A808800EE9A
:10213000900AF8EE600A9FED0B1A00EE810A08483B
:10214000C08800EE900AF8EE600A9FED071A00EED4
:10215000810AB0EE408AB0EE480ABDEC028B10BD99
:10216000B00300246F12833ABD37863512490968DF
:1021700041F08071104A11600021104A51601146EF
:10218000096841F0010111600D4941430D4A116098
:10219000114609684FF47A72B1FBF2F10A4A1160F4
:1021A00008490968064AB1FBF2F1084A11600021AA
:1021B000074A116070470000FCED00E0001000E0ED
:1021C00040420F00B8030024BC030024C0030024D5
:1021D000C403002438B5294840680090FFF740FF49
:1021E000274800684FF0FF31A0FB01310098181814
:1021F00041F10001234A03C2234800232149026818
:1022000003C9FEF7DFF8214A03C220480CC81E4864
:1022100000680024A2FB001503FB005002FB04022F
:102220001848D0E90030591A60EB0200184AC2E998
:102230000010164800681749086017480023144921
:10224000026803C9FEF7BEF81249888008468088F4
:102250001149096841430E48D0E90030591A60F12C
:1022600000000E4AC2E900100D4800230B49026825
:1022700003C9FEF7A7F80749C88038BD001000E081
:10228000C4030024D0030024B8030024D80300248E
:10229000E0030024B0030024BC030024E80300246E
:1022A000C00300247047D2ED020A92ED021AB6EE86
:1022B000000A00EEC10AD2ED030A92ED031A00EE05
:1022C000C10AD0ED000A20EE200AD2ED010A92EDFB
:1022D000021A60EE810A92ED001AD2ED031A41EE65
:1022E000210A90ED011A00EE810AD2ED010A92ED69
:1022F000031A60EE810A92ED001AD2ED021A41EE45
:10230000610A90ED021A00EE810AF0EE000A20EE5A
:10231000200A81ED000A92ED010AD2ED020A20EEB8
:10232000200AD2ED000A92ED031A00EEC10AD0EDA8
:10233000000A60EE200A92ED011AD2ED011AB6EE03
:10234000000A01EE610AD2ED031A92ED032AB0EE03
:10235000401A01EEC21AD0ED011AB0EE600A01EE89
:10236000210AD2ED020A92ED031A60EE810A92ED83
:10237000001AD2ED011A41EE210A90ED021A00EE88
:10238000810AF0EE000A20EE200A81ED010A92EDAA
:10239000010AD2ED030A20EE200AD2ED000A92EDE6
:1023A000021A00EE810AD0ED000A20EE200AD2EDDA
:1023B000020A92ED031A60EE810A92ED001AD2ED44
:1023C000011A41EE610A90ED011A00EE810A92EDC8
:1023D000011AD2ED011AF6EE000A41EE610A92ED01
:1023E000021AD2ED021A41EE610A90ED021A00EED5
:1023F000810AF0EE000A20EE200A81ED020A704701
:1024000072B600BFFEE7000000B589B00020019061
:102410000290022003900120049000200590069075
:1024200001A9104801F065FC08B1FFF7E9FF0020A1
:1024300003460222114600900A4801F0AEFC08B1A2
:10244000FFF7DEFF00220121064801F0B5FB08B1CD
:10245000FFF7D6FF034802F06BFA08B1FFF7D0FF91
:1024600009B000BDFC03002410B5024801F0AEFD28
:1024700010BD0000FC03002400B589B000200190CD
:102480000120029002200390049000200590069005
:1024900001A9104801F02DFC08B1FFF7B1FF0020A1
:1024A00003460222114600900A4801F076FC08B16A
:1024B000FFF7A6FF00221021064801F07DFB08B1BE
:1024C000FFF79EFF034802F033FA08B1FFF798FFC9
:1024D00009B000BD9C04002410B5024801F076FD4F
:1024E00010BD00009C04002410B5024801F06EFDF0
:1024F00010BD00003C05002410B501464A6B086879
:10250000D0F884004FF6FC74A04340EA82000C68C7
:10251000C4F884000868D0F8840020F47F04088F91
:1025200044EA00400C68C4F88400886B02440868E0
:10253000D0F888004FF6FC74A04340EA82000C6893
:10254000C4F888000868D0F8880020F4FE04888F5A
:1025500044EA00400C68C4F88800C86B02EB4002F3
:102560000868D0F8A0004FF6FC74A04340EA82004F
:102570000C68C4F8A0000868D0F8A00020F4FE049D
:102580004020405A44EA00400C68C4F8A000D1E959
:10259000104004FB00220868D0F8B0004FF6FC742D
:1025A000A04340EA82000C68C4F8B0000868D0F884
:1025B000B00020F4FE04B1F8480044EA00400C6882
:1025C000C4F8B000D1E9124004FB00220868D0F83A
:1025D000AC004FF6FC74A04340EA82000C68C4F8DB
:1025E000AC00D1E9144004FB00220868D0F8F000E8
:1025F0004FF6FC74A04340EA82000C68C4F8F00077
:102600000868D0F8F00020F47C14B1F8580044EACF
:1026100000400C68C4F8F000886D02EB40020868C6
:10262000D0F8C0004FF6FC74A04340EA82000C686A
:10263000C4F8C0000868D0F8C00020F47C14B1F8D9
:102640005C0044EA00400C68C4F8C0000868D0F898
:10265000C00020F07C5491F8600044EA00600C68EF
:10266000C4F8C0002A4C486B04EB8000C866CC6EEE
:10267000886B04EB80040C670C6FC86B04EBC00420
:102680004C67D1E9100460434C6F04EB80048C6705
:10269000D1E9120460438C6F04EB8004CC67D1E96C
:1026A00014046043CC6F04EB8004802044504458F1
:1026B000886D04EBC004842044508C6EC86D604368
:1026C0008424645804EB8004882044508C6E086E87
:1026D00060438824645804EB8004902044504058A0
:1026E0000C4CA04209D99831486840F0200048605D
:1026F000032001F89809012010BDCB6E02E00020F4
:1027000018601B1D902040589842F8D80020F3E72D
:1027100000AC0040FCD300402DE9F04105461446D2
:102720001E46D1F804C0BCF1000F0AD1D1F810C088
:10273000D1F808804CEA080CB1F800804CEA8843D4
:102740000BE0D1F810C04CF0804CD1F808804CEA76
:10275000080CD1F800804CEA080391F82080D1F8E9
:102760001CC04CEA086CD1F818804CEA080CD1F86F
:1027700014804CEA080CD1F80C804CEA0807D5F814
:1027800068C00CFB06FCD5F8848008EB8C02136053
:10279000121D1760121D002019E000F1030C14F83F
:1027A0000CC04FEA0C6800F1020C14F80CC048EAA7
:1027B0000C4800F1010C14F80CC048EA0C2C14F879
:1027C00000804CEA080CC2F800C0121D001DDFF8A2
:1027D0001880D1F80CC008EB1C4C9CF800C0844554
:1027E000DBD8BDE8F081000064DD000870B5044668
:1027F0000CB9012070BD94F83500022803D0802068
:1028000060650120F6E7DC492068884249D0DA4952
:1028100018312068884244D0D74930312068884236
:102820003FD0D5494831206888423AD0D2496031FA
:102830002068884235D0D04978312068884230D02D
:10284000CD499031206888422BD0CB49A8312068EF
:10285000884226D0C9492068884222D0C749183109
:10286000206888421DD0C54930312068884218D080
:10287000C24948312068884213D0C049603120687D
:1028800088420ED0BD4978312068884209D0BB49C2
:1028900090312068884204D0B849A8312068884225
:1028A00001D1012000E00020F0B3042084F83500BD
:1028B000B149206888424BD0AF491831206888421E
:1028C00046D0AD4930312068884241D0AA494831CC
:1028D000206888423CD0A84960312068884237D0BF
:1028E000A54978312068884232D0A34990312068C8
:1028F00088422DD0A049A8312068884228D09F491D
:102900002068884224D09D491831206888421FD011
:102910009A493031206888421AD098494831206855
:10292000884215D0954900E020E060312068884257
:102930000ED0924978312068884209D08F49903171
:102940002068884204D08D49A8312068884206D189
:102950002068006820F001002168086009E1206813
:10296000006820F001002168086002E1206800682A
:1029700020F00E00216808607F492068884249D015
:102980007D4918312068884244D07B493031206825
:1029900088423FD078494831206888423AD0764909
:1029A00060312068884235D0734978312068884288
:1029B00030D071499031206888422BD06E49A831BF
:1029C0002068884226D06D492068884222D06B4911
:1029D0001831206888421DD068493031206888420B
:1029E00018D0664948312068884213D06349603165
:1029F000206888420ED0614978312068884209D029
:102A00005E4990312068884204D05C49A831206832
:102A1000884206D12068006820F001002168086023
:102A200005E02068006820F0010021680860524934
:102A30002068884270D050491831206888426BD095
:102A40004D4930312068884266D04B494831206872
:102A5000884261D048496031206888425CD046494C
:102A600078312068884257D04349903120688842A5
:102A700052D04149A831206888424DD03F49206852
:102A8000884249D03D4918312068884244D03B49AA
:102A90003031206888423FD0384948312068884228
:102AA0003AD0364960312068884235D03349783190
:102AB0002068884230D031499031206888422BD03C
:102AC0002E49A8312068884226D02D4920688842A6
:102AD00022D02B491431206888421DD02849283142
:102AE0002068884218D026493C312068884213D09B
:102AF00023495031206888420ED021496431206832
:102B0000884209D01E4978312068884204D01C4987
:102B10008C312068884201D1012000E00020D8B12A
:102B2000206E006820F48070216E0860A56D94F816
:102B30005C0000F01F01012088406860D4E9191092
:102B40004860E06E40B1E06E006820F48070E16E95
:102B50000860D4E91C104860012084F8350000BFEB
:102B6000002084F8340000BF206D10B12046216D94
:102B7000884700203EE6000010000240100402409A
:102B8000085402582DE9F84F044600200090FE48F2
:102B900000684FF41651B0FBF1FAA66DD4F85880D6
:102BA0003768D8F80090F9492068884249D0F74939
:102BB00018312068884244D0F44930312068884276
:102BC0003FD0F2494831206888423AD0EF4960311D
:102BD0002068884235D0ED4978312068884230D06D
:102BE000EA499031206888422BD0E849A831206812
:102BF000884226D0E6492068884222D0E44918312C
:102C0000206888421DD0E24930312068884218D0BF
:102C1000DF4948312068884213D0DD49603120689F
:102C200088420ED0DA4978312068884209D0D849E4
:102C300090312068884204D0D549A8312068884264
:102C400001D1012000E0002000287DD094F85C0034
:102C500000F01F01082088403840002868D0CB4988
:102C60002068884249D0C94918312068884244D038
:102C7000C6493031206888423FD0C4494831206875
:102C800088423AD0C14960312068884235D0BF4976
:102C900078312068884230D0BC4990312068884221
:102CA0002BD0BA49A8312068884226D0B84920687C
:102CB000884222D0B6491831206888421DD0B449D4
:102CC00030312068884218D0B149483120688842A4
:102CD00013D0AF496031206888420ED0AC497831BA
:102CE0002068884209D0AA4990312068884204D0DF
:102CF000A749A8312068884204D12068006800F004
:102D0000040003E02068006800F0080080B120683B
:102D1000006820F004002168086094F85C0000F06E
:102D20001F0108208840B060606D40F001006065C0
:102D300094F85C0000F01F01012088403840E8B39F
:102D400092492068884200E0B7E24BD08F491831A1
:102D50002068884246D08D4930312068884241D071
:102D60008A494831206888423CD0884960312068CF
:102D7000884237D0854978312068884232D08349EB
:102D80009031206888422DD08049A831206888423F
:102D900028D07F492068884224D07D491831206896
:102DA00088421FD07A493031206888421AD0784949
:102DB00048312068884215D0754900E026E060312E
:102DC000206888420ED0724978312068884209D044
:102DD0006F4990312068884204D06D49A83120683D
:102DE000884204D12068406900F0800002E0206839
:102DF0000068002050B194F85C0000F01F01012031
:102E00008840B060606D40F00200606594F85C003E
:102E100000F01F01042088403840E8B35B49206877
:102E200088424BD0594918312068884246D05749CA
:102E300030312068884241D0544948312068884266
:102E40003CD0524960312068884237D04F497831B0
:102E50002068884232D04D499031206888422DD078
:102E60004A49A8312068884228D0494920688842C8
:102E700024D047491831206888421FD04449303156
:102E8000206888421AD0424948312068884215D0CB
:102E90003F496031206800E024E088420ED03C4980
:102EA00078312068884209D03949903120688842B9
:102EB00004D03749A8312068884204D120680068CE
:102EC00000F0020002E020680068002050B194F891
:102ED0005C0000F01F0104208840B060606D40F08D
:102EE0000400606594F85C0000F01F011020884029
:102EF0003840E8B325492068884251D02349183129
:102F0000206888424CD0214930312068884247D01F
:102F10001E4948312068884242D01C4960312068EF
:102F200088423DD0194978312068884238D0174905
:102F300090312068884233D01449A83120688842F3
:102F40002ED01349206888422AD0114918312068B0
:102F5000884225D00E4930312068884220D00C4963
:102F60004831206888421BD009496031206800E060
:102F70004DE0884214D006497831206888420FD04D
:102F800003499031206805E0280000241000024029
:102F900010040240884203D0FE492068884204D1D0
:102FA0002068006800F0080003E02068006800F076
:102FB000040060B394F85C0000F01F01102088400A
:102FC000B0602068006800F4802080B1206800684C
:102FD00000F4002028B9206CC8B12046216C884735
:102FE00015E0A06C98B12046A16C88470FE02068DE
:102FF000006800F4807028B92068006820F008009C
:1030000021680860206C10B12046216C884794F834
:103010005C0000F01F0120208840384000287DD04F
:10302000DD492068884249D0DB4918312068884250
:1030300044D0D9493031206888423FD0D649483100
:10304000206888423AD0D44960312068884235D01F
:10305000D14978312068884230D0CF4990312068FA
:1030600088422BD0CC49A8312068884226D0C94953
:10307000A8392068884221D0C64990392068884202
:103080001CD0C44978392068884217D0C1496039BA
:103090002068884212D0BF494839206888420DD044
:1030A000BC4930392068884208D0BA4918392068AC
:1030B000884203D0B7492068884204D1206800685C
:1030C00000F0100003E02068006800F0020028B360
:1030D00094F85C0000F01F0120208840B06094F854
:1030E000350004282DD12068006820F016002168E2
:1030F00008602068406920F0800021684861206CE9
:1031000008B9A06C28B12068006820F00800216888
:10311000086094F85C0000F01F0100E03FE03F20F1
:103120008840B060012084F8350000BF002084F89A
:10313000340000BF206D10B12046216D8847BDE8E6
:10314000F88F2068006800F4802080B12068006853
:1031500000F4002028B9606C08B32046616C8847F1
:103160001DE0E06BD8B12046E16B884717E020688E
:10317000006800F4807068B92068006820F01000D2
:1031800021680860012084F8350000BF002084F821
:10319000340000BFE06B10B12046E16B8847606DE2
:1031A00000287AD0606D00F00100E8B3042084F8B4
:1031B00035007949206888424BD07749183120681A
:1031C000884246D0744930312068884241D07249E3
:1031D0004831206888423CD06F496031206888427D
:1031E00037D06D4978312068884232D06A499031B1
:1031F000206888422DD06849A8312068884228D0AC
:103200006449A8392068884223D0624990392068EF
:1032100088421ED05F4978392068884219D05D49BC
:1032200060392068884200E040E012D059494839AE
:10323000206888420DD0574930392068884208D02C
:10324000544918392068884203D05249206888427E
:1032500006D12068006820F001002168086005E0C0
:103260002068006820F001002168086000BF009815
:10327000401C0090504500D905E02068006800F02F
:1032800001000028F3D100BF2068006800F00100B1
:1032900020B1032084F8350003E00DE0012084F81C
:1032A000350000BF002084F8340000BFE06C002827
:1032B00002D02046E16C8847D9E13849206888422D
:1032C00022D036491431206888421DD03349283134
:1032D0002068884218D031493C312068884213D098
:1032E0002E495031206888420ED02C496431206824
:1032F000884209D0294978312068884204D027497A
:103300008C312068884201D1012000E00020002893
:10331000D2D02068056894F85C0000F01F010420FA
:10332000884000EA0900D8B305F00400C0B394F85F
:103330005C0000F01F0104208840C8F8040005F478
:10334000004080B105F4803030B9A06C0028B3D0C3
:103350002046A16C88478AE1206C0028ACD020462A
:10336000216C884783E105F02000E8BB0A4920680A
:10337000884253D008491831206888424ED0064907
:1033800030312068884249D003494831206888425A
:1033900044D006E0B804024010000240085402582D
:1033A0004FE0B44960312068884237D0B149783164
:1033B0002068884232D0AF499031206888422DD0B1
:1033C000AC49A8312068884228D0AB49206888429F
:1033D00024D0A9491831206888421FD0A64930312D
:1033E000206888421AD000E025E0A34948312068CF
:1033F000884213D0A0496031206888420ED09E498F
:1034000078312068884209D09B49903120688842F1
:1034100004D09949A8312068884206D12068006804
:1034200020F008002168086005E02068006820F0AE
:10343000040021680860206C10B32046216C884786
:1034400015E194F85C0000F01F010220884000EABA
:103450000900E8B305F00200D0B394F85C0000F076
:103460001F0102208840C8F8040005F4004070B134
:1034700005F4803028B9606C10B12046616C884733
:10348000F5E0E06BF0B32046E16B8847EFE005F034
:103490002000C0BB7749206888424ED0754918315A
:1034A0002068884249D0734930312068884244D02E
:1034B00070494831206888423FD06E4960312068A9
:1034C00088423AD06B4978312068884235D000E094
:1034D0004EE068499031206888422ED06549A83175
:1034E0002068884229D064492068884225D06249F2
:1034F00018312068884220D05F49303120688842E6
:103500001BD001E06EE02DE05B4948312068884225
:1035100013D059496031206888420ED0564978311D
:103520002068884209D0544990312068884204D0EC
:103530005149A8312068884206D12068006820F0EF
:1035400014002168086005E02068006820F00A0087
:1035500021680860012084F8350000BF002084F84D
:10356000340000BFE06BE8B32046E16B88477EE0A3
:1035700094F85C0000F01F010820884000EA090070
:1035800080B305F0080068B33A49206888424BD000
:10359000384918312068884246D036493031206891
:1035A000884241D033494831206888423CD0314973
:1035B00060312068884237D02E49783120688842AF
:1035C00032D02C499031206888422DD02949A83129
:1035D0002068884228D028492068884224D026497B
:1035E000183100E043E0206888421DD02249303184
:1035F0002068884218D0204948312068884213D07A
:103600001D496031206888420ED01B4978312068FE
:10361000884209D0184990312068884204D0164960
:10362000A8312068884206D12068006820F01C007C
:103630002168086005E02068006820F00E0021681D
:10364000086094F85C0000F01F0101208840C8F871
:1036500004000120606584F8350000BF002084F874
:10366000340000BFE06C10B12046E16C884700BF19
:1036700065E5000010000240100402402DE9F04111
:10368000044601F07FFA804614B90120BDE8F081BC
:10369000FE492068884249D0FC4918312068884298
:1036A00044D0FA493031206888423FD0F749483148
:1036B000206888423AD0F54960312068884235D088
:1036C000F24978312068884230D0F0499031206842
:1036D00088422BD0ED49A8312068884226D0EC4999
:1036E0002068884222D0EA491831206888421DD0DB
:1036F000E74930312068884218D0E54948312068D0
:10370000884213D0E2496031206888420ED0E049F7
:1037100078312068884209D0DD499031206888429C
:1037200004D0DB49A8312068884201D1012000E0A3
:103730000020002873D0606A00B100BF022084F826
:10374000350000BF002084F8340000BFCF49206856
:10375000884249D0CD4918312068884244D0CB49AD
:103760003031206888423FD0C849483120688842BB
:103770003AD0C64960312068884235D0C349783193
:103780002068884230D0C1499031206888422BD0CF
:10379000BE49A8312068884226D0BD4920688842A9
:1037A00022D0BB491831206888421DD0B849303139
:1037B0002068884218D0B64948312068884213D022
:1037C000B3496031206888420ED0B1497831206811
:1037D000884209D0AE4990312068884204D0AC4973
:1037E000A8312068884206D12068006820F00100D6
:1037F0002168086005E02068006820F00100216869
:1038000008600DE001F0BEF9A0EB0800052807D91B
:1038100020206065032084F83500012036E769E048
:103820002068006800F001000028EBD120680568DE
:1038300098480540D4E902010843216908436169B9
:103840000843A1690843E1690843216A0843054325
:10385000606A042803D1D4E90B010843054360687A
:10386000292802D360682E2817D960683F2802D320
:103870006068422811D96068472802D360684828E8
:103880000BD960684F2802D36068522805D9606858
:10389000742804D36068772801D8012000E0002054
:1038A00008B145F48015206805602068456925F059
:1038B0000705606A0543606A04280DD1A06A0543C4
:1038C000E06A48B12046FEF773FB28B140206065EE
:1038D000012084F83500D9E6206845612046FEF7CE
:1038E00043FA064694F85C0000F01F013F20884030
:1038F000B0609EE068492068884222D06649143151
:10390000206888421DD0644928312068884218D038
:1039100061493C312068884213D05F4950312068AA
:1039200088420ED05C4964312068884209D05A49E7
:1039300078312068884204D057498C312068884209
:1039400001D1012000E00020E0B353492068884203
:1039500022D051491431206888421DD04E49283167
:103960002068884218D04C493C312068884213D0E6
:1039700049495031206888420ED047496431206857
:10398000884209D0444978312068884204D04249AD
:103990008C312068884201D1012000E0002000B174
:1039A00000BF022084F8350000BF002084F83400F6
:1039B00000BF2068056839480540A068402802D14A
:1039C000102106E02EE0A068802801D1C10100E0AE
:1039D0000021E06841EAD001206941EAD001606934
:1039E00041EAD001A06941EAD001E06941EAD00191
:1039F000206A41EA101005432068056026492068C6
:103A0000401A1421B0FBF1F08000E0652046FEF77B
:103A1000ABF9074694F85C0000F01F0101208840D4
:103A2000786006E040206065032084F835000120BE
:103A30002CE61649206888427AD01449183120684B
:103A4000884275D0114930312068884270D00F49C2
:103A50004831206888426BD00C4960312068884228
:103A600066D00A4978312068884261D00749903190
:103A7000206888425CD00549A8312068884257D028
:103A800003492068884253D0014909E010000240F0
:103A9000100402403F8010FE085402580F00FEFF41
:103AA00018312068884243D03749206888423FD087
:103AB00035491831206888423AD03349303120687E
:103AC000884235D0304948312068884230D02E496C
:103AD0006031206888422BD02B4978312068884299
:103AE00026D02A492068884222D0284914312068EB
:103AF00088421DD0254928312068884218D02349A2
:103B00003C312068884213D02049503120688842D7
:103B10000ED01E4964312068884209D01B49783193
:103B20002068884204D019498C312068884201D12C
:103B3000012000E0002000B32046FEF78BF9A068CA
:103B4000802801D1002060602079216E0860D4E9CE
:103B500019104860606860B16068082809D820467C
:103B6000FEF7DAF90020E16E0860D4E91C10486025
:103B700003E00020E06620676067002060650120A8
:103B800084F83500002081E54004024008540258C2
:103B900070B5044600F0F6FF06462546681C10B1D5
:103BA00004480078054400BF00F0ECFF801BA842E9
:103BB000FAD370BD2400002430B5034693F8984032
:103BC000012C01D0022C3ED11868806D084030B91C
:103BD0001868C06D40F001001D68E8650EE01868C7
:103BE000806D0840884206D11868C06D40F0020020
:103BF0001D68E86502E003201D68E86501F40070B7
:103C000030B11868D0F8E00010431D68C5F8E00036
:103C100001F4806030B11868D0F8E40010431D68EA
:103C2000C5F8E40000BF1868406D0B4D0D402843F7
:103C30001D6868650948006840EA9170074D286072
:103C400000BF002030BDD3F89C0040F00200C3F854
:103C50009C000120F6E70000FFFFCF3F14A80040C2
:103C60002DE9F04104460E461746706800B900E0A1
:103C700000BF94F89800022832D12068D0F8C00024
:103C800000F07C5040B9D4F89C0040F02000C4F80B
:103C90009C000120BDE8F0812068D0F8C40000F449
:103CA000001038B1D4F89C0040F40070C4F89C00B7
:103CB0000120EFE72068D0F8C400C0F304452B468C
:103CC0003A4631462046FEF727FD0120A8402168EC
:103CD000C1F8D0000120A840C4F894000020D9E722
:103CE000D4F89C0040F00800C4F89C000120D1E703
:103CF0007047F0B5024692F89860012E01D0022E6E
:103D000043D1C868072800D100BF086818BBC8683D
:103D1000072800D000BFC86807280BD1088A4FF0D9
:103D2000605747EA0040CF6940EA07208F6940EAC0
:103D300007040AE0087A80070F7B40EAC7600F8A11
:103D400040EA07404F6940EA0704D76E486807EB2E
:103D500080031C6017E0C868072800D000BF0F7BF5
:103D6000086940EA4774C868072801D18D6903E0F3
:103D70000F7A486940EA8775176F486807EBC003F8
:103D80001C601B1D1D600020F0BDD2F89C0040F09F
:103D90000200C2F89C000120F6E770B50446049DBD
:103DA00094F8980001280AD1080140EA820040EA0C
:103DB000430028432668C6F88000002070BDD4F870
:103DC0009C0040F00400C4F89C000120F6E7704716
:103DD000704700002DE9F04304460D469C46002341
:103DE00094F89880B8F1020F74D1402D38D1206832
:103DF000D0F8A00000F4FE0040B9D4F89C0040F0D8
:103E00002000C4F89C000120BDE8F0832068D0F8B1
:103E1000A40000F07F0038B9D4F89C0040F4807012
:103E2000C4F89C000120EFE72068D0F8A400C0F39C
:103E3000006040B12068D0F8A0004FF00049B9EB15
:103E4000D07F00D101232068D0F8A400C0F3052062
:103E50000344606C5843D4F8749009EB80014BE044
:103E6000412D38D12068D0F8B00000F4FE0038B9F8
:103E7000D4F89C0040F02000C4F89C000120C3E767
:103E80002068D0F8B40000F07F0038B9D4F89C0066
:103E900040F48070C4F89C000120B5E72068D0F899
:103EA000B400C0F3006040B12068D0F8B0004FF01B
:103EB0000049B9EBD07F00D101232068D0F8B400CD
:103EC000C0F305200344E06C5843D4F8789009EB24
:103ED000800111E06EE0206DA84207D8D4F89C0064
:103EE00040F02000C4F89C0001208DE7606D68431D
:103EF000D4F87C9009EB8001086800F080405060A5
:103F0000506820B90868C0F38A40106003E0086870
:103F100020F060401060086800F000509060086871
:103F200000F000401061091D088880B2D061086867
:103F300000F47020D060086800F4801050610868B8
:103F400000F4001090610868C0F306601062086811
:103F5000C00F5062091D0F46002603E0B85D0CF843
:103F60000600761CDFF85C90D06809EB1040007802
:103F7000B042F3D8402D03D12068C0F8A83017E034
:103F8000412D03D12068C0F8B83011E0202D06D2B1
:103F90000120A840D4F80090C9F8980008E005F086
:103FA0001F09012000FA09F0D4F80090C9F89C001C
:103FB000002029E7D4F89C0040F00800C4F89C00D9
:103FC000012021E764DD0008704700002DE9F04F73
:103FD0008DB00446EF4800688707EE48001D006872
:103FE00007EA80772068006D00F470482068406D13
:103FF00000EA08082068006D00F00F092068406D95
:1040000000EA09092068006D00F0F00A2068406DA0
:1040100000EA0A0A2068006D00F0715B2068406DBC
:1040200000EA0B0B2068006D00F060700C902068B7
:10403000406D0C9908400C902068456D2068066D15
:10404000C5F3002070B1C6F3002058B100BF4FF493
:104050008070216808650020CE49086000BF2046B6
:10406000FFF7B2FFC5F38020C8B1C6F38020B0B11E
:104070002068D0F8DC000A902068D0F8E4000A99A3
:1040800008400A9000BF4FF4806021680865002056
:10409000C049086000BF20460A9900F069FC67B17A
:1040A00000BFBD48384021680865B80FB9490860AD
:1040B00000BF39462046FFF71BFEB8F1000F0ED0B7
:1040C00000BFB54808EA0000216808654FEA98700B
:1040D000B049086000BF4146204600F04BFCB9F1F2
:1040E000000F0ED000BFAC4809EA00002168086547
:1040F0004FEA9970A749086000BF4946204600F082
:104100009BFBBAF1000F0ED000BFA3480AEA0000E3
:10411000216808654FEA9A709E49086000BF5146C1
:10412000204600F0C7FBC5F3C02070B1C6F3C02025
:1041300058B100BF4FF40060216808650020954920
:10414000086000BF204600F016FCC5F34020C8B14F
:10415000C6F34020B0B12068D0F8D8000B9020689A
:10416000D0F8E0000B9908400B9000BF4FF40070AE
:104170002168086500208749086000BF20460B9928
:1041800000F0F7FBC5F3C04070B1C6F3C04058B1B2
:1041900000BF4FF400202168086500207D490860B9
:1041A00000BF204600F046FBC5F3004070B1C6F3E7
:1041B000004058B100BF4FF48030216808650020EE
:1041C0007449086000BF204600F0D1FBC5F3804071
:1041D00070B1C6F3804058B100BF4FF48020216811
:1041E000086500206B49086000BF204600F0BEFB58
:1041F000C5F3404088B1C6F3404070B100BF4FF4F2
:1042000000302168086500206249086000BFD4F8CA
:104210009C0040F08000C4F89C000C9870B100BF76
:104220005D490C980840216808650C98800F594931
:10423000086000BF20460C99FFF7CAFDBBF1000FD4
:1042400010D000BF54480BEA0000216808654FEA0F
:104250009B705049086000BFD4F89C0040EA0B00F6
:10426000C4F89C004D49206888427DD16068806810
:1042700000F00300002877D06068006A00F00F00AB
:1042800009906068406A0999084009906068006A6E
:1042900000F0300008906068406A08990840089073
:1042A0006068006A00F4C07007906068406A07990F
:1042B000084007906068006A00F4FC40069060685F
:1042C000406A0699084006906068006A00F4F02091
:1042D00005906068406A0599084005906068406AEA
:1042E00002906068006A0190099830B1099861688D
:1042F00008622046099900F036FB089830B108980A
:10430000616808622046089900F02FFB0298C0F30C
:104310008010A0B10198C0F3801080B16068C06BBC
:10432000000C04906068C06B00F03F0003904020D8
:10433000616808622046DDE9032100F015FB07985B
:1043400030B10798616808622046079900F00AFBBF
:10435000069840B1069861680862D4F89C000699F6
:104360000843C4F89C0000E00AE0059840B10598B5
:1043700061680862D4F89C0005990843C4F89C0061
:10438000D4F89C0010B12046FFF721FD0DB0BDE828
:10439000F08F000010A80040FFFFCF3F00A00040BA
:1043A00070B594B004464C22B34901A8FCF73BF821
:1043B00014B9012014B070BDB0492068884203D1FF
:1043C000206800F580706060A068B0F5407F00D183
:1043D00000BF206C00B100BFA06C00B100BF206D19
:1043E00000B100BF206E00B100BFD4E9171008442F
:1043F00000B100BF94F8980028B9002084F8990013
:10440000204600F03DF92068806920F01000216806
:10441000886100F0B7FB05460EE000F0B3FB401BDF
:104420000A2809D99834606840F0010060600320D0
:1044300004F898090120BDE72068806900F00800B1
:104440000828EAD02068806940F00100216888616E
:1044500000F098FB05460EE000F094FB401B0A2894
:1044600009D99834606840F001006060032004F8C6
:10447000980901209EE72068806900F0010000286B
:10448000EAD02068806940F0020021688861207CC1
:10449000012806D12068806920F0400021688861E9
:1044A00005E02068806940F0400021688861607CF8
:1044B000012806D12068806940F480402168886125
:1044C00005E02068806920F4804021688861A07C34
:1044D000012806D12068806920F480502168886115
:1044E00005E02068806940F4805021688861206878
:1044F000806920F44070A1680843216888612068C1
:10450000806920F0A400216888612068006920F09B
:10451000100021680861E068012806D120688069E0
:1045200040F004002168886120E0E068F0B1E068B4
:10453000022815D02068806940F0800021688861D9
:104540002068006940F0100021680861E0680328D5
:104550000CD12068806940F020002168886105E066
:104560002068806940F0200021688861207E401E1C
:104570004106E069401E41EA0020216A491E0843C5
:10458000A18A491E40EA01402168C861A068B0F5CF
:10459000407F0FD1A06A401EE16A491E40EA012116
:1045A000206B401E41EA0011A08C401E41EA0040F1
:1045B0002168C860206E38B12068D0F8C000616EF4
:1045C00008432168C1F8C000D4E91710084460B15D
:1045D0002068D0F8C80020F0070001AAA16E52F8A8
:1045E000211008432168C1F8C800206C60B1206820
:1045F000D0F8BC0020F0070001AA616C52F821102D
:1046000008432168C1F8BC00A06C68B12068D0F8EC
:10461000BC0020F0700101AAE06C52F8200041EAD1
:1046200000102168C1F8BC00206D68B12068D0F886
:10463000BC0020F4E06101AA606D52F8200041EA5C
:1046400000202168C1F8BC000C492068884205D1CF
:104650006068806820F0030061688860002044F88A
:10466000940FA06001202071943C2046FDF744FF88
:10467000064630469EE6000074DD000800A00040BB
:1046800010B586B00446142101A8FBF7E5FE624987
:10469000206888423CD161480068401C5F4908603E
:1046A0000846006801280DD100BF5D48006840F44D
:1046B00080705B4908600846006800F480700090D4
:1046C00000BF00BF00BF56480C38006840F008002B
:1046D00053490C3908600846006800F00800009053
:1046E00000BF00BF03200190022002900020039031
:1046F00004900920059001A94A4800F03DF90022E4
:104700000621132000F0FCFA132000F0E5FA81E006
:104710004549206888423CD140480068401C3F49D8
:1047200008600846006801280DD100BF3C480068B9
:1047300040F480703A4908600846006800F48070D0
:10474000009000BF00BF00BF35480C38006840F043
:10475000020033490C3908600846006800F0020086
:10476000009000BF00BF6020019002200290002056
:10477000039004900920059001A92C4800F0FCF852
:1047800000220521142000F0BBFA142000F0A4FA46
:1047900040E02749206888423CD120480068401CFE
:1047A0001E4908600846006801280DD100BF1C485A
:1047B000006840F480701A4908600846006800F4F8
:1047C0008070009000BF00BF00BF15480C38006823
:1047D00040F0080012490C3908600846006800F0F3
:1047E0000800009000BF00BF4FF44050019002202D
:1047F00002900020039004900520059001A909482B
:1048000000F0BAF8002205219F2000F079FA9F20DD
:1048100000F062FA06B010BD00A0004018000024AD
:10482000EC440258000C025800A400400004025856
:1048300000D400407047000070B504460D4605F0F6
:10484000010070B31749206888422AD140211648D8
:10485000FBF702FE144B154A40212046FFF7BAFA37
:104860001248006898B1032802D0042817D106E046
:104870000E480D49C2680E4807F04EFD10E00B4887
:104880000949C2680A48383007F046FD08E0074881
:104890000549C2680648E03007F08CFD00E000BF23
:1048A00000BF70BD00A000408888002460880024FC
:1048B0002084002470B504460D4605F0100070B346
:1048C0001749206888422AD140211648FBF7C4FDC9
:1048D000144B154A41212046FFF77CFA1248006824
:1048E00098B1032802D0042817D106E00E480D49DC
:1048F000C2680E4807F010FD10E00B480949C26875
:104900000A48383007F008FD08E007480549C26842
:104910000648AC3007F04EFD00E000BF00BF70BDA0
:1049200000A40040F0880024C8880024908400245B
:10493000014691F8980001280CD1022081F89800D6
:104940000868806920F001000A6890610020C1F8C1
:104950009C007047D1F89C0040F00400C1F89C0016
:104960000120F6E7704770477047704770477047FF
:104970007047704770477047F8B502460B460021F4
:104980006D4DD2E001278F401E6806EA0704002C17
:1049900072D01E7906F00306012E04D01E7906F0AF
:1049A0000306022E13D190684F000326BE40B04389
:1049B0004F00DE68BE4030439060506801268E4054
:1049C000B0431E79C6F300168E40304350601E7906
:1049D00006F00306032E09D0D0684F000326BE4020
:1049E000B0434F009E68BE403043D0601E7906F051
:1049F0000306022E13D1CF0802F1200656F8270035
:104A00004E07F70E0F26BE40B0434F07FF0E1E693C
:104A1000BE403043CF0802F1200646F82700106858
:104A20004F000326BE40B0431E7906F003064F0038
:104A3000BE40304310605E6806F44036002E73D0EE
:104A400000BF3E4E366846F002063C4F3E603E4692
:104A5000366806F00206009600BF00BF384E8F0889
:104A600056F827008E07370F0F26BE40B043354E4D
:104A7000B24202D1002629E056E0334EB24201D1C3
:104A8000012623E0314EB24201D102261EE0304E13
:104A9000B24201D1032619E02E4EB24201D10426C2
:104AA00014E02D4EB24201D105260FE02B4EB2424A
:104AB00001D106260AE02A4EB24201D1072605E0BE
:104AC000284EB24201D1092600E00A268F073F0F87
:104AD000BE4030431A4E8F0846F827004FF0B046CC
:104AE0003068A0435E6806F4801606B120434FF09C
:104AF000B04630607068A0435E6806F4001606B1E8
:104B000020434FF0B04670606868A0435E6806F4CA
:104B1000003606B1204368602868A0435E6806F44A
:104B2000803606B120432860491C1E68CE40002E06
:104B30007FF428AFF8BD000080000058F44402580C
:104B400008040058000002580004025800080258E7
:104B5000000C0258001002580014025800180258A5
:104B6000001C025800240258024613690B400BB186
:104B7000012000E0002070470AB1816101E00B04D0
:104B80008361704701480068704700001C000024E2
:104B900003480068034909780844014908607047E0
:104BA0001C0000242400002410B5032000F0E6F8C7
:104BB00001F08AF910490968C1F303210F4A515CD9
:104BC00001F01F0120FA01F40B48006800F00F000B
:104BD0001146085C00F01F0024FA00F00849086044
:104BE000084804600F2000F00FF808B1012010BD44
:104BF00000F05AF80020FAE718440258C0DD000817
:104C00002C00002428000024F0B58BB00446102CA2
:104C10000AD2002221461C2000F072F81C2000F06D
:104C20005BF81D48046002E001200BB0F0BD00BF3E
:104C30001A48006840F001001849086008460068FA
:104C400000F00100019000BF00BF02A903A801F01D
:104C5000CDF8089E1EB901F025F9054602E001F0E5
:104C600021F945000E48B5FBF0F0471E4FF080409B
:104C70000C49086040F2E7310A48C16047600021F2
:104C80000161816002F0BEFA18B9064802F0F2FA3A
:104C9000CBE70120C9E7000020000024E8440258C7
:104CA00040420F00A007002408B500BF0948006873
:104CB00040F00200074908600846006800F0020062
:104CC000009000BF00BF00220F21901E00F018F8D6
:104CD00008BD0000F44402580146084600280DDBD8
:104CE00000BF00BF00F01F0301229A4043099B0050
:104CF00003F1E023C3F8002100BF00BF00BF7047ED
:104D00002DE9F05F80460D46164606F03BF8074653
:104D100039462A46334601F00700C0F1070ABAF1C6
:104D2000040F02D94FF0040A01E0C0F1070AD1468E
:104D300000F1040ABAF1070F02D24FF0000A01E0B5
:104D4000A0F1030AD4464FF0010A0AFA09FAAAF1BF
:104D5000010A0AEA020A0AFA0CFA4FF0010B0BFAEE
:104D60000CFBABF1010B0BEA030B4AEA0B042146E7
:104D7000404606F00FF8BDE8F09F000000BF00F0CD
:104D80000702064B19684FF6FF031940044B0B430B
:104D900043EA0221014B196000BF70470CED00E0AF
:104DA0000000FA0570B5044615480068C0F380009D
:104DB00048B91348006800F00700A04201D0012064
:104DC00070BD0020FCE70E48006820F0070020437B
:104DD0000B490860FFF7D6FE054607E0FFF7D2FE55
:104DE000401BB0F57A7F01D90120E9E70448083873
:104DF0000068C0F340300028F0D00020E0E7000059
:104E00000C4802582DE9F04104460025A8464FF011
:104E10000062D4E900101140002013465940404080
:104E2000014331D1606E48B1B0F5801F0DD0B0F5AF
:104E3000001F11D0B0F5401F16D114E0FE480068E5
:104E400040F40030FC49086010E0022104F1080041
:104E500004F046FD054609E0022104F1280004F0B3
:104E6000F1FD054602E001E0012500BF00BF55B994
:104E7000F1482430006820F44010616E0843EE4988
:104E80002431086000E0A8464FF48072D4E9001095
:104E90001140002013465940404001432ED1A06DDF
:104EA00005281BD2DFE800F0030A11181900E248B8
:104EB000006840F40030E049086011E0002104F18E
:104EC000080004F00DFD05460AE0002104F1280069
:104ED00004F0B8FD054603E002E001E0012500BF53
:104EE00000BF55B9D4482430006820F00700A16DF8
:104EF0000843D1492431086000E0A8464FF480629D
:104F0000D4E90010114000201346594040400143AD
:104F10003DD1D4F8A400B0F5C00F24D007DC68B1AF
:104F2000B0F5001F11D0B0F5800F1FD114E0B0F51F
:104F3000000F19D0B0F5200F18D116E0BE48006858
:104F400040F40030BC49086012E0002104F1080080
:104F500004F0C6FC05460BE0002104F1280004F033
:104F600071FD054604E003E002E001E0012500BF19
:104F700000BF5DB9B0482C30006820F46000D4F860
:104F8000A4100843AC492C31086000E0A8464FF457
:104F90000062D4E900011040002113465840494006
:104FA00008433DD1D4F8A800B0F1407F24D007DCFD
:104FB00068B1B0F1807F11D0B0F1007F1FD114E053
:104FC000B0F1806F19D0B0F1A06F18D116E09A48F7
:104FD000006840F400309849086012E0002104F1B4
:104FE000080004F07DFC05460BE0002104F12800D8
:104FF00004F028FD054604E003E002E001E001259D
:1050000000BF00BF5DB98C482C30006820F0E06024
:10501000D4F8A810084388492C31086000E0A8465D
:105020004FF00073D4E9001019400020594040406F
:10503000014328D1E06CA8B1102804D0202809D061
:10504000302810D10DE07C48006840F400307A49E7
:1050500008600AE0022104F1080004F041FC054662
:1050600003E002E001E0012500BF00BF55B972482E
:105070002030006820F03000E16C08436E49203198
:10508000086000E0A8464FF48053D4E900101940AE
:10509000002059404040014337D1E06DB0F5005F3A
:1050A0001AD004DC50B1B0F5805F1ED10DE0B0F530
:1050B000405F18D0B0F5804F17D115E05E4800680A
:1050C00040F400305C49086011E0002104F1080060
:1050D00004F006FC05460AE0002104F1280004F073
:1050E000B1FC054603E002E001E0012500BF00BF7E
:1050F00055B951482430006820F4E040E16D084380
:105100004D492431086000E0A8464FF40053D4E92B
:1051100000101940002059404040014335D1206E15
:10512000B0F5403F1ED007DC68B1B0F5803F0BD032
:10513000B0F5003F19D10EE0B0F5802F13D0B0F5D7
:10514000A02F12D110E012E0012104F1080004F0B8
:10515000C7FB05460BE0012104F1280004F072FCB6
:10516000054604E003E002E001E0012500BF00BFC6
:1051700055B931482430006820F4E020216E0843FE
:105180002D492431086000E0A8464FF48042D4E95C
:10519000000110400021134658404940084337D1D0
:1051A000D4F8AC00B0F1405F1ED007DC68B1B0F1BC
:1051B000805F0BD0B0F1005F19D10EE0B0F1804FED
:1051C00013D0B0F1A04F12D110E012E0012104F190
:1051D000080004F085FB05460BE0012104F12800DE
:1051E00004F030FC054604E003E002E001E00125A4
:1051F00000BF00BF5DB910482C30006820F0E040CF
:10520000D4F8AC1008430C492C31086000E0A846E3
:105210004FF40043D4E900011840002158404940B0
:1052200008432AD1E06EB8B1B0F1805F06D0B0F18A
:10523000005F12D109E000002C440258F9480068D0
:1052400040F40030F749086009E0012104F108004A
:1052500004F046FB054602E001E0012500BF00BF67
:1052600055B9F0482430006820F04050E16E084302
:10527000EC492431086000E0A8464FF08073D4E97F
:1052800000101940002059404040014328D1A06C33
:10529000A8B1012804D0022809D0032810D10DE0BC
:1052A000E048006840F40030DE4908600AE002216E
:1052B00004F1080004F014FB054603E002E001E0FD
:1052C000012500BF00BF55B9D6482030006820F046
:1052D0000300A16C0843D3492031086000E0A846D0
:1052E0004FF48003D4E90010194000205940404099
:1052F00001437DD1CC48006840F48070CA49086001
:10530000FFF740FC064606E0FFF73CFC801B6428E4
:1053100001D9032505E0C448006800F48070002826
:10532000F2D000BF85BBBF484430006800F4407035
:10533000B4F8B01001F44071884213D0B948443039
:10534000006820F44077B7484430006840F480306B
:10535000B449443108600846006820F48030086091
:1053600008460760D4F8B000B0F5807F15D1FFF78C
:1053700009FC064609E0FFF705FC801B41F2883175
:10538000884202D9032507E038E0A6484430006887
:10539000C0F340000028EED000BF55BB00BFB4F8FA
:1053A000B00000F44070B0F5407F0ED19D481C382D
:1053B000006820F47C519D4AD4F8B000104041EAC6
:1053C000101098491C39086007E096481C3800689E
:1053D00020F47C5093491C3908609248443000689E
:1053E000B4F8B010C1F30B0108438E49443101E019
:1053F00005E001E0086002E0A84600E0A8460122BE
:10540000D4E90001104000211346584049400843A8
:1054100030D1A06F18281AD005DC48B1082808D070
:10542000102817D10CE0202812D0282812D110E023
:1054300012E0012104F1080004F052FA05460BE0E5
:10544000012104F1280004F0FDFA054604E003E020
:1054500002E001E0012500BF00BF55B971482830C6
:10546000006820F03800A16F08436E4928310860B9
:1054700000E0A8460223D4E900101940002059405A
:105480004040014329D1606F062816D2DFE800F0C2
:1054900003040B12131412E0012104F1080004F0BC
:1054A0001FFA05460BE0012104F1280004F0CAFAB6
:1054B000054604E003E002E001E0012500BF00BF73
:1054C00055B958482830006820F00700616F08433C
:1054D00054492831086000E0A8460422D4E90010AD
:1054E0001140002013465940404001432BD1D4F8CD
:1054F0009000062816D2DFE800F003040B12131404
:1055000012E0012104F1080004F0EAF905460BE07D
:10551000012104F1280004F095FA054604E003E0B7
:1055200002E001E0012500BF00BF5DB93D482C301D
:10553000006820F00700D4F89010084339492C3156
:10554000086000E0A8462023D4E9000118400021AB
:1055500058404940084337D1D4F88C00B0F1405F3F
:105560001ED007DC68B1B0F1805F0BD0B0F1005FF6
:1055700019D10EE0B0F1804F13D0B0F1A04F12D18D
:1055800010E012E0002104F1080004F0A9F905463A
:105590000BE0022104F1280004F054FA054604E06F
:1055A00003E002E001E0012500BF00BF5DB91D4836
:1055B0002830006820F0E040D4F88C1008431949E6
:1055C0002831086000E0A8464023D4E900101940C3
:1055D00000205940404001433CD1D4F89800B0F538
:1055E000406F25D007DC68B1B0F5806F0BD0B0F507
:1055F000006F20D10EE0B0F5805F1AD0B0F5A05F4B
:1056000019D117E019E0002104F1080004F068F94D
:10561000054612E0022104F1280004F013FA0546C1
:105620000BE000002C44025800480258FFFCFF0F1A
:1056300003E002E001E0012500BF00BF4DB9FE48D4
:10564000006820F4E050D4F898100843FA49086044
:1056500000E0A8468023D4E90010194000205940FA
:105660004040014335D1D4F89C00B0F5C04F1ED066
:1056700007DC68B1B0F5005F0BD0B0F5804F19D1F1
:105680000EE0B0F5004F13D0B0F5204F12D110E06E
:1056900012E0002104F1080004F022F905460BE0B5
:1056A000022104F1280004F0CDF9054604E003E0EE
:1056B00002E001E0012500BF00BF4DB9DE480068EF
:1056C00020F46040D4F89C100843DB49086000E0F7
:1056D000A8460823D4E90001184000215840494059
:1056E000084317D1D4F88000B0F5805F07D10221BC
:1056F00004F1280004F0A6F908B14FF00108CE48E3
:10570000001F006820F44050D4F880100843CA49B4
:10571000091F08601023D4E90001184000215840F7
:105720004940084315D1D4F89400B0F5807F07D1E3
:10573000022104F1280004F085F908B14FF00108B6
:10574000BD48006820F44070D4F894100843BA496A
:1057500008604FF40023D4E90001184000215840AC
:105760004940084327D1D4F8A00030B1B0F5803FBC
:105770000AD0B0F5003F0FD10DE0002104F1080080
:1057800004F0AEF8054609E0022104F1280004F017
:1057900059F9054602E001E0012500BF00BF4DB9FF
:1057A000A548006820F44030D4F8A0100843A2496E
:1057B000086000E0A8464FF48023D4E900011840B7
:1057C00000215840494008432DD1D4F88400B0F559
:1057D000801F06D0B0F5001F0CD0B0F5401F11D1CE
:1057E0000FE095482C38006840F4003092492C397D
:1057F000086009E0012104F1280004F023F90546BE
:1058000002E001E0012500BF00BF5DB98A48001F2A
:10581000006820F44010D4F8841008438649091F1A
:10582000086000E0A8464FF48032D4E9000110403F
:105830000021134658404940084325D1206D18B136
:10584000B0F5803F10D108E07B482C38006840F468
:10585000003079492C39086008E0022104F1080081
:1058600004F03EF8054601E0012500BF00BF55B930
:1058700071480C38006820F48030216D08436E496F
:105880000C39086000E0A8464FF00053D4E900103E
:105890001940002059404040014307D1022104F142
:1058A000280004F0CFF808B14FF001084FF400329F
:1058B000D4E90001104000211346584049400843F4
:1058C00027D1E06FA0B1B0F5807F06D0B0F5007FA2
:1058D0000CD0B0F5407F0CD109E057482C38006857
:1058E00040F4003054492C39086004E003E002E041
:1058F00001E0012500BF00BF55B94F48001F0068F7
:1059000020F44070E16F08434B49091F086000E034
:10591000A8464FF48012D4E900101140002013462D
:1059200059404040014309D143480838006820F0FD
:105930000040216F08434049083908604FF40013C4
:10594000D4E900011840002158404940084309D1DA
:1059500039480838006820F08070A16E0843364945
:10596000083908604FF08043D4E900101940002046
:1059700059404040014311D100BF2F4848380068CA
:1059800020F400402C494839086008460068D4F8E3
:10599000B410084328494839086000BF4FF000425E
:1059A000D4E9000110400021134658404940084303
:1059B00009D121480C38006820F04050616D08433F
:1059C0001D490C3908604FF40002D4E90010114061
:1059D000002013465940404001430AD11648001F99
:1059E000006820F44000D4F8881008431249091FC9
:1059F0000860012200216068104049405040014386
:105A000006D104F1080003F06BFF054605B1A84676
:105A1000022200216068104049405040014307D1F4
:105A2000012104F1080003F05BFF054605B1A8461B
:105A300004230020616801E0584402581940042200
:105A400040405140084307D1022104F1080003F00F
:105A500047FF054605B1A8460823002061681940A4
:105A6000082240405140084307D1002104F128009A
:105A700003F0E8FF054605B1A84610230020616841
:105A80001940102240405140084307D1012104F140
:105A9000280003F0D7FF054605B1A84620220021C3
:105AA0006068104049405040014307D1022104F191
:105AB000280003F0C7FF054605B1A846B8F1000F5E
:105AC00002D10020BDE8F0810120FBE72DE9F04183
:105AD00004460D4614B90120BDE8F081BD480068B8
:105AE00000F00F00A8420ED2BA48006820F00F0064
:105AF0002843B84908600846006800F00F00A84233
:105B000001D00120E8E7207800F0040004280ED13D
:105B1000B1492069096801F07001884207D9AE488F
:105B2000006820F0700021690843AB4908602078C4
:105B300000F00800082811D1A749091D606909680B
:105B400001F07001884209D9A348001D006820F0C7
:105B5000700061690843A049091D0860207800F0C1
:105B60001000102811D19C49091DA069096801F491
:105B7000E061884209D99848001D006820F4E0607F
:105B8000A16908439449091D0860207800F02000AD
:105B9000202811D190490831E069096801F07001AD
:105BA000884209D98C480830006820F07000E1690B
:105BB0000843894908310860207800F00200022873
:105BC0000ED18549E068096801F00F01884207D9C4
:105BD0008148006820F00F00E16808437E490860B2
:105BE000207800F00100002850D07B48006820F4A5
:105BF0007060A1680843784908606068022807D18E
:105C0000754818380068C0F34040F8B9012063E7D0
:105C10006068032807D1704818380068C0F34060F6
:105C2000A0B9012058E76068012807D16A481838F0
:105C30000068C0F3002048B901204DE766481838D5
:105C40000068C0F3800008B9012045E762480838C1
:105C5000006820F00700616808435F490839086060
:105C6000FEF790FF064608E0FEF78CFF801B41F22E
:105C70008831884201D903202EE757480838006848
:105C800000F038006168B0EBC10FEDD1207800F072
:105C9000020002280ED15049E068096801F00F01A6
:105CA000884207D24C48006820F00F00E1680843A2
:105CB000494908604748006800F00F00A8420ED923
:105CC0004448006820F00F00284342490860084615
:105CD000006800F00F00A84201D00120FCE6207807
:105CE00000F0040004280ED13B492069096801F046
:105CF0007001884207D23848006820F0700021699E
:105D0000084335490860207800F00800082811D1C0
:105D10003149091D6069096801F07001884209D2A2
:105D20002D48001D006820F07000616908432A4971
:105D3000091D0860207800F01000102811D12649B4
:105D4000091DA069096801F4E061884209D222486E
:105D5000001D006820F4E060A16908431E49091D88
:105D60000860207800F02000202811D11A4908315D
:105D7000E069096801F07001884209D216480830CC
:105D8000006820F07000E169084313490831086099
:105D900000F09AF810490968C1F303210F4A515CD9
:105DA00001F01F0120FA01F70B48006800F00F0016
:105DB0001146085C00F01F0027FA00F0084908604F
:105DC0000848076008480068FEF71EFF8046404606
:105DD00082E600000020005218440258C0DD00088E
:105DE0002C00002428000024200000243F22026010
:105DF000174A126802F007024260154A0832126818
:105E000002F470628260124A0832126802F00F02D5
:105E1000C2600F4A0832126802F0700202610C4A36
:105E20000C32126802F070024261094A0C321268A8
:105E300002F4E0628261064A1032126802F07002D7
:105E4000C261044A126802F00F020A607047000043
:105E5000104402580020005210B500F035F80D49EA
:105E60000968C1F303210C4A515C01F01F0120FABB
:105E700001F40848006800F00F001146085C00F0CB
:105E80001F0024FA00F00549086005480460084630
:105E9000006810BD18440258C0DD00082C00002422
:105EA0002800002400B5FFF7D7FF05490968C1F3B2
:105EB0000211044A515C01F01F01C84000BD0000FE
:105EC0001C440258C0DD0008F0B5824E366806F06A
:105ED000380636B1082E15D0102E15D0182E7DD1CB
:105EE00014E07C4E103E3668C6F3401646B1794E3B
:105EF000103E3668C6F3C107774E26FA07F000E079
:105F00007548E5E07548E3E07548E1E0714E183604
:105F1000366806F003046F4E18363668C6F305116E
:105F20006C4E1C36366806F001056A4E243636681B
:105F3000C6F3CC0616FB05F601EE106AB8EE410A70
:105F4000002971D024B1012C50D0022C6DD16DE00C
:105F5000604E103E3668C6F340163EB35D4E103EAE
:105F60003668C6F3C1075C4E26FA07F301EE103A15
:105F7000F8EE411A01EE101AB8EE411A81EE812AAC
:105F80009FED581AC0EE011A524E20363668C6F3FD
:105F9000080601EE106AB8EE411A31EE811AF7EEEA
:105FA000001A31EE211A62EE010A1EE001EE101A0B
:105FB000B8EE411ADFED4C1A81EE812A9FED491AA5
:105FC000C0EE011A434E20363668C6F3080601EECD
:105FD000106AB8EE411A31EE811A00E076E0F7EE71
:105FE000001A31EE211A62EE010A5BE001EE101A8E
:105FF000B8EE411A9FED3D2AC2EE011A9FED391A03
:1060000080EE012A334E20363668C6F3080601EECC
:10601000106AB8EE411A32EE011AB7EE002A31EEDC
:10602000021A61EE810A3DE04EE01DE001EE101A19
:10603000B8EE411ADFED2E1A81EE812A9FED291A62
:10604000C0EE011A234E20363668C6F3080601EE6C
:10605000106AB8EE411A31EE811AF7EE001A31EEED
:10606000211A62EE010A1DE001EE101AB8EE411A83
:106070009FED1E2AC2EE011A9FED1A1A80EE012A28
:10608000144E20363668C6F3080601EE106AB8EEE4
:10609000411A32EE011AB7EE002A31EE021A61EE11
:1060A000810A00BF00BF0B4E20363668C6F3462675
:1060B000721C01EE102AB8EE411AC0EE811ABCEE35
:1060C000E11A11EE100A00E0002001E0034800BFD1
:1060D00000BFF0BD104402580090D00300093D00FD
:1060E00000366E01000000460024744C0024744AFF
:1060F000001BB74B2DE9F047044614B90120BDE859
:10610000F087207800F00100002870D0F94800687E
:1061100000F03808F7481830D0F80090B8F1100FA8
:1061200006D0B8F1180F0FD109F0030002280BD1E7
:10613000F04810380068C0F3404000286AD060681A
:10614000002867D10120DAE700BF6068B0F5803F22
:1061500008D1E8481038006840F48030E54910392B
:1061600008602EE0606868B9E2481038006820F4E2
:106170008030E049103908600846006820F480202B
:1061800008601EE06068B0F5A02F0DD1D948103826
:10619000006840F48020D74910390860084600683C
:1061A00040F4803008600CE0D2481038006820F4D9
:1061B0008030D049103908600846006820F48020FB
:1061C000086000BF606898B1FEF7DCFC054606E099
:1061D000FEF7D8FC401B642801D903208FE7C5488F
:1061E00010380068C0F340400028F1D012E012E0FF
:1061F000FEF7C8FC054606E0FEF7C4FC401B642819
:1062000001D903207BE7BB4810380068C0F3404049
:106210000028F1D100BF207800F00200022879D1D7
:10622000B448006800F03808B2481830D0F8009040
:10623000B8F1000F05D0B8F1180F35D109F00300FF
:1062400088BBAC4810380068C0F3800018B1E06823
:1062500008B9012053E7A7481038006820F019005A
:10626000E1680843A34910390860FEF78BFC054636
:1062700006E0FEF787FC401B022801D903203EE719
:106280009C4810380068C0F380000028F1D099487D
:106290000C38006820F0FE40217C40EA01609549FE
:1062A0000C39086045E0FFE7E06838B391481038E2
:1062B000006820F01900E16808438E491039086031
:1062C000FEF760FC054606E0FEF75CFC401B02287A
:1062D00001D9032013E7874810380068C0F3800015
:1062E0000028F1D083480C38006820F0FE40217C63
:1062F00040EA01607F490C3908601AE07D48103897
:10630000006820F001007B4910390860FEF73AFC74
:10631000054607E00EE0FEF735FC401B022801D9D8
:106320000320ECE6734810380068C0F380000028B2
:10633000F1D100BF207800F0100010286FD16D4817
:10634000006800F038086B481830D0F80090B8F1B9
:10635000080F06D0B8F1180F1CD109F0030001286E
:1063600018D1644810380068C0F3002020B1E069FB
:10637000802801D00120C2E600BF5E48001F0068EF
:1063800020F07C5094F8201040EA01605949091F20
:10639000086043E0E06938B356481038006840F0C0
:1063A0008000544910390860FEF7ECFB054606E012
:1063B000FEF7E8FB401B022801D903209FE64D4869
:1063C00010380068C0F300200028F1D000BF494811
:1063D000001F006820F07C5094F8201040EA016013
:1063E0004449091F086019E042481038006820F04D
:1063F0008000404910390860FEF7C4FB054606E0FE
:10640000FEF7C0FB401B022801D9032077E639487C
:1064100010380068C0F300200028F1D100BF2078B8
:1064200000F00800082836D16069D0B131486430E6
:10643000006840F001002F4964310860FEF7A2FBBC
:10644000054606E0FEF79EFB401B022801D903200B
:1064500055E6284864300068C0F340000028F1D0B9
:1064600019E024486430006820F0010021496431BB
:106470000860FEF787FB054606E0FEF783FB401B3E
:10648000022801D903203AE61A4864300068C0F3B4
:1064900040000028F1D1207800F02000202838D1D9
:1064A000A069D0B113481038006840F480501149F9
:1064B00010390860FEF766FB054606E0FEF762FB52
:1064C000401B022801D9032019E60A481038006849
:1064D000C0F340300028F1D01BE0064810380068B7
:1064E00020F48050034910390860FEF74BFB054645
:1064F00009E0000010440258FEF744FB401B02284C
:1065000001D90320FBE5D0480068C0F340300028E3
:10651000F2D1207800F0040004287DD1CB48006837
:1065200040F48070C9490860FEF72CFB054606E080
:10653000FEF728FB401B642801D90320DFE5C34890
:10654000006800F480700028F2D000BFA068012825
:1065500008D1BD487030006840F00100BA49703180
:1065600008602DE0A06868B9B7487030006820F076
:106570000100B549703108600846006820F0040049
:1065800008601DE0A06805280DD1AF487030006894
:1065900040F00400AC49703108600846006840F0E3
:1065A000010008600CE0A8487030006820F001008D
:1065B000A549703108600846006820F004000860B2
:1065C00000BFA068A0B1FEF7DDFA054608E0FEF7BF
:1065D000D9FA401B41F28831884201D903208EE567
:1065E000994870300068C0F340000028EFD013E0F5
:1065F000FEF7C8FA054608E0FEF7C4FA401B41F270
:106600008831884201D9032079E58F4870300068CD
:10661000C0F340000028EFD1606A00287DD08A488E
:106620001030006800F03800182877D0606A02281F
:1066300075D18548006820F0807083490860FEF7B6
:10664000A1FA054606E0FEF79DFA401B022801D993
:10665000032054E57C480068C0F340600028F2D174
:1066600000BFD4E90A1041EA0010774928310968CF
:1066700040F2F33291430843734928310860208E79
:10668000401EC0F30800616B491E4FF47E4202EACF
:1066900041210843218F491ED20102EA01410843EA
:1066A0003C21095D491E120202EA01610843664964
:1066B0003031086000BF081F006820F00100091F8A
:1066C00008606148343000684FF6F8718843A16C67
:1066D00040EAC1005C49343108605B482C300068F6
:1066E00020F00C00216C084357492C310860084603
:1066F000006820F00200616C084353492C310860A7
:106700000846006840F4803008600846006840F49D
:10671000003008600846006802E092E038E01FE0C0
:1067200040F4802008600846006840F001000860DE
:106730004548006840F0807043490860FEF722FA3F
:10674000054606E0FEF71EFA401B022801D9032089
:10675000D5E43D480068C0F340600028F2D070E006
:106760003948006820F0807037490860FEF70AFA5F
:10677000054606E0FEF706FA401B022801D9032071
:10678000BDE431480068C0F340600028F2D158E011
:106790002D48283007682C4830300668606A012888
:1067A00021D007F00301A06A81421CD1C7F3051173
:1067B000E06A884217D1C6F30801206B401E81426F
:1067C00011D1606B401EC6F3462188420BD1A06BED
:1067D000401EC6F30641884205D1E06B401EC6F359
:1067E0000661884201D0012089E4174834300068EE
:1067F000C0F3CC07A06CB84223D013482C300068FB
:1068000020F0010010492C310860FEF7BBF9054665
:1068100000BFFEF7B7F9401BFBD00B4834300068CF
:106820004FF6F8718843A16C40EAC1000649343143
:10683000086005482C30006840F0010002492C3106
:10684000086000205BE40000004402580048025841
:10685000704700002DE9F05F044620680769206852
:10686000D0F8148007EA08052068D0F808904FF0A7
:10687000000A94F88160206800F1300B08F4006091
:10688000B0F5006F0ED107F0080008280AD1206883
:10689000806940F4006021688861204600F0B9FA00
:1068A000BDE8F09F05F0400070B905F0200058B930
:1068B00005F00400042807D12046616F8847204670
:1068C000216F88474FF0010A05F0400050B905F0EC
:1068D000010038B105F0040020B92046216F884737
:1068E0004FF0010A05F0200058B905F00200022817
:1068F00007D105F0040020B92046616F88474FF0AA
:10690000010ABAF1000F00D0CAE705F00800082814
:1069100063D12068806940F00800216888612068A0
:10692000806940F01000216888612068806940F427
:106930000060216888612068006920F008002168F3
:1069400008612068806800F4404038BB22E0E068BD
:106950000F2807D92068006B616E0860606E001D0B
:10696000606612E0E068072807D9BBF80000616E96
:106970000880606E801C606607E0206890F8300038
:10698000616E0870606E401C6066B4F86A00401E5C
:10699000A4F86A00B4F86A000028D8D1204603F0B1
:1069A000A3F9012084F88100D4F8840018B12046AE
:1069B000FFF74EFF74E7052E03D1204600F0ACFB35
:1069C0000AE0042E03D1204600F022FA04E0032E50
:1069D00002D1204600F09FFB62E705F458700028C2
:1069E0007DD005F0400058B1D4F8840040F0040098
:1069F000C4F884002068806940F040002168886104
:106A000005F4007058B1D4F8840040F00100C4F8D7
:106A100084002068806940F400702168886105F472
:106A2000807058B1D4F8840040F00800C4F88400A5
:106A30002068806940F480702168886105F020003A
:106A400058B1D4F8840040F08000C4F88400206875
:106A5000806940F0200021688861D4F88400A8B3E0
:106A60002068006820F00100216808602068006943
:106A700040F26B3188432168086109F44040B0F569
:106A8000404F25D12068806820F44040216888600C
:106A9000E06F60B11348E16F0865E06FFBF7A6FE99
:106AA00028B1D4F8840040F04000C4F88400A06FFE
:106AB00060B10C48A16F0865A06FFBF797FE28B185
:106AC000D4F8840040F04000C4F8840006E006E0FA
:106AD000012084F881002046FFF7BAFEE0E600BFFF
:106AE000DEE60000BF9D000870B504460CB9012029
:106AF00070BD606A00B900BF0021A16263492068CF
:106B000088420CD062492068884208D061492068D8
:106B1000884204D0E0680F2801D90120E8E7204628
:106B200003F05BF9054659492068884209D0584965
:106B30002068884205D057492068884201D0082D36
:106B40000DD852492068884207D0514920688842B0
:106B500003D050492068884203D1102D01D901206B
:106B6000C6E794F8810028B9002084F88000204608
:106B700000F092F8022084F881002068006820F07C
:106B80000100216808602068806800F4F816A06998
:106B9000B0F1806F11D16068B0F5800F01D1A06BAA
:106BA00028B1606848B9A06BB0F1805F05D120685A
:106BB000006840F4805021680860606800F480003C
:106BC000B0F5800F0BD1E068072808D32068006873
:106BD00020F48070216D08432168086005E020687A
:106BE000006820F4807021680860A16AE0690843A9
:106BF0003043E16B0843E168084321688860616ABB
:106C0000606B0843A16B0843A169084321690843ED
:106C100061690843216A084361680843E16C0843DD
:106C2000A1680843A16C0843A16D08432168C860AE
:106C3000606878B92068806820F4C05040F4006033
:106C4000216888602068806820F4C06040F480601B
:106C5000216888602068006D20F0010021680865C7
:106C6000606800F48000B0F5800F07D12068C0682C
:106C700020F00040616D08432168C8600020C4F81E
:106C80008400012084F88100002031E700300140B9
:106C900000380040003C004010B5B6B00446142156
:106CA00030A8F9F7D9FBB82102A8F9F7D5FB51496B
:106CB000206888427DD181140020CDE9021019900E
:106CC00002A8FEF79FF808B1FBF79AFB00BF4A48FD
:106CD000006840F48040484908600846006800F4B5
:106CE0008040019000BF00BF00BF434808380068E3
:106CF00040F004004049083908600846006800F088
:106D00000400019000BF00BF00BF0846006840F0CB
:106D1000020008600846006800F00200019000BF11
:106D200000BF0620309002203190002032900320D6
:106D300033900520349030A93048FDF71DFE4FF404
:106D40000050309002203190002032900320339088
:106D50000520349030A92A48FDF70EFE29482A491B
:106D6000086027204860002127488160C1604FF4F7
:106D700080610161002141618161C1614FF4403155
:106D8000016200214162FCF779FC08B1FBF738FB96
:106D900000BF1D48E067846300BF1A4818301B49D4
:106DA0000860282048604021184881600021C160A7
:106DB00000E01DE04FF480610161002141618161CB
:106DC000C1614FF40031016200214162FCF756FCC1
:106DD00008B1FBF715FB00BF0C48A067846300BF38
:106DE000002205212420FDF78BFF2420FDF774FFEE
:106DF00036B010BD00380040E84402580008025880
:106E0000000402581000024064060024DC0600243E
:106E1000704770472DE9FF5F04468A4693461E4639
:106E20000E9D0020039020682030029020683030B2
:106E3000019000BF94F88000012803D1022004B023
:106E4000BDE8F09F012084F8800000BFFDF79AFEA6
:106E500081463746B04694F88100012808D00220C8
:106E6000039000BF002084F8800000BF0398E6E78D
:106E7000BAF1000F03D0BBF1000F00D046B90120DA
:106E8000039000BF002084F8800000BF0398D6E77D
:106E9000052084F881000020C4F88400C4F864B0A0
:106EA000A4F86A60A4F86860C4F85CA0A4F8626002
:106EB000A4F86060206760672068C06820F4C02084
:106EC0002168C860206840686FF30F003043216874
:106ED00048602068006840F0010021680860606830
:106EE000B0F5800F05D12068006840F4007021687B
:106EF0000860E0680F284ED947E02068406900F03C
:106F0000020002280ED16FB1E06D006821680862AE
:106F1000E06D001DE065B4F86200401EA4F8620058
:106F2000B4F862702068406948F20801084080B1F6
:106F3000B8F1000F0DD02068006B616E0860606EC4
:106F4000001D6066B4F86A00401EA4F86A00B4F838
:106F50006A80FDF717FEA0EB0900A84201D3681C68
:106F600000B995B9204602F0BFFE00BF002084F8AA
:106F7000800000BFD4F8840040F48070C4F884001E
:106F8000012084F88100032059E7002FB5D1B8F122
:106F9000000FB2D19EE0E06807284CD945E0206898
:106FA000406900F0020002280DD167B154F85C0F6F
:106FB0000188029801802068801C2060E088401EC3
:106FC000E080E7885C3C2068406900F0010080B107
:106FD000B8F1000F0DD00198008854F8641F0880A4
:106FE0002068801C2060E088401EE080B4F80680A5
:106FF000643CFDF7C7FDA0EB0900A84201D3681C63
:1070000000B995B9204602F06FFE00BF002084F859
:10701000800000BFD4F8840040F48070C4F884007D
:10702000012084F88100032009E7002FB7D1B8F1CF
:10703000000FB4D14EE048E02068406900F0020043
:1070400002280FD177B1E06D0078216881F8200027
:10705000E06D401CE065B4F86200401EA4F86200D8
:10706000B4F862702068406900F0010088B1B8F19E
:10707000000F0ED0206890F83000616E0870606ECE
:10708000401C6066B4F86A00401EA4F86A00B4F8B8
:107090006A80FDF777FDA0EB0900A84201D3681CC8
:1070A00000B995B9204602F01FFE00BF002084F809
:1070B000800000BFD4F8840040F48070C4F88400DD
:1070C000012084F881000320B9E6002FB4D1B8F183
:1070D000000FB1D12B46002208212046CDF80090A8
:1070E00002F088FE28B1D4F8840040F02000C4F8F3
:1070F0008400204602F0F8FD00BF002084F88000E4
:1071000000BF012084F88100D4F8840008B1012078
:1071100095E6039893E6704770477047704770474D
:1071200030B502460B4600BF92F83C00012801D161
:10713000022030BD012082F83C0000BF022082F80E
:107140003D001068416810688468254D1068A842A9
:1071500003D0244D1068A84203D121F4700158686F
:10716000014321F0700118680143106841601C4D13
:107170001068A84223D01068B0F1804F1FD01A4D7C
:107180001068A8421BD0194D1068A84217D0184D9E
:107190001068A84213D0134D1068A8420FD0154DA7
:1071A0001068A8420BD0144D1068A84207D0134DA8
:1071B0001068A84203D0124D1068A84205D124F0EF
:1071C00080049868044310688460012082F83D00C0
:1071D00000BF002082F83C0000BF00BFA9E700000C
:1071E000000001400004014000040040000800408D
:1071F000000C0040001800400040014000E000404A
:1072000000E4004010B504460CB9012010BD94F80C
:107210003D0028B9002084F83C00204600F029F801
:10722000022084F83D00211D206802F0F5FE0120B7
:1072300084F8480000BF84F83E0001213F2001553A
:107240004020015541200155422001554320015560
:1072500000BF00BF012084F84400452001554620AE
:1072600001554720015500BF012084F83D00002052
:10727000CCE77047014691F83D00012801D001207C
:107280007047022081F83D000868C06840F00100A6
:107290000B68D860204B0868984223D00868B0F18A
:1072A000804F1FD01D4B086898421BD01C4B0868AC
:1072B000984217D01B4B0868984213D01A4B0868A5
:1072C00098420FD0194B086898420BD0184B0868A9
:1072D000984207D0174B0868984203D0164B0868AD
:1072E000984210D108688068144B00EA0302062A0D
:1072F0000FD0B2F5803F0CD00868006840F0010064
:107300000B68186005E00868006840F001000B6831
:1073100018600020B4E700000000014000040040B5
:1073200000080040000C004000040140001800402C
:107330000040014000E0004000E400400700010080
:10734000704710B5044620680069C0F34000D8B10A
:107350002068C068C0F34000B0B16FF0020021683F
:107360000861012020772068806900F0030018B1CF
:107370002046FFF7E5FF05E0204600F0EDF8204647
:1073800000F0F2F90020207720680069C0F3800047
:10739000D8B12068C068C0F38000B0B16FF00400BD
:1073A00021680861022020772068806900F440701D
:1073B00018B12046FFF7C4FF05E0204600F0CCF8E6
:1073C000204600F0D1F90020207720680069C0F342
:1073D000C000D8B12068C068C0F3C000B0B16FF081
:1073E000080021680861042020772068C06900F047
:1073F000030018B12046FFF7A3FF05E0204600F088
:10740000ABF8204600F0B0F9002020772068006932
:10741000C0F30010D8B12068C068C0F30010B0B14C
:107420006FF0100021680861082020772068C0698B
:1074300000F4407018B12046FFF782FF05E02046B7
:1074400000F08AF8204600F08FF9002020772068AD
:10745000006900F0010058B12068C06800F0010028
:1074600030B16FF0010021680861204600F07DF91D
:1074700020680069C0F3C01058B12068C068C0F32C
:10748000C01030B16FF08000216808612046FFF71E
:1074900045FE20680069C0F3002058B12068C0682C
:1074A000C0F3C01030B16FF48070216808612046CD
:1074B000FFF733FE20680069C0F3801058B12068E0
:1074C000C068C0F3801030B16FF0400021680861DF
:1074D000204600F053F920680069C0F3401058B10D
:1074E0002068C068C0F3401030B16FF02000216800
:1074F00008612046FFF713FE10BD000010B586B0EE
:107500000446142101A8F8F7A7FF10492068884213
:1075100019D100BF0E48006840F002000C49086015
:107520000846006800F00200009000BF00BF022083
:10753000019002900020039004900220059001A980
:107540000448FDF719FA06B010BD00000004004021
:10755000E04402580004025870472DE9F041044607
:107560000D461646002700BF94F83C00012802D1C2
:107570000220BDE8F081012084F83C0000BF0C2E01
:1075800051D005DC4EB1042E1ED0082E7AD133E046
:10759000102E60D0142EF9D175E02946206802F033
:1075A000ABFD2068806940F0080021688861206890
:1075B000806920F004002168886120688069296959
:1075C00008432168886178E02946206802F0EAFDD6
:1075D0002068806940F400602168886120688069C3
:1075E00020F480602168886120688069296940EA08
:1075F00001202168886160E02946206802F02CFEA5
:107600002068C06940F008002168C8612068C0692E
:1076100020F004002168C8612068C0692969084316
:107620002168C86149E02946206802F06FFE2068A1
:10763000C06940F400602168C8612068C06920F416
:1076400080602168C8612068C069296940EA01201A
:107650002168C86131E02946206802F091FE206867
:10766000406D40F00800216848652068406D20F0BA
:107670000400216848652068406D29690843216835
:1076800048651AE017E02946206802F0B1FE20683C
:10769000406D40F40060216848652068406D20F42A
:1076A0008060216848652068406D296940EA0120B2
:1076B0002168486501E0012700BF00BF00BF00202E
:1076C00084F83C0000BF384653E710B504460CB9B7
:1076D000012010BD94F83D0028B9002084F83C003A
:1076E000204600F029F8022084F83D00211D206882
:1076F00002F092FC012084F8480000BF84F83E00AC
:1077000001213F20015540200155412001554220D3
:1077100001554320015500BF00BF012084F84400FB
:1077200045200155462001554720015500BF012045
:1077300084F83D000020CCE708B5094A0168914271
:107740000DD100BF0749096841F00201054A1160E7
:107750001146096801F00201009100BF00BF08BD99
:1077600000040040E8440258704710B50446206801
:10777000B0F1804F01D1FDF70BFA10BD704700004A
:1077800070B5044600202074A37B484D2D8803FB70
:1077900005F26168D4F8FC00F8F745FEA27B434B84
:1077A0001B8802FB03F16068F8F756FEA27B3F4B93
:1077B0001B885A43A37B02FB03F1D4F82401F8F79A
:1077C0004BFE227B394B1B885A43A37B02FB03F100
:1077D000D4F81801F8F740FE002031E0D4F8FC108E
:1077E00001EB800191ED000AB5EEC00AF1EE10FA4E
:1077F00024D0D4F8FC1001EB800191ED000A227C2A
:10780000D4F8FC1001EB820181ED000A227C616A50
:107810008854A16901EB800191ED000A6169095C5E
:10782000227B237C12FB0311491ED4F8182102EBA2
:10783000810181ED000A217C491C2174411CC8B2E0
:10784000A17B8142CADC002011E0626A125CE1691E
:1078500001EB820191ED000A227C00FB0202D4F8C8
:10786000241101EB820181ED000A411CC8B2217C88
:107870008142EADC207CA4F88000217B8220015335
:10788000207BA4F88800217C8A200153207CA4F866
:107890009800217C9A200153207BA4F8A000217C31
:1078A000A2200153207CA4F8480070BD9800002459
:1078B00000BFFEE710B59FED071ADFED070AB7EE30
:1078C000000A064804F050FF9FED050A054880EDC8
:1078D000100A10BD6F12833A00000000DC81002402
:1078E0004ED1113C4881002400BF00F001F8FCE7B4
:1078F0000EB5FFF7DFFF84E1C248FAF7E7FBC248A5
:1079000080ED000A90ED000AC04880ED020AC048F0
:10791000F9F7DCF9BE4890ED000ABE4880ED070A91
:10792000BB4890ED010ABB4880ED080AB84890EDCD
:10793000020AB84880ED090AB54890ED000AB64839
:1079400080ED000AB24890ED010AB34880ED010ACB
:10795000AF4890ED020AB04880ED020AAC4890EDC5
:10796000030AAC4880ED040AA94890ED040AA9482E
:1079700080ED050AA64890ED050AA64880ED060AA6
:10798000A34890ED030AA54880ED000AA04890EDB9
:10799000040AA24880ED010A9D4890ED050A9F481F
:1079A00080ED020A9C48D0ED022A90ED012AD0ED2C
:1079B000001A9A4890ED021AD0ED010A90ED000AE3
:1079C000924804F0EDFE914804F01EFF8F4804F049
:1079D000F6FE8E4802F0E8F88C4890ED0C0A8D48CF
:1079E00080ED000A894890ED0D0A8A4880ED010A71
:1079F000864890ED0E0A874880ED020A834890ED94
:107A00000F0A844880ED030A024669468448FAF763
:107A10004AFC002039E07F491C3101EB800191EDE7
:107A2000000A694601EB8001D1ED000A30EE600AE0
:107A30007549D1ED000A60EE200A764991ED100AF1
:107A4000714991ED001A30EE011A80EE810A7149F8
:107A5000283101EB8001D1ED000A6E4991ED101A39
:107A600060EE810A91ED101A6749D1ED001A31EEEE
:107A7000211AC0EE811A30EE210A6649283101EB45
:107A8000800181ED000A411CC8B20328C3DB614AB2
:107A900002F13401A1F10C00F9F74CFB5D4890EDC7
:107AA0000D0AF0EEC00A9FED5F0AF4EEC00AF1EE97
:107AB00010FA03D29FED5C0A80ED0D0A554890ED57
:107AC0000E0AF0EEC00A9FED570AF4EEC00AF1EE7E
:107AD00010FA03D29FED540A80ED0E0A4D4890ED46
:107AE0000F0AF0EEC00A9FED510AF4EEC00AF1EE63
:107AF00010FA08D29FED4C0A80ED0F0A4C4800683E
:107B0000401C4B4908604B4890ED000ADFED4A0AE3
:107B1000B4EEE00AF1EE10FA66DD3E4890ED220A7E
:107B2000D0ED0E0A9FED451A00EE810A80ED220A83
:107B300090ED230AD0ED220A9FED401A00EE810A53
:107B400080ED230A0120334981F890002F4890ED01
:107B50001A0A084680ED1C0A2C4890ED190A0846BE
:107B600080ED1D0A294890ED1B0A084680ED1E0A8B
:107B700090ED1E0AD0ED200A30EE600ADFED300AEB
:107B8000B4EEE00AF1EE10FA08DD90ED210AF7EE0E
:107B9000000A30EE600A80ED210A15E01D4890EDE4
:107BA0001E0AD0ED200A30EE600ADFED260AB4EEA0
:107BB000E00AF1EE10FA07D290ED210AF7EE000A82
:107BC00030EE200A80ED210A124890ED1E0AD0ED19
:107BD000210A9FED1D1A01EE200A80ED1F0A90ED8B
:107BE0001E0A80ED200A08E0124890ED000AF7EE28
:107BF000000A30EE200A80ED000A012005F0C6F8E8
:107C000000BF79E61001002414010024DC81002467
:107C1000F8070024488100246C820024608200243C
:107C2000040100240AD7A33C000000000AD7233D2A
:107C30001C0100241801002400803B456F12833A88
:107C4000DA0F4940DA0F49C0560EC9400FB583B06C
:107C50000420FE4908800820FD490880DDE9031062
:107C6000087303990598487303990698887300214F
:107C7000039801740698029004F04AFF0399486142
:107C8000069802900398406901900299F8F7E4FB86
:107C9000EE48008806994843029004F039FF0399A2
:107CA0008861EA48008806994843029003988069F1
:107CB00001900299F8F7D0FBE44800880699484300
:107CC000029004F025FF0399C861E04800880699F6
:107CD000484302900398C06901900299F8F7BCFBF1
:107CE000DA48008804994843029004F011FF039990
:107CF0000862D64800880499484302900398006AB5
:107D000001900299F8F7A8FB0698029004F000FF92
:107D100003994862069802900398406A019002997C
:107D2000F8F79AFBC948008804994843029004F088
:107D3000EFFE03990860C548008804994843029003
:107D40000398006801900299F8F786FBBF48008805
:107D500006994843029004F0DBFE03994860BB4853
:107D60000088069948430290039840680190029960
:107D7000F8F772FBB548008805994843029004F073
:107D8000C7FE03998860B14800880599484302906E
:107D90000398806801900299F8F75EFBAB48008871
:107DA00004994843029004F0B3FE0399C1F8F0002F
:107DB000A64800880499484302900398D0F8F00040
:107DC00001900299F8F748FB0398D0F8F000029070
:107DD0000398007B019001220146DDE9023030303A
:107DE000F8F749FC9948008804994843029004F048
:107DF0008FFE0399C1F8F400944800880499484321
:107E000002900398D0F8F40001900299F8F724FB4F
:107E10000398D0F8F40002900398007B01900122AF
:107E20000146DDE902303830F8F725FC059818B333
:107E30008648008805994843029004F069FE03993A
:107E4000C1F8F800814800880599484302900398DA
:107E5000D0F8F80001900299F8F7FEFA0398D0F8EC
:107E6000F80002900398407B019001220146DDE971
:107E700002304030F8F7FFFB744800880699484309
:107E8000029004F045FE0399C1F8FC006F48008899
:107E90000699484302900398D0F8FC00019002999B
:107EA000F8F7DAFA0398D0F8FC0002900398807B88
:107EB000019001220146DDE902304830F8F7DBFB92
:107EC00062480088049948434843029004F020FE29
:107ED0000399C1F800015D4800880499484348436C
:107EE00002900398D0F8000101900299F8F7B4FAD3
:107EF0000398D0F8000102900398007B019003984A
:107F0000007B00900146DDE902305030019AF8F71D
:107F1000B2FB4E480088049948434843029004F05D
:107F2000F7FD0399C1F804014848008804994843C3
:107F3000484302900398D0F8040101900299F8F7A1
:107F40008BFA0398D0F8040102900398007B01900B
:107F50000398007B00900146DDE902305830019A19
:107F6000F8F789FB39480088049948434843029050
:107F700004F0CEFD0399C1F8080134480088049943
:107F800048434843029004F0C3FD0399C1F80C0133
:107F90002E48008804994843484302900398D0F83B
:107FA000080101900299F8F757FA284800880499C7
:107FB0004843484302900398D0F80C01019002997D
:107FC000F8F74AFA0398D0F8080102900398007B6A
:107FD00001900398007B00900146DDE9023060309B
:107FE000019AF8F748FB0398D0F80C010290039827
:107FF000007B01900398007B00900146DDE9023090
:108000006830019AF8F737FB059878B30F48008875
:108010000499484305994843029004F079FD039977
:10802000C1F8140109480088049948430599484358
:1080300002900398D0F8140101900299F8F70CFA15
:108040000398D0F814010290039803E098000024EC
:108050009A000024407B01900398007B0090014629
:10806000DDE902307830019AF8F705FBB94800885D
:108070000699484304994843029004F049FD039946
:10808000C1F81801B3480088049948430699484349
:10809000029004F03DFD0399C1F81C01AD48008831
:1080A000069948430499484302900398D0F8180170
:1080B00001900299F8F7D0F9A6480088049948433E
:1080C0000699484302900398D0F81C010190029948
:1080D000F8F7C2F90398D0F8180102900398007BD2
:1080E00001900398807B00900146DDE902308030EA
:1080F000019AF8F7C0FA0398D0F81C01029003988F
:10810000807B01900398007B00900146DDE90230FE
:108110008830019AF8F7AFFA8E48008804994843EE
:108120004843029004F0F4FC0399C1F82001894807
:10813000008804994843484302900398D0F82001EE
:1081400001900299F8F788F90398D0F8200102907D
:108150000398007B01900398007B00900146DDE9C5
:1081600002309030019AF8F786FA7A48008806992A
:1081700048434843029004F0CBFC0399C1F8240122
:108180007448008806994843484302900398D0F801
:10819000240101900299F8F75FF90398D0F82401BF
:1081A00002900398807B01900398807B00900146A9
:1081B000DDE902309830019AF8F75DFA65480088E9
:1081C0000499484306994843029004F0A1FC03999E
:1081D000C1F828015F48008804994843069948433C
:1081E00002900398D0F8280101900299F8F734F929
:1081F0000398D0F8280102900398807B019003989F
:10820000007B00900146DDE90230A030019AF8F7CA
:1082100032FA0398007B4F49098848430399097B48
:108220004843029004F074FC0399C1F82C010398B0
:10823000007B4849098848430399097B48430290D9
:1082400004F066FC0399C1F830010398007B4149B2
:10825000098848430399097B4843029004F058FC7D
:108260000399C1F834010398007B3A4909884843CF
:10827000029004F04DFC0399C1F838010398007B8B
:10828000344909884843029004F042FC0399C1F83C
:108290003C010398D0F82C0102900398007B0190D8
:1082A0000398007B00900146DDE90230A830019A76
:1082B000F8F7E1F90398D0F8300102900398007BB9
:1082C00001900398007B00900146DDE90230B03058
:1082D000019AF8F7D0F90398D0F834010290039886
:1082E000007B01900398007B00900146DDE902309D
:1082F000B830019AF8F7BFF90398D0F83801029026
:108300000398007B019001220146DDE90230C03074
:10831000F8F7B1F90398D0F83C0102900398007B7C
:10832000019001220146DDE90230C830F8F7A3F9D7
:108330000021039880F82810039880F829100398EA
:1083400080F82A10039880F82B10039880F82C10DE
:1083500007B000BD9800002470B50446E07B18B15A
:108360002046FFF70DFA11E0A37B0E4D2D8803FB8D
:1083700005F26168D4F8FC00F8F755F8A27B094BC8
:108380001B8802FB03F16068F8F766F8637B054D14
:108390002D8803FB05F2A168D4F8F800F8F743F83C
:1083A00070BD00009800002410B5044694F82C001D
:1083B00068BBB4F8A000A4F8B0008220015BB22032
:1083C0000153B4F8B000A4F8B8005A20015BBA20F9
:1083D000015304F1B00204F1800104F1A000F8F7A8
:1083E000B5FA84F8D00004F1B80204F1580104F1A0
:1083F000B000F8F7ABFA84F8D00004F1500204F1B1
:10840000B80104F15800F8F739FB84F8D00010BD2A
:1084100010B5044694F8290068BB04F1680104F122
:108420006000F8F78BFB84F8D00004F1580204F1E7
:10843000500104F16000F8F789FA84F8D000B4F82C
:108440005800A4F8B0006A20015BB220015304F187
:10845000B00204F1680104F15800F8F777FA84F8E3
:10846000D00004F1580204F1900104F1B000F8F7D3
:10847000A3F884F8D00010BD10B5044694F82A0083
:10848000002861D104F1880104F18000F8F756FB5F
:1084900084F8D000B4F88000A4F8B0005A20015B42
:1084A000B220015304F1B00204F1580104F180003C
:1084B000F8F74CFA84F8D000B4F8B000A4F8B8008B
:1084C0008A20015BBA20015304F1B80204F188014B
:1084D00004F1B000F8F73AFA84F8D000B4F8980044
:1084E000A4F8A8009A20015BAA20015304F1A80275
:1084F00004F1980104F1B800F8F75EF884F8D000B0
:1085000004F1B80104F1A800F8F7BAF884F8D00033
:10851000B4F85800A4F8B0008A20015BB2200153DF
:1085200004F1B00204F1880104F15800F8F70EFAE2
:1085300084F8D00004F1A00204F1B80104F1B00005
:10854000F8F704FA84F8D00010BD000070B50446B6
:108550002046FFF701FFD4F8D40018B12046D4F824
:10856000D4108847204600F087F8D4F8D80018B116
:108570002046D4F8D81088472046FFF749FFD4F8A2
:10858000DC0018B12046D4F8DC108847207C08B9FC
:10859000E07BB8B92046FFF76FFFD4F8E00018B1D0
:1085A0002046D4F8E0108847204600F0A3F8D4F81D
:1085B000E40018B12046D4F8E41088472046FFF7BD
:1085C000F3FE14E0237B2B4D2D8803FB05F2D4E949
:1085D0003C01F7F728FF237B264D2D886B43257B35
:1085E00003FB05F204F5807003C8F7F71CFFD4F80D
:1085F000E80018B12046D4F8E8108847002022E0AF
:10860000227B00FB0202D4F8001101EB820191ED04
:10861000000A216A01EB8001D1ED000AB4EEE00A04
:10862000F1EE10FA0DD2216A01EB800191ED000A02
:10863000227B00FB0202D4F8001101EB820181EDE4
:10864000000A411CC8B2217B8142D9DC237B094D41
:108650002D8803FB05F2D4F8F0102068F7F7E3FE4D
:10866000D4F8EC0018B12046D4F8EC108847206804
:1086700070BD00009800002410B5044694F828004E
:1086800060BB607B00282ADD207BA4F8C0000121AC
:10869000C220015304F1C00204F1300104F1600072
:1086A000F8F754F984F8D000207BA4F8C800012121
:1086B000CA20015304F1C80204F1400104F178001A
:1086C000F8F744F984F8D00004F1380204F1C80145
:1086D00004F1C000F7F770FF84F8D00009E004F15E
:1086E000380204F1300104F16000F8F72FF984F842
:1086F000D00010BD10B5044694F82B00E0BBB4F8D0
:108700008000A4F8C0000121C220015304F1C0027E
:1087100004F1380104F18000F8F718F984F8D0006A
:10872000B4F84800A4F8C8000121CA20015304F19C
:10873000C80204F1C00104F14800F8F79FF984F879
:10874000D000B4F8A000A4F8C0000121C220015359
:1087500004F1C00204F1C80104F1A000F8F7F6F832
:1087600084F8D00004F1300204F1C00104F13800B3
:10877000F7F722FF84F8D00010BDF0EE400A90ED2C
:10878000000A20EE200A20EE200A20EE200A90EDBA
:10879000011A21EE201A01EE200A90ED021A01EED4
:1087A000200A90ED031A30EE010A704708B500BFA9
:1087B0000E48006840F001000C4908600846006857
:1087C00000F00100009000BF00BF002206210B2036
:1087D000FCF796FA0B20FCF77FFA002206210C200A
:1087E000FCF78EFA0C20FCF777FA08BDD844025843
:1087F00010B51D481D4908600020886000211B48F5
:10880000C16001744174817404214161012181615D
:108810001321C161052101620421416201218162AC
:108820001321C16205210163002141630521816398
:10883000C16304210164082141640021816408218D
:10884000C164002101650421416500218165C16584
:10885000082101660021416608218166FBF7A0FD21
:1088600008B1F9F7CDFD10BD00A00040FC030024C5
:1088700010B51D481D4908600020886000211B4874
:10888000C1600174417481740521416101218161DC
:108890000E21C161052101624162012181620E2127
:1088A000C1620521016340F25631416305218163B4
:1088B000C163002101640421416481640821C16411
:1088C000002101650421416500218165C165042104
:1088D00001660021416606218166FBF761FD08B152
:1088E000F9F78EFD10BD000000A400409C04002498
:1088F00010B51D481D4908600020886000211B48F4
:10890000C16001744174817405214161012181615B
:108910000E21C161052101624162012181620E21A6
:10892000C1620521016340F2AD61416305218163AC
:10893000C163022101640421416400218164042196
:10894000C164002101650421416500218165C16583
:10895000032101660021416604218166FBF720FDA9
:1089600008B1F9F74DFD10BD00D400403C050024CE
:1089700000B59FB0142224491AA8F7F754FD00212E
:108980001AA804F014FA2149086014221E4914316F
:1089900015A8F7F748FD002115A804F008FA1C49AE
:1089A000086014221849283110A8F7F73CFD00216F
:1089B00010A804F0FCF917490860142212493C3150
:1089C0000BA8F7F730FD00210BA804F0F0F91249CD
:1089D000086014220C49503106A8F7F724FD002145
:1089E00006A804F0E4F90D49086014220649643130
:1089F00001A8F7F718FD002101A804F0D8F90849EB
:108A000008601FB000BD0000E4DC00080000002486
:108A100004000024080000240C000024100000249E
:108A20001400002400B587B0142102A8F7F714FD44
:108A300000BF5548006840F00400534908600846EC
:108A4000006800F00400019000BF00BF00BF0846AE
:108A5000006840F0800008600846006800F0800070
:108A6000019000BF00BF00BF0846006840F0010051
:108A700008600846006800F00100019000BF00BFD8
:108A800000BF0846006840F0020008600846006821
:108A900000F00200019000BF00BF00BF0846006860
:108AA00040F0100008600846006800F010000190D7
:108AB00000BF00BF00BF0846006840F00800086023
:108AC0000846006800F00800019000BF00BF0022C7
:108AD0004FF4C0412D48FCF74FF8012209212B48E3
:108AE000FCF74AF8012204212948FCF745F8012245
:108AF0004FF408512748FCF73FF84FF4C04002906C
:108B00000120039000200490059002A91F48FBF764
:108B100033FF0920029001200390002004900320DD
:108B2000059002A91948FBF727FF012002900020B9
:108B300003900120049002A91548FBF71DFF0420B3
:108B400002900120039004900320059002A9104890
:108B5000FBF712FF4FF4085002900120039004909D
:108B60000320059002A90B48FBF706FF4FF4A05025
:108B700002904FF4881003900020049002A9054849
:108B8000FBF7FAFE07B000BDE044025800080258A7
:108B9000000002580010025810B516481649086027
:108BA0004FF4800048600021134881600721C160B4
:108BB0004FF0007101614910416189008161090133
:108BC000C1610021016241628162C1624FF0804156
:108BD000416300218163C163016441648164C164B4
:108BE000016541658165FDF77FFF08B1F9F708FC74
:108BF00010BD000000380040DC05002400B58BB03B
:108C00000020089009900A901C2101A8F7F724FC85
:108C100018481949086017204860002116488160EB
:108C200042F20F71C1600021016180218161FEF774
:108C30004CFD08B1F9F7E4FB002008900A9008A960
:108C40000D48FEF76DFA08B1F9F7DAFB60200190E4
:108C500000200290039005900C2201A90648FEF71F
:108C60007CFC08B1F9F7CCFB0348FEF747FC0BB0DE
:108C700000BD0000000400405407002400BFFEE7D0
:108C800000BFFEE700BF00F001F8FCE72DED028B0E
:108C900002E0012004F07AF8584890F8900000288B
:108CA000F7D0574804F0ACFFA7E0564890ED410AD2
:108CB000B1EE400A5148D0ED050A30EE600A524844
:108CC000D0ED0E0A30EE200A504880ED000A4E48E2
:108CD000D0ED220AB0EE600AF7F726FC4A48D0ED44
:108CE0000B0A90ED231A60EE810A20EE208A474895
:108CF00090ED000ADFED460A00EE208A4248D0EDF2
:108D0000220AB0EE600AF7F773FF3F48D0ED260A5B
:108D100000EE808A3F4880ED008A3A4890ED500A84
:108D2000B1EE400A3548D0ED050A30EE200A3A4847
:108D3000D0ED0E0A30EE200A384880ED000A3648A1
:108D4000D0ED220AB0EE600AF7F7EEFB3248D0ED24
:108D50000B0A90ED231A60EE810A20EE208A2F483C
:108D600090ED000ADFED2A0A00EE208A2A48D0EDB5
:108D7000220AB0EE600AF7F73BFF2748D0ED260A3B
:108D800000EE808A264880ED008A224890ED000A95
:108D90002348D0ED000A30EE600AF0EE000A80EEC3
:108DA000201A204880ED001A1448D0ED0A0AF1EE8E
:108DB000600AB0EE600A1B48D0ED000A104804F0CB
:108DC00059FF194890ED000A0E4880ED600A1748D7
:108DD00090ED000AB8EE400A9FED151AC0EE010AA8
:108DE000084890ED610A90ED601A01EE200A80EDCE
:108DF000610A0E48006803F0C9FF56E74881002465
:108E0000F886002420840024708300246803002452
:108E100022FD763D70030024788200246C03002438
:108E200074030024780300245C03002464030024FA
:108E300000007A44B0EE401A10B99FED790A7047ED
:108E400090ED100A80ED110A90ED0F0A80ED100AE6
:108E5000C0ED060A80ED071A30EEC10A80ED0F0A58
:108E60000178002975D190ED010AD0ED0F1A20EE9E
:108E7000210A80ED090A90ED0A0AD0ED021A90ED60
:108E80000F2A01EE820A80ED0A0A90ED0D0A80EDAC
:108E90000E0A90ED0C0A80ED0D0A90ED0F0AD0ED50
:108EA000101A30EE610A80ED0C0A90ED030AD0ED45
:108EB0000C1A20EE210A80ED0B0A90ED0A0AD0ED83
:108EC000051AB4EEE10AF1EE10FA04DD90ED050AA0
:108ED00080ED0A0A10E090ED0A0AD0ED051AF1EED5
:108EE000611AB4EEE10AF1EE10FA05D290ED050A2E
:108EF000B1EE400A80ED0A0A90ED090AD0ED0A1A97
:108F000030EE210AD0ED0B1A30EE210A80ED080A6E
:108F100090ED080AD0ED041AB4EEE10AF1EE10FA71
:108F200004DD90ED040A80ED080A76E090ED080A71
:108F3000D0ED041AF1EE611AB4EEE10AF1EE10FA86
:108F40006BD290ED040AB1EE400A80ED080A64E0AD
:108F5000FFE70178012960D190ED0F0AD0ED101ADA
:108F600030EE610AD0ED011A20EE210A80ED090AE7
:108F700090ED020AD0ED0F1A20EE210A80ED0A0AC8
:108F800090ED0D0A80ED0E0A90ED0C0A80ED0D0AB1
:108F900090ED0F0AD0ED101AB0EE002A02EE610A31
:108FA000D0ED111A30EE210A80ED0C0A90ED030A83
:108FB000D0ED0C1A20EE210A80ED0B0A90ED090A83
:108FC000D0ED0A1A30EE210AD0ED0B1A30EE210A4C
:108FD000D0ED081A30EE210A80ED080A90ED080A5B
:108FE000D0ED041AB4EEE10AF1EE10FA04DD90EDD2
:108FF000040A80ED080A10E090ED080AD0ED041A8A
:10900000F1EE611AB4EEE10AF1EE10FA05D290ED3C
:10901000040AB1EE400A80ED080A90ED080A0EE756
:109020000000000000B102B97047017092ED001A13
:1090300080ED011A92ED011A80ED021A92ED021AEA
:1090400080ED031A80ED040AC0ED050A9FED0C1AAD
:1090500080ED0E1A80ED0D1A80ED0C1A9FED081AA6
:1090600080ED081A80ED0B1A80ED0A1A80ED091ABE
:1090700080ED111A80ED101A80ED0F1A00BFD3E7B2
:109080000000000001460148405C704754880024FD
:10909000002004E00021034A1154411CC8B20928F1
:1090A000F8DB70475488002438B50446012000904E
:1090B0000020244948700120009039E0BDF80000EC
:1090C000204028B1012204211F48FBF755FD04E090
:1090D000002204211C48FBF74FFD012251031B48CD
:1090E000FBF74AFD9FED1A0AF8F7D2FF00224FF472
:1090F00000511648FBF740FD9FED150AF8F7C8FF31
:10910000012251031148FBF737FD01210E48FBF7FF
:109110002BFD30B10B484078BDF8001008430949D9
:109120004870BDF800004FF6FF7101EA4000009062
:10913000BDF80000FF28C1DD9FED060AF8F7A8FF83
:1091400038BD000054880024000002580010025866
:10915000ACC5A736BD37863710B5FFF799FF00F0CD
:109160008DF80F48C0780E49097940EA01200D4971
:10917000088000240FE00C4810F81400401E012164
:1091800001FA00F007490988084010B9601CC0B214
:1091900010BD601CC4B2102CEDDB0020F8E700000D
:1091A00054880024800300248403002410B5002286
:1091B0004FF400711548FBF7DFFC9FED150AF8F737
:1091C00067FF0120FFF770FF4320FFF76DFF0020CE
:1091D000FFF76AFF0120FFF767FF0020FFF764FF3A
:1091E0000020FFF761FF0020FFF75EFF0020FFF780
:1091F0005BFF0020FFF758FF012251020348FBF7F5
:10920000BBFC9FED030AF8F743FF10BD00100258A6
:10921000BD37863710B500224FF400711548FBF7B3
:10922000ABFC9FED150AF8F733FF0120FFF73CFF79
:109230004320FFF739FF0020FFF736FF0020FFF73C
:1092400033FF5A20FFF730FF5A20FFF72DFF5A2037
:10925000FFF72AFF5A20FFF727FF5A20FFF724FFC6
:10926000012251020348FBF787FC9FED030AF8F740
:109270000FFF10BD00100258BD3786371CB5002007
:10928000019001200090002241022B48FBF774FC62
:109290002A490878FFF708FF28494878FFF704FFB4
:1092A000022001903EE0012000902EE001225103B7
:1092B0002148FBF761FC9FED220AF8F7E9FE002246
:1092C0004FF400511C48FBF757FC9FED1D0AF8F7BF
:1092D000DFFE012251031848FBF74EFC012119481B
:1092E000FBF742FC50B118489DF80410405CBDF8F3
:1092F0000010084314499DF804208854BDF800006C
:109300004FF6FF7101EA40000090BDF80000FF2811
:10931000CCDD9FED0E0AF8F7BBFE9DF80400401C63
:10932000C0B201909DF804000928BCDB0122510263
:109330000148FBF721FC1CBD0010025882030024E9
:10934000ACC5A7360000025854880024BD378637C4
:1093500010B500F00BF800F009F800F007F8FFF77F
:1093600025FF00F02FF8FFF755FF10BD10B50022C4
:109370004FF400710F48FBF7FFFB9FED0F0AF8F762
:1093800087FE0120FFF790FE4220FFF78DFE0020B0
:10939000FFF78AFE0020FFF787FE0020FFF784FE1C
:1093A000012251020348FBF7E7FB9FED030AF8F7A0
:1093B0006FFE10BD00100258BD37863700BF03F0A6
:1093C00031FFFCE710B500224FF400711348FBF7A2
:1093D000D3FB0120FFF768FE4420FFF765FE002065
:1093E000FFF762FE0120FFF75FFE0320FFF75CFE40
:1093F0000020FFF759FE0020FFF756FE0020FFF780
:1094000053FE0020FFF750FE012251020348FBF7F4
:10941000B3FB9FED030AF8F73BFE10BD00100258A6
:10942000BD37863770B52DED028B05460C461646C6
:10943000B0EE408A6888042809D02888042806D11C
:1094400094F8B00118B9012084F8B0010EE06888E2
:1094500004280BD02888042808D194F8B0010128EA
:1094600004D1002084F8B00184F8B40194F8B40168
:1094700050BB94ED620ADFEDBD0AB4EEE00AF1EEF6
:1094800010FA08D294ED620ADFEDB90AB4EEE00AF0
:10949000F1EE10FA11DC94ED620ADFEDB60AB4EEDB
:1094A000E00AF1EE10FA0FDD94ED620ADFEDB20A88
:1094B000B4EEE00AF1EE10FA06D2012084F8B4010D
:1094C0009FEDAE0A84ED5E0A6888012814D02888D2
:1094D000012811D194F8B50170B994F8B0010128B0
:1094E0000AD196ED1E0A86ED1F0A96ED1E0A84ED3E
:1094F000590A84F8B50114E06888012811D0288839
:1095000001280ED194F8B50101280AD196ED1E0A62
:1095100086ED1F0A96ED1E0A84ED590A002084F894
:10952000B5016888092810D0288809280DD194F839
:10953000B10150B994F8B20138B994F8B0010128DA
:1095400003D184F8B10184F8B2012888082878D1C1
:1095500094F8B001012874D194F8B501012870D1B4
:1095600087480068012836D194ED5D0ADFED850A51
:10957000B4EEE00AF1EE10FA0EDB94ED5D0ADFEDD9
:10958000810AB4EEE00AF1EE10FA05D89FED7E0AEA
:109590007E4880ED000A04E09FED7D0A7B4880ED67
:1095A000000A94ED5D0A7948D0ED000A30EE200AF9
:1095B00084ED5D0A94ED5D0ADFED760AB4EEE00A13
:1095C000F1EE10FA3DDB9FED730A84ED5D0A002099
:1095D0006B49086035E094ED5D0ADFED6A0AB4EE90
:1095E000E00AF1EE10FA0EDB94ED5D0ADFED650A9C
:1095F000B4EEE00AF1EE10FA05D89FED630A634875
:1096000080ED000A04E09FED620A604880ED000AE8
:1096100094ED5D0A5D48D0ED000A30EE600A84EDFD
:109620005D0A94ED5D0ADFED5C0AB4EEE00AF1EE4E
:1096300010FA06D89FED580A84ED5D0A01205049C2
:1096400008602888688094F8B00101286CD1B5F9C9
:109650000A00803800EE100AB8EEC00ADFED4F0AAB
:1096600020EE200A84ED560A94ED570AD4ED560AEE
:1096700000EE880A84ED570A94ED590AB5F90800FE
:109680007F3800EE900AF8EEE00A9FED451A00EEF2
:10969000810A84ED590A94ED5A0AB5F904007F381D
:1096A00000EE900AF8EEE00A9FED3E1A00EE810A05
:1096B00084ED5A0ADFED3C0A9FED3C0A04F5B470D4
:1096C00003F050FB94ED5E0AB5F90600803800EE19
:1096D000900AF8EEE00A9FED361A00EE810A84ED5A
:1096E0005E0ADFED340A9FED340A04F5BC7003F026
:1096F00039FBD4ED5F0A94ED5E1A30EEC10AF0EE4C
:10970000C00A9FED2E0AF4EEC00AF1EE10FA06DD53
:1097100001202B4981F8AD002A4981F8AD0094ED74
:109720005E0A84ED5F0A16E094F8B00198B99FEDE7
:10973000260A84ED560A94ED610A84ED570A94EDE9
:10974000670A84ED590A9FED0D0A84ED5E0A9FEDCC
:109750001F0A84ED5A0A2888092803D19FED1B0AA5
:1097600084ED5A0ABDEC028B70BD0000DA0F49BFD0
:10977000DA0FC9BFDA0F493FDA0FC93F0AD7A33D55
:109780007C0300247BD9A0BE0AD7A33CAC030024F1
:109790000AD7233C910A863F910A86BF6F1203BC09
:1097A0006F1203BAF7CC92B8CDCCCC3ECDCCCCBEA8
:1097B000BD3786B7AE47613E8FC2753D17B7D1380A
:1097C0007083002478820024000000008FC2F5BC62
:1097D00010B50446FFF7C0FC20800720FFF752FCBD
:1097E000A0800820FFF74EFCE0800520FFF74AFC30
:1097F00020810620FFF746FC6081B4F90A00FF28AB
:1098000003DCB4F90A00C02807DCB4F90A004028D8
:1098100005DAB4F90A00002801DB7F202081B4F9C1
:109820000800FF2803DCB4F90800C02807DCB4F9FD
:109830000800402805DAB4F90800002801DB802080
:10984000608110BD70B506460C461546DFED0D0A69
:109850009FED0D0A0D4A00213046FFF7E3FBDFEDD7
:10986000090AB0EE000A0A4A00212046FFF7DAFB97
:10987000DFED040AB7EE000A064A00212846FFF78A
:10988000D1FB70BD000000000000C842E8DD000808
:10989000F4DD000800DE000800B5AFB0B82168466E
:1098A000F6F7DAFD4FF400410020CDE90010182052
:1098B0000290C82103910221049105910691002193
:1098C000079120210891002109914FF000501B9031
:1098D0006846FBF797FA08B1F8F792FD2FB000BD84
:1098E0002DE9F04104460E4600275548006800F077
:1098F0000300032802D10120BDE8F0815048283838
:10990000006820F080604E4928390860FBF73AF97A
:10991000054606E0FBF736F9401B022801D9032073
:10992000EAE7474828380068C0F3C0600028F1D152
:1099300000BF4348006820F47C30216840EA0130D1
:109940003F490860A088401EC0F30800A168491E76
:109950004FF47E4202EA41210843A189491ED20107
:1099600002EA01410843217C491E120202EA016118
:10997000084333491031086000BF3148001D0068BA
:1099800020F0C000616908432D49091D08600846A0
:10999000006820F02000A16908432949091D0860DA
:1099A0000846006820F01000086025481430006860
:1099B0004FF6F8718843E16940EAC100204914314B
:1099C00008601F48001D006840F010001C49091D78
:1099D00008602EB90846006840F40020086012E0D4
:1099E000012E08D11648001D006840F4801014496B
:1099F000091D086007E01248001D006840F40010CF
:109A00000F49091D08600E482838006840F0806042
:109A10000B4928390860FBF7B5F8054606E0FBF767
:109A2000B1F8401B022801D9032065E70448283813
:109A30000068C0F3C0600028F1D038465CE7000041
:109A4000284402582DE9F04104460E4600275548A7
:109A5000006800F00300032802D10120BDE8F08176
:109A600050482838006820F080504E492839086056
:109A7000FBF788F8054606E0FBF784F8401B022850
:109A800001D90320EAE7474828380068C0F340704E
:109A90000028F1D100BF4348006820F07C70218885
:109AA00040EA01503F490860A088401EC0F308000A
:109AB000A168491E4FF47E4202EA41210843A18970
:109AC000491ED20102EA01410843217C491E1202CB
:109AD00002EA0161084333491831086000BF314888
:109AE000001D006820F44060616908432D49091D8C
:109AF00008600846006820F40070A16908432949FD
:109B0000091D08600846006820F480700860254838
:109B10001C3000684FF6F8718843E16940EAC100E3
:109B200020491C3108601F48001D006840F4807007
:109B30001C49091D08602EB90846006840F48000E1
:109B4000086012E0012E08D11648001D006840F49C
:109B500000001449091D086007E01248001D006854
:109B600040F080700F49091D08600E4828380068D1
:109B700040F080500B4928390860FBF703F8054690
:109B800006E0FAF7FFFF401B022801D9032065E732
:109B9000044828380068C0F340700028F1D03846E7
:109BA0005CE7000028440258D0ED0D4A64EEA44A58
:109BB000B0EE640AD0ED0E4A64EEA44AF0EE640AF8
:109BC000D0ED0F4A64EEA44AB0EE641AD0ED0C4A10
:109BD00090ED0D5A64EE854AF0EE641AD0ED0C4A11
:109BE00090ED0E5A64EE854AB0EE642AD0ED0C4A30
:109BF00090ED0F5A64EE854AF0EE642AD0ED0D4ADE
:109C000090ED0E5A64EE854AB0EE643AD0ED0D4AFE
:109C100090ED0F5A64EE854AF0EE643AD0ED0E4AAC
:109C200090ED0F5A64EE854AB0EE644AF7EE004AB2
:109C3000B0EE005A45EE604AB0EE005A45EE414A99
:109C4000C0ED104A73EE624AB0EE005A64EE854AE7
:109C5000C0ED114A73EE824AB0EE005A64EE854AB6
:109C6000C0ED124A73EE224AB0EE005A64EE854A05
:109C7000C0ED134AF7EE004AB0EE005A45EE404AF6
:109C8000B0EE005A45EE414AC0ED144A74EE614A06
:109C9000B0EE005A64EE854AC0ED154A73EEC24A32
:109CA000B0EE005A64EE854AC0ED164A74EE214AC1
:109CB000B0EE005A64EE854AC0ED174AF7EE004A4E
:109CC000B0EE005A45EE404AB0EE005A45EE604A0A
:109CD000C0ED184A7047000010B50248FCF7BAFD05
:109CE00010BD0000DC050024026851690268926919
:109CF00042F0080203689A610268926942F0100219
:109D000003689A610268126822F0010203681A600F
:109D10000268126940F26F339A4303681A6102685D
:109D2000926822F4404203689A6090F88120042AE5
:109D30000ED001F020025AB1D0F8842042F0800207
:109D4000C0F884200268926942F0200203689A6198
:109D500090F88120032A0ED001F040025AB1D0F8C9
:109D6000842042F00402C0F884200268926942F024
:109D7000400203689A6101F400725AB1D0F884205D
:109D800042F00102C0F884200268926942F4007235
:109D900003689A6101F480725AB1D0F8842042F0CD
:109DA0000802C0F884200268926942F48072036855
:109DB0009A610022A0F86220A0F86A20704770B56E
:109DC0000546AC6B00206234208120800120E077C2
:109DD000623C2046FCF73CFD70BD10B501460124F5
:109DE000C86B04EB5013C868421CD01DC20802FBAC
:109DF00003F010BD2DE9F04106460D4617461C46FE
:109E0000DDF818800BE0FAF7BDFEA0EB0800A042D9
:109E100001D3601C00B914B90320BDE8F08130689B
:109E200040692840A84201D1012000E00020B8424A
:109E3000E9D00020F1E700BF012002F0A7FFFBE717
:109E400010B500BF502080F31188BFF34F8FBFF3D0
:109E50006F8F00BF03F0AEFD18B14FF08050044982
:109E6000086000BF002080F3118800BF10BD000013
:109E700004ED00E000B59DB04C210AA8F6F7ECFA1D
:109E8000202102A8F6F7E8FA0220FAF78BFF00BFBC
:109E9000002001902348006820F4404021490860D8
:109EA0000846006800F44040019000BF00BF00BFBA
:109EB0001C480068C0F340300028F9D001200A9007
:109EC00000040B9002201390022114911591282177
:109ED0001691012117910221189119910C211A91C3
:109EE00000211B911C910AA8FCF704F908B1F8F7AE
:109EF00087FA3F200290032003900020049008205E
:109F0000059040200690079000010890402009909D
:109F1000032102A8FBF7DAFD08B1F8F771FA1DB0CA
:109F200000BD0000184802582F48006840F4700037
:109F30002D4908602D48006800F00F00072806D260
:109F40002A48006820F00F00C01D284908602848F2
:109F5000006840F0010026490860002024491031C3
:109F600008602348006823490840214908601F48C9
:109F7000006800F00F00072806D91C48006820F090
:109F80000F00C01D194908600020194918310860E8
:109F9000091D0860091D0860174815492831086027
:109FA0001648091D08601648091D08600020091D93
:109FB00008601348091D08600020091D086010484A
:109FC000091D08600020091D08600948006820F488
:109FD000802007490860002005496031086043F28D
:109FE000D20008490860704788ED00E00020005268
:109FF000004402587FEDF6EA000202020000FF0171
:10A00000800201010040005210B50248FDF799F9A5
:10A0100010BD0000A007002410B502682C4B984228
:10A020000ED0B0F1804F0BD02A4B984208D02A4B6B
:10A03000984205D0294B984202D0294B984203D12F
:10A0400022F070024B681A43214B98421DD0B0F1A8
:10A05000804F1AD01F4B984217D01F4B984214D0F4
:10A060001E4B984211D01E4B98420ED01D4B984269
:10A070000BD01D4B984208D01C4B984205D01C4B6E
:10A08000984202D01B4B984203D122F44072CB6815
:10A090001A4322F080034C6943EA040202608B6891
:10A0A000C3620B6883620A4B98420BD00C4B9842F8
:10A0B00008D00C4B984205D00B4B984202D00B4B6A
:10A0C000984201D10B6903630123436110BD000075
:10A0D000000001400004004000080040000C004067
:10A0E000000401400040014000440140004801409C
:10A0F00000E0004000E4004030B5056A25F00105AD
:10A100000562026A43688469204D2C4024F00304F0
:10A110000D682C4322F002028D682A431C4DA84290
:10A1200000D10FE01B4DA84200D10BE01A4DA84210
:10A1300000D107E0194DA84200D103E0184DA84214
:10A1400006D100BF22F00802CD682A4322F00402A3
:10A150000F4DA8420BD00F4DA84208D00E4DA8427B
:10A1600005D00E4DA84202D00D4DA84207D123F4D0
:10A17000807323F400734D692B438D692B43436037
:10A1800084614D684563026230BD00008FFFFEFFB1
:10A190000000014000040140004001400044014033
:10A1A0000048014030B5056A25F010050562026AD5
:10A1B00043688469224D2C4024F440740D6844EABD
:10A1C000052422F020028D6842EA05121D4DA842A6
:10A1D00000D10FE01C4DA84200D10BE01B4DA8425E
:10A1E00000D100BF1A4DA84200D100BF194DA842AE
:10A1F00007D106E022F08002CD6842EA051222F083
:10A200004002104DA8420BD00F4DA84208D00F4D70
:10A21000A84205D00E4DA84202D00E4DA84209D149
:10A2200023F4806323F400634D6943EA85038D6959
:10A2300043EA8503436084614D688563026230BDF3
:10A24000FF8FFFFE0000014000040140004001407C
:10A25000004401400048014030B5056A25F480758E
:10A260000562026A4368C469224D2C4024F003044D
:10A270000D682C4322F400728D6842EA05221E4DBF
:10A28000A84200D10FE01D4DA84200D10BE01C4DAB
:10A29000A84200D100BF1B4DA84200D100BF1A4DFB
:10A2A000A84207D106E022F40062CD6842EA052206
:10A2B00022F48062104DA8420BD0104DA84208D065
:10A2C0000F4DA84205D00F4DA84202D00E4DA84216
:10A2D00009D123F4805323F400534D6943EA051355
:10A2E0008D6943EA05134360C4614D68C56302622A
:10A2F00030BD00008FFFFEFF000001400004014060
:10A3000000400140004401400048014030B5056A6A
:10A3100025F480550562036A4468C269124D2A40DB
:10A3200022F440720D6842EA052223F400538D683E
:10A3300043EA05330D4DA8420BD00D4DA84208D07D
:10A340000C4DA84205D00C4DA84202D00B4DA8429E
:10A3500004D124F480444D6944EA85144460C26108
:10A360004D680564036230BDFF8FFFFE00000140B1
:10A370000004014000400140004401400048014009
:10A3800030B5056A25F480350562026A4368446D7C
:10A39000114D2C400D682C4322F400320D8942EA05
:10A3A00005420E4DA8420BD00D4DA84208D00D4DD0
:10A3B000A84205D00C4DA84202D00C4DA84204D1B1
:10A3C00023F480334D6943EA0523436044654D68B7
:10A3D0008565026230BD00008FFFFEFF0000014076
:10A3E0000004014000400140004401400048014099
:10A3F00030B5056A25F480150562026A4368446D2C
:10A40000114D2C400D6844EA052422F400120D89F8
:10A4100042EA05520D4DA8420BD00D4DA84208D07E
:10A420000C4DA84205D00C4DA84202D00B4DA842BD
:10A4300004D123F480234D6943EA852343604465B6
:10A440004D68C565026230BDFF8FFFFE0000014010
:10A450000004014000400140004401400048014028
:10A4600000BFFEE770B52DED048B04460D46B0EE3F
:10A47000408A95ED1D0ADFEDDE0A30EEC00ADD48A8
:10A4800080ED000A95ED050ADFEDD90A30EEC00A2D
:10A49000D94880ED000AD4ED180AB0EE600AF6F74C
:10A4A000A7FBD4ED040A20EE200A84ED080AD4EDBF
:10A4B000170AB0EE600AF6F79BFBD4ED010A20EE16
:10A4C000200A84ED060AD4ED180AB0EE600AF6F709
:10A4D0002BF8D4ED000A94ED041A41EE000AC4ED05
:10A4E000070AD4ED170AB0EE600AF6F71DF8D4EDAE
:10A4F000010A20EE200A84ED050A94ED071AD4ED36
:10A50000051A31EE611A21EE011AD4ED081A94ED04
:10A51000062A71EEC21A94ED082AD4ED062A32EE0C
:10A52000622A01EE821AB7EEC11AB0EE410B00F0BA
:10A530000DFEB7EEC00B84ED0F0A94ED070AD4EDC3
:10A54000050A30EE600AD4ED020AB0EE001A60EEA1
:10A55000810A20EE200A84ED120A94ED080AD4ED57
:10A56000060A30EE600AD4ED020AB0EE001A60EE80
:10A57000810A20EE200A84ED130A94ED020A20EEEF
:10A58000000AD4ED0F0A94ED0F1A00EE810AD4ED03
:10A59000030A94ED031A00EEC10A84ED140A94ED47
:10A5A000121A21EE011AD4ED131A94ED132A01EEBA
:10A5B000821AD4ED141A94ED142A01EEC21AB7EEE1
:10A5C000C11AB0EE410B00F0C1FD94ED131AB7EEC5
:10A5D000C11A30EE010BB7EEC00BF0EE408A94EDDD
:10A5E000120A94ED141A30EE010AF0EE400AB0EEB1
:10A5F000680A00F07FFCF0EE000A20EE200A84EDED
:10A60000150AD4ED150AB0EE600AF5F78DFFD4ED0A
:10A61000050A94ED071A70EEC10A94ED021A41EE94
:10A62000000AF0EE608AD4ED150AB0EE600AF6F783
:10A63000DFFAD4ED060A94ED081A70EEC10A94ED23
:10A64000021A41EE000AB0EE609AF0EE680AB0EE2F
:10A65000490A00F04FFC84ED160AD4ED170AB0EE5B
:10A66000600AF5F761FFD4ED010A60EE208AD4EDAF
:10A67000150AB0EE600AF5F757FFD4ED020A40EE76
:10A68000808AC4ED098AD4ED170AB0EE600AF6F7A5
:10A69000AFFAD4ED010A60EE208AD4ED150AB0EECF
:10A6A000600AF6F7A5FAD4ED020A40EE808AC4EDFE
:10A6B0000A8A94ED000AF0EE000A80EE201A94ED6A
:10A6C000090A30EE410A20EE000AD4ED0A0A94EDA0
:10A6D0000A1A00EE810AB7EEC00AB0EE409B00F005
:10A6E00035FDB7EEC00B84ED0B0AD4ED000AB0EED9
:10A6F000001A80EE810AD4ED090A30EEC00AF0EEAD
:10A70000408AD4ED0A0AB0EE600AF0EE680A00F062
:10A71000F1FB84ED0C0A94ED0C0ADFED380A30EE03
:10A72000C00A84ED0D0A94F8AC0030B994ED0C0A1F
:10A7300084ED110A012084F8AC0094ED0C0AD4EDEC
:10A74000110A30EE600AC0EE080AC4ED100A94ED5A
:10A75000100ADFED270A30EEC00A84ED0E0A254804
:10A7600090ED000ADFED250A30EEC00AD4ED0C0AA8
:10A7700030EE600A84ED220A94ED100A1E48D0EDF6
:10A78000000AF1EE600A30EEC00A84ED230A94ED6F
:10A790000C0A84ED110A94ED0B0AD4ED280A30EE70
:10A7A000600AC0EE080AC4ED260A94ED260AD4ED2C
:10A7B000290A30EE600AC0EE080AC4ED270A94EDBB
:10A7C000260A84ED290A94ED0B0A84ED280A94EDFB
:10A7D000230AD4ED240A30EE600AC0EE080AC4ED64
:10A7E000250A94ED230A84ED240ABDEC048B70BD88
:10A7F000000000009000002494000024DA0FC93FFC
:10A8000070B52DED048B04460D46B0EE408A95EDF3
:10A810001D0ADA4880ED000A95ED050AD84880ED5A
:10A82000000AD4ED180AB0EE600AF6F7E1F9D4EDAB
:10A83000040A20EE200A84ED080AD4ED170AB0EECF
:10A84000600AF6F7D5F9D4ED010A20EE200A84ED6E
:10A85000060AD4ED180AB0EE600AF5F765FED4EDED
:10A86000000A94ED041A41EE000AC4ED070AD4ED83
:10A87000170AB0EE600AF5F757FED4ED010A20EE94
:10A88000200A84ED050A94ED071AD4ED051A31EE7D
:10A89000611A21EE011AD4ED081A94ED062A71EE20
:10A8A000C21A94ED082AD4ED062A32EE622A01EE8D
:10A8B000821AB7EEC11AB0EE410B00F047FCB7EEBA
:10A8C000C00B84ED0F0A94ED070AD4ED050A30EEB3
:10A8D000600AD4ED020AB0EE001A60EE810A20EEA2
:10A8E000200A84ED120A94ED080AD4ED060A30EE2F
:10A8F000600AD4ED020AB0EE001A60EE810A20EE82
:10A90000200A84ED130A94ED020A20EE000AD4ED29
:10A910000F0A94ED0F1A00EE810AD4ED030A94EDAC
:10A92000031A00EEC10A84ED140A94ED121A21EE06
:10A93000011AD4ED131A94ED132A01EE821AD4ED04
:10A94000141A94ED142A01EEC21AB7EEC11AB0EE31
:10A95000410B00F0FBFB94ED131AB7EEC11A30EE79
:10A96000010BB7EEC00BF0EE408A94ED120A94EDA5
:10A97000141A30EE010AF0EE400AB0EE680A00F058
:10A98000B9FAF0EE000A20EE200A84ED150AD4EDA3
:10A99000150AB0EE600AF5F7C7FDD4ED050A94ED8F
:10A9A000071A70EEC10A94ED021A41EE000AF0EEA9
:10A9B000608AD4ED150AB0EE600AF6F719F9D4ED05
:10A9C000060A94ED081A70EEC10A94ED021A41EEDF
:10A9D000000AB0EE609AF0EE680AB0EE490A00F0A4
:10A9E00089FA84ED160AD4ED170AB0EE600AF5F77D
:10A9F0009BFDD4ED010A60EE208AD4ED150AB0EE7D
:10AA0000600AF5F791FDD4ED020A40EE808AC4EDAC
:10AA1000098AD4ED170AB0EE600AF6F7E9F8D4ED2A
:10AA2000010A60EE208AD4ED150AB0EE600AF6F74E
:10AA3000DFF8D4ED020A40EE808AC4ED0A8A94ED74
:10AA4000000AF0EE000A80EE201A94ED090A30EEBA
:10AA5000410A20EE000AD4ED0A0A94ED0A1A00EE2B
:10AA6000810AB7EEC00AB0EE409B00F06FFBB7EE74
:10AA7000C00B84ED0B0AD4ED000AB0EE001A80EE94
:10AA8000810AD4ED090A30EEC00AF0EE408AD4ED16
:10AA90000A0AB0EE600AF0EE680A00F02BFA84EDC4
:10AAA0000C0A94ED0C0ADFED370A30EEC00A84ED93
:10AAB0000D0A94F8AC0030B994ED0C0A84ED110A3B
:10AAC000012084F8AC0094ED0C0AD4ED110A30EEAC
:10AAD000600AC0EE080AC4ED100A94ED100ADFED1A
:10AAE0002A0A30EEC00A84ED0E0A244890ED000ACE
:10AAF000DFED240A30EEC00AD4ED0C0A30EE600A15
:10AB000084ED220A94ED100A1D48D0ED000AF1EE02
:10AB1000600A30EEC00A84ED230A94ED0C0A84ED3D
:10AB2000110A94ED0B0AD4ED280A30EE600AC0EE4B
:10AB3000080AC4ED260A94ED260AD4ED290A30EE5F
:10AB4000600AC0EE080AC4ED270A94ED260A84EDD7
:10AB5000290A94ED0B0A84ED280A94ED230AD4ED1A
:10AB6000240A30EE600AC0EE080AC4ED250A94ED0E
:10AB7000230A84ED240ABDEC048B70BD88000024F8
:10AB80008C000024DA0FC93F0000000010B52DED45
:10AB9000028B0446D4ED0C0A94ED161A70EEC10A2D
:10ABA000B0EE600AF6F724F8D4ED010A20EE208A10
:10ABB000D4ED170A94ED151A70EEC10AB0EE600AD2
:10ABC000F6F716F828EE008AD4ED160A94ED151A59
:10ABD00070EEC10AB0EE600AF6F70AF8C8EE000A95
:10ABE000C4ED190AD4ED0C0A94ED161A70EEC10AE0
:10ABF000B0EE600AF5F798FCD4ED010A20EE208A49
:10AC0000D4ED170A94ED151A70EEC10AB0EE600A81
:10AC1000F5F7EEFF28EE008AD4ED160A94ED151A2A
:10AC200070EEC10AB0EE600AF5F7E2FFD4ED0B0A50
:10AC300020EE200AC8EE000AC4ED1A0AD4ED0C0A70
:10AC400094ED151A70EEC10AB0EE600AF5F7D0FF68
:10AC5000D4ED040A20EE208AD4ED160A94ED181AD9
:10AC600070EEC10AB0EE600AF5F7C2FF28EE008A66
:10AC7000D4ED160A94ED151A70EEC10AB0EE600A12
:10AC8000F5F7B6FFC8EE000AC4ED1B0AD4ED0C0AB6
:10AC900094ED151A70EEC10AB0EE600AF5F744FCA7
:10ACA000D4ED040A20EE208AD4ED160A94ED181A89
:10ACB00070EEC10AB0EE600AF5F79AFF28EE008A3E
:10ACC000D4ED160A94ED151A70EEC10AB0EE600AC2
:10ACD000F5F78EFFD4ED0B0A20EE200AC8EE000A2D
:10ACE000C4ED1C0A94ED190AD4ED1F0A20EE200AC7
:10ACF000D4ED1A0A94ED201A00EE810A84ED1D0AA3
:10AD000094ED1B0AD4ED1F0A20EE200AD4ED1C0A94
:10AD100094ED201A00EE810A84ED1E0ABDEC028B30
:10AD200010BD00009FED0A0A80ED000A9FED090AA0
:10AD300080ED010A9FED080A80ED020A9FED060AE8
:10AD400080ED030A9FED030A80ED040A70470000BE
:10AD50005839B43D3D0AD73D0AD7233E4100080289
:10AD600018BF04200A0E18BF40F001004FF07F42C8
:10AD700032EA010108BF40F00200012808BF0520A7
:10AD80007047000002480068C0F3022070470000CE
:10AD90000CED00E010B5002804DB0A07130E054A8D
:10ADA000135406E00A07140E034A00F00F031B1F9A
:10ADB000D45410BD00E400E018ED00E010B54FF0F1
:10ADC0000E402DED028BB0EE408A18EE104A00EBDB
:10ADD0004400B0F1506F4AD84FF0FC40B0EB440F44
:10ADE00022D2B0EEC80ADFED360A30EEC00ADFED3F
:10ADF000350A60EE208A18EE900A02F001FB01EE9F
:10AE0000100A14F0004F1DBFDFED2F0A9FED2F0A2F
:10AE1000B1EE411ADFED2E0A08BF9FED2E0ADFEDDD
:10AE20002E1A21EE218A05E0DFED2C0A68EE088A51
:10AE3000B0EE600A9FED2A1ADFED2A1A30EE080AFA
:10AE400048EE811A9FED281A08EEA11ADFED271AA5
:10AE500048EE811A9FED261A08EEA11A68EE281A0C
:10AE6000BDEC028B01EE810A30EE200A10BD4FF0DE
:10AE7000E440B0EB440F0CD918EE100AFFF76EFF58
:10AE8000042808BF00F0C0F9B0EE480ABDEC028B00
:10AE900010BD4FF07F40B0EB440F07D2B0EE480A30
:10AEA000BDEC028BBDE8104000F0A0B9012000F01D
:10AEB000C3F9BDEC028BBDE8104000F09DB9000065
:10AEC0000000803F0000003F0000C9BF22AAFDB97A
:10AED0000000C93F22AAFD39000000C000000000A8
:10AEE00024FE1C3DC78AD83C1E67383D1B93993D04
:10AEF000AFAA2A3E10EE100A10B510EE901A4FF0CD
:10AF0000684202EB40032DED028BB3F1654F3CBF6D
:10AF100002EB4102B2F1654F7CD200BFC0F3C753D0
:10AF2000C1F3C7529A1A1B2A09DD10F0004F14BF53
:10AF30009FED6E0A9FED6E0ABDEC028B10BD12F103
:10AF40001A0F1BDA11F0004F09D010F0004F0CBFA0
:10AF50009FED680A9FED680ABDEC028B10BD80EE84
:10AF6000208A18EE100AFFF7F9FE042808BF00F047
:10AF70004BF9B0EE480ABDEC028B10BD4200B2EBBB
:10AF8000410F37D910F0004F19BFDFED5C1A9FED6C
:10AF90005C1ADFED5C1A9FED5C1AB0EE602A0A467F
:10AFA000F1EE400A80F00041B0EE420A10460A1A63
:10AFB0005200B2F1807F34D2484010F0004FDFEDF4
:10AFC000532A9FED533A1DBF9FED522A71EEE21AAC
:10AFD00031EE431A9FED502A04BF71EEA21A31EEF2
:10AFE000031AF0EE402A42EE602A40EE020A82EE98
:10AFF000A02A18E011F0004F04BF9FED481AF0EEB0
:10B00000411AD4D010F0004F1CBFDFED451A9FED60
:10B01000451A00E026E004BFDFED431A9FED431A16
:10B02000C5E780EE202A22EE020ADFED410ADFEDBD
:10B03000412ABDEC028B40EE202ADFED3F0A40EEB4
:10B04000220ADFED3E2A40EE202ADFED3D0A40EEE7
:10B05000220A22EE000A00EE201A31EE020A30EE39
:10B06000210A10BD4FF07F42B2EB400F28BFB2EB78
:10B07000410F05D2BDEC028BBDE8104000F0B9B81D
:10B0800040EA01035B0008BF41F0FF410BD0B2EB87
:10B09000400F08BFB2EB410F08D120F0804000EE16
:10B0A000100A21F0804100EE901A37E7B2EB400F12
:10B0B00012BF5FEA410240F0FF4001F000413FF45F
:10B0C0002DAF4A0092EA40033FF528AF002AACBFFB
:10B0D0009FED1C1A9FED1C1A20EE010A60EE810AFA
:10B0E00010EE100A10EE901A18E70000DB0FC9BF2F
:10B0F000DB0FC93FDB0F4940DB0F49C00000C9BF70
:10B1000022AAFDB90000C93F22AAFD390060ED3E28
:10B11000C30ACE37000000BF0000003F000000005F
:10B12000000049C022AA7DBA0000494022AA7D3A07
:10B130002DAD65BD8FB8D53D0FB511BE61C84C3E74
:10B14000A8AAAABE0000804F0000802F00B52DEDF8
:10B15000028B83B0B1EEC08B18EE100A18EE901A75
:10B160008DED008B002818BF0120084320F000401F
:10B17000C0F17F6000F1E040C00F14D010EE101A53
:10B1800010EE900A8DED000B002918BF0121084335
:10B1900020F00040C0F17F6000F1E040C00F04BF2C
:10B1A000012000F049F8B0EE480B03B0BDEC028B73
:10B1B00000BD10B52DED028BB1EEC08A18EE100A5D
:10B1C00020F00040C0F1FF40C00F0AD010EE100A7E
:10B1D00020F00040C0F1FF40C00F04BF012000F08C
:10B1E0002BF8B0EE480ABDEC028B10BD30EE000A21
:10B1F000704730EE200A7047DFED020A80EEA00AA9
:10B2000070470000000000009FED020A20EE000AD7
:10B21000704700000000001002E008C8121F08C1BB
:10B22000002AFAD170477047002001E001C1121FC7
:10B23000002AFBD1704700000149086070470000F8
:10B24000F803002410B5F5F723FD8020F5F756FF2D
:10B250005520F5F753FF5520F5F750FF504908707A
:10B26000F5F70CFD0120F8F793FCF5F711FD8020B0
:10B27000F5F744FF5520F5F741FF5520F5F73EFF60
:10B2800047490870F5F7FAFC0120F8F781FCF5F75B
:10B29000FFFCB6217E20F5F743FFF5F7EFFC5020C9
:10B2A000F8F776FCF5F7F4FC8020F5F727FF55203A
:10B2B000F5F724FF5520F5F721FF39490870F5F718
:10B2C000DDFC0120F8F764FCF5F7E2FC8020F5F7DF
:10B2D00015FF5520F5F712FF5520F5F70FFF304900
:10B2E0000870F5F7CBFC0120F8F752FC2C480078E9
:10B2F0001E2801D0FF2010BD00202A49087049E017
:10B30000F5F7C6FC274A127802EB4202264B1A4494
:10B310005178244A127802EB4202985CF5F700FF5C
:10B32000F5F7ACFC0120F8F733FCF5F7B1FC1D494B
:10B33000097801EB41011C4A515C41F08000F5F7AE
:10B34000DDFE5520F5F7DAFE5520F5F7D7FE144956
:10B350000870F5F793FC0120F8F71AFC1148007803
:10B3600000EB40001049084440780D4909788842B4
:10B370000BD00C48007800EB40000B490844807863
:10B380000A49097808430949087006480078401CB2
:10B3900004490870034800780628B1DB0020AAE7BA
:10B3A0003800002439000024440000243A0000241E
:10B3B00010B5F5F781FC45490020F5F792FEF5F749
:10B3C00071FC0120F8F7E4FBF5F776FC3F4900201B
:10B3D000F5F787FEF5F766FC0120F8F7D9FBF5F7DE
:10B3E0006BFCB6211420F5F79BFEF5F75BFC5020B3
:10B3F000F8F7CEFBF5F760FC34490020F5F771FE55
:10B40000F5F750FC0120F8F7C3FBF5F755FC2F4981
:10B410000020F5F766FEF5F745FC0120F8F7B8FBCC
:10B420002A4800780F2801D0FF2010BD00202849AD
:10B43000087045E0F5F740FC254A127802EB42021D
:10B44000244B1A445178224A127802EB4202985C4B
:10B45000F5F766FEF5F726FC0120F8F799FBF5F7FE
:10B460002BFC1B49097801EB41011A4A505C174932
:10B47000F5F737FEF5F716FC0120F8F789FB1448BD
:10B48000007800EB40001349084440780F490978E0
:10B49000884210D00E480078401E0D4908700846BA
:10B4A000007800EB40000C49084480780B4909788B
:10B4B00008430A49087006480078401C044908708F
:10B4C000034800780628B5DB0020AEE738000024EA
:10B4D0003900002456000024440000243A000024CF
:10B4E000F0B589B006460D4617461C46009500206B
:10B4F00001900290082C02D82004039021E00C2C2B
:10B5000003D14FF4102003901BE0102C03D14FF413
:10B510002020039015E0142C03D14FF43020039029
:10B520000FE0182C02D1E00303900AE0302C03D185
:10B530004FF46020039004E0402C02D14FF47020BF
:10B5400003900020049005900690079008903A46DA
:10B5500069463046F8F784FB002009B0F0BD0000D2
:10B560002DE9F0472DED028B04460D4690461E4610
:10B57000DDF82890FE4890ED000AB8EE400AF0EEA3
:10B58000080A20EE200ADFEDFB0A80EE201AB0EE5A
:10B59000418AB0EE480A41462846FEF763FF94F818
:10B5A000B501012812D100270DE0D5ED0B0AB0EE50
:10B5B000600AF14901EB0710FDF7DFF806EB8700A1
:10B5C00080ED000A7F1C0C2FEFDB15E09FEDEB0AEE
:10B5D00084ED5D0A00270DE0D5ED0B0AB0EE600AA0
:10B5E000E74901EB0710FDF7C8F806EB870080ED8F
:10B5F000000A7F1C0C2FEFDB96ED010AD5ED230A24
:10B600009FEDDE1A70EEC10A20EE200AB7EEC01AD6
:10B6100095ED220ADFEDD90A30EE600AB7EEC00AD6
:10B6200094ED5D2AB7EEC22A9FEDD63B03EE020BE6
:10B6300096ED002AB7EEC22A02EE001B94ED570ADF
:10B64000D4ED610A30EE600AD6ED020A20EE200A3F
:10B65000B7EEC00A31EE002B94ED600AD4ED560A25
:10B660009FEDCA1A11EE200AD6ED030A20EE200A39
:10B67000B7EEC00A32EE001B96ED040AD4ED640A60
:10B680009FEDC32A70EEC20A20EE200AB7EEC00A70
:10B6900031EE000B96ED051AD4ED651A9FEDB72A31
:10B6A00071EEC21A21EE211AB7EEC11A30EE010B6B
:10B6B000B7EEC00B84ED480A95ED220ADFEDAF0A24
:10B6C00030EE600AD4ED5D0A30EE200AD6ED060AAF
:10B6D00020EE200AD6ED070A95ED231ADFEDA71A12
:10B6E00031EE611A00EE810AD4ED570A94ED611A29
:10B6F00070EEC10A96ED081A01EE200AD4ED600A38
:10B7000094ED561ADFEDA11A51EE810A96ED091A51
:10B7100001EE200AD6ED0A0A94ED641ADFED9C1AB8
:10B7200031EE611A00EE810AD6ED0B0A94ED651A2E
:10B73000DFED921A31EE611A00EE810A85ED200AE2
:10B7400095ED200AD4ED6B0A30EE200A85ED200A33
:10B7500094ED480AD4ED690A30EE600A84ED480A97
:10B76000F0EE000AB8EE000A04F5907001F0FAFA63
:10B7700094F8B201012807D094F8B201022803D04E
:10B7800094F8B20103287CD194F8B20101284DD17C
:10B79000D5ED220AB0EE600AF4F7C6FE7D48D0ED82
:10B7A000000A80EE808AD5ED0B0AB0EE600ADFED6C
:10B7B0007A0A4846FDF73EFB38EE000A85ED1F0A7F
:10B7C00095ED0B0ADFED750AB4EEE00AF1EE10FA22
:10B7D00008D2734890ED000AF7EE000A30EE200A16
:10B7E00080ED000A6E4890ED000AF2EE040AB4EE15
:10B7F000E00AF1EE10FA18DB6A4890ED000AF2EE6A
:10B80000040AB4EEE00AF1EE10FAF4DB9FED5B0AF5
:10B81000634880ED000A9FED590A624880ED000AF6
:10B82000022084F8B20184F8B101E0E094F8B2019A
:10B8300002284FD1D5ED220AB0EE600AF4F774FE6B
:10B840005448D0ED000A80EE808AD5ED0B0AB0EEA8
:10B85000600ADFED4E0A4846FDF7ECFA38EE000AC2
:10B8600085ED1F0A95ED0B0ADFED4F0AB4EEE00AF5
:10B87000F1EE10FA0ADD4A4890ED000AF7EE000AF0
:10B8800000E09AE030EE200A80ED000A444890ED96
:10B89000000AF0EE000AB4EEE00AF1EE10FA18DB4E
:10B8A000404890ED000AF0EE000AB4EEE00AF1EE36
:10B8B00010FA0EDB9FED310A394880ED000A9FED4A
:10B8C0002F0A384880ED000A032084F8B20184F87A
:10B8D000B1018CE094F8B201032848D1D5ED0B0AF0
:10B8E000B0EE600ADFED2D0A4846FDF7A3FA85EDBC
:10B8F0001F0A9FED220A84ED5D0A95ED0B0ADFED2C
:10B900002B0AB4EEE00AF1EE10FA08D2244890EDCA
:10B91000000AF7EE000A30EE200A80ED000A204807
:10B9200090ED000AF0EE080AB4EEE00AF1EE10FA2B
:10B930005DDB1C4890ED000AF0EE080AB4EEE00A68
:10B94000F1EE10FA53DB9FED0D0A154880ED000A69
:10B950009FED0A0A134880ED000A9FED100A84ED5E
:10B960005E0A9FED0E0A84ED5F0A002020E03EE0B3
:10B970005401002400007A444C020024000000001E
:10B980008C0100249A9999999999D93FCDCCCC3EB4
:10B990000AD723BD180300240AD7A33DCDCCCC3D44
:10B9A000500100240C030024EC51383E9A99193EB2
:10B9B00084F8B20184F8B10119E0D5ED220AB0EEA5
:10B9C000600AF4F7B1FD6048D0ED000A80EE808A8D
:10B9D00094ED5E1AF0EE410A95ED0B1AB0EE410AB5
:10B9E0004846FDF727FA38EE000A85ED1F0A414662
:10B9F000284600F071FD5549087094F8B401E8BB81
:10BA000053480078012816D108460078012812D141
:10BA100095F8AD0078B994F8B20101280BD094F8EC
:10BA2000B101012807D094F8B201022803D094F89C
:10BA3000B101022803D194F8B20103282CD11FEDE3
:10BA4000310A84ED480A96ED060AD5ED220A1FED6B
:10BA5000351A70EEC10A20EE200AD6ED070A95EDE0
:10BA6000231A5FED3A1A31EE611A00EE810A85ED74
:10BA7000200A1FED3E0A84ED610A00E01BE094ED10
:10BA8000610A84ED570A95ED200AD4ED6B0A30EE79
:10BA9000200A85ED200A1AE0002085F8AD0094F810
:10BAA000B201A0B995ED1F0AD4ED6A0A30EE600A22
:10BAB00085ED1F0A0BE094F8B401012807D11FEDB2
:10BAC000510A85ED200A1FED530A85ED1F0ADFEDAF
:10BAD000210A9FED210A05F17C0001F043F9284677
:10BAE000FFF754F894F8B201012807D094F8B20196
:10BAF000022803D094F8B201032810D1F3EE0C0A07
:10BB0000BBEE0C0A05F1780001F02CF9F3EE0C0AFB
:10BB1000BBEE0C0A05F1740001F024F90FE0F2EE1F
:10BB2000020ABAEE020A05F1780001F01BF9F2EE02
:10BB3000020ABAEE020A05F1740001F013F9BDEC35
:10BB4000028BBDE8F0870000180300245801002490
:10BB5000140300240000C8420000C8C290ED230A6C
:10BB6000DFED0F0A30EE200A81ED170A90ED310A61
:10BB7000DFED0B0A30EE200A81ED180A92ED1D0A66
:10BB8000DFED080A30EEC00A80ED640A92ED050A86
:10BB9000DFED040A30EEC00A80ED650A7047000050
:10BBA000DA0FC93F000000002DE9F0472DED028BB0
:10BBB00004460D4617461E46DDF82890FE4890EDD7
:10BBC000000AB8EE400AF0EE080A20EE200ADFED87
:10BBD000FB0A80EE201AB0EE418AB0EE480A3946E0
:10BBE0002846FEF70DFE94F8B50101282AD194ED00
:10BBF000590AD4ED670AB0EE081A01EE600AF0485F
:10BC0000D0ED010A20EE200AD0ED030A97ED061AC6
:10BC100000EEC10A84ED690A4FF000080EE0D5ED90
:10BC20000B0AB0EE600AE74901EB0810FCF7A5FD2E
:10BC300006EB880080ED000A08F10108B8F10C0F4E
:10BC4000EDDB2BE09FEDE00A84ED5D0A94ED590AEF
:10BC5000D4ED670A30EE600AD948D0ED010A20EE33
:10BC6000200AD0ED030A97ED061A00EEC10A84ED12
:10BC7000690A4FF000080EE0D5ED0B0AB0EE600A3D
:10BC8000D24901EB0810FCF778FD06EB880080ED47
:10BC9000000A08F10108B8F10C0FEDDB94ED5A0A27
:10BCA000D4ED660A30EE600AC948D0ED010A20EEF4
:10BCB000200AD0ED030A97ED041A00EEC10A84EDC4
:10BCC0006A0A90ED041AF0EE410A90ED041AB1EE02
:10BCD000411AB0EE410A04F5D47001F043F8D4EDF6
:10BCE000680AB0EE600ADFEDB80ABA48FDF7A2F8BC
:10BCF00084ED6B0A96ED010AD5ED230A9FEDB21A89
:10BD000070EEC10A20EE200AB7EEC00A95ED221AA5
:10BD1000DFEDAD1A31EE611AB7EEC11A94ED5D2A6E
:10BD2000B7EEC22A9FEDAC3B03EE021B96ED002A54
:10BD3000B7EEC22A02EE010B94ED611AD4ED571A48
:10BD400031EE611AD6ED021A21EE211AB7EEC11AB0
:10BD500030EE012B94ED600AD4ED560A9FEDA01A47
:10BD600001EE600AD6ED030A20EE200AB7EEC00A03
:10BD700032EE000B94ED621ADFED9A1A31EE611A81
:10BD8000D4ED5C1A31EE611AD6ED041A21EE211AB7
:10BD9000B7EEC11A30EE012B96ED050AD4ED630A19
:10BDA0009FED891A70EEC10A20EE200AB7EEC00A94
:10BDB00032EE000BB7EEC00B84ED390A95ED220A86
:10BDC000DFED810A30EE600AD4ED5D0A30EE200A24
:10BDD000D6ED060A20EE200AD6ED070A95ED231AC5
:10BDE000DFED791A31EE611A00EE810AD4ED610AB5
:10BDF00094ED571A70EEC10A96ED081A01EE200A6A
:10BE0000D4ED600A94ED561ADFED751A41EEC10AC1
:10BE100096ED091A01EE200AD4ED620A9FED711A1F
:10BE200070EEC10A94ED5C1A70EEC10A96ED0A1A22
:10BE300001EE200AD6ED0B0A94ED631ADFED621ACB
:10BE400031EE611A00EE810A85ED200A95ED200A97
:10BE5000D4ED6B0A30EE200A85ED200A94ED390A04
:10BE6000D4ED690A30EE600A84ED390AF0EE000A7A
:10BE7000B8EE000A04F1E40000F074FF94F8B10198
:10BE8000012807D094F8B101022803D094F8B10139
:10BE900003287CD194F8B10101284DD1D5ED220AB7
:10BEA000B0EE600AF4F740FB4F48D0ED000A80EE98
:10BEB000808AD5ED0B0AB0EE600ADFED4C0A4846E9
:10BEC000FCF7B8FF38EE000A85ED1F0A95ED0B0A66
:10BED000DFED470AB4EEE00AF1EE10FA08D2454869
:10BEE00090ED000AF7EE000A30EE200A80ED000A1D
:10BEF000404890ED000AF2EE040AB4EEE00AF1EEDA
:10BF000010FA18DB3C4890ED000AF2EE040AB4EE99
:10BF1000E00AF1EE10FAF4DB9FED2B0A354880EDD4
:10BF2000000A9FED290A344880ED000A022084F8B7
:10BF3000B10184F8B201E4E094F8B101022875D1AE
:10BF4000D5ED220AB0EE600AF4F7EEFA2648D0EDFD
:10BF5000000A80EE808AD5ED0B0AB0EE600ADFEDB4
:10BF6000200A4846FCF766FF38EE000A85ED1F0AF6
:10BF700095ED0B0ADFED210AB4EEE00AF1EE10FABE
:10BF80000ADD1C4890ED000AF7EE000A00E09EE092
:10BF900030EE200A80ED000A164890ED000AF0EE1F
:10BFA000000AB4EEE00AF1EE10FA3DDB124890ED23
:10BFB000000AF0EE000A23E01003002400007A4497
:10BFC000688600244C020024000000008C0100243C
:10BFD000B0860024208600249A9999999999D93F8E
:10BFE000CDCCCC3E0AD7233D180300240AD7A33D6D
:10BFF000CDCCCC3D0C03002450010024EC51383E44
:10C00000B4EEE00AF1EE10FA7BDB1FED110A934863
:10C0100080ED000A1FED140A914880ED000A03200C
:10C0200084F8B10184F8B2016BE0FFE794F8B10144
:10C03000032866D1D5ED0B0AB0EE600A5FED140A55
:10C040004846FCF7F7FE85ED1F0A1FED210A84ED37
:10C050005D0A95ED0B0ADFED830AB4EEE00AF1EE1E
:10C0600010FA08D27D4890ED000AF7EE000A30EE93
:10C07000200A80ED000A794890ED000AF0EE080AE7
:10C08000B4EEE00AF1EE10FA3BDB754890ED000AE1
:10C09000F0EE080AB4EEE00AF1EE10FA31DB1FED23
:10C0A000360A6E4880ED000A1FED390A6C4880EDB3
:10C0B000000A1FED310A84ED5E0A1FED330A84ED9C
:10C0C0005F0A002084F8B10184F8B20119E0D5EDCF
:10C0D000220AB0EE600AF4F727FA6348D0ED000AAE
:10C0E00080EE808A94ED5E1AF0EE410A95ED0B1A0F
:10C0F000B0EE410A4846FCF79DFE38EE000A85ED99
:10C100001F0A3946284600F089FA5849087094F801
:10C11000B401E8BB08460078012816D154480078DD
:10C12000012812D195F8AD0078B994F8B101012831
:10C130000BD094F8B201012807D094F8B10102287D
:10C1400003D094F8B201022803D194F8B101032876
:10C150002CD11FED630A84ED390A96ED060AD5ED60
:10C16000220A1FED671A70EEC10A20EE200AD6EDF2
:10C17000070A95ED231A5FED6C1A31EE611A00EE95
:10C18000810A85ED200A1FED700A84ED610A00E046
:10C190001BE094ED610A84ED570A95ED200AD4ED79
:10C1A0006B0A30EE200A85ED200A1AE0002085F89F
:10C1B000AD0094F8B101A0B995ED1F0AD4ED6A0A5B
:10C1C00030EE200A85ED1F0A0BE094F8B401012837
:10C1D00007D11FED830A85ED200A1FED850A85ED45
:10C1E0001F0ADFED240A9FED240A05F17C0000F010
:10C1F000B9FD2846FEF7CAFC94F8B101012807D022
:10C2000094F8B101022803D094F8B101032810D1A9
:10C21000F3EE0C0ABBEE0C0A05F1780000F0A2FD6B
:10C22000F3EE0C0ABBEE0C0A05F1740000F09AFD67
:10C230000FE0F2EE020ABAEE020A05F1780000F011
:10C2400091FDF2EE020ABAEE020A05F1740000F066
:10C2500089FDBDEC028BBDE8F08700000C030024D3
:10C26000500100249A99193E180300241403002455
:10C27000580100240000C8420000C8C290ED070A1F
:10C28000DFED200A30EE200A81ED170A90ED150A45
:10C29000DFED1C0A30EE200A81ED180A92ED1D0A2E
:10C2A00080ED620A92ED050A80ED630A92ED1F0AA5
:10C2B00080ED670A92ED1C0A80ED660A91ED220A74
:10C2C000114BD3ED220A30EE200ADFED100A30EEDA
:10C2D000C00A80ED680A92ED1D0ADFED0D0AB4EE8A
:10C2E000E00AF1EE10FA0BD292ED1D0ADFED090A19
:10C2F000B4EEE00AF1EE10FA02DD002380F8B4316A
:10C3000070470000DA0FC93F788200240000000067
:10C31000910A063F910A06BF30B503460C46154602
:10C32000B5F5002F44D1207800F00F0098802078D8
:10C330000111D980A078617840EA01219960E07804
:10C340000001217940EA2111D9606079217901F059
:10C350000F0140EA012119611021F2EE090ABAEE3B
:10C36000090A986801F06BF883ED070A0C21F3EED7
:10C370000E0ABBEE0E0AD86801F061F883ED080AD8
:10C380000C21F2EE040ABAEE040A186901F057F81B
:10C3900083ED090AA07900EE100AB8EE400A83ED99
:10C3A0000C0AE07900EE100AB8EE400A83ED0D0A9F
:10C3B00030BD000030B503460C461546B5F5002FDC
:10C3C00044D1207800F00F001881207801115981A4
:10C3D000A078617840EA0121D960E07800012179F4
:10C3E00040EA211119616079217901F00F0140EAD9
:10C3F000012159611021F2EE090ABAEE090AD86842
:10C4000001F01DF883ED080A0C21DFED110A9FED04
:10C41000110A186901F013F883ED090A0C21F2EEF4
:10C42000040ABAEE040A586901F009F883ED0A0A11
:10C43000A07900EE100AB8EE400A83ED0D0AE0790B
:10C4400000EE100AB8EE400A83ED0E0A30BD00007F
:10C4500000003442000034C22DE9FC4106460C467F
:10C460001546601987B2FF208DF800008DF8010095
:10C470008DF802008DF803008DF804008DF805009A
:10C480008DF80600FC208DF8070008236A4639461F
:10C490003046FFF725F8BDE8FC81F0EE400AB0EE2B
:10C4A000E00A7047014671EE602AF0EE621AB0EEC3
:10C4B000602A30EE423A01208840401E02EE900A87
:10C4C000F8EEE22A63EE222A82EEA13AFDEEC32ABA
:10C4D00012EE900A7047000070B52DED028B0446F5
:10C4E0000D46D4ED220AB0EE600AF4F781FBD4EDDC
:10C4F000200A20EE200AD4ED0B0A80EE208AD4ED2B
:10C50000220AB0EE600AF4F70FF8D4ED1F0A00EE2D
:10C51000808AD4ED220AB0EE600AF4F705F8D5ED72
:10C520000F8AD4ED270A40EEC08AD4ED220AB0EE7D
:10C53000600AF4F75DFBD4ED260AB0EE001A60EE57
:10C54000810A94ED231A60EE810A40EE808AD4EDD0
:10C55000220AB0EE600AF4F74BFBD4ED0B0A94ED1F
:10C56000251A60EE810A40EE808AD4ED220AB0EEF0
:10C57000600AF3F7D9FFD4ED0B0A94ED231A60EEAD
:10C58000810A94ED231A60EE810A40EE808A9FEDC5
:10C59000200A00EE288A84ED2A8A1E4890ED010ABE
:10C5A00080ED000A90ED020A80ED010A90ED030A89
:10C5B00080ED020A94ED2A0A80ED030A90ED000A4C
:10C5C000F5EE000A20EE200AD0ED010AB5EE001AC1
:10C5D00001EE200AD0ED020AB5EE001A01EE200AA3
:10C5E000D0ED030AB5EE001A01EE200A0A4880EDEC
:10C5F000000A90ED000AF0EE080AB4EEE00AF1EE4F
:10C6000010FA03D20120BDEC028B70BD0020FAE7C6
:10C610009A99193F480800248400002470B52DED34
:10C62000028B04460D46D4ED220AB0EE600AF4F700
:10C63000DFFAD4ED200A20EE200AD4ED0B0A80EEBA
:10C64000208AD4ED220AB0EE600AF3F76DFFD4ED34
:10C650001F0A00EE808AD4ED220AB0EE600AF3F7DA
:10C6600063FFD5ED0F8AD4ED270A40EEC08AD4EDE2
:10C67000220AB0EE600AF4F7BBFAD4ED260AB0EE57
:10C68000001A60EE810A94ED231A60EE810A40EEF2
:10C69000808AD4ED220AB0EE600AF4F7A9FAD4ED4C
:10C6A0000B0A94ED251A60EE810A40EE808AD4EDE3
:10C6B000220AB0EE600AF3F737FFD4ED0B0A94EDCF
:10C6C000231A60EE810A94ED231A60EE810A40EE8F
:10C6D000808A9FED200A00EE288A84ED2A8A1E486F
:10C6E00090ED010A80ED000A90ED020A80ED010A4A
:10C6F00090ED030A80ED020A94ED2A0A80ED030A08
:10C7000090ED000AF5EE000A20EE200AD0ED010AB5
:10C71000B5EE001A01EE200AD0ED020AB5EE001ABD
:10C7200001EE200AD0ED030AB5EE001A01EE200A50
:10C730000A4880ED000A90ED000AF0EE080AB4EE17
:10C74000E00AF1EE10FA03D20120BDEC028B70BDBD
:10C750000020FAE79A99193F380800248000002445
:10C76000028081807047000080ED000AC0ED010A60
:10C7700080ED021AF7EE001AC0ED0C1A0449416769
:10C78000044981670449C1670449C0F880107047B3
:10C79000A1C7000809C80008BFC70008A99B000876
:10C7A00001B52DED060B9DE80E00C0E90423C16024
:10C7B00003A90EC9C0E90723816107B000BD10B508
:10C7C0000446D4ED160AB0EE600AFEF7F7FAB1EEB1
:10C7D000400A84ED190A94ED181AF0EE410A94ED1E
:10C7E000171AB0EE410AFEF785FB84ED1A0A94EDA4
:10C7F000101AF0EE410A94ED131AB0EE410AFEF75A
:10C8000079FB84ED1B0A10BD10B52DED0A8B044693
:10C8100094ED061A21EE011AD4ED071A94ED072AB9
:10C8200001EE821AD4ED081A94ED082A01EE821A5C
:10C83000B7EEC11AB0EE410BFEF788FCB7EEC00BA5
:10C84000B0EE408A94ED060AC0EE080AC4ED060A6E
:10C8500094ED070AC0EE080AC4ED070A94ED080A31
:10C86000C0EE080AC4ED080A94ED070AD4ED180AD0
:10C8700020EE200AD4ED080A94ED171A00EEC10A42
:10C88000B0EE40BA94ED080AD4ED160A20EE200A64
:10C89000D4ED060A94ED181A00EEC10AF0EE40BA83
:10C8A00094ED060AD4ED170A20EE200AD4ED070A0B
:10C8B00094ED161A00EEC10AB0EE40CA94ED090AD2
:10C8C000D4ED010A60EE8B0A94ED021A00EE810AA3
:10C8D00084ED090A94ED0A0AD4ED010A60EEAB0A70
:10C8E00094ED021A00EE810A84ED0A0A94ED0B0A17
:10C8F000D4ED010A60EE8C0A94ED021A00EE810A72
:10C9000084ED0B0A94ED090AD4ED000A00EE8B0ABF
:10C91000D4ED030A30EE200A84ED030A94ED0A0AEE
:10C92000D4ED000A00EEAB0AD4ED040A30EE200A82
:10C9300084ED040A94ED0B0AD4ED000A00EE8C0A93
:10C94000D4ED050A30EE200A84ED050A94ED0C0AB8
:10C95000B0EE409A94ED0D0AF0EE409A94ED0E0A76
:10C96000B0EE40AA94ED0F0AF0EE40AA94ED020A50
:10C97000F6EE000A20EE200AF0EE408A94ED030A5B
:10C98000F1EE690A20EE200AD4ED040A0AEE600AEC
:10C99000D4ED050A0AEEE00AD4ED0C0A40EE280AAE
:10C9A000C4ED0C0A94ED030A20EE090AD4ED050A41
:10C9B0000AEE200AD4ED040A0AEEE00AD4ED0D0ACC
:10C9C00040EE280AC4ED0D0A94ED040A20EE090A8F
:10C9D000D4ED050A09EEE00AD4ED030A0AEEA00A36
:10C9E000D4ED0E0A40EE280AC4ED0E0A94ED050AB5
:10C9F00020EE090AD4ED040A09EEA00AD4ED030AD8
:10CA00000AEE600AD4ED0F0A40EE280AC4ED0F0AC0
:10CA100094ED0C1A21EE011AD4ED0D1A94ED0D2AA5
:10CA200001EE821AD4ED0E1A94ED0E2A01EE821A4E
:10CA3000D4ED0F1A94ED0F2A01EE821AB7EEC11A47
:10CA4000B0EE410BFEF782FBB7EEC00BB0EE408AB2
:10CA500094ED0C0AC0EE080AC4ED0C0A94ED0D0A20
:10CA6000C0EE080AC4ED0D0A94ED0E0AC0EE080AE5
:10CA7000C4ED0E0A94ED0F0AC0EE080AC4ED0F0AC9
:10CA80002046D4F880108847BDEC0A8B10BD00000A
:10CA9000F8F78AF8FDF7EEF9FCF7FEFEFBF7C2FFA8
:10CAA000FBF784FEFCF778F8FBF7A2FEFBF7E0FE4D
:10CAB000FCF7A4F8FBF71CFF4FF4F070F5F756FBFA
:10CAC00000BF00210C48F4F799FA0028F9D101229F
:10CAD00051030A48F8F750F8012291030748F8F784
:10CAE0004BF8F5F791FCF5F7C7FCFBF741FF00F0B9
:10CAF00059F900BFFEE70000DC05002400080258D9
:10CB000001460020842901D0CA1C1044704700004F
:10CB1000F0B50B30154D20F007010024144A0FE04A
:10CB200003688B420BD38B4205D95E1A43184768C2
:10CB3000C3E9006700E04368136002C004E0021D1F
:10CB400010680028ECD12046002802D1286808B1DE
:10CB50000020F0BD064A07481060074A121A22F06A
:10CB60000702C0E9002401202860D7E7F40300246D
:10CB7000F003002434890024308B00242DE9F04F89
:10CB80002DED068B83B082460C46B0EE40AAB0EE87
:10CB9000608AF0EE418AB0EE619AF0EE429A1FFA96
:10CBA00084FB1020B2EE091AFAEE090AB0EE4A0A26
:10CBB000FFF778FC85B20C20B3EE0E1AFBEE0E0ADE
:10CBC000B0EE480AFFF76EFC86B20C209FED251AE6
:10CBD000DFED250AB0EE680AFFF764FC87B20C208F
:10CBE000B1EE081ADFED200AB0EE490AFFF75AFC51
:10CBF0001FFA80F80C20B2EE041AFAEE040AB0EE26
:10CC0000690AFFF74FFC1FFA80F928128DF804001B
:10CC1000E8B28DF80500C6F307108DF8060030075E
:10CC2000000E40EA27208DF80700F8B28DF80800C2
:10CC3000C8F307108DF809004FEA0870000E40EAAB
:10CC400029208DF80A0009F0FF008DF80B00082359
:10CC500001AA59465046FEF743FC03B0BDEC068BD3
:10CC6000BDE8F08F0000FA43000000002DE9F04F0E
:10CC70002DED068B83B082460C46B0EE40AAB0EE96
:10CC8000608AF0EE418AB0EE619AF0EE429A1FFAA5
:10CC900084FB1020B2EE091AFAEE090AB0EE4A0A35
:10CCA000FFF700FC85B20C209FED2A1ADFED2A0A5F
:10CCB000B0EE480AFFF7F6FB86B20C209FED271A6C
:10CCC000DFED270AB0EE680AFFF7ECFB87B20C2015
:10CCD000B1EE041ADFED220AB0EE490AFFF7E2FBDB
:10CCE0001FFA80F80C20B2EE041AFAEE040AB0EE35
:10CCF000690AFFF7D7FB1FFA80F928128DF80400A4
:10CD0000E8B28DF80500C6F307108DF8060030076D
:10CD1000000E40EA27208DF80700F8B28DF80800D1
:10CD2000C8F307108DF809004FEA0870000E40EABA
:10CD300029208DF80A0009F0FF008DF80B00082368
:10CD400001AA59465046FEF7CBFB03B0BDEC068B5B
:10CD5000BDE8F08F00003442000034C20000FA4306
:10CD60000000000090ED001AB4EEC01AF1EE10FAC7
:10CD700002D280ED000A08E090ED001AB4EEE01A4D
:10CD8000F1EE10FA01DDC0ED000A704770B50446FF
:10CD900025460DB1294600E00121084600F062FC5D
:10CDA000002070BD10B500F08BFC002010BDFEB55A
:10CDB00004460D46B4F90800FFF7A2FE064602A895
:10CDC000CDE90060238A9AB22B46D4E9001000F026
:10CDD000C1FD012801D00020FEBD0298FCE7000043
:10CDE0002DE9F04105460E461C4807681C480068BE
:10CDF000001D00F03EFB50B91948006890F82C1057
:10CE00000120884017490968814316480160681C61
:10CE100038B936B112480168091D134800F067FBA4
:10CE20001AE07C190E4800684460BC4207D20C48E6
:10CE30000168091D0D48006800F03FFB0CE0084840
:10CE40000168091D0A48006800F037FB09480068BE
:10CE5000844201D207480460BDE8F081B00000249C
:10CE60009C000024B400002434090024A400002401
:10CE7000A0000024CC00002410B5044600F044FBC0
:10CE800023480068401C224908602248006840B9D5
:10CE9000204804600846006801280DD100F020F900
:10CEA0000AE01D48006838B91A480068C06AE16A9B
:10CEB000884201D81748046018480068401C174988
:10CEC000086094F82C10012088401549096808432F
:10CED00013490860E16A01EB8101124A02EB81000B
:10CEE000211D00F004FB00F039FB0B48006868B11D
:10CEF00008480068C06AE16A884207D24FF0805053
:10CF000009490860BFF34F8FBFF36F8F10BD00005A
:10CF1000AC0000249C000024B8000024C8000024B9
:10CF2000B40000245808002404ED00E010B516E019
:10CF300000F0EAFA0C48C068C468201D00F099FAB5
:10CF40000A480068401E0949086009480068401EF8
:10CF50000749086000F002FB204600F00BF8044887
:10CF600000680028E4D110BD20090024AC00002492
:10CF7000A800002410B50446206B00F00DFB2046ED
:10CF800000F00AFB10BD000030B54FF4F043174825
:10CF900000F007042CB1C01D20F00700134C041B47
:10CFA0001B1B0246124C22600024114D6C60D018ED
:10CFB000083820F007000F4C206000240D4D2D682C
:10CFC0006C600C4D2D682C601146441A4C60094C65
:10CFD00024680C60084D4C682C60084D4C682C602F
:10CFE0004FF00044064D2C6030BD0000480900247D
:10CFF000D8000024E0000024E8000024E40000241D
:10D00000F400002400BFFFF791FF064800680128E4
:10D01000F9D94FF0805004490860BFF34F8FBFF338
:10D020006F8FF0E75808002404ED00E02DE9FF5F62
:10D0300081460E469246DDE90E7B109CAAF1010066
:10D04000216B01EB800828F0070808F0070008B9F9
:10D05000012000E0002050B900BF502080F311886B
:10D06000BFF34F8FBFF36F8F00BF00BFFEE786B1E6
:10D07000002507E0715D04F134004155705D00B991
:10D0800002E06D1C102DF5D300BF00214320015597
:10D0900002E0002084F83400072F00D30627E7625F
:10D0A00067640020A064201D00F004FA04F1180059
:10D0B00000F000FA2461C7F10700A061646200205B
:10D0C000E06484F8500049464046039A00F082F933
:10D0D0002060BBF1000F01D0CBF80040BDE8FF9FFE
:10D0E00010B5002407E004EB84010F4A02EB810035
:10D0F00000F0D3F9641C072CF5D30C4800F0CDF9EF
:10D100000B4800F0CAF90B4800F0C7F90A4800F0D4
:10D11000C4F90A4800F0C1F9044809490860044804
:10D120000849086010BD000058080024E4080024E5
:10D13000F80800240C0900242009002434090024E4
:10D14000A0000024A400002410B50146164800E009
:10D15000006803688B42FBD30246436813448B424A
:10D1600004D143684C682344436001460A464B6837
:10D1700013440468A34211D10C4C03682468A342F1
:10D1800008D04B680468646823444B6003681B68DC
:10D190000B6005E0054B1B680B6001E003680B604A
:10D1A000884200D0016010BDD8000024E0000024B7
:10D1B0000A490968096809B9012100E0002121B183
:10D1C0004FF0FF31064A116006E004490968C9685A
:10D1D000C868034A4168116070470000A00000243D
:10D1E000CC0000240E480068401C08B9012000E073
:10D1F000002050B900BF502080F31188BFF34F8F3B
:10D20000BFF36F8F00BF00BFFEE700BF502080F369
:10D210001188BFF34F8FBFF36F8F00BF00BFFEE7D2
:10D22000F80000242DED028BFCF792F81EE0104868
:10D230004078732801D0FCF78BF80E48FCF7C8FA49
:10D240000D4890ED000AB8EE400ADFED0C0A80EEC2
:10D25000201AB0EE418AB0EE480A094A0949054849
:10D26000FCF7E0F804480068FFF790FDDFE70000F6
:10D270005488002448880024A403002400007A4431
:10D2800048810024208400242DE9F04104464FF019
:10D29000000800F059FA4948006808B9FFF774FE21
:10D2A000474800682040002870D1D4B1083404F009
:10D2B0000700B0B104F00700C0F10800044404F016
:10D2C000070008B9012000E0002050B900BF50203D
:10D2D00080F31188BFF34F8FBFF36F8F00BF00BF84
:10D2E000FEE7002C52D03748006884424ED8364EB4
:10D2F0003046056801E02E462D686868A04202D2DB
:10D3000028680028F7D12D48006885423ED0306853
:10D3100000F10808286830606868001B102819D9D7
:10D320002F1907F0070008B9012000E0002050B9CC
:10D3300000BF502080F31188BFF34F8FBFF36F8F72
:10D3400000BF00BFFEE76868001B78606C6038466D
:10D35000FFF7FAFE1B4968680968081A194908604E
:10D360000846006819490968884203D215480068D0
:10D370001649086012496868096808436860002017
:10D38000286013480068401C1149086000F0B6FB93
:10D3900008F0070008B9012000E0002050B900BFE4
:10D3A000502080F31188BFF34F8FBFF36F8F00BF02
:10D3B00000BFFEE74046BDE8F0810000E000002429
:10D3C000F4000024E4000024D8000024E800002435
:10D3D000EC000024001F4FF080730360001F21F059
:10D3E00001030360001F054B036014380260001F37
:10D3F0006FF002030360203870470000E5D1000899
:10D4000010B500EE100A2DED028BB1EEC08A18EEB9
:10D41000100A20F00040C0F1FF40C00F0AD010EE0B
:10D42000100A20F00040C0F1FF40C00F04BF0120EF
:10D43000FDF702FF18EE100ABDEC028B10BDB0EE36
:10D44000401A30EEC10AF0EE401AB0EE412A00EE6A
:10D45000100AB8EEC00A60EE212A01228A40521E4C
:10D4600000EE102AB8EEC03A82EE830A30EE020ACD
:10D47000704701460A69D1E901309860D1E901039A
:10D4800058605068884201D1886850600020086167
:10D490001068401E10601068704700F1080141607C
:10D4A0004FF0FF31816000F10801C160016100218E
:10D4B0000160704700210161704710B502460B689A
:10D4C0005C1C0CB9106907E002F1080000E040683C
:10D4D000446824689C42FAD944684C604C68A16056
:10D4E000886041600A611468641C146010BD426861
:10D4F0004A6093688B609368596091600861036823
:10D500005B1C03607047000000BF502080F311884F
:10D51000BFF34F8FBFF36F8F00BF0E480068401CF2
:10D520000C49086008460068012812D10A480068C2
:10D53000C0B208B9012000E0002050B900BF50205F
:10D5400080F31188BFF34F8FBFF36F8F00BF00BF11
:10D55000FEE77047F800002404ED00E00D48006885
:10D5600050B900BF502080F31188BFF34F8FBFF335
:10D570006F8F00BF00BFFEE706480068401E0549E8
:10D5800008600846006820B9002080F3118800BFB9
:10D5900000BF7047F800002470B506463546002EDF
:10D5A00044D0083D2C46224960680968084008B10B
:10D5B000012000E0002050B900BF502080F3118806
:10D5C000BFF34F8FBFF36F8F00BF00BFFEE7206830
:10D5D00008B9012000E0002050B900BF502080F3BE
:10D5E0001188BFF34F8FBFF36F8F00BF00BFFEE7FF
:10D5F0000F49606809680840C0B12068B0B90C499B
:10D60000606809688843606000F09EF809496068B6
:10D6100009680844074908602046FFF795FD064859
:10D620000068401C0449086000F068FA70BD000002
:10D63000F4000024E4000024F000002400204FF057
:10D64000E02108618861064800684FF47A71B0FBF8
:10D65000F1F0401E4FF0E02148610720086170475B
:10D660002800002470B504460025D4B11248006893
:10D6700008B9012000E0002050B900BF502080F31D
:10D680001188BFF34F8FBFF36F8F00BF00BFFEE75E
:10D6900000F05AF800212046FFF7A2FB00F02EFA16
:10D6A00005463DB94FF0805004490860BFF34F8FE5
:10D6B000BFF36F8F70BD0000D400002404ED00E0C4
:10D6C0001CB51A4800210B468022CDE9001018A194
:10D6D000194800F03FF90446012C15D100BF502035
:10D6E00080F31188BFF34F8FBFF36F8F00BF4FF0F0
:10D6F000FF301249086001201149086000201149DB
:10D70000086000F073F810E0601C08B1012000E030
:10D71000002050B900BF502080F31188BFF34F8F15
:10D72000BFF36F8F00BF00BFFEE71CBDD000002419
:10D7300049444C450000000005D00008CC000024FE
:10D74000B8000024B000002402480068401C0149D1
:10D7500008607047D40000241D48006818B10120FB
:10D760001C49086032E000201A4908601A48006825
:10D77000B0FA80F0C0F11F0101EB8100174A52F8A6
:10D78000200008B1012000E0002050B900BF502067
:10D7900080F31188BFF34F8FBFF36F8F00BF00BFBF
:10D7A000FEE701EB81020D4B03EB820042685268F9
:10D7B000426000F108024368934202D14268526815
:10D7C00042604268D268064B1A6000BF7047000092
:10D7D000D4000024C0000024B40000245808002411
:10D7E0009C00002402800181704700001CB5524853
:10D7F00000685249884201D0012000E0002050B961
:10D8000000BF502080F31188BFF34F8FBFF36F8F9D
:10D8100000BF00BFFEE7484800684849491E8842EB
:10D8200001D0012000E0002050B900BF502080F35B
:10D830001188BFF34F8FBFF36F8F00BF00BFFEE7AC
:10D840003F49084600780190FF200A4610700846BC
:10D85000007800909DF8000000F0F0009DF8002096
:10D86000904201D1012000E0002050B900BF5020BB
:10D8700080F31188BFF34F8FBFF36F8F00BF00BFDE
:10D88000FEE79DF8000000F050002E4A10700720BF
:10D890002D4A106009E02C480068401E2A4A10609A
:10D8A0009DF800004006000E00909DF8000000F07A
:10D8B00080008028EFD024480068C0F107000428C9
:10D8C00001D1012000E0002050B900BF502080F3BA
:10D8D0001188BFF34F8FBFF36F8F00BF00BFFEE70C
:10D8E000194800680002184A10601046008800F4C9
:10D8F000E0601060124A019810700F4820300068F4
:10D9000040F470000C49203108600846006840F07F
:10D9100070400860FFF792FE00200C490860F2F7A3
:10D9200003FD0B48006840F0404009490860F2F7E9
:10D93000E7FC00201CBD000000ED00E071C20F41BB
:10D9400000E400E0FC00002400010024F8000024B2
:10D9500034EF00E02DE9FF4F85B080468946174639
:10D96000DDE912ABB800FFF78FFC064656B1542034
:10D97000FFF78AFC04460CB1266304E03046FFF74B
:10D980000BFE00E000247CB10020CDE900ABCDE926
:10D9900002403A4649464046089BFFF747FB20466F
:10D9A000FFF76AFA012501E04FF0FF35284609B07C
:10D9B000BDE8F08F2DE9F0414FF0000844480068C1
:10D9C00000287CD143480068451C4248056015BBCF
:10D9D00041480068006808B9012000E0002050B903
:10D9E00000BF502080F31188BFF34F8FBFF36F8FBC
:10D9F00000BF00BFFEE7384807683848006836496E
:10DA000008603648076036480068401C34490860A2
:10DA1000FFF7CEFB00BF3348006885423CD300BF10
:10DA20002D480068006808B9012000E0002020B1FE
:10DA30004FF0FF302B4908602DE027480068C06890
:10DA4000C4686668B54202D22648066023E0201DFD
:10DA5000FFF70FFDA06A18B104F11800FFF709FDE8
:10DA600094F82C10012088401F49096808431E497A
:10DA70000860E16A01EB81011C4A02EB8100211D73
:10DA8000FFF735FD1A49E06A0968C96A8842C7D3B9
:10DA90004FF00108C4E700BF15480068C06A00EBFA
:10DAA0008000124951F82000012801D94FF00108E7
:10DAB0001048006808B14FF0010805E0FFE70E4884
:10DAC0000068401C0C4908604046BDE8F081000039
:10DAD000D4000024B0000024A0000024A4000024EE
:10DAE000C4000024CC000024B40000245808002402
:10DAF0009C000024C0000024BC00002470B5002459
:10DB000000263648006850B900BF502080F31188C5
:10DB1000BFF34F8FBFF36F8F00BF00BFFEE7FFF76C
:10DB2000F3FC2E480068401E2C4908600846006837
:10DB300000284FD12A48006800284BD024E029480B
:10DB4000C068C46804F11800FFF793FC201DFFF7BC
:10DB500090FC94F82C100120884023490968084360
:10DB600021490860E16A01EB8101204A02EB810052
:10DB7000211DFFF7BCFC1E49E06A0968C96A88429A
:10DB800002D301201B4908601648006808B901202B
:10DB900000E000200028D2D00CB1FFF709FB1648A6
:10DBA000056865B100BFFFF705FF10B101201149FD
:10DBB00008606D1E002DF6D100200F4908600D4849
:10DBC000006838B1012630070C490860BFF34F8F59
:10DBD000BFF36F8FFFF7C2FC304670BDD400002446
:10DBE000AC0000240C090024B400002458080024D0
:10DBF0009C000024C0000024BC00002404ED00E0D0
:10DC000070B504460223002219462046FAF71EF892
:10DC100004F580741249A06891E82C00C96880E876
:10DC20002C00C1600F492068D1E901530A68C96816
:10DC3000C0E901530260C1600B4D206AD5E90113B0
:10DC40002A68ED68061D2AC60260084D636A27CD62
:10DC500027C3A369A4F58074054D27CD27C370BDE4
:10DC60001C0300242C0300243C0300244C03002448
:10DC70000CDE000870B52DED028B0446B0EE408B33
:10DC8000154AD4F82001D2E90035D2E90212C0E9E0
:10DC90000035C0E90212114DD4F824012ECD2EC05A
:10DCA0006068C0ED008A606880ED018A2046FAF75E
:10DCB0004DFC00200BE0216801EB800191ED000A92
:10DCC000074901EB800181ED000A411CC8B202281E
:10DCD000F1DBBDEC028B70BD3C0300244C0300243F
:10DCE0005C03002464DE0008379E0008000000008A
:10DCF000000000008000000058DE0008E9780008FD
:10DD000003000000000000000002000048DE0008E0
:10DD1000251B0008010000000000000000020000B8
:10DD200038DE0008091900080100000000000000AA
:10DD30000002000028DE0008858C000802000000B8
:10DD400000000000000200001CDE0008BD93000877
:10DD50000100000000000000800000000006101616
:10DD6000000610160001020304050607080C101433
:10DD700018203040000000000000000000000000FB
:10DD80000000000000000000010000000200000090
:10DD90000300000004000000000000000500000077
:10DDA000000000000000000000000000060000006D
:10DDB000000000000000000000000000070000005C
:10DDC0000000000001020304010203040607080921
:10DDD0000000AF430000000000803B450000AF435F
:10DDE0000000000000803B4500000C4300000000E4
:10DDF000000020410000F041000000000000803FD2
:10DE000000002040000000009A99993E0000803FE9
:10DE100000000000000000000000803F5053325F0F
:10DE20005441534B000000004F4253455256455F4A
:10DE30005441534B00000000434841535349534C55
:10DE40005F5441534B0000004348415353495352E0
:10DE50005F5441534B000000494E535F5441534BB4
:10DE60000000000064656661756C745461736B003A
:10DE700000000000920E493CB10AC93C2BC3163D7C
:10DE80002EFB483D752B7B3D04A9963D80B6AF3DEA
:10DE900036BDC83D2FBCE13D73B2FA3D87CF093E88
:10DEA0008340163EB5AB223EA2102F3ECF6E3B3EC6
:10DEB000C2C5473E0115543E135C603E7F9A6C3EDE
:10DEC000CCCF783EC07D823E938E883E229A8E3E95
:10DED00032A0943E86A09A3EE59AA03E128FA63EBE
:10DEE000D47CAC3EEF63B23E2A44B83E491DBE3EF0
:10DEF00015EFC33E53B9C93ECA7BCF3E4136D53E2E
:10DF000080E8DA3E4F92E03E7533E63EBBCBEB3E17
:10DF1000EA5AF13ECBE0F63E275DFC3EE4E7003FE7
:10DF20003D9C033F824B063F9BF5083F6B9A0B3F9E
:10DF3000DA390E3FCDD3103F2A68133FD9F6153F8B
:10DF4000C07F183FC6021B3FD17F1D3FCBF61F3F4E
:10DF50009967223F25D2243F5636273F1594293F03
:10DF60004AEB2B3FDE3B2E3FBB85303FC9C8323FDB
:10DF7000F304353F233A373F4268393F3B8F3B3FFD
:10DF8000F9AE3D3F67C73F3F70D8413F01E2433F95
:10DF900003E4453F65DE473F12D1493FF8BB4B3FA5
:10DFA000029F4D3F207A4F3F3D4D513F4918533F0F
:10DFB00031DB543FE595563F5348583F6AF2593F8D
:10DFC0001A945B3F532D5D3F05BE5E3F2146603F87
:10DFD00097C5613F5A3C633F59AA643F880F663F2B
:10DFE000D86B673F3CBF683FA7096A3F0C4B6B3F4C
:10DFF0005E836C3F93B26D3F9ED86E3F73F56F3F6B
:10E000000809713F5213723F4714733FDD0B743F91
:10E010000BFA743FC6DE753F07BA763FC58B773F74
:10E02000F853783F9812793F9DC7793F02737A3F42
:10E03000BE147B3FCDAC7B3F283B7C3FC9BF7C3FC0
:10E04000AC3A7D3FCCAB7D3F23137E3FB0707E3F2B
:10E050006DC47E3F580E7F3F6D4E7F3FAB847F3F48
:10E060000FB17F3F97D37F3F43EC7F3F11FB7F3F53
:10E070000000803F11FB7F3F43EC7F3F97D37F3F02
:10E080000FB17F3FAB847F3F6D4E7F3F580E7F3F88
:10E090006DC47E3FB0707E3F23137E3FCCAB7D3F8F
:10E0A000AC3A7D3FC9BF7C3F283B7C3FCDAC7B3F3A
:10E0B000BE147B3F02737A3F9DC7793F9812793F28
:10E0C000F853783FC58B773F07BA763FC6DE753F7A
:10E0D0000BFA743FDD0B743F4714733F5213723FCA
:10E0E0000809713F73F56F3F9ED86E3F93B26D3F45
:10E0F0005E836C3F0C4B6B3FA7096A3F3CBF683F98
:10E10000D86B673F880F663F59AA643F5A3C633F0C
:10E1100097C5613F2146603F05BE5E3F532D5D3F81
:10E120001A945B3F6AF2593F5348583FE595563F72
:10E1300031DB543F4918533F3D4D513F207A4F3F0B
:10E14000029F4D3FF8BB4B3F12D1493F65DE473F31
:10E1500003E4453F01E2433F70D8413F67C73F3F7B
:10E16000F9AE3D3F3B8F3B3F4268393F233A373F53
:10E17000F304353FC9C8323FBB85303FDE3B2E3FFD
:10E180004AEB2B3F1594293F5636273F25D2243F93
:10E190009967223FCBF61F3FD17F1D3FC6021B3F31
:10E1A000C07F183FD9F6153F2A68133FCDD3103FE3
:10E1B000DA390E3F6B9A0B3F9BF5083F824B063FC7
:10E1C0003D9C033FE4E7003F275DFC3ECBE0F63E8D
:10E1D000EA5AF13EBBCBEB3E7533E63E4F92E03E52
:10E1E00080E8DA3E4136D53ECA7BCF3E53B9C93EC0
:10E1F00015EFC33E491DBE3E2A44B83EEF63B23E12
:10E20000D47CAC3E128FA63EE59AA03E86A09A3EF4
:10E2100032A0943E229A8E3E938E883EC07D823EEE
:10E22000CCCF783E7F9A6C3E135C603E0115543E25
:10E23000C2C5473ECF6E3B3EA2102F3EB5AB223E3D
:10E240008340163E87CF093E73B2FA3D2FBCE13DB5
:10E2500036BDC83D80B6AF3D04A9963D752B7B3DCC
:10E260002EFB483D2BC3163DB10AC93C920E493CDA
:10E2700000000000920E49BCB10AC9BC2BC316BDF8
:10E280002EFB48BD752B7BBD04A996BD80B6AFBDE6
:10E2900036BDC8BD2FBCE1BD73B2FABD87CF09BE84
:10E2A000834016BEB5AB22BEA2102FBECF6E3BBEC2
:10E2B000C2C547BE011554BE135C60BE7F9A6CBEDA
:10E2C000CCCF78BEC07D82BE938E88BE229A8EBE91
:10E2D00032A094BE86A09ABEE59AA0BE128FA6BEBA
:10E2E000D47CACBEEF63B2BE2A44B8BE491DBEBEEC
:10E2F00015EFC3BE53B9C9BECA7BCFBE4136D5BE2A
:10E3000080E8DABE4F92E0BE7533E6BEBBCBEBBE13
:10E31000EA5AF1BECBE0F6BE275DFCBEE4E700BFE3
:10E320003D9C03BF824B06BF9BF508BF6B9A0BBF9A
:10E33000DA390EBFCDD310BF2A6813BFD9F615BF87
:10E34000C07F18BFC6021BBFD17F1DBFCBF61FBF4A
:10E35000996722BF25D224BF563627BF159429BFFF
:10E360004AEB2BBFDE3B2EBFBB8530BFC9C832BFD7
:10E37000F30435BF233A37BF426839BF3B8F3BBFF9
:10E38000F9AE3DBF67C73FBF70D841BF01E243BF91
:10E3900003E445BF65DE47BF12D149BFF8BB4BBFA1
:10E3A000029F4DBF207A4FBF3D4D51BF491853BF0B
:10E3B00031DB54BFE59556BF534858BF6AF259BF89
:10E3C0001A945BBF532D5DBF05BE5EBF214660BF83
:10E3D00097C561BF5A3C63BF59AA64BF880F66BF27
:10E3E000D86B67BF3CBF68BFA7096ABF0C4B6BBF48
:10E3F0005E836CBF93B26DBF9ED86EBF73F56FBF67
:10E40000080971BF521372BF471473BFDD0B74BF8D
:10E410000BFA74BFC6DE75BF07BA76BFC58B77BF70
:10E42000F85378BF981279BF9DC779BF02737ABF3E
:10E43000BE147BBFCDAC7BBF283B7CBFC9BF7CBFBC
:10E44000AC3A7DBFCCAB7DBF23137EBFB0707EBF27
:10E450006DC47EBF580E7FBF6D4E7FBFAB847FBF44
:10E460000FB17FBF97D37FBF43EC7FBF11FB7FBF4F
:10E47000000080BF11FB7FBF43EC7FBF97D37FBFFE
:10E480000FB17FBFAB847FBF6D4E7FBF580E7FBF84
:10E490006DC47EBFB0707EBF23137EBFCCAB7DBF8B
:10E4A000AC3A7DBFC9BF7CBF283B7CBFCDAC7BBF36
:10E4B000BE147BBF02737ABF9DC779BF981279BF24
:10E4C000F85378BFC58B77BF07BA76BFC6DE75BF76
:10E4D0000BFA74BFDD0B74BF471473BF521372BFC6
:10E4E000080971BF73F56FBF9ED86EBF93B26DBF41
:10E4F0005E836CBF0C4B6BBFA7096ABF3CBF68BF94
:10E50000D86B67BF880F66BF59AA64BF5A3C63BF08
:10E5100097C561BF214660BF05BE5EBF532D5DBF7D
:10E520001A945BBF6AF259BF534858BFE59556BF6E
:10E5300031DB54BF491853BF3D4D51BF207A4FBF07
:10E54000029F4DBFF8BB4BBF12D149BF65DE47BF2D
:10E5500003E445BF01E243BF70D841BF67C73FBF77
:10E56000F9AE3DBF3B8F3BBF426839BF233A37BF4F
:10E57000F30435BFC9C832BFBB8530BFDE3B2EBFF9
:10E580004AEB2BBF159429BF563627BF25D224BF8F
:10E59000996722BFCBF61FBFD17F1DBFC6021BBF2D
:10E5A000C07F18BFD9F615BF2A6813BFCDD310BFDF
:10E5B000DA390EBF6B9A0BBF9BF508BF824B06BFC3
:10E5C0003D9C03BFE4E700BF275DFCBECBE0F6BE89
:10E5D000EA5AF1BEBBCBEBBE7533E6BE4F92E0BE4E
:10E5E00080E8DABE4136D5BECA7BCFBE53B9C9BEBC
:10E5F00015EFC3BE491DBEBE2A44B8BEEF63B2BE0E
:10E60000D47CACBE128FA6BEE59AA0BE86A09ABEF0
:10E6100032A094BE229A8EBE938E88BEC07D82BEEA
:10E62000CCCF78BE7F9A6CBE135C60BE011554BE21
:10E63000C2C547BECF6E3BBEA2102FBEB5AB22BE39
:10E64000834016BE87CF09BE73B2FABD2FBCE1BDB1
:10E6500036BDC8BD80B6AFBD04A996BD752B7BBDC8
:10E660002EFB48BD2BC316BDB10AC9BC920E49BCD6
:10E670000000008094E6000800000024FC03000075
:10E68000D0040008E4E80008FC030024348F0000F4
:10E6900028B200080120321042012C90D0030480DF
:10E6A000093333EB3A58A08B3A291C157D04017CC1
:10E6B000100F0240AB034101055308065804070F31
:10E6C000160810810911160A15800B16450C180141
:10E6D0000D0588701770171AAA0101100510C3F5EF
:10E6E0001C414031840D4BC04C3789BE759390BF9F
:10E6F000A1D6A4BF6C786E40B459D53EC0EC98400A
:10E700002CD4BA3E423E2C40A60A3640F77528412A
:10E7100039D6A53E0A35013C103F7C61D4C2B21DFA
:10E72000E542B25D58C2569F2B3EA60A76BF7CF2E8
:10E73000E83FE9269FC0ACADD83D27F107C214AE33
:10E74000F441E94813C18FC2F5BE224E06C2C3642C
:10E75000F541E41420C11283104CBF760F9CC2A275
:10E7600074AA4281150CC2B30CD7404DF342C06469
:10E770005D8A40C3F514C0AA82313F5D7CEF4265DB
:10E780002AB0C275025241A8C691402C656C4198CE
:10E79000DD4CC1107A4A40A9A48E3ED8F0A1C2DC5B
:10E7A000B7A84248D04072C2DC68A640E68E98C244
:10E7B000F48C9F429CB3F5C1F5B9A24055D8D04323
:10E7C000AD49BEC3C956EA42BF7D1D40FB8B204206
:10E7D000613217C254E34441FB5CEDBE3451F0C2D8
:10E7E000B83EFD42686264C29D80A6BD7AA5B4BFF2
:10E7F00093A91640D49AA6C087A7D73DB537ECC1D8
:10E80000BFFDD941F9A007C1C1A804BF0EBEC0C158
:10E81000DC68B441250607C14081564E87C216EA1E
:10E820009C4297FF08C2C66DDC40FB5C1DC06F8137
:10E8300078405DFE0FC0865A333F5F583142053441
:10E8400027C1083D7BC1A1D60E41750292414625E4
:10E8500076C16A4D67409487A53E968373C2364B56
:10E860008942AC8BE4C18638A0403D4CC1C2C0ACEB
:10E87000C742E66E16C2D42BBF40D5BFE0436C1131
:10E88000CFC3073F0143925C6E3F9CB3104297D0C9
:10E890000BC23D2C3C4139B4E8BE92012390416744
:10E8A000803FA69B443B4B803F0481091210A34844
:10E8B00043890C021703496C140142011A02241205
:10E8C0000412051206120712081209120A120B127C
:10E8D0000C120D120E120F1A100E61054C0AD723DE
:04E8E0003C000000F8
:04000005080002CD20
:00000001FF
