:020000040800F2
:1000000020E90020DD0300081DA00008218600086B
:1000100019A00008652D000835E100080000000067
:100020000000000000000000000000001D030008A8
:100030008F320008000000007903000849B2000870
:10004000F7030008F7030008F7030008F7030008A8
:10005000F7030008F703000891320008F7030008CF
:10006000F70300089B320008A5320008F7030008D8
:10007000F7030008F7030008F7030008F703000878
:10008000F7030008F7030008F7030008F703000868
:10009000692D0008F7030008F7030008AF320008D5
:1000A000F7030008F7030008F7030008F703000848
:1000B000F7030008F7030008F7030008F703000838
:1000C000F7030008F7030008F7030008F703000828
:1000D000F703000871BD0008F7030008A9BD000878
:1000E000F7030008F7030008F7030008F703000808
:1000F000F7030008F7030008F7030008E52F0008DE
:10010000F7030008F7030008F7030008F7030008E7
:10011000F7030008F7030008F7030008F7030008D7
:10012000F70300086130000871300008F703000889
:10013000F7030008F7030008F7030008F7030008B7
:10014000792D0008F7030008F703000845A400080C
:100150004131000851310008F7030008D9BE0008FA
:10016000F7030008F7030008F7030008F703000887
:10017000F7030008F7030008F70300080000000079
:10018000F7030008F703000800F002F800F0B6F8E3
:100190000AA090E8000C82448344AAF10107DA45E2
:1001A00001D100F0ABF8AFF2090EBAE80F0013F07E
:1001B000010F18BFFB1A43F0010318474CB20100AE
:1001C0006CB201000A444FF0000C10F8013B13F030
:1001D000070408BF10F8014B1D1108BF10F8015BA0
:1001E000641E05D010F8016B641E01F8016BF9D193
:1001F00013F0080F1EBF10F8014BAD1C0C1B09D1EA
:100200006D1E58BF01F801CBFAD505E014F8016B5B
:1002100001F8016B6D1EF9D59142D6D370470000ED
:100220000023002400250026103A28BF78C1FBD8FF
:10023000520728BF30C148BF0B6070476E2900F0DD
:100240002984702900F06B85662917F0D38665290B
:1002500017F0D086672917F0CD86612917F0CC8674
:1002600003681B0A28BF41F08001692900F0D6838A
:10027000642900F0D383752900F0D0836F2900F042
:10028000F884782900F03785E92900F09384E4297F
:1002900000F09084F52900F08D84EF2900F0F584BA
:1002A000F82900F036850368DB0928BF41F080019A
:1002B000632901F07382732901F07882E32901F048
:1002C0008382F32901F08882002070471FB517F060
:1002D000D9FD9DE8030000F0FDFA01F0D7FA040013
:1002E0000020002116F052FD401C6060002000211B
:1002F00016F036FDE0601FBD10B510BD01F098FA94
:100300001146FFF7E3FF12F0EFFF01F075FB03B4B6
:10031000FFF7F2FF03BC01F0ADFB00002C4B1968A6
:100320000868B0E8F04F80F30988BFF36F8F4FF093
:10033000000080F311887047000000000848006842
:10034000006880F308884FF0000080F3148862B6DC
:1003500061B6BFF34F8FBFF36F8F00DF00BF00BFE9
:1003600008ED00E0DFF80C00016841F47001016065
:10037000704700BF88ED00E0EFF30980BFF36F8F97
:10038000134B1A681EF0100F08BF20ED108A20E9E9
:10039000F04F106009B44FF0500080F31188BFF3A4
:1003A0004F8FBFF36F8F15F031FD4FF0000080F3DA
:1003B000118809BC19680868B0E8F04F1EF0100FEA
:1003C00008BFB0EC108A80F30988BFF36F8F7047C5
:1003D00038030020EFF3058070470000094880478C
:1003E00009480047FEE7FEE7FEE7FEE7FEE7FEE717
:1003F000FEE7FEE7FEE7FEE704480549054A064B2F
:100400007047000031B300088901000820A90020CE
:1004100020E9002020C9002020C900209FED1A1AE1
:10042000F5EE000A40EE010ABDEEE00AF5EEC00A64
:1004300010EE100AF1EE10FA38BF401E00EE100A5E
:100440001349F7EE001AB8EEC00A30EEC00ADFED2D
:100450000F0A20EE200AFCEEC00A10EE900AC0F34C
:10046000080000EE900A01EB8000F8EE600A90EDC3
:10047000011A70EE600A90ED000A71EEE01A21EEAA
:10048000800A00EE810A704783F9223E0000004492
:100490007CA90108DFED190AB5EEC00A60EE200A5A
:1004A000BDEEE01A11EE100AF1EE10FA38BF401E50
:1004B00000EE100A1349F7EE001AB8EEC00A30EE4B
:1004C000C00ADFED0F0A60EE200ABCEEE00A10EE73
:1004D000100AC0F3080000EE100A01EB8000B8EE2D
:1004E000400A90ED011A70EEC00A90ED000A71EE1C
:1004F000E01A21EE800A00EE810A704783F9223E5D
:10050000000000447CA9010870B5064600F0C6F959
:10051000056806F10B0020F00704B4429CBF0020E0
:1005200070BD2B466A68BAB11068A04210D304F1BE
:10053000080188423CBF5068586007D351681019C1
:1005400041601168091B016058601460101D70BD86
:1005500013465268002AE7D12146284600F0A6F942
:100560000028DED170BD70B50446051F00F096F975
:100570000068002C14BF446870BD002C18BFAC424A
:100580003CBF20466468F8D301680A18AA4218BF25
:10059000456003D12A680546114401602868411965
:1005A000A1421CBF6C6070BD61686960216808442D
:1005B000286070BD53EA020C00F069802DE9F04B11
:1005C0004FF00006002B1FBFB3FA83F503FA05F4C2
:1005D00024FA05F65E4012BF1643B2FA82F502FA1B
:1005E00005F4C5F120051EBF22FA05FC44EA0C04FF
:1005F000203556EA044C4FEA144418BF641C4FF0EF
:1006000000084FF00009904271EB030C39D3002928
:1006100019BFB1FA81F701FA07F6B0FA80F700FACC
:1006200007F6C7F120071EBF20FA07FC46EA0C06B2
:100630002037B6FBF4FCA7EB0507103F07F01F0BB4
:10064000CBF120060CFA0BFB2CFA06F644BFB3469E
:100650000026202FA4BF5E464FF0000B5BEA060C7D
:1006600008BF4FF0010B19EB0B09ABFB027C48EB09
:100670000608C01B06FB02CC0BFB03CC71EB0C0184
:10068000C1E70B46024641464846BDE8F08B13B52C
:100690004FF000004FF00001AFF30080BDE81C40B8
:1006A000704700001CB50C46064B7B446946009021
:1006B000204600F008FA04460020694600F016FAC9
:1006C00020461CBD3F04000010B5431C02E010F89A
:1006D000011B71B18107FAD14FF0013202C88C1AA7
:1006E0008C4314EAC211F9D0C01A0A0603D0C01E06
:1006F00010BDC01A10BD0A0401D0801E10BD090231
:10070000FCD0401E10BD032A40F2308010F0030CD4
:1007100000F0158011F8013BBCF1020F624498BF54
:1007200011F801CB00F8013B38BF11F8013BA2F1F1
:10073000040298BF00F801CB38BF00F8013B11F06C
:10074000030300F02580083AC0F0088051F8043B0C
:10075000083A51F804CBA0E80810F5E7121D5CBF79
:1007600051F8043B40F8043BAFF30080D20724BFAC
:1007700011F8013B11F801CB48BF11F8012B24BF40
:1007800000F8013B00F801CB48BF00F8012B70478F
:1007900010B5203AC0F00B80B1E81850203AA0E81C
:1007A0001850B1E81850A0E81850BFF4F5AF5FEA50
:1007B000027C24BFB1E81850A0E8185044BF18C903
:1007C00018C0BDE810405FEA827C24BF51F8043BAA
:1007D00040F8043B08BF7047D20728BF31F8023BFE
:1007E00048BF11F8012B28BF20F8023B48BF00F892
:1007F000012B704702F0FF0343EA032242EA024260
:1008000000F002B84FF000020429C0F0128010F08E
:10081000030C00F01B80CCF1040CBCF1020F18BFDC
:1008200000F8012BA8BF20F8022BA1EB0C0100F06F
:100830000DB85FEAC17C24BF00F8012B00F8012B42
:1008400048BF00F8012B70474FF0000200B5134677
:1008500094469646203922BFA0E80C50A0E80C50E0
:10086000B1F12001BFF4F7AF090728BFA0E80C5091
:1008700048BF0CC05DF804EB890028BF40F8042B8A
:1008800008BF704748BF20F8022B11F0804F18BFF7
:1008900000F8012B70477047704770470048704759
:1008A000C8A80020704770477047704738B50446A5
:1008B0000A4600206946AFF30080002808BF38BD13
:1008C00002460099204600F001FB012038BD0120BE
:1008D00000F0A6BFF8B5AFF30080054600200C4637
:1008E000102000BF0646A819A0420DD9324669461D
:1008F0000020AFF30080070008BF00F091FF0098D0
:10090000A04218BF0546C419FFF7C8FF0560074697
:10091000F01D20F007004619284600F00AF8B442FE
:1009200008BFF8BDA21B31463868BDE8F84000F0AA
:10093000CDBA00210160C0E9011070471020704756
:1009400010B500F0BFFA006810BD10B5044600F005
:10095000B9FA046010BD70B5044685690068C10627
:1009600001D5302600E02026C00707D070BDD4E9AD
:10097000012130469047206A401C20626D1EF6D54A
:1009800070BD70B5044685690078C00707D170BD99
:10099000D4E9012120209047206A401C20626D1E6E
:1009A000F6D570BD09684A0501D540B27047C90542
:1009B000FCD500B2704709684A0501D5C0B270473E
:1009C000C905FCD580B2704770B50C460546012AB2
:1009D00005D02878800600D5EA69002302E00123CB
:1009E00005E05B1C934202D2E05C0028F9D1A869C3
:1009F000E618C01AA861286A184428622846FFF73A
:100A0000AAFF04E0D5E9012114F8010B9047B44294
:100A1000F8D32846FFF7B5FF70BD00002DE9F0417F
:100A20000646002410687529314616A510D0FFF738
:100A3000B9FF002802DA404213A507E031688A07AF
:100A400001D512A502E0490704D511A5012401E052
:100A5000FFF7B1FF00210A2206F1240709E0B0FBED
:100A6000F2FCB0FBF2F302FB1C0030307854184665
:100A7000491C0028F3D123462A463046BDE8F04100
:100A800000F09CBA000000002D0000002B000000C8
:100A90002000000011680268006A530501D5087043
:100AA0000AE0D30501D5088006E0130603D5C21776
:100AB000C1E9000200E008600120704701694A1C9A
:100AC00002610878704700B58FB0CDE9013100218F
:100AD000059105497944CDE903101146684600F0B7
:100AE00029F90FB000BD0000E5FFFFFF0A6802F81A
:100AF000010B0A60704700002DE9FF5F15468A462A
:100B00000446DFF8AC80F8440027D8E900103E46E0
:100B1000CDE9001010E03AF816106A4602A800F07D
:100B20005FFE411C07D02178890603D5E269391898
:100B300091420DD80744761C2078800602D5E069E2
:100B4000B84205DDAE42E6DB3AF816000028E2D1F5
:100B5000A069C01BA0612046FFF7FDFED8E9001088
:100B6000CDE90010002017E03AF818106A4602A8F4
:100B700000F036FEB0F1FF3F81460BD000250DF1AD
:100B8000080B05E0D4E901211BF8050090476D1C16
:100B90004D45F7D308F10100B0428046E4DB206AFE
:100BA000384420622046FFF7ECFEBDE8FF9F0000BE
:100BB00076A601002DE9F0418046D21D22F0070201
:100BC0000025D2E90002F52915A614D0011E72F104
:100BD000000106DA0023D0EB030063EB020211A64A
:100BE00008E0D8F800108B0701D50FA602E04907EE
:100BF00001D50EA601251146002408F1240704E0C2
:100C000000F07EF930323A55641C50EA0102F7D107
:100C10002B46324621464046BDE8F04100F0CEB9B1
:100C2000000000002D0000002B000000200000004C
:100C300030B4002100F1240408E002F00705D208D6
:100C4000303542EA4372DB086554491C52EA030519
:100C5000F3D10468002310A2250707D5A40600D409
:100C600021B1C46901230DA2641EC46130BC00F02F
:100C7000A5B910B5044621461068FFF79CFE024650
:100C80002046BDE810400023D2E7D21D22F0070124
:100C9000D1E90023CCE70000000000003000000094
:100CA000F0B40D460188090502D5214C7C4402E0D0
:100CB0001F4C7C440E34002100F1240608E002F0B1
:100CC0000F071209E75D42EA03721B097754491CBA
:100CD00052EA0307F3D102780023120704D5702DDE
:100CE00006D009B1022311342246F0BC00F066B9E7
:100CF00001231034F8E770B504460D46214610680C
:100D0000FFF759FE024629462046BDE87040002301
:100D1000C6E7D21D22F00703D3E90023C0E703682A
:100D2000126843F0200303600823C3610023B7E780
:100D3000D8A401002DE9F05F894604464FF0000A6F
:100D4000DFF874B1FB44C0F820A02046E168884772
:100D5000002874D0252806D0D4E901219047206AC4
:100D6000401C2062F1E700265F462046E168884784
:100D70002028054607DB312D05D2781910F8200C04
:100D800008B10643F1E7B00701D526F00406C4F820
:100D90001CA00027C4F818A02A2D09D028460DF061
:100DA00068FC38B304EB8708303DC8F8185019E0E8
:100DB00059F8041B204604EB87029161E1688847DB
:100DC000012F054618D1E069002820DA26F0200618
:100DD0001DE0D8F8180000EB800005EB400030382B
:100DE000C8F818002046E168884705460DF041FC28
:100DF0000028EED1012F0AD02E2D08D12046E1681F
:100E000088477F1C0546022F46F02006C4DBA069F8
:100E1000002803DA404246F00106A061F00701D045
:100E200026F010066C2D0BD0682D09D04C2D39D032
:100E30006A2D35D0742D35D07A2D33D016E038E0B8
:100E4000E1682F4620468847B842054609D16C2FF5
:100E500026D04FF48060E168064320468847054667
:100E600004E06C2F1AD04FF4807006430DB3A5F147
:100E70004100192802D8203546F400664A46294622
:100E8000204626604E46FFF7D9F980B101280BD0E5
:100E9000F61D26F0070000F1080956E74020E4E7B8
:100EA0008020D8E70020D6E706F104094DE7284660
:100EB00052E7206ABDE8F09F68A40100004870472F
:100EC000C0A8002000487047C0A800200346406822
:100ED0008C46002818BF88423CBF03464068F8D3C0
:100EE00018681844884207D00CF1030020F007006E
:100EF000001D411A521A0146081D0A60FFF733BB54
:100F000030B5B0F10A024FEA900E71F100034EEADB
:100F1000817EB0EB0E0061EB91014FEA101E4EEAAC
:100F2000017E10EB0E0041EB11114FEA102E4EEA3C
:100F3000016E10EB0E0041EB11214FEA104E4EEA0C
:100F4000014E10EB0E0041EB1141401841F1000140
:100F50004FEAD00040EA41704FEAD10110EB800522
:100F60004FEA810444EA907444EB01046D1944EBA8
:100F70000404521BA3414FF0000348BF0A3200D5BE
:100F800030BD401C41F1000130BD00001FB584B0F0
:100F900000200A9C06AB04AA02A90094AFF30080CB
:100FA00018B1DDE9020108B010BD0348204000F08F
:100FB00031FD00200146F6E70000207C2DE9F047D6
:100FC0000D4699469246044600F1240801688806B9
:100FD00004D5E06921F01001216000E00120A84261
:100FE00001DD471B00E00027A1697A1902EB090027
:100FF000081AA0612078C00602D42046FFF7ABFC97
:10100000002608E0D4E901211AF806009047206A7A
:10101000401C761C20624E45F4DB2078C0060AD5C1
:101020002046FFF798FC06E0D4E9012130209047E4
:10103000206A401C2062381EA7F10107F4DC07E09B
:10104000D4E9012118F805009047206A401C20626D
:10105000281EA5F10105F3DC2046FFF792FC20785D
:10106000000602D50220BDE8F0870120FBE77047AB
:101070002DE9FF4F0C461E464FF0FF378BB0D2E9EB
:101080000001DDF860800A908A46C1F30A5505B96F
:101090003D460021084616F09DFFBAF1000F00F40E
:1010A000400005DA00EB80004FF4400101EA5000F7
:1010B0004FEA9059B9F1010F00DDB9460A9850EA9C
:1010C0004A000ED044F61050A5F2FF3545432F14C8
:1010D000B8F1000F1ED07542291E1EDDC9F10002B5
:1010E0001CE0B8F1010F4FF0000001D0302103E007
:1010F000F24305E02154401CB042FBDB30460022A5
:10110000002121540B99C1F80880C1E900200FB0DB
:10111000BDE8F08FBD1B6D1CDEE74A4600DA694270
:1011200006A800F0F7FB06AB93E8070003AB83E8E3
:10113000070050460A9900F05AFD8DE80700A0F517
:1011400000501F3800900398002D0ADD42F21F0165
:101150004A460844002303A90390684600F0C3FFF1
:1011600009E0A0F500504A461F38002303A9039068
:10117000684600F0CDFF8DE807000004000C03D0A6
:101180004FF0FF30410800E01046B8F1000F03D0E7
:101190000022009215461EE0751E05D4FFF7B0FE32
:1011A000303262556D1EF9D5B3460122084302D094
:1011B00000227F1C04E02078302801D100227F1E0D
:1011C000002A099784D01DE0112D07DAFFF798FE59
:1011D000303262556D1C50EA0102F5D1084302D04D
:1011E0000098C8B10EE00021681E05E0235C625C37
:1011F00063542254401E491C8142F7DBAB46A81BB6
:10120000401E0990002004F80B000B98099AC0F8C2
:101210000880C0E9002B7AE711264FF0000857E755
:101220002DE9F04F88460446D21D22F0070191B007
:10123000D1E90001CDE90A010CF0A2FF02460B98AA
:10124000C00F01D02D2007E02068810701D52B2099
:1012500002E0202101EAC000032A099001D0072AF8
:1012600005DB03464146204600F014FB0BE12078E5
:10127000800601D5E06900E00620B8F1650F8146DF
:1012800006D0B8F1660F18D0B8F1670F70D131E011
:101290000020B9F1110F009001DB112301E009F1E9
:1012A00001030AAA01A90CA8FFF7E2FEDDE90C7010
:1012B000002609F10105834647E001204B460090D6
:1012C0004FF000470AAA01A90CA8FFF7D1FEDDE9FB
:1012D0000DB00C995D46002610B909F101000D18FA
:1012E000B9EB050003D4C0F1FF3609F10105A5EB08
:1012F00009002BE0B9F1010F01DA4FF001090020DC
:10130000B9F1110F0090484601DD112300E00346BA
:101310000AAA01A90CA8FFF7ABFEDDE90C704D4647
:1013200000268346207800070AD4AB4500DA5D46E4
:1013300001A8012D04DD411911F8011C302907D045
:101340004F4502DA17F1040F04DA012082460FE05C
:101350006D1EEEE7002F02DCED1B3E4403E0781C1F
:10136000A84200DD7D1CB81B00F1010A4FF00047C8
:101370002078000703D4AA4501DB4FF0FF3A002193
:10138000B7F1004F0DF143088DF8431024D002202F
:101390002B23002F01DA7F422D230A21021EA0F108
:1013A000010000DC5FB197FBF1FC97FBF1F201FB60
:1013B0001C7C17460CF1300C08F801CDEEE7A8F1C3
:1013C000010003702188090501D5452100E0652150
:1013D000A0F1010800F8011C09980FA9A1EB08076A
:1013E000FF1D00B10120411901EBEA70A1693844E9
:1013F000081A401EA0612078C00602D42046FFF7DC
:10140000AAFA099828B1D4E901219047206A401C22
:1014100020622078C00622D52046FFF79CFA1EE005
:10142000002E04DBB34502DD01A8805D00E0302022
:10143000D4E901219047206A401C2062761CAAF161
:1014400001005FEA000A0AD100F020FAC0680168D2
:10145000405CD4E901219047206A401C2062281E8C
:10146000A5F10105DCDC07E0D4E9012118F8010B46
:101470009047206A401C2062381EA7F10107F3DC68
:101480002046FFF77EFA032011B041E62DE9F04F28
:1014900004460D46D21D22F0070089B0D0E900971E
:1014A000484639460CF06CFE0246F80F01D02D2359
:1014B00007E02068810701D52B2302E0202101EA03
:1014C000C0038DF820300BB1012000E00020032A7A
:1014D000824601D0072A04DB2946204600F0DAF9CB
:1014E0003FE12078800601D40D2500E0E569C7F3CF
:1014F0000A560D2D49DA00214FEA175B084616F00F
:1015000069FD002F00F4400007DA00EB80004FF483
:10151000400100EBD07001EA60008115012901DD76
:101520004FF0FF3100224FEA850CBCF1180F06D3B3
:101530001346ACF118004FF08052C24003E04FF464
:10154000801323FA0CF30CF10C0CBCF1200F04D324
:10155000ACF1200C09FA0CF001E007FA0CF00029BC
:101560004FF0004801DD18B90FE00ED140450CD313
:1015700019EB02095F4121B9404502D19F4329EA95
:101580000209BBEB175F00D0761C2088000502D54E
:101590007B48784402E07A487844193808AA302316
:1015A00002F80A30037C0AF10101002E0AF1020A56
:1015B00053546A4602DC4FF0300101E04FF0310134
:1015C0004FF001088DF8001002D0A6F2FF3603E0BC
:1015D00059EA470100D06B4E002D02DC2178090743
:1015E00004D54FF002082E218DF80110C4460021C9
:1015F0000BE0C7F303433F01C35C491C6D1E02F8B7
:101600000830052908F1010801DA002DF1DC00217C
:101610000CE000EB1973491C1B786D1E082902F8B9
:1016200008304FEA091908F1010801DA002DF0DC51
:1016300021688B0602D516E0A8F10108E04505DD1A
:1016400002EB080313F8013C302BF5D0B8F1000F82
:1016500009DD02EB080313F8013C2E2B03D1090727
:1016600001D4A8F10108002D05DD3E2102F8081083
:101670006D1E08F10108407C002E02F8080008F1F8
:10168000010804DA2D20764202F8080002E02B203F
:1016900002F808000A214FF47A70864208F1010826
:1016A0000BDB96FBF0F3303302F8083096FBF0F3D7
:1016B00008F1010800FB136601E0642E0CDB6420D6
:1016C00096FBF0F3303302F8083096FBF0F308F1A4
:1016D000010800FB136601E00A2E06DB96FBF1F021
:1016E000303002F8080008F1010896FBF1F001FB28
:1016F0001060303002F80800A16908F1010808EB19
:10170000050202EB0A00081AA0612078C00602D484
:101710002046FFF720F9216A08AE01EB0A0020629B
:1017200004E0D4E9012116F8010B9047BAF1010A4F
:10173000F7D22078C00602D52046FFF70CF96E4696
:1017400009E016F8010B3E280FD0D4E9012190479B
:10175000206A401C2062B8F10108F2D22046FFF74F
:1017600010F909B00320BDE8F08F206A28442062F8
:1017700003E0D4E90121302090476D1EEBD3F8E758
:101780003E9C010002FCFFFF10B5436913B1AFF3AB
:10179000008001E0FFF718F9012010BD127800F178
:1017A00024010A7000224A700122EDE711684FF00F
:1017B000FF32E9E710B5436913B1AFF3008001E0F0
:1017C000FFF79AF9012010BD128800F124018284EC
:1017D0000022C2840122EDE711684FF0FF32E9E7F1
:1017E00070B516460C46054600F048F8036893F8B5
:1017F0000101012806D0FF2C0FD8185D68B1012027
:101800002C7070BDD3F807013246214603F207134E
:1018100003442846BDE8704018474FF0FF3070BDC4
:1018200010B500F0FFF8BDE8104000F0EEB87047CA
:101830007546FFF743FBAE4605006946534620F068
:101840000700854618B020B5FEF7D6FDBDE820405C
:101850004FF000064FF000074FF000084FF0000B6C
:1018600021F00701AC46ACE8C009ACE8C009ACE81F
:10187000C009ACE8C0098D467047000010B500F003
:1018800005F8001D10BD00BF055501000048704758
:10189000E0A800202DE9F0411F4604460326016818
:1018A000072A01F4006004DB08B116A505E016A5BF
:1018B00003E008B115A500E015A521F01000206097
:1018C000A069C01EA0610FB1401EA0612046FFF7B5
:1018D00042F84FB1D4E9012138469047206A401CB4
:1018E0002062C01C206206E0206AFAE7D4E90121E8
:1018F00015F8010B9047761EF8D22046FFF741F805
:10190000BDE8F0814E414E006E616E00494E4600CA
:10191000696E66002DE9F047814616468AB0354863
:1019200078440DC88DE80D0032487844801C03AC23
:101930000DC884E80D0041F69B300844372190FB28
:10194000F1F290FBF1F5A5F1800501FB12041B3CBF
:1019500002D56442012000E00020DFF898A0804614
:101960000027FA44AAF1BE0A0EE0E0070AD0324688
:10197000684607EB470101230AEB810100F0C8FB31
:101980008DE8070064107F1C002CEED1194F7F44B6
:10199000AE3F19E0E80715D007EB04100DF1180A67
:1019A00090E80E008AE80E00C068F04201D1981954
:1019B00008903246012306A903A800F0A9FB03AB57
:1019C00083E807006D10641C002DE3D14FF0010384
:1019D00032466946B8F1000F03A802D000F083FB3D
:1019E00001E000F095FBC9E90001C9F808200AB040
:1019F000BDE8F0874099010010B50446AFF30080C0
:101A00002046BDE81040FEF782BC002801D000F05F
:101A100031B8704710B500F04DF8BDE81040FFF741
:101A2000F4BF000010B5012805D0002103A000F08C
:101A300027F8012010BD09A1F8E7000053494752DB
:101A4000544D454D3A204F7574206F66206865618E
:101A500070206D656D6F7279000000003A20486556
:101A60006170206D656D6F727920636F7272757031
:101A70007465640001491820ABBEFEE72600020031
:101A800070B505460C460A2000E06D1C00F0A8F871
:101A900035B128780028F8D102E0641C00F0A0F8E5
:101AA00014B120780028F8D1BDE870400A2000F079
:101AB00097B8000010B5022803D0410103D50DA14D
:101AC00012E0002010BD010101D50FA10CE0C10002
:101AD00001D511A108E0810001D512A104E0400068
:101AE00001D513A100E0002115A0FFF7C9FF0120D7
:101AF00010BD0000496E76616C6964204F7065729C
:101B00006174696F6E000000446976696465204203
:101B100079205A65726F00004F766572666C6F7738
:101B200000000000556E646572666C6F77000000FF
:101B3000496E657861637420526573756C7400003A
:101B40005349474650453A2041726974686D65743F
:101B5000696320657863657074696F6E3A20000070
:101B60004FF0013C50F8042B51F8043B9A4221D12C
:101B7000A2EB0C03934313EACC1317D150F8042BB8
:101B800051F8043B9A4215D1A2EB0C03934313EA9C
:101B9000CC130BD150F8042B51F8043B9A4209D1D5
:101BA000A2EB0C03934313EACC13DBD04FF00000FD
:101BB000704700BFD01A01BAB1FA81F101F01801E3
:101BC00022FA01F0CB40C1F12001DBB2C0B2C01A51
:101BD0002CFA01F3D11A914311EAC311E6D17047EF
:101BE00008B569468DF800000320ABBE08BD5FEA6A
:101BF000400C08BF91F0000F4FEA8C234FEAC1223E
:101C000043EA51514FEA1C5018BF00F5F0404FEA2B
:101C1000300018BF41F000415FEA6C5C00F02980A1
:101C2000BCF1FF3F08BF40F080407047130C06BF77
:101C300012044FF0100C4FF0000C130E04BF1202F0
:101C40000CF1080C130F04BF12010CF1040C930FDC
:101C500004BF92000CF1020CD30F04BF52000CF130
:101C6000010C11464FF00002A0F11F00A0EB0C0088
:101C7000704711F0004F08BF704731F000413FF44A
:101C8000D5AF0B0C06BF09044FF0100C4FF0000C41
:101C90000B0E04BF09020CF1080C0B0F04BF090165
:101CA0000CF1040C8B0F04BF89000CF1020CCB0F5C
:101CB00004BF49000CF1010CCCF12003A0EB0C0097
:101CC00022FA03F302FA0CF241EA030100F10100E7
:101CD000704720F07F4C80EA030023F07F47ACEB95
:101CE000070303F57C5300F0004003F1FF032DE9E7
:101CF00080494FEA154B09B44FEA144325EA0B4ECD
:101D000024EA03480FF2042606EB132749083E781D
:101D10005FEA320203FB0667C7F5000707FB06F61A
:101D20004FEA54374FEAD64606F1020607FB066C27
:101D3000CCF1005C4FEA1C472CEA074C07FB06F489
:101D40000CFB06F504EB15464FEA961634BF00204F
:101D50004FF000404FEAD13706FB07FC4FEA1C4C1E
:101D60000CFB0BF7D21B03FB0CF761EB07010CFB21
:101D70000EF7B0EB074072EB17420CFB08F734BFCD
:101D8000A2EB0742B2EB074261EB17414FEA0C446A
:101D90004FEA910706FB07FC4FEA1C4C0CFB0BF7C4
:101DA000B0EBC74072EB573203FB0CF734BFA2EB2A
:101DB000C742B2EBC74261EB57310CFB0EF7B0EBF9
:101DC000C70072EB57720CFB08F734BFA2EBC702D7
:101DD000B2EBC70261EB5771039F4FEA816141EAA1
:101DE000921104EBCC044FEAD1374FEA826206FB32
:101DF00007FC42EA90124FEA80604FEA1C4C0CFB51
:101E00000BF7D21B03FB0CF761EB07010CFB0EF782
:101E1000B0EB074072EB17420CFB08F734BFA2EBA4
:101E20000742B2EB074261EB17414FEA8C554FEA8C
:101E3000910704EB9C2406FB07FC4FEA1C4C0CFBAF
:101E40000BF7B0EBC74072EB573203FB0CF734BF14
:101E5000A2EBC742B2EBC74261EB57310CFB0EF766
:101E6000B0EBC70072EB57720CFB08F734BFA2EB64
:101E7000C702B2EBC70261EB577115EB4C254FEA75
:101E8000816141EA92114FEA82624FEAD13742EA18
:101E9000901206FB07FC44F100044FEA80604FEA11
:101EA0001C4C0CFB0BF7D21B03FB0CF761EB07017F
:101EB0000CFB0EF7B0EB074072EB17420CFB08F778
:101EC00034BFA2EB0742B2EB074261EB174115EBBF
:101ED0001C154FEA813141EA92414FEA823242EACF
:101EE00090424FEA80304FEA0C7644F1000448EA11
:101EF00003434EEA0B484FF0000EB2EB080C71EBB7
:101F0000030724BF624639464EEB0E0E4FF0000B1E
:101F10000018524149414BEB0B0BB2EB080C71EB33
:101F200003077BF1000B24BF624639464EEB0E0ED1
:101F30004FF0000B0018524149414BEB0B0BB2EB39
:101F4000080C71EB03077BF1000B24BF6246394696
:101F50004EEB0E0E51EA020718BF46F0010616EBD3
:101F60000E7655F1000254F1000103D5BDE8890158
:101F7000BDE80088BDE88901BDE80048B6195241B6
:101F800041EB0101A3F10103704780807F7E7D7CDE
:101F90007B7A7978777676757473727171706F6EFB
:101FA0006E6D6C6C6B6A6A696868676666656464A6
:101FB000636362616160605F5F5E5E5D5D5C5C5B30
:101FC0005B5A5A595958585757565655555554549F
:101FD000535352525251515050504F4F4F4E4E4DFD
:101FE0004D4D4C4C4C4B4B4B4A4A4A494949484849
:101FF0004847474747464646454545444444444389
:1020000043434342424242414141002B9C4630D42B
:1020100077002BD01CB54FEA370703B44FF0100000
:102020004FF01001BAF1000F06D0BCF1000FDCBF79
:1020300040F0080040F0080115F0CCFF0FBCBDE8EF
:1020400010400BF1010BBBF1010F08BF5FEA17074E
:1020500022BF12F1010211F101014FF0004143F1E1
:10206000000300F0004043EA00007047F9D357082E
:10207000D0E746EA064613F1400F4FEA16461FDD49
:1020800013F1200FDFBF16430A46002120335B42C5
:10209000BED0C3F1200746EA064602FA07F74FEA28
:1020A000164646EA0706C3F1200722FA03F201FAB0
:1020B00007F721FA03F14FF0000342EA0702A7E70E
:1020C00046EA020646EA06464FEA164646EA010690
:1020D000BCBF46EA0646360C4FF000034FF0000244
:1020E0004FF0000194E72DE9804C9A46934670B476
:1020F00091E8380007C831EA400C48BF34EA430C85
:1021000003D5FFF7E6FDFFF780FFF0BCBDE8008CCC
:102110002DE9804C9A46934670B491E8380007C880
:1021200010F0804F08BF13F0804F03D100F005F886
:10213000FFF76BFFF0BCBDE8008C20F07F4780EA22
:10214000030023F07F4C07EB0C03A3F57C5300F056
:102150000040A3F1FE0392F0000F00F0B38095F071
:10216000000F00F077802DE901494FEA11404FEA56
:10217000144621EA004800FB06FC24EA064708FB57
:1021800006F607FB08F800FB07F718EB06484CEBD0
:10219000164C4FEA124B18EB07484FEA15464CEB2A
:1021A000174022EA0B4E0BFB06FC25EA06470EFB06
:1021B00006F607FB0EFE0BFB07F71EEB064E4CEB7D
:1021C000164C4FF000061EEB074E4CEB174B18EB6E
:1021D0000B0840F1000018EB0E0B58EB000840F123
:1021E00000008F1A4FF000013CBFC943661B14BFAB
:1021F000B5EB040C00213CBFC943F61B4FEA174462
:102200004EEA8E0E27EA04454FEA1C4704FB07629C
:102210002CEA074C05FB07F70CFB05F604FB0CFC4E
:1022200016EB074642EB174216EB0C4642EB1C42FC
:102230001BEB060658EB0202414146EA9E0601D519
:10224000BDE80189B619524141EB0101A3F1010337
:10225000BDE801894FEA14454FEA114724EA0546D3
:1022600021EA074C05FB07F406FB07F70CFB06F118
:1022700005FB0CFC11EB074144EB17444FEA1247F6
:1022800011EB0C4144EB1C4422EA074C05FB07F21E
:1022900006FB07F70CFB06F605FB0CFC16EB0746E6
:1022A00042EB174216EB0C4642EB1C456A1854F100
:1022B000000148BF7047B619524141EB0101A3F13B
:1022C0000103704795F0000F37D04FEA11424FEAF3
:1022D000144721EA024624EA074C02FB07F106FBF9
:1022E00007F70CFB06F402FB0CFC14EB074441EB74
:1022F00017414FEA154714EB0C4441EB1C4125EA0A
:10230000074C02FB07F506FB07F70CFB06F602FB82
:102310000CFC16EB074645EB174516EB0C4645EB58
:102320001C42121951F1000148BF7047B6195241C1
:1023300041EB0101A3F1010370474FEA14454FEA55
:10234000114724EA054621EA074C05FB07F106FB85
:1023500007F70CFB06F24FF0000605FB0CFC12EB36
:10236000074241EB174112EB0C4251EB1C4148BFB5
:102370007047921841EB0101A3F10103704700007F
:1023800055494A6822F440324A604A6843681A4311
:102390004A600268526822F4807203685A600268D8
:1023A0005368026943EA022203685A60026852686D
:1023B00022F0407203685A600268526883681A43C8
:1023C00003685A600268926822F4006203689A60A7
:1023D00002689268C3681A4303689A603F4B826A36
:1023E0009A4218D00268926822F0706203689A607C
:1023F00002689268836A1A4303689A600268926866
:1024000022F0405203689A6002689268C36A1A43D5
:1024100003689A600BE00268926822F070620368B9
:102420009A600268926822F0405203689A600268DB
:10243000926822F0020203689A6002689368027E42
:1024400043EA420203689A602022125CA2B1026849
:10245000526842F4006203685A600268526822F4CB
:10246000604203685A6002685368426A521E43EA37
:10247000423203685A6005E00268526822F4006242
:1024800003685A600268D26A22F470020368DA6252
:102490000268D36A828B521E43EA02520368DA62F0
:1024A0000268926822F4007203689A600268936876
:1024B00090F8302043EA422203689A6002689268EA
:1024C00022F4806203689A6002689368426943EA72
:1024D000822203689A607047002301400100000FC8
:1024E00010B52DED028BB0EE408AB0EE480A0BF02D
:1024F00093FEBDEC028B10BD10B52DED028BB0EE3E
:10250000408AF0EE608AF0EE680AB0EE480A0BF0FE
:1025100019FFBDEC028B10BD10B52DED028BB0EE96
:10252000408AB0EE480AFDF779FFBDEC028B10BD82
:10253000F0EE400AF5EEC00AF1EE10FA02DDB0EE60
:10254000600A7047B1EE600AFBE7000018B19FED2A
:10255000020A80ED000A70470000000018B1B3EED7
:10256000060A80ED000A704770B52DED0C8B84B023
:1025700006460C4615469FED990AF0EE408A9FEDFF
:10258000970AB0EE409A9FED950AF0EE40BA9FEDA3
:10259000930AF0EE409A9FED910AB0EE40AA0EB178
:1025A00004B11DB904B0BDEC0C8B70BD8C48FFF7B5
:1025B000CDFF8C48FFF7D2FF8A48D0ED000A9FED8F
:1025C0008A1A60EE810AB0EE600A00F02DF9F0EE92
:1025D000408A28EEA80AF0EE408A8248D0ED000A30
:1025E000B0EE001A60EE810A9FED7F1A60EE810A5C
:1025F000B0EE600A00F018F9B0EE409A29EE090A30
:10260000B0EE409ADFED790AB7EE000A00EEA80AB4
:10261000DFED770A00EEC90ADFED760A20EE200A28
:10262000754880ED000A6E4890ED000ADFED730AF0
:1026300080EE201AB7EE000A31EE000A20EE000A02
:102640006D48D0ED000A80EE801A6D4880ED001ACA
:1026500094ED000AB5EEC00AF1EE10FA0DD194ED3A
:10266000010AB5EEC00AF1EE10FA06D194ED020AA5
:10267000B5EEC00AF1EE10FA46D09FED580AB0EE62
:10268000408A0020019002900390D4ED000A60EE91
:10269000A00A94ED011AD4ED011A41EE210A94ED3D
:1026A000021AD4ED021A41EE210AB0EE600A00F0DF
:1026B000A9F8B0EE408A94ED000A20EE080A8DEDEC
:1026C000010A94ED010A20EE080A8DED020A94ED4C
:1026D000020A20EE080A8DED030ADDED010AF1EE93
:1026E000600AB0EE600AFFF7FBFEF0EE409A9DED47
:1026F000031AF0EE410A9DED021AB0EE410AFFF70F
:10270000FBFEB0EE40AA07E09FED340AF0EE409ADF
:102710009FED320AB0EE40AA95ED000AB5EEC00A70
:10272000F1EE10FA0DD195ED010AB5EEC00AF1EE09
:1027300010FA06D195ED020AB5EEC00AF1EE10FAD4
:102740003CD0B0EE690A00F06FF8B0EE408AB0EE0F
:10275000690AFFF7E1FEB0EE40DAB0EE4A0A00F097
:1027600063F8F0EE40AAB0EE4A0AFFF7D5FEB0EEED
:1027700040BA28EE2A0AD5ED010A20EE200AD5ED4E
:10278000000A0DEE200A68EE0B0A95ED021A00EE23
:10279000810AB0EE40CA95ED010A20EE0B0AD5ED94
:1027A000020A0AEEE00AF0EE40CAF0EE6C0AB0EE61
:1027B0004C0AFFF7A1FEF0EE40BA03E09FED070AD6
:1027C000F0EE40BAB0EE4A1AF0EE690AB0EE6B0ACB
:1027D00030460CF06DF900BFE4E600000000000098
:1027E000C0040020C404002035FA8E3CC1BFAD3BBC
:1027F0009DF8C5362F7C1C41C8040020506CC24A8D
:10280000CC04002010B52DED028BB0EE408AB0EE66
:10281000480A0BF0F7FEB7EE001AC1EE000AB0EE60
:10282000600ABDEC028B10BD10B52DED028BB0EE31
:10283000408AB0EE480AFDF72DFEBDEC028B10BDBC
:102840002DE9F0412DED028B9AB00546B0EE408A9D
:102850000E4617469846002017901890199014902D
:10286000159016904DB146B13FB1B8F1000F04D0AC
:10287000B5EEC08AF1EE10FA05D100201AB0BDEC19
:10288000028BBDE8F08196ED000A8DED170A96EDFA
:10289000010A8DED180A96ED020A8DED190A97EDE1
:1028A000000A8DED140A97ED010A8DED150A97EDDA
:1028B000020A8DED160A17AA14A928460BF02CFF60
:1028C000402104A8FDF7C0FF002000900190029075
:1028D0000390002417A904A812F034FC00BF30E0D4
:1028E00004A800EB041090ED000AD5ED000A20EEDC
:1028F000200A04A800EB0410D0ED010A95ED011A9E
:1029000000EE810A04A800EB0410D0ED020A95ED58
:10291000021A00EE810A04A800EB0410D0ED030AAD
:1029200095ED031A00EE810A20EE080AF0EE000A87
:1029300080EE201A684600EB840080ED001A601CCF
:10294000C4B2042CCCDB002410E005EB840090ED35
:10295000000A684600EB8400D0ED000A30EE200A41
:1029600005EB840080ED000A601CC4B2042CECDB93
:10297000284611F09FFC012080E7000010B50748B1
:102980000068C06840F0100004490968C8608022EF
:102990000349024805F024FD10BD0000D4100020BA
:1029A0005441002010B501221021024802F04EFBD4
:1029B00010BD00000000024010B5002210210248A6
:1029C00002F044FB10BD0000000002407047000010
:1029D00010B501221146024802F038FB10BD00007C
:1029E0000004024010B500220121024802F02EFB33
:1029F00010BD00000004024010B543781B021BB25A
:102A00000478234300EE103AB8EEC01A1C4BD3ED05
:102A1000001A21EE211A81ED001AC3781B021BB2A5
:102A20008478234300EE103AB8EEC01A144BD3ED6D
:102A3000001A21EE211A81ED011A43791B021BB203
:102A40000479234300EE103AB8EEC01A0C4BD3EDD4
:102A5000001A21EE211A81ED021A037A1B04C479AF
:102A600043EA04238479234300EE903AB8EE601AD7
:102A7000DFED041A21EE211A82ED001A10BD0000CC
:102A8000FC02002000401C42704710B5044620465E
:102A900010F0B0FD10BD10B5044620460EF0D2F87F
:102AA00010BD00004278120212B203781A4300EE01
:102AB000102AF8EEC00A144A92ED001A60EE810A5C
:102AC000C1ED000AC278120212B283781A4300EEF6
:102AD000102AF8EEC00A0C4A92ED001A60EE810A44
:102AE000C1ED010A4279120212B203791A4300EED3
:102AF000102AF8EEC00A044A92ED001A60EE810A2C
:102B0000C1ED020A704700000003002010B5002448
:102B1000FFF75CFFFFF7B8FF0CF066F910B144F067
:102B2000800402E00CF0C6F804430CF055FB10B131
:102B300044F0400402E00CF0D5FA0443204610BDF6
:102B40002DE9FC4105460E461746002000900190F5
:102B5000FFF732FF922000F0D1F8062269461220DA
:102B600000F0ACF8FFF71EFF9DF80100000200B274
:102B70009DF8001040EA010400EE104AB8EEC00AC9
:102B80004C48D0ED000A20EE200A86ED000A9DF8A0
:102B90000300000200B29DF8021040EA010400EEBA
:102BA000104AB8EEC00A4348D0ED000A20EE200AD1
:102BB00086ED010A9DF80500000200B29DF80410A0
:102BC00040EA010400EE104AB8EEC00A3948D0EDE0
:102BD000000A20EE200A86ED020AFFF703FF082212
:102BE0006946002000F06AF8FFF7F2FE9DF8000049
:102BF0000F2838D19DF80300000200B29DF80210A2
:102C000040EA010400EE104AB8EEC00A2A48D0EDAE
:102C1000000A20EE200A85ED000A9DF8050000025A
:102C200000B29DF8041040EA010400EE104AB8EE2C
:102C3000C00A2148D0ED000A20EE200A85ED010AE5
:102C40009DF80700000200B29DF8061040EA01045A
:102C500000EE104AB8EEC00A1748D0ED000A20EE88
:102C6000200A85ED020AFFF7A7FEA22000F046F831
:102C700002226946222000F021F8FFF793FE9DF81A
:102C80000000C0009DF8011040EA6114B4F5806FA7
:102C900002DBA4F5006004B200EE104AF8EEC00AB0
:102CA000B4EE001AB3EE070A00EE810A87ED000ABF
:102CB000BDE8FC81FC0200200003002070B5064640
:102CC0000C46154646F0800000F018F806E0552046
:102CD00000F014F82070641C681EC5B2002DF6D1F7
:102CE00070BD70B504460D4644F0800000F006F853
:102CF000552000F003F8287070BD000001B582B0C7
:102D00004FF47A70012301AA02A90090024804F04E
:102D10009FFB9DF804000EBDE40D002010B5024697
:102D20001378DB00547843EA6410B0F5806F02DB5F
:102D3000A0F5006318B200EE100AF8EEC00AB4EE77
:102D4000001AB3EE070A00EE810A81ED000A10BDF9
:102D500070B505460C462846FFF7D0FF2046FFF722
:102D6000CDFF70BD00BFFEE710B5024801F07CF852
:102D700010BD00006005002010B5024801F074F895
:102D800010BD00008805002038B504464FF40470DB
:102D90000849086000208860C8600220086120128D
:102DA000054908704C706B460A460249034800F01A
:102DB00060FE38BD7C2D00202C01002088050020FD
:102DC000F8B507460C4615461E464FF400700D49EF
:102DD000086000208860C86008200861380A0A4935
:102DE00008704F70200A8870CC70280A08714D71E5
:102DF000300A8871CE716B460A460249034800F0DA
:102E000038FEF8BD642D002024010020600500205C
:102E100008B54FF4E0600C49086000208860C86085
:102E20000820086100200949087048708870C8703F
:102E3000087148718871C8716B460A460249044896
:102E400000F017FE08BD0000642D002024010020C2
:102E500060050020F8B507460C4615461E464FF49F
:102E600000700D49086000208860C8600820086173
:102E7000380A0A4908704F70200A8870CC70280AF6
:102E800008714D71300A8871CE716B460A4602494D
:102E9000034800F0EEFDF8BD942D00203401002021
:102EA00088050020F8B506460C46154640F2FF108E
:102EB0000B49086000208860C86008200861300A5B
:102EC00008498870CE70200A08714C71280A8871F0
:102ED000CD716B460A460249034800F0CAFDF8BDB1
:102EE0004C2D00201C0100206005002038B5044650
:102EF00040F2FF100849086000208860C860082080
:102F00000861200A054908704C706B460A46024960
:102F1000034800F0AEFD38BD4C2D00201C01002000
:102F2000600500200346042B15D007DC7BB1012B84
:102F30000ED0022B0DD0032B12D10BE0202B0BD087
:102F4000212B0AD0222B09D0232B09D107E008E03E
:102F500007E006E005E004E003E002E001E000E055
:102F600000BF00BF002070470020704710B500224E
:102F70000449054809F083F90449034809F078F940
:102F8000002010BDB823002014130020B81B00201F
:102F900070B504460D462146034809F069F9024818
:102FA00009F042F9002070BD141300202DE9F04112
:102FB00004460D4600260A48D0F89072D7F814024D
:102FC00010B10120BDE8F0812A462146044809F0ED
:102FD00056F9034809F0D7F906463046F2E70000F3
:102FE000141300201B48406800F0006080B31A48AA
:102FF000406B00681949884205D94FF000601749B5
:103000004C3908601CE01448406B00681149B83125
:10301000884205D94FF000601049503908600FE030
:103020000D48406B00680B495831884204D94FF075
:1030300000600849C86003E04FF0006005498860FF
:1030400005480068006840F400700349096808609A
:103050007047000000600240AC0C00205864024041
:1030600010B5024801F0C6FB10BD0000541200204C
:1030700010B52C48006800F40010002850D04FF024
:10308000F4602849083108602748007800F0020001
:1030900078B12548007820F00200234908700846DE
:1030A000007840F004000870012211461F4801F02A
:1030B000CDFF1F48007800F0020078B11C4800786E
:1030C00020F002001A4908700846007840F0040019
:1030D000087001221021174801F0B8FF1648007847
:1030E00000F0020078B11448007820F00200124984
:1030F00008700846007840F0040008700122102192
:103100000C4801F0A3FF0FF0A9FD0748007800F07C
:10311000040028B10948006840F001000749086030
:1031200010BD000000640240CD01002000040240F8
:10313000CE01002000000240CF010020103C0140E1
:1031400010B5024801F056FB10BD0000941100209C
:1031500008B500BF00200090084800680068009093
:10316000064800684068009000BF00BF034804F0B4
:10317000A1FE034801F03EFB08BD000054110020F1
:10318000B41200200146087810381823B0FBF3F27F
:103190000848805CC865032A05D908686FF30900F0
:1031A000001D886503E008686FF309008865886D75
:1031B0007047000068A90108014600208A6A8B69EF
:1031C000CBB932B1012A0DD0022A03D0032A10D183
:1031D0000EE000BFCB6A03F08073B3F1807F00D1B3
:1031E000012007E0CB6AB3F1C07F00D1012001E0EC
:1031F00000E000BF34E08B69B3F5005F1AD132B153
:10320000012A07D0022A03D0032A11D10AE000BF05
:1032100001200EE0CB6A03F08073B3F1807F00D110
:10322000012006E0CB6AB3F1C07F00D1012000E0AD
:1032300000BF15E032B1012A05D0022A04D0032ACA
:103240000CD103E000BF00BF012008E0CB6A03F00F
:103250008073B3F1807F00D1012000E000BF00BF88
:10326000704730B50468246824F4802405682C6015
:10327000046863608468402C04D10468A260046818
:10328000E16003E00468A1600468E26030BD70475B
:1032900010B5012001F0C4FD10BD10B5082001F0EB
:1032A000BFFD10BD10B5102001F0BAFD10BD10B566
:1032B000202001F0B5FD10BD7047000010B50022C0
:1032C00001B909E0012901D10A0205E0022901D171
:1032D0000A0201E04FF440720E4B1B6823F4407366
:1032E0000C4C236023461B681343236023461B6852
:1032F00023F0F803236023461B68022444EAC00439
:103300002343044C236023461B6843F4803323602B
:1033100010BD0000103C02401C48006800F4007022
:10332000B0B11A48006820F400701849086000BF66
:103330000846006840F4006008600846006820F411
:103340000060086000BF0846006840F40070086034
:103350000E48006800F48060B0B10C48006820F4AA
:1033600080600A49086000BF0846006840F4805049
:1033700008600846006820F48050086000BF0846D6
:10338000006840F48060086070470000003C024024
:103390000A4A126822F44072084B1A601A461268F0
:1033A00042F004021A601A4612684FF4803343EA6E
:1033B00000231A43014B1A6070470000103C024082
:1033C000074A126822F44072054B1A601A461268C6
:1033D0001A601A46126842F001021A6001707047C2
:1033E000103C024010B50D49096821F440710B4CA6
:1033F00021602146096841F4407121602146096835
:1034000041F001012160026000BF00BF00BFBFF3B7
:103410006F8F00BF00BF00BF436010BD103C024073
:10342000084A126822F44072064B1A601A46126863
:1034300042F480721A601A46126842F001021A6061
:1034400001807047103C0240084A126822F4407222
:10345000064B1A601A46126842F400721A601A4645
:10346000126842F001021A6001607047103C02408D
:103470002348006800F0100040B12248C06940F0C5
:1034800010002049C86110201D4908601C480068D0
:1034900000F0200040B11B48C06940F00800194905
:1034A000C8612020164908601548006800F04000F7
:1034B00040B11448C06940F004001249C86140207E
:1034C0000F4908600E48006800F0800040B10D48C8
:1034D000C06940F002000B49C861802008490860BB
:1034E0000748006800F0020040B10648C06940F09B
:1034F00020000449C86102200149086070470000AB
:103500000C3C02406046002070B5044600250020B7
:103510001449C86101F0A0FD054609E0601C38B1FE
:1035200024B101F099FD401BA04201D9032070BDD8
:103530000D48006800F480300028EFD10A48006888
:1035400000F0010010B1012007490860064800683A
:1035500000F0F20018B1FFF78BFF0120E7E7002031
:10356000E5E70000604600200C3C024070B50A48C8
:103570000468001D0568001D0668344454B1082223
:103580000649204605F05AFE042204491031284617
:1035900005F054FE70BD0000107AFF1F7600002079
:1035A00038B502460020009000BF92F83C00012888
:1035B00001D1022038BD012082F83C0000BF08681C
:1035C000092816D91068C0680C780A3C04EB440539
:1035D0000724AC40A0431468E0600C780A3C04EB7C
:1035E00044048868A0401468E46820431468E060DC
:1035F00013E0106800690C7804EB44050724AC4024
:10360000A043146820610C7804EB44048868A0404F
:10361000146824692043146820614868072817D279
:103620001068406B0C79641E04EB84051F24AC40C9
:10363000A04314686063088880B20C79641E04EBB0
:103640008404A0401468646B20431468606331E014
:1036500048680D2817D21068006B0C79E41F04EB42
:1036600084051F24AC40A04314682063088880B2FE
:103670000C79E41F04EB8404A0401468246B2043FD
:103680001468206316E01068C06A0C790D3C04EBE6
:1036900084051F24AC40A0431468E062088880B20F
:1036A0000C790D3C04EB8404A0401468E46A2043C8
:1036B0001468E062194B1A4C1068A04206D10868E1
:1036C000122803D1586840F480005860144C1068E8
:1036D000A0421CD10868102802D00868112816D111
:1036E000586840F400005860086810280FD10D4851
:1036F00000680D4CB0FBF4F000EB8000400000903F
:1037000002E00098401E009000980028F9D100BF08
:10371000002082F83C0000BF00BF4BE700230140BF
:1037200000200140A000002040420F000146086830
:10373000C06C704770B5044600250CB9012070BDFF
:103740001549A06A884200D000BF206C30B92046DD
:1037500000F024F80020606484F83C00206C00F045
:10376000100088B9206C20F4885040F002002064DA
:103770002046FEF705FE00206064206C20F0020069
:1037800040F00100206400E0012500BF002084F823
:103790003C0000BF2846D2E70100000F10B586B0FC
:1037A0000446142101A8FDF74FF8234920688842F8
:1037B0000FD100BF002000902048006840F48070C6
:1037C0001E4908600846006800F48070009000BF41
:1037D0002FE01B49206888422BD100BF00200090B9
:1037E0001648006840F48060144908600846006884
:1037F00000F48060009000BF00BF00BF0020009078
:103800000E481438006840F020000C491439086054
:103810000846006800F02000009000BF00BF0815B7
:103820000190032002900020039001A9054801F0B7
:1038300005FB06B010BD00000020014044380240E6
:10384000002201400014024070B504460D460026D7
:103850002068806800F48060B0F5806F11D1206826
:10386000806800F48070B0F5807F0AD1206C40F051
:103870002000206400BF002084F83C0000BF01202D
:1038800070BD01F0E9FB064612E0681C80B125B16D
:1038900001F0E2FB801BA8420AD9206C40F0040032
:1038A000206400BF002084F83C0000BF0320E7E74D
:1038B0002068006800F002000228E6D16FF01200D4
:1038C00021680860206C40F40070206420688068E3
:1038D00000F04050B8B9207EA8B92068C06A00F452
:1038E000700020B12068806800F4806058B9206CB6
:1038F00020F480702064206C00F4805018B9206C93
:1039000040F0010020640020BAE7000008B501463D
:103910000020009000BF91F83C00012801D1022056
:1039200008BD012081F83C0000BF0868806800F0F5
:103930000100A0B90868806840F001000B68986039
:103940003B4800683B4BB0FBF3F000EB40000090BD
:1039500002E00098401E009000980028F9D1086805
:10396000806800F0010000285FD0086C40F201631D
:10397000984340F4807008640868406800F48060F0
:1039800028B1086C20F4005040F480500864086CA2
:1039900000F48050B0F5805F04D1486C20F0060040
:1039A000486401E00020486400BF002081F83C002A
:1039B00000BF214A6FF022000B681860506800F0C9
:1039C0001F0018BB1D4B0868984213D01C4B086899
:1039D000984204D1101D006800F01F0050B1194B2F
:1039E0000868984221D11448001D006800F01F00AB
:1039F00010281AD20868806800F0405028B908687A
:103A0000806840F080400B6898600EE00B4B0868BF
:103A100098420AD10868806800F0405028B90868C8
:103A2000806840F080400B689860002078E70000D4
:103A3000A000002040420F00002301400020014070
:103A4000002101400022014010B5024692F82030CA
:103A5000012B01D0022B06D110684069084314687D
:103A60006061002010BD506A40F480205062012047
:103A7000F8E7F0B504460D461E4694F8207020681D
:103A80008368A86800B900E000BF012F01D0022FB1
:103A90007CD103F0806030B903F0006018B903F006
:103AA0008050002873D0C3F30161022905D9606AF0
:103AB00040F4000060620120F0BD012088403060C9
:103AC000A86860B9B5F800C0E86840EA4C5C2068B6
:103AD00000F5C07000EB0110C0F800C00FE0D5E9A0
:103AE00001C040EACC00D5F80CC040EA0C00D4F884
:103AF00000C00CF5C07C0CEB011CCCF80000D5F824
:103B000010C0206800F5C07000EB0110C0F804C0C0
:103B1000287D01280ED1206800F5C07000EB01104F
:103B2000406840F4807C206800F5C07000EB011014
:103B3000C0F804C0D079000692F806C040EA0C40F4
:103B400092F805C040EA0C2C10794CEA000C206871
:103B500000F5C07000EB0110C0F80CC0D078000672
:103B600092F802C040EA0C4092F801C040EA0C20F2
:103B700092F800C040EA0C00D4F800C00CF5C07CFC
:103B80000CEB011CCCF80800206801E016E00FE007
:103B900000F5C07000EB0110006840F0010C2068D7
:103BA00000F5C07000EB0110C0F800C0002083E7F2
:103BB000606A40F40010606201207DE7606A40F4B2
:103BC00080206062012077E7F0B504460A4621684C
:103BD00094F82050012D01D0022D7ED1424901F5EB
:103BE0000071086840F001000860086820F47C500B
:103BF00008600868566A40EA06200860107D00F0F8
:103C00001F06012000FA06F3C8699843C861A1F5B0
:103C10000071D069C8B9D1F80C029843C1F80C0200
:103C2000908880B2968940EA064601F5107057697F
:103C300040F83760108880B2168940EA064601F5E0
:103C40001070576900EBC7004660D069012819D190
:103C5000D1F80C021843C1F80C02908880B2168883
:103C600040EA064601F51070576940F837609089C0
:103C700080B2168940EA064601F51070576900EBDC
:103C8000C7004660906928B9D1F804029843C1F88A
:103C9000040204E0D1F804021843C1F804021069D8
:103CA00028B9D1F814029843C1F8140204E0D1F8FD
:103CB00014021843C1F81402106A012804D1D1F883
:103CC0001C021843C1F81C02D1F8000220F00100C8
:103CD000C1F800020020F0BDFFE7606A40F48020D8
:103CE00060620120F7E7000000640040704770B593
:103CF000044694F82050012D01D0022D7DD151B9F8
:103D00002068C06800F0030080B9606A40F40010C9
:103D10006062012070BD2068006900F0030028B9CE
:103D2000606A40F4001060620120F3E7206800F54B
:103D3000D87000EB0110006800F0040090609068FB
:103D400040B9206800F5D87000EB01100068400D04
:103D5000106007E0206800F5D87000EB01100068E3
:103D6000C0085060206800F5D87000EB01100068B2
:103D700000F00200D060206800F5D87000EB011060
:103D8000406800F00F001061206800F5D87000EB6B
:103D90000110406800F47F40000A9061206800F53F
:103DA000D87000EB01104068000C5061206800F5ED
:103DB000D87000EB011080681870206800F5D8708A
:103DC00000EB0110806800F47F40000A5870206802
:103DD00000F5D87000EB0110806800F47F00000C43
:103DE0009870206800F5D87000EB01108068000E14
:103DF000D870206800F5D87000E02FE000EB0110CB
:103E0000C0681871206800F5D87000EB0110C06818
:103E100000F47F40000A5871206800F5D87000EB6C
:103E20000110C06800F47F00000C9871206800F554
:103E3000D87000EB0110C068000ED87131B920684D
:103E4000C06840F020002668F06005E02068006946
:103E500040F020002668306100205BE7606A40F493
:103E600080206062012055E72DE9F05F04460025BF
:103E7000206846692068D0F8049020688768206828
:103E8000D0F80CA02068D0F810B02068D0F81880C6
:103E900006F00100002855D007F00100C0B1012054
:103EA0002168886007F0020018B1204600F007FC86
:103EB0000EE007F0040010B145F4006508E007F0DB
:103EC000080010B145F4805502E0204600F0F6FBF2
:103ED00007F48070C8B14FF480702168886007F4DF
:103EE000007018B1204600F0ECFB0EE007F4806093
:103EF00010B145F4005508E007F4006010B145F436
:103F0000804502E0204600F0DBFB07F48030C8B1BA
:103F10004FF480302168886007F4003018B12046E3
:103F200000F0D1FB0EE007F4802010B145F400450D
:103F300008E007F4002010B145F4803502E0204687
:103F400000F0C0FB06F0080038B10AF0100020B104
:103F500045F4007510202168C86006F0040040B1E7
:103F60000AF0080028B108202168C860204600F047
:103F70000DFA06F0020038B12068C06800F00300B6
:103F800010B1204600F004FA06F0400038B10BF002
:103F9000100020B145F4806510202168086106F00A
:103FA000200040B10BF0080028B10820216808610A
:103FB000204600F051FB06F0100038B1206800697F
:103FC00000F0030010B1204600F047FB06F400307B
:103FD00040B109F0100028B1102021684860204647
:103FE00000F03CFB06F4803040B109F0080028B135
:103FF000082021684860204600F066FB06F4004077
:1040000088B309F0040078B306F4807020B108F09A
:10401000010008B145F0010506F4007020B108F078
:10402000020008B145F0020506F4806020B108F0F6
:10403000040008B145F0040506F40060A0B108F0E2
:10404000700088B108F07000402817D006DC1028F6
:104050000BD020280CD0302819D10CE0502810D0DB
:10406000602814D110E01DE019E045F008050FE0CC
:1040700045F010050CE045F0200509E045F040054D
:1040800006E045F0800503E045F4807500E000BFE0
:1040900000BF2068806920F07000216888610420DA
:1040A000216848602DB1606A284360622046FFF7AE
:1040B0001DFEBDE8F09F70B504460CB9012070BD2F
:1040C00094F8200010B9204600F0B0F8206800688D
:1040D00020F002002168086000F0BEFF05460DE0F8
:1040E00000F0BAFF401B0A2808D9606A40F400308B
:1040F0006062052084F820000120E0E72068406825
:1041000000F002000028EBD12068006840F00100B8
:104110002168086000F0A0FF05460DE000F09CFF5C
:10412000401B0A2808D9606A40F40030606205200C
:1041300084F820000120C2E72068406800F00100F8
:104140000028EBD0207E012806D12068006840F0CE
:1041500080002168086005E02068006820F0800089
:1041600021680860607E012806D12068006840F060
:1041700040002168086005E02068006820F04000E9
:1041800021680860A07E012806D12068006840F000
:1041900020002168086005E02068006820F0200009
:1041A00021680860E07E012806D12068006820F0C0
:1041B00010002168086005E02068006840F01000E9
:1041C00021680860207F012806D12068006840F03F
:1041D00008002168086005E02068006820F00800F9
:1041E00021680860607F012806D12068006840F0DF
:1041F00004002168086005E02068006820F00400E1
:1042000021680860D4E90201084321690843616913
:1042100008436168491E08432168C8610020606244
:10422000012084F82000002049E7000010B586B086
:104230000446142101A8FCF707FB4E492068884278
:1042400041D14D480068401C4B4908600846006851
:1042500001280FD100BF002000904848006840F0BE
:104260000070464908600846006800F00070009041
:1042700000BF00BF00BF0020009040481038006819
:1042800040F008003D49103908600846006800F019
:104290000800009000BF00BF0320019002200290A0
:1042A00000200390032004900920059001A93448C0
:1042B00000F0C4FD00220621142001F02DFC142082
:1042C00001F01AFC54E02F492068884250D100BF09
:1042D000002000902948006840F08060274908606D
:1042E0000846006800F08060009000BF00BF2248D0
:1042F0000068401C204908600846006801280FD16A
:1043000000BF002000901D48006840F000701B496D
:1043100008600846006800F00070009000BF00BF11
:1043200000BF0020009015481038006840F00200DF
:104330001249103908600846006800F00200009039
:1043400000BF00BF60200190022002900020039077
:10435000032004900920059001A90B4800F06EFD90
:1043600000220621402001F0D7FB402001F0C4FBD1
:1043700006B010BD0064004000000020403802403C
:10438000000C02400068004000040240704700003A
:1043900010B58AB0044601AB03AA00212046FFF7FE
:1043A000A6FCA54884427DD10398B0F5017F13D0C7
:1043B00007DCA0F2012060B101280BD0022872D1E5
:1043C00009E0A0F2052040B1012807D00C286AD1ED
:1043D00050E000BF00BF00BF00BF00BF0398401EF9
:1043E000964908700846007800EB8000944931F83F
:1043F000100000B29149097801EB8101904A02EB6B
:10440000410108819DF805009DF8041040EA012053
:104410008A49097801EB810122F811009DF8070013
:104420009DF8061040EA012000B28449097801EBAA
:10443000810102EB410148809DF809009DF80810B8
:1044400040EA012000B27D49097801EB810102EBCD
:10445000410188809DF80A007849097801EB8101C3
:1044600002EB4101887175490978491CC8B20CF00A
:1044700011FC35E001A8018800EE101AB8EE400AE0
:10448000DFED700A80EE201A6F4981ED001A418835
:1044900000EE101AB8EE400ADFED6A0A80EE201A2C
:1044A000694901E01DE01AE081ED011A818800EE02
:1044B000101AB8EE400ADFED630A80EE201A624956
:1044C00081ED021AC18800EE101AB8EE400ADFED45
:1044D0005D0A80EE201A5C4981ED031A00E000BFFE
:1044E000A7E05A488442FBD10398A0F20120E8B328
:1044F000012851D006284DD10398401E5449087018
:104500000846007800EB80004D4931F8100000B2F9
:104510004F49097801EB8101494A02EB41010881C9
:104520009DF805009DF8041040EA012048490978EB
:1045300001EB810122F811009DF807009DF806109B
:1045400040EA012000B24249097801EB810102EB07
:10455000410148809DF809009DF8081040EA0120BB
:1045600000B23B49097801EB810100E013E002EB66
:10457000410188809DF80A003549097801EB8101E5
:1045800002EB4101887132490978491CC8B20CF02C
:1045900081FB4DE04CE000BF0398801D2D49087061
:1045A0000846007800EB8000254931F8100000B281
:1045B0002849097801EB8101214A02EB4101088178
:1045C0009DF805009DF8041040EA01202149097872
:1045D00001EB810122F811009DF807009DF80610FB
:1045E00040EA012000B21B49097801EB810102EB8E
:1045F000410148809DF809009DF8081040EA01201B
:1046000000B21449097801EB810102EB4101888075
:104610009DF80A000F49097801EB810102EB410185
:1046200088710C490978891FC8B20CF033FB00BFB0
:1046300000BF0AB010BD0000600500203C01002052
:10464000F02C00200000C842E02C0020880500204B
:104650003D0100203E01002070477047704770B553
:10466000044694F82000012822D1022084F820007A
:104670002068006820F001002168086000F0ECFC70
:1046800005460DE000F0E8FC401B0A2808D9606AE6
:1046900040F400306062052084F82000012070BDE5
:1046A0002068406800F001000028EBD16062F6E766
:1046B000606A40F4002060620120F0E770477047B4
:1046C0007047704770477047704710B504460CB983
:1046D000012010BD607920B900202071204600F033
:1046E00005F8012060710020F3E7000008B50A4AD0
:1046F000016891420FD100BF00210091074909686C
:1047000041F48051054A11601146096801F4805155
:10471000009100BF00BF08BD0030024030380240A9
:1047200070B50446A56D00F097FC064694F8350078
:10473000022808D08020606500BF002084F8340083
:1047400000BF012070BD2068006820F016002168BD
:1047500008602068406920F0800021684861206C72
:1047600008B9A06C28B12068006820F00800216812
:1047700008602068006820F00100216808600FE0F0
:1047800000F06AFC801B05280AD92020606500BF64
:10479000002084F8340000BF032084F83500D1E7FE
:1047A0002068006800F001000028E9D194F85C104E
:1047B0003F208840A86000BF002084F8340000BF7C
:1047C000012084F835000020BCE7014691F835004F
:1047D000022803D08020486501207047052081F819
:1047E00035000868006820F001000A6810600020A9
:1047F000F3E70000F8B50446002000908C480068FC
:104800004FF41651B0FBF1F7A56D2E6894F85C10CB
:1048100008208840304098B12068006800F004000B
:1048200070B12068006820F004002168086094F8E6
:104830005C1008208840A860606D40F00100606551
:1048400094F85C1001208840304068B120684069CD
:1048500000F0800040B194F85C1001208840A8600E
:10486000606D40F00200606594F85C1004208840A0
:10487000304068B12068006800F0020040B194F850
:104880005C1004208840A860606D40F00400606502
:1048900094F85C1010208840304078B3206800689D
:1048A00000F0080050B394F85C1010208840A86015
:1048B0002068006800F4802080B12068006800F45F
:1048C000002028B9206CC8B12046216C884715E02B
:1048D000A06C98B12046A16C88470FE02068006862
:1048E00000F4807028B92068006820F00800216872
:1048F0000860206C10B12046216C884794F85C1049
:10490000202088403040002865D02068006800F0F2
:10491000100000285FD094F85C1020208840A86028
:1049200094F83500052828D12068006820F016008A
:10493000216808602068406920F080002168486193
:10494000206C08B9A06C28B12068006820F008002D
:104950002168086094F85C103F208840A86000BF80
:10496000002084F8340000BF012084F83500206D59
:1049700010B12046216D8847F8BD2068006800F41A
:10498000802080B12068006800F4002028B9606CA5
:1049900010B12046616C88471DE0E06BD8B120461D
:1049A000E16B884717E02068006800F4807068B900
:1049B0002068006820F010002168086000BF002017
:1049C00084F8340000BF012084F83500E06B10B19A
:1049D0002046E16B8847606D38B3606D00F00100E0
:1049E000F0B1052084F835002068006820F001004F
:1049F0002168086000BF0098401C0090B84200D9B0
:104A000005E02068006800F001000028F3D100BF35
:104A100000BF002084F8340000BF012084F8350076
:104A2000E06C10B12046E16C884700BFA4E70000AD
:104A3000A00000202DE9F0410446002500F00CFB09
:104A4000074614B90120BDE8F081606A00B100BFDB
:104A500000BF002084F8340000BF022084F8350035
:104A60002068006820F00100216808600AE000F07A
:104A7000F3FAC01B052805D920206065032084F8BF
:104A80003500E0E72068006800F001000028EED162
:104A90002068056821480540D4E901010843E16820
:104AA00008432169084361690843A1690843E16932
:104AB0000843216A08430543606A042803D1D4E906
:104AC0000B0108430543206805602068456925F00F
:104AD0000705606A0543606A04280DD1A06A054392
:104AE000E06A48B12046FEF767FB28B140206065C8
:104AF000012084F83500A6E7206845612046FEF7CE
:104B000041FB064694F85C103F208840B0600020CE
:104B10006065012084F83500002094E73F8010F0A4
:104B20002DE9F04704460D4616461F464FF0000893
:104B3000D4F8589000BF94F83400012802D1022024
:104B4000BDE8F087012084F8340000BF94F83500F8
:104B5000012825D1022084F83500002060653B46FD
:104B6000324629462046FEF77CFB94F85C103F2035
:104B70008840C9F808002068006840F016002168E5
:104B80000860206C28B12068006840F008002168A7
:104B900008602068006840F001002168086006E0B5
:104BA00000BF002084F8340000BF4FF002084046E8
:104BB000C6E7000070B5044600F04EFA06462546EA
:104BC000681C10B104480078054400BF00F044FAA6
:104BD000801BA842FAD370BD340300202DE9F041B8
:104BE00004460E460127002500BF2548007E012807
:104BF00002D10220BDE8F08101202149087600BFE2
:104C00004CF25030FEF780FC0746002F31D1401E99
:104C10003060206801280FD1207C6168FEF7B8FB66
:104C20004CF25030FEF770FC07461648006820F042
:104C30000400144908601AE0A56812E0217C2846A7
:104C4000FEF73CFB4CF25030FEF75EFC07460D4889
:104C5000006820F0FA000B4908600FB1356005E0EC
:104C60006D1CD4E902100844A842E7D800BFFEF743
:104C700053FB00BF00200249087600BF3846B9E761
:104C800060460020103C02400348006840F00040AD
:104C90000149086000207047103C02402DE9F041B6
:104CA00006460F4614461D464FF0010800BF1F4838
:104CB000007E012802D10220BDE8F08101201B49BD
:104CC000087600BF4CF25030FEF71EFC8046B8F16B
:104CD000000F23D126B9E1B23846FEF771FB12E08E
:104CE000012E04D1A1B23846FEF79AFB0BE0022E4A
:104CF00004D121463846FEF7A7FB04E022462B46A6
:104D00003846FEF76FFB4CF25030FEF7FDFB804655
:104D10000748006820F001000549086000BF002036
:104D20000249087600BF4046C6E700006046002002
:104D3000103C024000200949096801F0004159B1C6
:104D40000749064A0C3A116006491160034909688F
:104D500001F0004101B1012070470000103C024009
:104D600023016745AB89EFCD10B50446102C14D153
:104D700009200BF08FFF2248007840F00100204905
:104D800008702048007840F001001E4908701E4855
:104D90000078A0B30DF062FF31E0202C0ED1082086
:104DA0000BF078FF1948007840F0010017490870AF
:104DB0001548007818B30DF051FF20E0082C09D1F8
:104DC0000A200BF067FF1248007840F001001049FC
:104DD000087014E0012C12D111F058FD01280ED0FA
:104DE0000C490D48006810F0F9FE0A48006830B11F
:104DF00020070A490860BFF34F8FBFF36F8F10BDC4
:104E0000CE010020CF010020D1010020CD010020E3
:104E1000D001002044020020A801002004ED00E0A1
:104E200010B5044604480068204020B102480460E0
:104E30002046FFF799FF10BD143C0140F8B502462B
:104E40000B460025002400200021DCE0012606FAA4
:104E500001F51E6806EA0504AC4273D15E68012EB6
:104E600008D05E68022E05D05E68112E02D05E6802
:104E7000122E13D190684F000326BE40B0434F005E
:104E8000DE68BE4030439060506801268E40B043DB
:104E90001E79C6F300168E4030435060D0684F0034
:104EA0000326BE40B0434F009E68BE403043D060F2
:104EB0005E68022E02D05E68122E13D1CF0802F176
:104EC000200656F827004E07F70E0F26BE40B043C7
:104ED0004F07FF0E1E69BE403043CF0802F1200687
:104EE00046F8270010684F000326BE40B0431E79E5
:104EF00006F003064F00BE40304310605E6806F0C7
:104F00008056B6F1805F7DD100BF00260096404EEE
:104F1000366846F480463E4F3E603E46366806F4AC
:104F20008046009600BF00BF3A4E8F0856F8270013
:104F30008E07370F0F26BE40B043374EB24202D124
:104F4000002624E05EE0354EB24201D101261EE08B
:104F5000334EB24201D1022619E0324EB24201D1A3
:104F6000032614E0304EB24201D104260FE02F4E4A
:104F7000B24201D105260AE02D4EB24201D10626E9
:104F800005E02C4EB24201D1072600E008268F072B
:104F90003F0FBE4030431F4E8F0846F82700264E75
:104FA0003068A0435E6806F48036B6F5803F00D1D5
:104FB0002043214E3060361D3068A0435E6806F401
:104FC0000036B6F5003F00D120431B4E361D306041
:104FD000361D3068A0435E6806F48016B6F5801F63
:104FE00000D12043144E08363060361D3068A0438F
:104FF0005E6806F40016B6F5001F00D120430E4E81
:105000000C363060491C1029FFF420AFF8BD0000B9
:1050100044380240083801400000024000040240C9
:1050200000080240000C0240001002400014024040
:1050300000180240001C0240003C01400246136977
:105040000B400BB1012000E0002070470AB18161E4
:1050500001E00B048361704701480068704700005D
:105060002C03002070B504460CB9012070BD94F8E3
:105070003D0028B9002084F83C00204600F0BEFB2B
:10508000242084F83D002068006820F00100216899
:1050900008602068006840F40040216808602068CB
:1050A000006820F400402168086001F01FFD0546FB
:1050B0005C496068884206D85B48854201D201207D
:1050C00007E0002005E05948854201D2012000E0B8
:1050D0000020012800D1C9E75548B5FBF0F620684B
:1050E000406820F03F003043216848604D496068C7
:1050F000884201D8701C07E04FF4967070434FF45B
:105100007A71B0FBF1F0401C2168096A21F03F017F
:1051100008432168086243496068884214D8681EC1
:1051200061684900B0FBF1F0401CC0F30B0004289B
:1051300001D204203DE0681E61684900B0FBF1F037
:10514000401CC0F30B0034E0A06838B9681E6168E9
:1051500001EB4101B0FBF1F0401C0AE0681E616800
:1051600001EBC10202EB0111B0FBF1F0401C40F475
:105170008040C0F30B0008B901201AE0A06848B9CC
:10518000681E616801EB4101B0FBF1F0401CC0F307
:105190000B000CE0681E616801EBC10202EB01111B
:1051A000B0FBF1F0401CC0F30B0040F4804040F431
:1051B00000402168C9694CF6FF7291430843216899
:1051C000C861D4E9070108432168096821F0C001DA
:1051D000084321680860D4E90310084321688968FE
:1051E00048F2FF329143084321688860D4E9050101
:1051F00008432168C96821F0FF0108432168C8609D
:105200002068006840F001002168086000202064E8
:10521000202084F83D000020206384F83E0000BF79
:1052200024E70000A086010080841E0000093D00E4
:1052300040420F002DE9F8430446894616461F46B2
:10524000DDF82080FFF708FF054694F83D00202890
:105250007ED11923012251492046009503F0F6FC26
:1052600010B10220BDE8F88300BF94F83C0001288B
:1052700001D10220F6E7012084F83C0000BF20683D
:10528000006800F0010028B92068006840F00100C3
:10529000216808602068006820F4006021680860C8
:1052A000212084F83D00102084F83E000020206476
:1052B00066626785608D20853948E0622B464246EC
:1052C0004946204603F09EFA08B10120CAE700BF14
:1052D000002000902068406900902068806900905C
:1052E00000BF00BF44E02A464146204603F093FD3C
:1052F00050B1206C042805D12068006840F400708B
:10530000216808600120ADE7606A007821680861C3
:10531000606A401C6062608D401E6085208D401E6A
:10532000208520684069C0F3800070B1208D60B195
:10533000606A007821680861606A401C6062608D64
:10534000401E6085208D401E20852A46414600E093
:1053500022E0204603F04CFC50B1206C042805D11B
:105360002068006840F4007021680860012079E737
:10537000208D0028B7D12068006840F400702168B3
:105380000860202084F83D00002084F83E0000BF23
:1053900084F83C0000BF65E7022063E702001000CC
:1053A0000000FFFF2DE9FC5F04460F46904699463A
:1053B000DDE90CAB0E9EFFF74FFE054694F83D006D
:1053C000202870D119230122B0492046009503F00E
:1053D0003DFC10B10220BDE8FC9F00BF94F83C00EA
:1053E000012801D10220F6E7012084F83C0000BF2B
:1053F0002068006800F0010028B92068006840F0CB
:105400000100216808602068006820F400602168BD
:105410000860222084F83D00402084F83E000020EF
:105420002064C4F824A0A4F82AB0608D2085984890
:10543000E0624B46424639462046CDE9006503F01E
:105440003FFA08B10120C6E7208D88B900BF0020CF
:10545000019020684069019020688069019000BF38
:1054600000BF2068006840F400702168086040E0D8
:10547000208D012818D12068006820F48060216800
:10548000086000BF002001902068406901902068FA
:105490008069019000BF00BF2068006840F4007080
:1054A0002168086025E0EFE0208D022816D12068F1
:1054B000006820F48060216808602068006840F47B
:1054C00000602168086000BF0020019020684069EA
:1054D000019020688069019000BF0AE000BF0020B1
:1054E000019020684069019020688069019000BFA8
:1054F00000BFBAE0208D03287ED8208D012815D169
:105500002A463146204603F046FC08B1012062E7F6
:1055100020680069616A0870606A401C6062208DC2
:10552000401E2085608D401E60859EE0208D0228F3
:105530002AD13346002257492046009503F086FBC6
:1055400008B1012047E72068006840F40070216836
:10555000086020680069616A0870606A401C6062C7
:10556000208D401E2085608D401E6085206800696A
:10557000616A0870606A401C6062208D401E208550
:10558000608D401E608570E0334600224149204610
:10559000009503F05BFB08B101201CE72068006860
:1055A00020F480602168086020680069616A0870E2
:1055B000606A401C6062208D401E2085608D401E08
:1055C00060853346002233492046009503F03EFBB8
:1055D00008B10120FFE62068006840F400702168EF
:1055E000086020680069616A0870606A401C606237
:1055F000208D401E208500E010E0608D401E6085FB
:1056000020680069616A0870606A401C6062208DD1
:10561000401E2085608D401E608526E02A4631466A
:10562000204603F0B8FB08B10120D4E620680069E9
:10563000616A0870606A401C6062208D401E20858F
:10564000608D401E608520684069C0F3800060B1B5
:1056500020680069616A0870606A401C6062208D81
:10566000401E2085608D401E6085208D00287FF4BF
:1056700041AF202084F83D00002084F83E0000BFA8
:1056800084F83C0000BFA6E60220A4E60200100059
:105690000000FFFF040001002DE9FC5F04460F46F7
:1056A00090469946DDE90CAB0E9EFFF7D5FC05460A
:1056B00094F83D0020287DD1192301224D49204630
:1056C000009503F0C3FA10B10220BDE8FC9F00BFB3
:1056D00094F83C00012801D10220F6E7012084F86B
:1056E0003C0000BF2068006800F0010028B9206875
:1056F000006840F00100216808602068006820F41C
:10570000006021680860212084F83D00402084F872
:105710003E0000202064C4F824A0A4F82AB0608DC4
:1057200020853548E0624B46424639462046CDE961
:10573000006503F071F908B10120C6E731E02A469F
:105740003146204603F067FB50B1206C042805D198
:105750002068006840F40070216808600120B4E708
:10576000606A007821680861606A401C6062208D70
:10577000401E2085608D401E608520684069C0F312
:10578000800070B1208D60B1606A00782168086186
:10579000606A401C6062208D401E2085608D401E26
:1057A0006085208D0028CAD12A463146204603F064
:1057B0001FFA00E01CE050B1206C042805D12068DD
:1057C000006840F400702168086001207DE72068CF
:1057D000006840F4007021680860202084F83D00D3
:1057E000002084F83E0000BF84F83C0000BF6CE756
:1057F00002206AE7020010000000FFFF10B586B02B
:105800000446142101A8FBF71FF873492068884259
:1058100030D100BF002000907048006840F00200C6
:105820006E4908600846006800F00200009000BF62
:1058300000BF4FF4407001901220029001200390AD
:10584000032004900420059001A96548FFF7F6FAAB
:1058500000BF0020009061481030006840F4001044
:105860005E49103108600846006800F4001000909E
:1058700000BFAFE05B492068884259D100BF0020DB
:1058800000905648006840F02000544908600846DF
:10589000006800F02000009000BF00BF03200190CE
:1058A0001220029001200390032004900420059010
:1058B00001A94D48FFF7C2FA00BF002000904748F9
:1058C0001030006840F480004449103108600846F8
:1058D000006800F48000009000BF00BF43484449C6
:1058E00008604FF0606048604021414881600021BD
:1058F000C1604FF480610161002141618161C1613A
:105900004FF40031016200214162FFF793F808B1C2
:10591000FDF7D2FC00BF36486063846300BF3548A2
:105920000068406840F4006032490968486051E00E
:105930003149206888424DD100BF0020009027489F
:10594000006840F00400254908600846006800F03F
:105950000400009000BF00BF00BF00200090084678
:10596000006840F0010008600846006800F001008F
:10597000009000BF00BF4815019012200290012046
:105980000390032004900420059001A91B48FFF711
:1059900055FA4FF48070019012200290012003907C
:1059A000032004900420059001A91548FFF746FA4A
:1059B00000BF0020009009481030006840F400004B
:1059C0000649103108600846006800F400000090A5
:1059D00000BF00BF06B010BD005400403038024088
:1059E000000402400058004000140240B860024029
:1059F000540D0020AC0C0020005C00400008024068
:105A0000000002400348006803490978084401493E
:105A1000086070472C0300203403002010B50D48A7
:105A2000006840F400700B4908600846006840F4C4
:105A3000806008600846006840F4807008600320B9
:105A400000F0A8F80F2000F007F800F02BF8002075
:105A500010BD0000003C024070B504460E480078BE
:105A60004FF47A71B1FBF0F00C490968B1FBF0F525
:105A7000284601F002FE08B1012070BD102C07D2AB
:105A800000222146501E00F047F80548046001E05E
:105A90000120F2E70020F0E734030020A0000020FE
:105AA0003003002008B500BF0020009011480068B6
:105AB00040F480400F4908600846006800F48040C8
:105AC000009000BF00BF00BF00200090081F0068CA
:105AD00040F08050091F08600846006800F08050C0
:105AE000009000BF00BF00220F21901E00F014F8AC
:105AF00008BD00004438024001460846002809DB82
:105B000000F01F0301229A4043099B0003F1E023A8
:105B1000C3F8002100BF70472DE9F05F80460D46B5
:105B20001646002708F058FB074639462A463346F2
:105B300001F00700C0F1070ABAF1040F02D94FF0D3
:105B4000040A01E0C0F1070AD14600F1040ABAF1E3
:105B5000070F02D24FF0000A01E0A0F1030AD44679
:105B60004FF0010A0AFA09FAAAF1010A0AEA020A3E
:105B70000AFA0CFA4FF0010B0BFA0CFBABF1010B1C
:105B80000BEA030B4AEA0B042146404608F02CFBC3
:105B9000BDE8F09F00BF00F00702064B19684FF602
:105BA000FF031940044B0B4343EA0221014B1960E8
:105BB00000BF70470CED00E00000FA057047024698
:105BC0001068416200207047F0B50346154618681A
:105BD000446A21B944EA05401E68B06219E01868B9
:105BE000806A04EB1044002208E0186800F5827017
:105BF00050F8220004EB1044501CC2B2481E9042E0
:105C0000F3D844EA0547186800F582704E1E40F844
:105C100026700020F0BD10B50446D4F8040406F048
:105C200043FF10BD70B504460D46C5EBC50304F136
:105C30003C0101EB8301CA682946D4F8040406F04C
:105C400060FE70BD70B504460D46C5EBC50304F596
:105C5000FE7101EB8301CA682946D4F8040406F0FA
:105C6000D0FE70BD10B50446D4F8040406F01FFF42
:105C700010BD70B504460E4606F0800080280AD19B
:105C800006F00F00C0EBC00104F13C0000EB810501
:105C90000120687009E006F00F00C0EBC00104F5B8
:105CA000FE7000EB81050020687006F00F00287080
:105CB00000BF94F8BC03012801D1022070BD01206F
:105CC00084F8BC0300BF2946206807F0EBFB00BF47
:105CD000002084F8BC0300BF00BFEFE770B50446A6
:105CE0000E4606F00F006168884201D9012070BDA0
:105CF00006F0800080280AD106F00F00C0EBC0013A
:105D000004F13C0000EB81050120687009E006F019
:105D10000F00C0EBC00104F5FE7000EB8105002010
:105D200068700020A87006F00F00287000BF94F87B
:105D3000BC03012801D10220D9E7012084F8BC036B
:105D400000BF2946206807F055FE00BF002084F8F8
:105D5000BC0300BF00BFCAE7024601F00F00C0EB62
:105D6000C00302F5FE7000EB8300806970472DE9E7
:105D7000F04705460E4690461F464FF0000906F0D4
:105D8000800080280AD106F00F00C0EBC00105F1A9
:105D90003C0000EB81040120607009E006F00F0078
:105DA000C0EBC00105F5FE7000EB810400206070BF
:105DB00006F00F002070C4F80880E770607808B122
:105DC0002078E080022F01D10020207100BF95F8DB
:105DD000BC03012802D10220BDE8F087012085F82C
:105DE000BC0300BF2146286807F068FA00BF002006
:105DF00085F8BC0300BF4846EEE72DE9F0410446B4
:105E00000E461746984606F00F00C0EBC00104F599
:105E1000FE7000EB8105EF60C5F814800020A861DA
:105E2000687006F00F0028702069012800D12F61EA
:105E300006F00F0028B9227C2946206807F0B6FC3E
:105E400004E0227C2946206807F068FE0020BDE8B7
:105E5000F08170B504460D4605F00F006168884278
:105E600001D9012070BD05F0800080280AD105F01D
:105E70000F00C0EBC00104F13C0000EB81060120E3
:105E8000707007E0C5EBC50104F5FE7000EB8106FC
:105E9000002070700120B07005F00F00307000BF5E
:105EA00094F8BC03012801D10220DBE7012084F82B
:105EB000BC0300BF3146206807F0E3FD05F00F008A
:105EC00028B9217C04F57172206807F05BFD00BFE2
:105ED000002084F8BC0300BF00BFC3E72DE9F041F8
:105EE00004460E461746984606F00F00C0EBC00168
:105EF00004F13C0000EB8105EF60C5F81480002040
:105F0000A8610120687006F00F0028702069012840
:105F100000D12F6106F00F0028B9227C29462068A5
:105F200007F044FC04E0227C2946206807F0F6FDD7
:105F30000020BDE8F0812DE9FE4F04462068029064
:105F4000029E206807F0D5FF00287DD1206808F068
:105F50000FF808B9BDE8FE8F206808F009F800F0D6
:105F60000200022805D12068406900F00200216883
:105F70004861206807F0FCFF00F40020B0F5002F16
:105F800058D10025206807F0C3FF82464FE00AF091
:105F90000100002848D0E9B2206807F0DCFF804605
:105FA00008F0010048B1012106F5306000EB451012
:105FB00081602946204604F093FA08F0080008287A
:105FC00009D12946204604F045FA082106F530603B
:105FD00000EB4510816008F01000102805D1102159
:105FE00006F5306000EB4510816008F020002028A5
:105FF0000ED12069012805D104F5717201212068B4
:1060000007F0C0FC202106F5306000EB45108160F0
:1060100008F40050B0F5005F06D14FF4005106F5CA
:10602000306000EB451081606D1C4FEA5A0ABAF1EE
:10603000000FACD1206807F09BFF00F48020B0F582
:10604000802F7ED1206800E012E207F057FF8246E1
:10605000002586E00AF0010000287FD0E9B2206820
:1060600007F060FF804608F00100E8B305F00F017B
:1060700001208840019040F634008159019821EABE
:10608000000040F634018851012106F5106000EB54
:10609000451081602069012815D1C5EBC50104F1C7
:1060A0003C0000EB8100C5EBC502C16804F13C0077
:1060B00000EB820080680144C5EBC50204F13C009E
:1060C00000EB8200C160E9B22046FFF7ABFD20691A
:1060D000012810D145B9C5EBC50104F13C0000EB26
:1060E0008100406900B900E005E004F5717201210A
:1060F000206807F047FC08F00800082805D10821AF
:1061000006F5106000EB4510816008F010001028C3
:1061100005D1102106F5106000EB4510816008F0F4
:106120004000402805D1402106F5106000EB4510E5
:10613000816008F00200022808D1022106F51060F3
:1061400001E012E00AE000EB4510816008F08000F9
:10615000802803D12946204604F082FA6D1C4FEABC
:106160005A0ABAF1000F7FF475AF206807F000FFFC
:1061700000F00040B0F1004F1CD140F604008059FF
:1061800020F0010140F60400815194F8F403012845
:1061900007D1002084F8F40300212046FFF70EFD0C
:1061A00002E0204600F098FA2068406900F00040C4
:1061B00021684861206807F0DBFE00F40060B0F55C
:1061C000006F0ED140F60800805900F0010010B1B8
:1061D000204600F0D9FA2068406900F40060216888
:1061E0004861206807F0C4FE00F48050B0F5805F7D
:1061F00072D140F60400805920F0010140F60400FD
:1062000081511021206807F049FE002726E04FF653
:106210007F3106F5106000EB4710816006F51060D5
:1062200000EB4710006820F4001106F5106000EB49
:10623000471001604FF67F3106F5306000EB4710E4
:10624000816006F5306000EB4710006820F4001113
:1062500006F5306000EB471001607F1C6068B842B3
:10626000D5D840F61C00805940F0011140F61C00C2
:106270008151206B70B1D6F8840840F00B01C6F84C
:10628000841840F64400805940F00B0140F6440069
:1062900081510FE040F61400805942F22B0108436F
:1062A00040F614018851081F805940F00B014FF44B
:1062B00001608151D6F8000820F4FE60C6F800089D
:1062C000217C04F57172206807F05CFB206840694E
:1062D00000F4805021684861206807F049FE00F40E
:1062E0000050B0F5005F17D1206807F04FF8206824
:1062F00007F0ECFDE06000F0F3FB0090227B2068EB
:10630000009907F085FE204600F0CEF9206840692C
:1063100000F4005021684861206807F029FE00F071
:106320001000102846D12068806920F010002168F4
:1063300088610298D0F8209009F00F00C0EBC001EE
:1063400004F5FE7000EB810BC9F3434002281AD11B
:1063500047F6F07009EA000030B3C9F30A12DBF81F
:106360000C10029807F009FEC9F30A11DBF80C00C3
:106370000844CBF80C00C9F30A11DBF818000844F4
:10638000CBF8180010E0C9F3434006280CD10822CE
:1063900004F57171029807F0F0FDC9F30A11DBF8FA
:1063A00018000844CBF818002068806940F01000FD
:1063B00021688861206807F0DBFD00F008000828EC
:1063C00008D1204600F08FF92068406900F00800ED
:1063D00021684861206807F0CBFD00F48010B0F51B
:1063E000801F0AD100252946204600F043F8206886
:1063F000406900F4801021684861206807F0B8FD0A
:1064000000F40010B0F5001F0AD1002529462046EF
:1064100000F039F82068406900F4001021684861F4
:10642000206807F0A5FD00F08040B0F1804F08D152
:106430002046FFF7F0FB2068406900F080402168AB
:106440004861206807F094FD00F0040004280FD193
:106450002068D0F8049009F00400042802D12046F6
:10646000FFF700FC2068406840EA090021684860A6
:1064700000BF6FE570B504460D462946D4F8040404
:1064800006F07CFB70BD70B504460D462946D4F875
:10649000040406F076FB70BD70B58AB0044614B9EA
:1064A00001200AB070BD266894F8BD0328B9002009
:1064B00084F8BC03204600F0A3F8032084F8BD0351
:1064C000F06B00F4807008B900212161206807F0AA
:1064D00065F9282204F110016846FAF759F994E8A1
:1064E0000F0006F077FF20B1022084F8BD030120E1
:1064F000D7E70021206807F051FD002531E0012198
:10650000C5EBC50204F13C0000EB82004170C5EB15
:10651000C50104F13C0000F82150C5EBC50100EBBA
:106520008100C5800021C5EBC50204F13C0000EBF1
:106530008200C170C5EBC50204F13C0000EB820093
:106540008160C5EBC50204F13C0000EB8200C16034
:10655000C5EBC50204F13C0000EB82004161681C00
:10656000C5B26068A842CAD800252AE00021C5EB60
:10657000C50204F5FE7000EB82004170C5EBC50159
:1065800004F5FE7000F821500021C5EBC50200EBB8
:106590008200C170C5EBC50204F5FE7000EB8200FD
:1065A0008160C5EBC50204F5FE7000EB8200C1609E
:1065B000C5EBC50204F5FE7000EB82004161681C6A
:1065C000C5B26068A842D1D8282204F110016846FB
:1065D000FAF7DEF894E80F0006F0E6FF20B102209B
:1065E00084F8BD0301205CE7002084F83800012016
:1065F00084F8BD03206806F0C7FF002051E70000C3
:1066000010B586B00446142101A8FAF71DF92068D8
:10661000B0F1A04F42D100BF002000902048006898
:1066200040F001001E4908600846006800F00100C3
:10663000009000BF00BF4FF4C050019002200290B4
:1066400000200390032004900A20059001A915481A
:10665000FEF7F4FB00BF1248001D006840F0800008
:106660000F49091D086000BF002000900C4814303D
:10667000006840F480400A49143108600846006808
:1066800000F48040009000BF00BF00BF0022052141
:106690004320FFF741FA4320FFF72EFA06B010BD62
:1066A000303802400000024070B504460125E06821
:1066B00008B9002506E0E068022801D1012501E0C3
:1066C000FCF7FAFD2946D4F8040406F0D3FAD4F80E
:1066D000040406F089FA70BD10B50446D4F8040429
:1066E00006F0B0FA10BD10B50446D4F8040406F064
:1066F000B0FA10BD70B504460D4600BF94F8BC0357
:10670000012801D1022070BD012084F8BC0300BF24
:1067100084F838502946206807F05BFC00BF002051
:1067200084F8BC0300BF00BFEDE710B5044604F5D4
:106730007171D4F8040406F0B4FA10BD70B50446C3
:10674000256800BF94F8BC03012801D1022070BD68
:10675000012084F8BC0300BFA06A012806D1A0690B
:10676000012803D0A86B40F48030A863206806F0AD
:10677000FBFE206807F074FB00BF002084F8BC0318
:1067800000BF00BFE3E7000010B50446D4F80404DE
:1067900006F0E0FA2068D0F8000E40F00100216811
:1067A000C1F8000E206A28B10348006840F00600D6
:1067B0000149086010BD000010ED00E0F8B5044686
:1067C00000250026207800F0010020B9207800F094
:1067D000040004282FD100205B498866FEF73CFCAA
:1067E000054606E0FEF738FC401B022801D90320CD
:1067F000F8BD56480068C0F3C0600028F2D1606858
:106800008101207A41EA00705049843108600120FA
:106810004D498866FEF720FC054606E0FEF71CFCA5
:10682000401B022801D90320E2E748480068C0F372
:10683000C0600028F2D0207800F0020002287DD14C
:1068400000BF0020009041484030006840F0805078
:106850003E49403108600846006800F080500090D2
:1068600000BF00BF3A48006840F4807038490860B3
:10687000FEF7F2FB054606E0FEF7EEFB401B0228A2
:1068800001D90320B4E73248006800F48070002882
:10689000F2D02E487030006800F440764EB3A089E4
:1068A00000F44070B04224D028487030006820F4D2
:1068B0004076012027490860002008602348703096
:1068C0000660006800F0010098B1FEF7C5FB0546C0
:1068D00008E0FEF7C1FB401B41F28831884201D934
:1068E000032085E7194870300068C0F34000002895
:1068F000EFD000BFA08900F44070B0F5407F0CD10C
:1069000012480830006820F4F810134AE16811407A
:1069100008430E490831086007E00C480830006859
:1069200020F4F81009490831086008487030006800
:10693000A189C1F30B010843044900E002E0703172
:10694000086000BF002053E70000474200380240C3
:1069500000700040400E4742FFFCFF0F70B5044638
:106960000D460CB9012070BD5848006800F00F00BA
:10697000A84209D255490D700846006800F00F0082
:10698000A84201D00120EEE7207800F002000228A2
:106990001DD1207800F00400042805D14C4800687F
:1069A00040F4E0504A490860207800F008000828C8
:1069B00005D14748006840F46040454908604448B4
:1069C000006820F0F000A168084341490860207881
:1069D00000F00100A8B36068012807D13C480838DE
:1069E0000068C0F34040B8B90120BCE760680228E5
:1069F00002D06068032807D1354808380068C0F322
:106A0000406048B90120AEE7314808380068C0F35B
:106A1000400008B90120A6E72D48006820F00300D7
:106A2000616808432A490860FEF716FB064609E03C
:106A3000FEF712FB801B41F28831884202D9032005
:106A400091E707E02248006800F00C006168B0EBB5
:106A5000810FEDD11D48006800F00F00A84209D950
:106A60001A490D700846006800F00F00A84201D0D6
:106A7000012078E7207800F00400042807D11448AA
:106A8000006820F4E050E16808431149086020786C
:106A900000F00800082808D10D48006820F4604084
:106AA000216940EAC1000A49086000F03FF808493E
:106AB0000968C1F30311074A515CC84006490860E0
:106AC00006480068FEF7C8FF00204CE7003C024083
:106AD000083802407C820108A0000020300300201A
:106AE0000148006870470000A000002000B5FFF7D3
:106AF000F7FF04490968C1F38221034A515CC84089
:106B000000BD0000083802408C82010800B5FFF784
:106B1000E7FF04490968C1F34231034A515CC840A8
:106B200000BD0000083802408C8201082DE9F047C2
:106B3000002400250026A1462548006800F00C002E
:106B400020B1042805D008283AD105E0DFF8849068
:106B500039E0DFF8849036E01D48001F006800F03F
:106B60003F041B48001F006800F4800078B11A48F9
:106B70001749091F0968C1F38811A0FB017001467C
:106B8000224600233846F9F715FD05460EE0114868
:106B90000F49091F0968C1F38811A0FB0170014664
:106BA000224600233846F9F705FD05460848001F30
:106BB0000068C0F30140401C4600B5FBF6F902E056
:106BC000DFF8109000BF00BF4846BDE8F087000026
:106BD000083802400024F400001BB700F8B5044652
:106BE0000CB90120F8BD207800F00100002874D015
:106BF000F948006800F00C0004280DD0F648006841
:106C000000F00C00082813D1F348001F006800F4BE
:106C10008000B0F5800F0BD1EF4808380068C0F352
:106C20004040002859D06068002856D10120D9E79B
:106C300000BF6068B0F5803F08D1E74808380068B9
:106C400040F48030E449083908601EE06068B0F51F
:106C5000A02F0DD1E0480838006840F48020DE49BC
:106C6000083908600846006840F4803008600CE08D
:106C7000D9480838006820F48030D74908390860BE
:106C80000846006820F48020086000BF606890B16A
:106C9000FEF7E2F9054606E0FEF7DEF9401B642840
:106CA00001D903209EE7CC4808380068C0F3404073
:106CB0000028F1D011E0FEF7CFF9054606E0FEF717
:106CC000CBF9401B642801D903208BE7C248083860
:106CD0000068C0F340400028F1D1207800F00200A5
:106CE00002285FD1BC48006800F00C0058B1BA48D7
:106CF000006800F00C0008281CD1B748001F00688D
:106D000000F48000B0B9B44808380068C0F340000F
:106D100020B1E068012801D0012063E7AE480838BF
:106D2000006820F0F800216940EAC100AA4908394A
:106D3000086037E0E06800B30120A8490860FEF76A
:106D40008BF9054606E0FEF787F9401B022801D9BA
:106D5000032047E7A04808380068C0F34000002837
:106D6000F1D09D480838006820F0F800216940EA19
:106D7000C10099490839086014E00020974908606B
:106D8000FEF76AF9054606E0FEF766F9401B0228A1
:106D900001D9032026E7904808380068C0F3400076
:106DA0000028F1D1207800F0080008282CD1606973
:106DB000A8B101208A490860FEF74EF9054606E0B1
:106DC000FEF74AF9401B022801D903200AE782484E
:106DD0006C300068C0F340000028F1D014E00020BF
:106DE0007F490860FEF738F9054606E0FEF734F9FA
:106DF000401B022801D90320F4E677486C30006874
:106E0000C0F340000028F1D1207800F004000428ED
:106E100070D1002770483830006800F0805090B979
:106E200000BF002000906C483830006840F080506F
:106E30006949383108600846006800F080500090C9
:106E400000BF00BF01276748006800F48070B0B938
:106E50006448006840F4807062490860FEF7FCF8FE
:106E6000054606E0FEF7F8F8401B022801D903208A
:106E7000B8E65C48006800F480700028F2D000BFDB
:106E8000A068012808D154486830006840F001002B
:106E90005149683108601DE0A06805280DD14E48B1
:106EA0006830006840F004004B49683108600846CB
:106EB000006840F0010008600CE047486830006856
:106EC00020F001004449683108600846006820F05D
:106ED0000400086000BFA068A8B1FEF7BDF8054631
:106EE00009E0FEF7B9F8401B41F28831884202D927
:106EF000032077E626E0384868300068C0F3400099
:106F00000028EED013E0FEF7A7F8054608E0FEF7EC
:106F1000A3F8401B41F28831884201D9032061E681
:106F20002D4868300068C0F340000028EFD1012FE1
:106F300007D129483830006820F080502649383180
:106F4000086000BFA069002845D02348006800F011
:106F50000C0008285DD0A069022845D100201F49F7
:106F60000866FEF779F8054606E0FEF775F8401B5F
:106F7000022801D9032035E6174808380068C0F315
:106F800040600028F1D1D4E907010843616A40EA72
:106F900081110122A06AC2EB500041EA00412C207D
:106FA000005D41EA00600C49091F086001200B499F
:106FB0000866FEF751F8054606E0FEF74DF8401B5F
:106FC000022801D903200DE6034808380068C0F301
:106FD00040600028F1D03FE00838024000004742FE
:106FE000800E47420070004000201C490866FEF7F2
:106FF00033F8054606E0FEF72FF8401B022801D9BA
:107000000320EFE516480068C0F340600028F2D185
:1070100022E0A069012800D1E4E5114808300668A3
:1070200006F48001E069814214D106F03F01206A34
:1070300081420FD147F6C0703040616A884209D161
:1070400006F44031A06A814204D106F07061E06A22
:10705000814201D00120C5E50020C3E50000474280
:107060000038024010B504460CB9012010BD60790B
:1070700020B900202071204600F00EF80220607137
:107080002068006840F004002168086001206071F9
:107090000020A06000BFE9E708B50A4A01689142F4
:1070A0000FD100BF002100910749096841F040015C
:1070B000054A11601146096801F04001009100BFC6
:1070C00000BF08BD000806503438024010B5044621
:1070D0000CB9012010BD607F20B900202077204628
:1070E00000F060F80220607700BFCA202168486283
:1070F00053202168486200BF204603F097FE40B14C
:1071000000BFFF202168486200BF04206077012093
:10711000E0E720688068224908402168886021698A
:1071200060680843616908432168896808432168E9
:1071300088602168E068086120680169208941EA67
:107140000040216808612068C06820F08000216844
:10715000C8602068806800F0200060B9204600F018
:107160002DF840B100BFFF202168486200BF042015
:1071700060770120AEE72068006C20F48020216851
:1071800008642068006CA16908432168086400BF96
:10719000FF202168486200BF01206077002099E746
:1071A000BFFF8FFF034A0168914202D10121024AC9
:1071B00011607047002800403C0E474270B50446FD
:1071C00000252068C06820F0A0002168C860FDF795
:1071D00043FF054607E0FDF73FFF401BB0F57A7F10
:1071E00001D9032070BD2068C06800F0200000288D
:1071F000F1D00020F6E710B504460CB9012010BD0F
:10720000606A00B900BF0021A16294F8510028B95A
:10721000002084F85000204600F034F8022084F862
:1072200051002068006820F0400021680860D4E91F
:1072300001010843E1680843216908436169084383
:10724000218B01F400710843E1690843216A084376
:10725000A16A0843216808600421A06901EA10407E
:10726000616A0843216848602068C06920F40060B2
:107270002168C86100206065012084F85100002069
:10728000BDE7000010B586B00446142101A8F9F747
:10729000DBFA6749206888427ED100BF0020009059
:1072A0006448006840F480506249086008460068FD
:1072B00000F48050009000BF00BF00BF002000908D
:1072C0005C481438006840F002005A4914390860DC
:1072D0000846006800F00200009000BF00BF00BF39
:1072E000002000900846006840F001000860084651
:1072F000006800F00100009000BF00BF182001905E
:1073000002200290012003900320049005200590A4
:1073100001A94948FDF792FD8020019002200290CA
:1073200001200390032004900520059001A9434803
:10733000FDF784FD4248434908604FF0C060486053
:10734000002140488160C1604FF4806101610021EB
:1073500041618161C1614FF44031016200214162AC
:10736000FDF768FB08B1FBF7A7FF00BF3548E064F5
:10737000846300BF32481830334908604FF0C06062
:1073800048604021304881600021C1604FF4806135
:1073900001610021416100E010E08161C1614FF4B1
:1073A0000031016200214162FDF744FB08B1FBF7A7
:1073B00083FF00BF2448A064846336E0234920682B
:1073C000884232D100BF002000901A48001F006898
:1073D00040F480401749091F08600846006800F41F
:1073E0008040009000BF00BF00BF00200090114807
:1073F0001438006840F002000E491439086008464D
:10740000006800F00200009000BF00BF4FF4604031
:107410000190022002900120039003200490052097
:10742000059001A90448FDF709FD06B010BD000054
:107430000030014044380240000402400000024095
:1074400040640240940E0020F40E002000380040FA
:107450002DE9FF5F0446884691461D460E9E012099
:1074600002900020019000BF94F85000012803D141
:10747000022004B0BDE8F09F012084F8500000BF56
:10748000FDF7EAFD074694F851B060680390AA46FC
:10749000BBF1010F0BD00398B0F5827F04D1A06837
:1074A00010B9BBF1040F02D002200190DBE0B8F16B
:1074B000000F03D0B9F1000F00D015B901200190E1
:1074C000D1E094F85100042802D0052084F851003E
:1074D00000206065C4F83890E587A587C4F830803F
:1074E000E586A586206460642068006800F040009E
:1074F000402805D02068006840F0400021680860FE
:10750000E068B0F5006F4AD1606810B1BAF1010FC0
:1075100009D1206B00882168C860206B801C206323
:10752000E08E401EE08633E02068806800F00200B4
:10753000022810D1E08E70B1029801280BD1206B87
:1075400000882168C860206B801C2063E08E401E8C
:10755000E086002002902068806800F0010068B199
:10756000E08F58B12068C068A16B0880A06B801CB8
:10757000A063E08F401EE08701200290FDF76CFDC4
:10758000C01BB04204D3701C10B1032001906AE00C
:10759000E08E0028C8D1E08F0028C5D14AE060689D
:1075A00010B1BAF1010F09D1206B0078216808737E
:1075B000206B401C2063E08E401EE08634E0206893
:1075C000806800F00200022810D1E08E70B10298AD
:1075D00001280BD1206B007821680873206B401CB8
:1075E0002063E08E401EE0860020029020688068C4
:1075F00000F0010068B1E08F58B12068C068A16B4D
:107600000870A06B401CA063E08F401EE087012043
:107610000290FDF721FDC01BB04201D3701C00B9E0
:1076200016B9032001901EE0E08E0028C7D1E08F3C
:107630000028C4D13A463146204603F07BFD20B1F4
:1076400001200190202060650DE0A06850B900BFC6
:10765000002000902068C06800902068806800903A
:1076600000BF00BF00BF012084F8510000BF002010
:1076700084F8500000BF0198FBE670B5044625462B
:10768000681EB0F1807F01D301200FE0681E4FF02B
:10769000E02148610F214FF0FF3006F0A5FD0020EA
:1076A0004FF0E021886107200861002070BD10B50F
:1076B0000346002200BF93F83C00012801D10220BC
:1076C00010BD012083F83C0000BF22F0FF00CC6811
:1076D00040EA040222F440708C6840EA040222F47A
:1076E00080604C6840EA040222F400600C6840EAC2
:1076F000040222F480500C6940EA040222F4005093
:107700004C6940EA040222F48040CC6940EA040259
:107710001868426400BF002083F83C0000BF00BF2F
:10772000CEE7000030B502460B4600BF92F83C00A1
:10773000012801D1022030BD012082F83C0000BFA9
:10774000022082F83D00106844681068816824F0C7
:1077500070041868044310684460184D1068A8420B
:107760001BD01068B0F1804F17D0154D1068A8429B
:1077700013D0144D1068A8420FD0134D1068A842C2
:107780000BD0124D1068A84207D0114D1068A842C6
:1077900003D0104D1068A84205D121F0800158682F
:1077A000014310688160012082F83D0000BF002085
:1077B00082F83C0000BF00BFBDE7000000000140B0
:1077C0000004004000080040000C0040000401409C
:1077D000004001400018004010B504460CB90120DB
:1077E00010BD94F83D0028B9002084F83C002046E4
:1077F00000F00CF8022084F83D00211D206803F001
:10780000C9FD012084F83D000020E9E708B53F4AA2
:10781000016891420FD100BF002100913C490968E5
:1078200041F001013A4A11601146096801F0010175
:10783000009100BF69E0374A0168914211D100BF51
:10784000002100913249091F096841F00201304AC4
:10785000121F11601146096801F00201009100BF7A
:1078600053E02D4A0168914211D100BF00210091DF
:107870002749091F096841F00401254A121F1160B8
:107880001146096801F00401009100BF3DE0234A60
:107890000168914211D100BF002100911C49091FCC
:1078A000096841F008011A4A121F1160114609685F
:1078B00001F00801009100BF27E0194A01689142D8
:1078C0000FD100BF002100911149096841F0020168
:1078D0000F4A11601146096801F00201009100BFD2
:1078E00013E0104A016891420FD100BF00210091BE
:1078F0000749096841F40031054A116011460968D9
:1079000001F40031009100BF00BF08BD000001403C
:10791000443802400004004000080040000C0040D1
:1079200000040140004401400146022081F83D006E
:107930000868806800F00702062A05D00868006819
:1079400040F001000B681860012081F83D00002024
:1079500070472DE9F04104460D4600BF94F83C0005
:10796000012802D10220BDE8F081012084F83C000A
:1079700000BF022084F83D002068866826F0770664
:1079800026F47F46206886602868502833D00CDCB7
:10799000202850D004DC00284BD0102851D149E0D9
:1079A000302849D040284CD139E060282DD07028AB
:1079B00007D0B0F5805F03D0B0F5005F41D10DE096
:1079C00040E0D5E902136A68206803F060FD206892
:1079D000866846F077062068866033E0D5E90213B2
:1079E0006A68206803F053FD2068806840F4804096
:1079F0002168886026E0EA686968206803F038FE3C
:107A00005021206803F04EFD1CE0EA686968206898
:107A100003F041FE6021206803F044FD12E0EA68B3
:107A20006968206803F024FE4021206803F03AFDD5
:107A300008E000BF00BF00BF2968206803F032FDE6
:107A400000E000BF00BF012084F83D0000BF00201F
:107A500084F83C0000BF00BF85E7000010B586B089
:107A60000446142101A8F8F7EFFE994920688842DE
:107A700032D100BF002000909648006840F010000E
:107A8000944908600846006800F01000009000BFAC
:107A900000BF4FF4D44001900220029001200390D7
:107AA000022004900120059001A98B48FDF7C6F93A
:107AB0008A48FFF739FF0021884800F0CFF90421F8
:107AC000864800F0CBF90821844800F0C7F90C2162
:107AD000824800F0C3F9F9E081492068884224D146
:107AE00000BF002000907B48006840F00400794906
:107AF00008600846006800F00400009000BF00BF66
:107B00008815019002200290012003900220049029
:107B1000059001A97348FDF791F97348FFF704FF39
:107B20000821714800F09AF9D0E070492068884235
:107B300026D100BF002000906648006840F0080091
:107B4000644908600846006800F00800009000BF23
:107B500000BF4FF48040019002200290012003906A
:107B6000032004900220059001A96148FDF766F901
:107B70006048FFF7D9FE08215E4800F06FF9A5E0E4
:107B80005D49206888422DD100BF002000905148F7
:107B9000006840F080004F4908600846006800F027
:107BA0008000009000BF00BF4FF4E0500190022021
:107BB00002900120039002200490059001A94F48F3
:107BC000FDF73CF94E48FFF7AFFE00214C4800F0AE
:107BD00045F904214A4800F041F90821484800F0DD
:107BE0003DF973E047492068884246D100BF002034
:107BF00000903848006840F48070364908600846B4
:107C0000006800F48070009000BF00BF00BF00203B
:107C100000900846006840F00400086008460068CC
:107C200000F00400009000BF00BF4020019002203F
:107C3000029001200390022004900320059001A9E6
:107C40003148FDF7FBF8402001900220029001200E
:107C50000390022004900320059001A92148FDF71C
:107C6000EDF82A48FFF760FE0021284800F0F6F8FA
:107C70000421264800F0F2F828E0254920688842CF
:107C800024D100BF002000901248006840F020007E
:107C9000104908600846006800F02000009000BF0E
:107CA00000BF40200190022002900120039002209A
:107CB00004900320059001A91648FDF7BFF8164867
:107CC000FFF732FE0021144800F0C8F806B010BDDE
:107CD000000001403038024000100240540F0020E4
:107CE0000004004000080240940F002000080040FB
:107CF000000C0240D40F0020000C0040001C024089
:107D00001410002000040140002002405410002004
:107D100000440140001402409410002070B5044655
:107D20000D46164600BF94F83C00012801D1022000
:107D300070BD012084F83C0000BF022084F83D00A3
:107D400036B1042E1BD0082E31D00C2E5ED145E06A
:107D50002946206803F0B0FB2068806940F00800E5
:107D6000216888612068806920F0040021688861AA
:107D700020688069296908432168886147E02946AD
:107D8000206803F0D1FB2068806940F4006021681E
:107D900088612068806920F480602168886120689B
:107DA0008069296940EA0120216888612FE029461D
:107DB000206803F0F7FB2068C06940F008002168E4
:107DC000C8612068C06920F004002168C86120688B
:107DD000C069296908432168C86118E029462068FC
:107DE00003F01CFC2068C06940F400602168C86191
:107DF0002068C06920F480602168C8612068C0697B
:107E0000296940EA01202168C86100E000BF00BF85
:107E1000012084F83D0000BF002084F83C0000BF32
:107E200000BF85E710B504460CB9012010BD94F8D9
:107E30003D0028B9002084F83C00204600F00CF8F2
:107E4000022084F83D00211D206803F0A3FA0120E0
:107E500084F83D000020E9E77047000070B5044653
:107E60000E4601223146206803F000FB0F492068CE
:107E7000884203D00E492068884201D1012000E0E9
:107E8000002028B12068406C40F40040216848641C
:107E90002068806800F00705062D05D0206800687E
:107EA00040F0010021680860002070BD0000014022
:107EB0000004014070B50446002520684069C0F305
:107EC000C01594F8390021280ED16DB120684069A1
:107ED00020F0800021684861206B10B1206BFCF716
:107EE0001FFC204603F089FC20684069C0F3801520
:107EF00094F83A0022280ED16DB12068406920F034
:107F0000400021684861606B10B1606BFCF708FCB1
:107F1000204603F052FC002070BD70472DE9F04769
:107F20000446206805682068C668206847694FF0E5
:107F30000008C14605F00F08B8F1000F0AD105F09E
:107F4000200038B106F0200020B1204603F05FFC8D
:107F5000BDE8F087B8F1000F72D007F0010018B942
:107F600006F4907000286BD005F0010030B106F4E3
:107F7000807018B1E06B40F00100E06305F0040090
:107F800030B107F0010018B1E06B40F00200E0638F
:107F900005F0020030B107F0010018B1E06B40F0CD
:107FA0000400E06305F0080048B106F0200010B9B5
:107FB00007F0010018B1E06B40F00800E063E06BEF
:107FC00070B305F0200028B106F0200010B1204663
:107FD00003F01DFC20684069C0F38019E06B00F0DD
:107FE000080010B9B9F1000F23D0204603F0E5FBDB
:107FF0002068406900F04000402816D120684069A0
:1080000020F0400021684861606B50B11748616BF7
:108010000865606BFCF7D9FB10B1606B016D884798
:108020000CE02046FFF779FF08E02046FFF775FFD8
:1080300004E02046FFF771FF0020E06388E7FFE7D8
:1080400005F0800030B106F0800018B1204603F042
:1080500025FE7DE705F0400030B106F0400018B184
:10806000204603F0BAFB73E700BF71E7BFB6000814
:1080700010B504460CB9012010BDA06900B100E0A4
:1080800000BF94F8390028B9002084F83800204651
:1080900000F028F8242084F839002068C06820F413
:1080A00000502168C860204603F004FC2068006985
:1080B00020F49040216808612068406920F02A007F
:1080C000216848612068C06840F400502168C86099
:1080D0000020E063202084F8390084F83A00002072
:1080E000CAE7000010B586B00446142101A8F8F7CD
:1080F000ABFBAD492068884274D100BF00200090DE
:10810000AA48006840F01000A849086008460068C6
:1081100000F01000009000BF00BF00BF00200090E2
:10812000A2481438006840F00200A04914390860E1
:108130000846006800F00200009000BF00BF00BFCA
:10814000002000900846006840F0010008600846E2
:10815000006800F00100009000BF00BF8020019087
:108160000220029001200390032004900720059034
:1081700001A98F48FCF762FE4FF4007001900220C5
:10818000029001200390032004900720059001A98C
:108190008848FCF753FE8848884908604FF0006023
:1081A0004860002185488160C1604FF480610161B1
:1081B000002141618161C16101624162FCF73AFCC9
:1081C00008B1FBF779F800BF7C486063846300BFA7
:1081D000002205212520FDF79FFC2520FDF78CFCC2
:1081E000DFE0FFE77649206888425BD100BF0020CE
:1081F00000906E48001F006840F480206B49091F02
:1082000008600846006800F48020009000BF00BFAE
:1082100000BF0020009065481438006840F004005A
:108220006249143908600846006800F004000090B4
:1082300000BF00BF4FF44060019002200290012077
:108240000390032004900720059001A95D48FCF7E6
:10825000F5FD5D485D4908604FF000604860002111
:108260005A488160C1604FF4806101610021416121
:108270008161C1614FF40031016200214162FCF76C
:10828000D9FB08B1FBF718F800BF5048606384635E
:1082900000BF002204212720FDF73EFC2720FDF728
:1082A0002BFC7EE04A49206888427AD100BF00203A
:1082B00000903E48006840F020003C4908600846B5
:1082C000006800F02000009000BF00BF00BF002049
:1082D000009036481438006840F0400033491439A3
:1082E00008600846006800F04000009000BF00BF32
:1082F0004FF484400190022002900120039003205B
:1083000004900820059001A93248FCF797FD2A48FF
:108310006038314908608005486000212E4881603E
:10832000C1604FF480610161002141618161C161DF
:108330004FF40031016200214162FCF77BFB08B180
:10834000FAF7BAFF00BF24486063846300BF1A488D
:108350001830224908604FF02060486040211F48D3
:1083600081600021C1604FF48061016100214161A1
:108370008161C1614FF48031016200214162FCF7EB
:1083800059FB08B1FAF798FF00BF144820638463D3
:1083900000BF002205214720FDF7BEFB4720FDF767
:1083A000ABFB06B010BD0000001001404438024095
:1083B0000004024000000240886402409411002042
:1083C000004800400008024028600240F4110020EC
:1083D000001401400018024054120020B412002082
:1083E00077B581B00446154694F83A00202850D15C
:1083F000029800B115B9012004B070BD00BF94F817
:108400003800012801D10220F6E7012084F8380065
:1084100000BF0298A062A5850020E063222084F8B6
:108420003A001D48616BC8631C48616B08641C48B6
:10843000616BC8640020616B086502AE3268236816
:10844000191D2B46606BFCF76BFB00BF00200090F2
:1084500020680068009020684068009000BF00BF5E
:1084600000BF002084F8380000BF2068C06840F4D6
:1084700080702168C8602068406940F00100216870
:1084800048612068406940F0400021684861002050
:10849000B2E70220B0E7000023B7000869B7000880
:1084A000D3B60008704770472DE9F84304460D46DF
:1084B00016461F464FF0000994F8390020285DD178
:1084C00005B116B90120BDE8F88300BF94F8380063
:1084D000012801D10220F6E7012084F8380000BF0E
:1084E0000020E063212084F83900FCF7B5FD8146C7
:1084F000A684E68400BF002084F8380000BF2BE08B
:10850000E08C401EE084A068B0F5805F16D14B4639
:10851000002280212046009703F0F4FB08B10320DD
:10852000D1E7A846B8F80000C0F308002168486009
:10853000206908B9AD1C0FE06D1C0DE04B46002210
:1085400080212046009703F0DDFB08B10320BAE745
:1085500015F8010B21684860E08C0028D0D14B460B
:10856000002240212046009703F0CCFB08B10320F5
:10857000A9E7202084F839000020A4E70220A2E720
:10858000F7B50446154694F8390020283DD10198E6
:1085900000B10DB90120FEBD00BF94F838000128DC
:1085A00001D10220F7E7012084F8380000BF0198CC
:1085B0002062A584E5840020E063212084F839004E
:1085C0001348216BC8631348216B08641248216B60
:1085D000C8640020216B086501AE23681A1D31684C
:1085E0002B46206BFCF79CFA6FF040002168086076
:1085F00000BF002084F8380000BF2068406940F0C8
:108600008000216848610020C5E70220C3E7000020
:1086100077B70008ADB70008D3B6000870477047B9
:1086200000BFFEE770B504460D46164621460448D5
:1086300000F060FA18B93146284600F003F870BD22
:10864000AC0C00202C4A526B1268126822F0010216
:10865000294B5B6B1B681A6009E0274A526B126852
:10866000126822F00102244B5B6B1B681A60224ADD
:10867000526B1268126802F00102002AEDD11E4A04
:10868000526B12681D4B9A4205D94FF000621B4B8A
:108690004C3B1A601DE0184A526B1268184B9A4204
:1086A00005D94FF00062154B503B1A6011E0124A99
:1086B000526B1268124B603B9A4205D94FF0006230
:1086C0000F4BB83BDA6004E04FF000620C4BB83B54
:1086D0009A60094A526B1268D060074A526B12685E
:1086E0005160054A526B1268126842F00102024B57
:1086F0005B6B1B681A607047AC0C0020586402402A
:10870000B86002402B48406B0068006820F0010010
:108710002849496B0968086009E02648406B0068F1
:10872000006820F001002349496B0968086021486E
:10873000406B0068006800F001000028EDD11E4881
:108740001C49496B096888601A48406B00681B49DE
:10875000884205D94FF0006018494C3908601DE087
:108760001448406B00681649884205D94FF00060F4
:1087700012495039086011E00E48406B00681049FA
:108780006039884205D94FF000600D49B839C8609A
:1087900004E04FF000600A49B83988600548406B32
:1087A0000068006840F010000249496B09680860E1
:1087B00070470000AC0C0020105800405864024084
:1087C000B8600240014608684069C0F38020B0B13B
:1087D0006FF480600A68506100200863202081F8EF
:1087E0003D00002081F83E00086C40F00400086461
:1087F00000BF002081F83C0000BF0120704700202E
:10880000FCE700002DE9F84304460D46174698465C
:10881000E66A082E04D0012E02D016F5803F06D15C
:108820002068006840F480702168086008E0206BD0
:10883000122805D12068006840F480702168086023
:108840003B4600224FF001112046CDF8008000F099
:10885000FDF950B12068006800F4807010B14FF449
:10886000007020640320BDE8F8832069B0F5804FD4
:1088700004D105F0FE002168086112E005F44070A3
:10888000F02141EAE0102168086143463A460B496D
:10889000204600F01EFA08B10120E4E7E8B22168A2
:1088A000086143463A460549891F204600F011FAFF
:1088B00008B10120D7E70020D5E70000080001003B
:1088C0002DE9F84304460F4615469946DDE908862A
:1088D0002068006840F480602168086020680068B3
:1088E00040F4807021680860434600224FF0011177
:1088F0002046009600F0AAF950B12068006800F404
:10890000807010B14FF4007020640320BDE8F8833C
:1089100007F0FE0021680861334642463D49204683
:1089200000F0D7F908B10120F0E700BF0020009067
:1089300020684069009020688069009000BF00BFF7
:1089400032464146204600F066FA50B1206C0428B9
:1089500005D12068006840F400702168086001209B
:10896000D4E7B9F1010F03D1E8B22168086117E03B
:10897000C5F307202168086132464146204600F0D1
:108980004AFA50B1206C042805D12068006840F4F0
:108990000070216808600120B8E7E8B2216808612A
:1089A00032464146204600F036FA50B1206C042889
:1089B00005D12068006840F400702168086001203B
:1089C000A4E72068006840F480702168086043468E
:1089D00000224FF001112046009600F037F948B10F
:1089E0002068006800F4807010B14FF400702064BB
:1089F00003208BE7F8B240F001002168086133469C
:108A000042460449204600F064F908B101207DE7A0
:108A100000207BE7020001002DE9F8430446884668
:108A200015469946DDE908672068006840F48070C3
:108A300021680860334600224FF00111204600975C
:108A400000F004F950B12068006800F4807010B1A3
:108A50004FF4007020640320BDE8F88308F0FE00A6
:108A6000216808613B4632462149204600F031F931
:108A700008B10120F0E700BF0020009020684069A5
:108A8000009020688069009000BF00BF3A463146E0
:108A9000204600F0C0F950B1206C042805D12068B0
:108AA000006840F40070216808600120D4E7B9F143
:108AB000010F03D1E8B22168086117E0C5F3072070
:108AC000216808613A463146204600F0A4F950B1C9
:108AD000206C042805D12068006840F400702168EB
:108AE00008600120B8E7E8B2216808610020B3E718
:108AF0000200010018B502460B460021106800680C
:108B000000F0010028B91068006840F00100146806
:108B1000206000210BE0481C81B2642907DD106849
:108B2000006840F4007014682060022018BD1068CE
:108B3000806900F002000028EDD11068006820F480
:108B40000060146820601068006840F48070146849
:108B5000206000210BE0481C81B2642907DD106809
:108B6000006840F40070146820600120DEE710689F
:108B7000406900F001000028EDD003F0FE00146809
:108B8000206100210CE0481C81B2B1F5FA7F07DDBD
:108B90001068006840F40070146820600120C5E788
:108BA0001068406900F002000028ECD000BF0020EF
:108BB000009010684069009010688069009000BFC4
:108BC00000BF00210CE0481C81B2B1F5FA7F07DD3F
:108BD0001068006840F40070146820600120A5E768
:108BE0001068406900F080000028ECD000209DE76C
:108BF00070B504460D46164620E02046FFF7E2FD1C
:108C000008B1012070BD681CC0B1FCF725FA801BBB
:108C1000A84200D895B900202063202084F83D00A8
:108C2000002084F83E00206C40F02000206400BF4B
:108C3000002084F83C0000BF0120E3E72068406981
:108C4000C0F380000028D8D00020DBE72DE9F041F8
:108C500004460D4617461E46DDF818801CE0701CC1
:108C6000D0B1FCF7F9F9A0EB0800B04200D89EB9EA
:108C700000202063202084F83D00002084F83E007E
:108C8000206C40F02000206400BF002084F83C00ED
:108C900000BF0120BDE8F081C5F3074001280AD1DB
:108CA00020684069A9B20840A9B2884201D10120D8
:108CB0000BE0002009E020688069A9B20840A9B251
:108CC000884201D1012000E00020B842C7D0002036
:108CD000E0E72DE9F04104460D4616461F463DE00B
:108CE00020684069C0F38020E8B12068006840F443
:108CF0000070216808606FF480602168486100207E
:108D00002063202084F83D00002084F83E00206C81
:108D100040F00400206400BF002084F83C0000BF45
:108D20000120BDE8F081701CC0B1FCF795F9C01BB3
:108D3000B04200D896B900202063202084F83D007E
:108D4000002084F83E00206C40F02000206400BF2A
:108D5000002084F83C0000BF0120E2E7C5F3074093
:108D600001280AD120684069A9B20840A9B2884206
:108D700001D101200BE0002009E020688069A9B240
:108D80000840A9B2884201D1012000E0002000285B
:108D9000A6D00020C5E770B504460D46164632E061
:108DA00020684069C0F30010A0B16FF01000216886
:108DB000486100202063202084F83D00002084F8D2
:108DC0003E00206C206400BF002084F83C0000BFFF
:108DD000012070BDFCF740F9801BA84200D895B96E
:108DE00000202063202084F83D00002084F83E000D
:108DF000206C40F02000206400BF002084F83C007C
:108E000000BF0120E5E720684069C0F3801000281A
:108E1000C6D00020DDE770B504460D46164620E0BA
:108E20002046FFF7CFFC08B1012070BD681CC0B11F
:108E3000FCF712F9801BA84200D895B900202063E6
:108E4000202084F83D00002084F83E00206C40F093
:108E50002000206400BF002084F83C0000BF0120F7
:108E6000E3E720684069C0F3C0100028D8D0002094
:108E7000DBE7000070B504460D461646308888B919
:108E8000184890ED000A184880ED000A154890ED4A
:108E9000010A154880ED010A124890ED020A1248B5
:108EA00080ED020A324611490F4809F017FE0E48BC
:108EB00090ED000A85ED000A90ED010A85ED010AAA
:108EC00090ED020A85ED020AB7EE000A84ED000A71
:108ED000B7EE000A84ED010AB7EE000A84ED020A3B
:108EE00070BD000084340020783400203C35002020
:108EF00091ED000A0E4A82ED000A91ED010A82ED21
:108F0000010A91ED020A82ED020A92ED000A094A75
:108F100082ED000A064A92ED010A064A82ED010A34
:108F2000034A92ED020A034A82ED020A70470000EA
:108F3000843400207834002008B507200AF05AFB5A
:108F400002E064200AF056FBF9F7E0FD0028F8D1B2
:108F500002E064200AF04EFB0AF064F80028F8D121
:108F60009B4AA2F10C01101DF9F7EAFD9948984BB4
:108F7000103B994A99490090994809F0D9FDDFEDD5
:108F8000990A9FED990A994A0021994801F0E2FC5B
:108F9000914A92499748F9F7E7FA904890ED000A0C
:108FA000954880ED000A954880ED000A944880EDD0
:108FB000000A8A4890ED010A8F4880ED010A8F4827
:108FC00080ED010A8E4880ED010A844890ED020A86
:108FD000894880ED020A894880ED020A884880EDC0
:108FE000020A00200AF046FB04460DF0FDFB85490D
:108FF000086010218448C161FEF7FDF808B1FAF756
:109000005BF908228149824801F0D4FF012081499F
:109010000870DBE000BF4FF0FF3101200CF058F882
:109020000128F8D17C48007800F0040058B17A4853
:10903000007820F00400784908706549091D7348DC
:10904000401CF9F72FFD7548007800F0040060B16E
:109050007248007820F00400704908705C4A1032B1
:10906000A2F11C016E48F9F7C7FC6E48007800F0C9
:10907000040088B16B48007820F00400694908704A
:1090800053496948F9F74AFE51481038D0ED040AAF
:10909000B0EE600A09F09CFE4E484D4B103B4E4A24
:1090A0004E4900904E4809F043FD544890ED000AA7
:1090B000534880ED000A504890ED000A4F4880ED7B
:1090C000000A90ED000A5948D0ED000A20EE200A6F
:1090D0004B48D0ED000A554890ED011A00EE810A88
:1090E0003E48D0ED000A514890ED021A00EE810A88
:1090F000414880ED000A414890ED010A404880ED6A
:10910000010A3D4890ED010A3C4880ED010A90EDCE
:10911000010A4648D0ED000A20EE200A3848D0ED7A
:10912000010A424890ED011A00EE810A2B48D0ED69
:10913000010A3E4890ED021A00EE810A2E4880EDA9
:10914000010A2E4890ED020A2D4880ED020A2A48B5
:1091500090ED020A294880ED020A90ED020A334898
:10916000D0ED000A20EE200A2548D0ED020A2F4853
:1091700090ED011A00EE810A1848D0ED020A2B4842
:1091800090ED021A00EE810A1B4880ED020A124B94
:10919000024613499FED260A1648F9F751FB254B65
:1091A0001A1F111F134808F0F7F92348007800F040
:1091B00001002149087048B10846007820F00100FC
:1091C00008700846007840F00200087022E70000AE
:1091D00064340020A8340020543500204835002095
:1091E0003C3500200080894500A08C453083010873
:1091F000D034002060350020303500202435002098
:1092000018350020A8010020E40D0020AC0100204A
:10921000B4010020D1010020CD010020CE010020AA
:109220004A340020CF010020C70100203C83010800
:109230006F12833A78350020D001002030B50B46FC
:10924000002100BF16E00A24B4EB107F05D93024BA
:1092500004EB107403F8114005E0412404EB107492
:109260000A3C03F81140000100254C00641C1D5508
:109270004C1CE1B29142E6DB30BD000070B5044603
:109280000D462A4621460248FFF77AF970BD0000D4
:10929000541100202DE9F04F0C4609AD95E8E0107F
:1092A000DDE90D89002106E014F801A0C1F1020BEF
:1092B00000F80BA0491C032904DA14F801A0BAF144
:1092C000000FF1D190F803A062F3020A80F803A026
:1092D000B0F803A063F3891AA0F803A090F804A0E3
:1092E00065F3850A80F804A0B0F807A066F3090AC0
:1092F000A0F807A0B0F808A067F38C0AA0F808A0AF
:10930000B0F809A06CF34F1AA0F809A0B0F80CA0AF
:1093100068F38C0AA0F80CA0B0F80DA069F34F1AFE
:10932000A0F80DA0BDE8F08F1FB5002000900190BF
:10933000029003901548164908604FF400304860C9
:109340000021134881600161017680F82010C1621C
:10935000104981620021C1600121C161002180F8B2
:10936000301001214161FAF7E5F908B1F9F7A4FFDE
:1093700010200090012001900020029069460448CE
:10938000FAF70EF908B1F9F797FF1FBD0020014069
:10939000D00400200100000F1FB5002000900190B4
:1093A000029003901548164908604FF40030486059
:1093B0000021134881600161017680F82010C162AC
:1093C000104981620021C1600121C161002180F842
:1093D000301001214161FAF7ADF908B1F9F76CFFDE
:1093E0000820009001200190002002906946044866
:1093F000FAF7D6F808B1F9F75FFF1FBD0022014068
:10940000180500200100000F10B50E480E49086035
:109410000320486000210C488160C1604FF4102196
:1094200001614FF40011416100210176417681769E
:10943000C17601774177FAF73EFE08B1F9F73CFFB4
:1094400010BD0000006400406005002010B50E480B
:109450000E4908600320486000210C488160C1600B
:109460004FF4102101614FF4001141610021017698
:1094700041768176C17601774177FAF71CFE08B113
:10948000F9F71AFF10BD00000068004088050020B1
:1094900010B50548054908600846FBF716F908B1FC
:1094A000F9F70AFF10BD0000003002400400002060
:1094B00008B500BF002000902A48006840F48000F2
:1094C000284908600846006800F48000009000BF4A
:1094D00000BF00BF002000900846006840F4001064
:1094E00008600846006800F40010009000BF00BF4C
:1094F000002205210C20FCF70FFB0C20FCF7FCFAE6
:10950000002205212F20FCF707FB2F20FCF7F4FA9F
:10951000002205213920FCF7FFFA3920FCF7ECFA8C
:10952000002205213A20FCF7F7FA3A20FCF7E4FA8A
:10953000002205213B20FCF7EFFA3B20FCF7DCFA88
:10954000002205214420FCF7E7FA4420FCF7D4FA76
:10955000002205214520FCF7DFFA4520FCF7CCFA74
:1095600008BD00003038024000B5D5B01C22474984
:109570004EA8F7F70DF900214EA80AF04CF844491F
:1095800008601C2241491C3147A8F7F701F9002166
:1095900047A80AF040F83F4908601C223B4938318F
:1095A00040A8F7F7F5F8002140A80AF034F83A4946
:1095B00008601C223549543139A8F7F7E9F8002131
:1095C00039A80AF028F8354908601C222F49703163
:1095D00032A8F7F7DDF8002132A80AF01CF830496C
:1095E00008601C2229498C312BA8F7F7D1F80021FB
:1095F0002BA80AF010F82B4908601C222349A83137
:1096000024A8F7F7C5F8002124A80AF004F8264991
:1096100008601C221D49C4311DA8F7F7B9F80021C4
:109620001DA809F0F8FF214908601C221749E03104
:1096300016A8F7F7ADF8002116A809F0ECFF1C49B1
:1096400008601C221149FC310FA8F7F7A1F800218E
:109650000FA809F0E0FF174908601C22164908A866
:10966000F7F796F8002108A809F0D5FF134908601C
:109670001C2211491C3101A8F7F78AF8002101A822
:1096800009F0C9FF0E49086055B000BD2C810108E2
:109690000C00002010000020140000201800002002
:1096A0001C000020200000202400002028000020B2
:1096B0002C000020300000204482010834000020EB
:1096C0003800002000B587B0142102A8F7F7BCF8D5
:1096D00000BF002001908948006840F002008749DF
:1096E00008600846006800F00200019000BF00BF5B
:1096F00000BF002001900846006840F0400008606C
:109700000846006800F04000019000BF00BF00BFA5
:10971000002001900846006840F0010008600846FB
:10972000006800F00100019000BF00BF00BF0020F2
:1097300001900846006840F008000860084600688C
:1097400000F00800019000BF00BF00BF00200190A2
:109750000846006840F0040008600846006800F011
:109760000400019000BF00BF00BF00200190084628
:10977000006840F4807008600846006800F480705B
:10978000019000BF00BF00BF0020019008460068A4
:1097900040F0200008600846006800F020000190BA
:1097A00000BF00BF00BF002001900846006840F0E5
:1097B000800008600846006800F08000019000BF4B
:1097C00000BF00BF002001900846006840F0100074
:1097D00008600846006800F01000019000BF00BF5C
:1097E000012240214648FBF731FC01221021454867
:1097F000FBF72CFC012241F201014348FBF726FC58
:1098000080200290002003900120049002A93F488C
:10981000FBF714FB40200290012003900490059078
:1098200002A93748FBF70AFB092002903848039049
:109830000120049002A93248FBF700FB07200290A8
:1098400000200390049002A93248FBF7F7FA0120A8
:109850000290002003900120049002A92948FBF700
:10986000EDFA102002900120039004900220059050
:1098700002A92448FBF7E2FA302002902448039022
:109880000120049002A92348FBF7D8FA4FF4805036
:109890000290012003900490059002A91A48FBF75A
:1098A000CDFA01200290039004900220059002A9B5
:1098B0001548FBF7C3FA002206210846FCF72CF9ED
:1098C0000620FCF719F9002205210920FCF724F9EC
:1098D0000920FCF711F9002205210A20FCF71CF9E8
:1098E0000A20FCF709F9002205211720FCF714F9DA
:1098F0001720FCF701F907B000BD00003038024026
:109900000018024000000240000402400020024013
:10991000000021100008024010B50B480B490860F8
:109920000B484860002109488160C1604FF48041C4
:109930000161002141618161C1610162FBF792FB1C
:1099400008B1F9F7B9FC10BD00540040580C0020D4
:10995000801A060010B50B480B4908600B48486098
:10996000002109488160C1604FF4804101610021FC
:1099700041618161C1610162FBF774FB08B1F9F7D4
:109980009BFC10BD00580040AC0C0020801A060063
:1099900010B50B480B4908600B4848600021094886
:1099A0008160C1604FF480410161002141618161AA
:1099B000C1610162FBF756FB08B1F9F77DFC10BDF0
:1099C000005C0040000D0020801A060010B505481C
:1099D000054908600846FDF745FB08B1F9F76CFC3E
:1099E00010BD000000080650B40D002010B50A4854
:1099F0000A490860002048607C210848816040F6E0
:109A00007F41C1600021016141618161FDF75EFB21
:109A100008B1F9F751FC10BD00280040C40D00202A
:109A200010B50F480F4908604FF48270486000215C
:109A30000C488160C160022101610121416149023C
:109A400081613821C16100210162416281620A2184
:109A5000C162FDF7D0FB08B1F9F72EFC10BD000084
:109A600000300140E40D002010B50F480F49086098
:109A70004FF48270486000210C488160C16002216F
:109A8000016101214161490281613821C1610021E7
:109A90000162416281620A21C162FDF7ACFB08B13B
:109AA000F9F70AFC10BD0000003800403C0E002011
:109AB00000B587B01C216846F6F7C6FE1548164962
:109AC00008600020486000211348816041F287311E
:109AD000C160002101618161FDF77EFE08B1F9F7E7
:109AE000EBFB0D48FEF79EF908B1F9F7E5FB6020A6
:109AF00000900020019002900490002269460648E0
:109B0000FEF70CF908B1F9F7D7FB0348FDF7A6FFFC
:109B100007B000BD004401409410002000B595B08E
:109B2000002011901290139014900F9010901C210F
:109B300008A8F6F789FE20216846F6F785FE384822
:109B400038490860A720486000213648816044F603
:109B50001F61C1600021016141618161FDF73CFE2F
:109B600008B1F9F7A9FB4FF48050119011A92D48C5
:109B7000FDF7EFFE08B1F9F79FFB2A48FEF752F90F
:109B800008B1F9F799FB00200F9010900FA9254814
:109B9000FDF7C8FD08B1F9F78FFB602008904FF47E
:109BA0007A70099000200A900B900C900D900E9006
:109BB000002208A91B48FEF7B1F808B1F9F77CFBB1
:109BC000042208A91748FEF7A9F808B1F9F774FBB1
:109BD000082208A91348FEF7A1F808B1F9F76CFBB1
:109BE0000C2208A90F48FEF799F808B1F9F764FBB1
:109BF0000020009001900290039004904FF40050D8
:109C000005900020079069460648FDF750FD08B111
:109C1000F9F752FB0348FDF721FF15B000BD000026
:109C200000000140540F002000B58DB000200990C5
:109C30000A900B900C90079008901C216846F6F74C
:109C400003FE2048204908600020486000211E488B
:109C5000816042F2CF01C160002101618161FDF7A5
:109C6000BBFD08B1F9F728FB4FF48050099009A912
:109C70001548FDF76EFE08B1F9F71EFB1248FEF716
:109C8000D1F808B1F9F718FB00200790089007A950
:109C90000D48FDF747FD08B1F9F70EFB6020009075
:109CA0000020019002900490082269460648FEF7C1
:109CB00035F808B1F9F700FB0348FDF7CFFE0DB00A
:109CC00000BD000000040040940F002000B58DB0DE
:109CD000002009900A900B900C90079008901C218E
:109CE0006846F6F7B1FD204820490860A720486083
:109CF00000211E4881604FF6FF71C16000210161A3
:109D00008161FDF769FD08B1F9F7D6FA4FF480508B
:109D1000099009A91548FDF71CFE08B1F9F7CCFA1E
:109D20001248FEF77FF808B1F9F7C6FA002007904D
:109D3000089007A90D48FDF7F5FC08B1F9F7BCFA42
:109D40006020009000200190029004900822694653
:109D50000648FDF7E3FF08B1F9F7AEFA0348FDF74F
:109D60007DFE0DB000BD000000080040D40F0020B3
:109D700000B58DB0002009900A900B900C900790D0
:109D800008901C216846F6F75FFD284828490860BE
:109D9000002048600021264881604FF6FF71C160B5
:109DA000002101618161FDF717FD08B1F9F784FA1F
:109DB0004FF48050099009A91D48FDF7CAFD08B16C
:109DC000F9F77AFA1A48FEF72DF808B1F9F774FA9C
:109DD00000200790089007A91548FDF7A3FC08B1DB
:109DE000F9F76AFA60200090002001900290049038
:109DF000002269460E48FDF791FF08B1F9F75CFAB9
:109E0000042269460A48FDF789FF08B1F9F754FAB8
:109E1000082269460648FDF781FF08B1F9F74CFAB8
:109E20000348FDF71BFE0DB000BD0000000C004014
:109E30001410002000B595B00020119012901390DE
:109E400014900F9010901C2108A8F6F7FDFC20211B
:109E50006846F6F7F9FC304830490860A7204860AA
:109E600000212E48816044F61F61C160002101611C
:109E700041618161FDF7B0FC08B1F9F71DFA4FF4BB
:109E80008050119011A92548FDF763FD08B1F9F73D
:109E900013FA2248FDF7C6FF08B1F9F70DFA0020C2
:109EA0000F9010900FA91D48FDF73CFC08B1F9F781
:109EB00003FA602008904FF47A70099000200A900D
:109EC0000B900C900D900E90002208A91348FDF7FE
:109ED00025FF08B1F9F7F0F9042208A90F48FDF7AA
:109EE0001DFF08B1F9F7E8F90020009001900290F9
:109EF000039004904FF400500590002007906946AD
:109F00000648FDF7D4FB08B1F9F7D6F90348FDF789
:109F1000A5FD15B000BD0000000401405410002054
:109F200010B50B480B4908604FF4E1304860002140
:109F300008488160C16001610C214161002181619B
:109F4000C161FEF795F808B1F9F7B6F910BD000048
:109F500000100140D410002010B50B480B490860D8
:109F60000B484860002109488160C1604FF480615E
:109F700001610C21416100218161C161FEF778F826
:109F800008B1F9F799F910BD0048004014110020FC
:109F9000A086010010B50B480B4908604FF4E13072
:109FA0004860002108488160C16001610C21416165
:109FB00000218161C161FEF75BF808B1F9F77CF916
:109FC00010BD0000001401405411002010B5002203
:109FD0000D490E4802F056FC08B1F9F76DF90C492D
:109FE0000A4802F0EDFE08B1F9F766F90949074899
:109FF00002F037F908B1F9F75FF9044802F0AAFF57
:10A0000008B1F9F759F910BD4000002014130020E1
:10A01000BC0300209000002000BFFEE77047000056
:10A0200010B54FF4806203490348F6F76CFB00F06B
:10A0300035F910BDEC9801084A42002010B578218E
:10A04000014805F031F910BD0058004010B508482E
:10A050000088401C0649088008460088642805DD01
:10A06000044805F0E5F900200149088010BD000012
:10A07000F40200200058004070B51346002200246E
:10A080007F2801DC3F2900DD70BD0D46CE1701EBB6
:10A090005676C6F3C702CE1701EB5676F610A1EB43
:10A0A000C606F4B2012B0CD1144D05EBC2152D5C84
:10A0B0000126A6403543EEB2104D05EBC2152E54D5
:10A0C00019E0022B0CD10D4D05EBC2152D5C0126BC
:10A0D000A6407540EEB2094D05EBC2152E540AE0BC
:10A0E000064D05EBC2152D5C0126A640B543034E77
:10A0F00006EBC216355400BFC6E700004A420020F6
:10A1000010B5FEF7FFFA0021AE2009F05BFA00213E
:10A11000402009F057FA0021812009F053FA00216C
:10A12000FF2009F04FFA0021A42009F04BFA00218A
:10A13000A62009F047FA0021202009F043FA002167
:10A14000084609F03FFA0021212009F03BFA0021DE
:10A15000084609F037FA00217F2009F033FA002180
:10A16000222009F02FFA0021084609F02BFA0021DD
:10A17000072009F027FA00213F2009F023FA0021E7
:10A18000C82009F01FFA0021A12009F01BFA0021C4
:10A19000A82009F017FA0021084609F013FA002157
:10A1A000D32009F00FFA0021084609F00BFA00212C
:10A1B000D52009F007FA0021F02009F003FA002168
:10A1C000D92009F0FFF90021222009F0FBF9002134
:10A1D000DA2009F0F7F90021122009F0F3F9002143
:10A1E000DB2009F0EFF90021202009F0EBF9002134
:10A1F0008D2009F0E7F90021142009F0E3F900218E
:10A20000AF2009F0DFF910BD10B50246002020E0B4
:10A2100000211AE0012A05D1FF240F4B03EBC013E4
:10A220005C5410E02AB900240B4B03EBC0135C54C0
:10A2300009E0094B03EBC0135B5CC3F1FF04064B61
:10A2400003EBC0135C544B1CD9B28029E2DB431CE6
:10A25000D8B20828DCDB10BD4A4200200FB470B52C
:10A2600004460D46002607A80A4908600846026809
:10A2700009480699F6F716FA86B2002005490860E3
:10A28000054988550A462946204600F0C2F870BCA8
:10A290005DF814FBF80200204A46002010B50021AA
:10A2A000084600F00BF840200349087040F20142D4
:10A2B0007820FEF7B7F910BD4942002070B504467A
:10A2C0000D4604F07F0405F007050021212009F068
:10A2D00079F92046002109F075F900217F2009F065
:10A2E00071F90021222009F06DF92846002109F0BA
:10A2F00069F90021072009F065F970BD2DE9F84FD3
:10A3000080460D461646CDF800802C46A346A6F1A1
:10A310002000C6B2002731E006EB4600194901EBE8
:10A32000800010F807904FF0000A21E009F080004B
:10A3300028B1012221460098FFF79EFE04E000228A
:10A3400021460098FFF798FE4FEA49604FEA1069EE
:10A35000601CC4B2A4EB0B000C2805D15C4600982D
:10A36000401CC0B2009006E00AF1010000F0FF0AB4
:10A37000BAF1080FDADB00BF781CC7B20C2FCBDBB9
:10A38000BDE8F88FD4A101082DE9F04F07468846B3
:10A3900014464FF0000B002636E000252FE06068E1
:10A3A00010F80B900BF101001FFA80FB4FF0000A30
:10A3B00021E009F0800040B108EB0502D1B2BA19E2
:10A3C000D0B20122FFF758FE07E008EB0502D1B238
:10A3D000BA19D0B20022FFF74FFE4FEA49604FEAA8
:10A3E0001069681CC5B26088A84200D106E00AF175
:10A3F000010000F0FF0ABAF1080FDADB00BF608845
:10A40000A842CCDC701CC6B22088B042C5DCBDE8D6
:10A41000F08FF0B504460F46154600260EE0AA5D03
:10A4200039462046FFF76AFFA01DC4B27A2C03DD2F
:10A43000002407F10C00C7B2701CC6B2A85D00284A
:10A44000EDD1F0BD10B50248FBF775FD10BD000061
:10A45000B01500202DE9F04705460C462F683E4612
:10A46000D7F8408006F5306000EB4410D0F8089033
:10A47000286901280FD1184880451BD909F40040EC
:10A48000B0F5004F16D14FF4004106F5306000EBF7
:10A49000441081600EE0114880450BD109F4004062
:10A4A000B0F5004F06D14FF4004106F5306000EBE7
:10A4B000441081602846FCF738F90748804508D9E0
:10A4C0002869012805D105F571720121286803F07A
:10A4D00059FA0020BDE8F0870A30544F0A31544F32
:10A4E0002DE9F04705460C46D5F800804646D8F8D9
:10A4F000409006F5306000EB441087682869012819
:10A500007ED107F0080008281ED1534881450BD999
:10A5100007F40040B0F5004F06D14FF4004106F5B6
:10A52000306000EB441081602846FCF7FEF805F52A
:10A5300071720121286803F025FA082106F53060C0
:10A5400000EB4410816083E007F02000202806D152
:10A55000202106F5306000EB4410816078E007F0C0
:10A560002800002874D13C4881450CD907F40040EC
:10A57000B0F5004F07D14FF4004106F5306000EB15
:10A580004410816064E0C4EBC40105F5FE7000EB8B
:10A590008100816806F5306000EB44100069C0F36B
:10A5A0001200091AC4EBC40205F5FE7000EB82002C
:10A5B0008161C4EBC40105F5FE7000EB8100C4EBC2
:10A5C000C402C16805F5FE7000EB8200806801449A
:10A5D000C4EBC40205F5FE7000EB8200C160E1B27D
:10A5E0002846FBF72FFBFCB9C4EBC40105F5FE7050
:10A5F00000EB81004069B8B905F57172012100E0F6
:10A6000003E0286803F0BEF922E0144881451BD11D
:10A6100007F40040B0F5004F07D14FF4004106F5B4
:10A62000306000EB4410816012E007F02000202829
:10A6300005D1202106F5306000EB44108160E1B2C5
:10A640002846FBF7FFFA03E0E1B22846FBF7FAFAE7
:10A650000020BDE8F08700000A30544F0A31544F03
:10A660002DE9F84F07460E46D7F80090C846C6EBCE
:10A67000C60107F13C0000EB8104D4E905108842D3
:10A6800002D90120BDE8F88FD4E90501451AA06878
:10A69000A84200D2A568E81C4FEA900A17E0D4E966
:10A6A0000501451AA068A84200D2A568E81C4FEA37
:10A6B000900A387CABB2F2B200904846E16803F0F1
:10A6C0001BFDE0682844E060A0692844A06108F50B
:10A6D000106000EB4610806980B2504506D3D4E983
:10A6E0000510884202D260690028D8D1D4E905015A
:10A6F00088420ED806F00F01012000FA01FB40F657
:10A70000340050F8080020EA0B0040F6340141F80C
:10A7100008000020B6E70000B0EE401A10B99FED27
:10A72000790A704790ED100A80ED110A90ED0F0A3A
:10A7300080ED100AC0ED060A80ED071A30EEC10A5E
:10A7400080ED0F0A0178002975D190ED010AD0ED56
:10A750000F1A20EE210A80ED090A90ED0A0AD0EDC9
:10A76000021A90ED0F2A01EE820A80ED0A0A90ED9E
:10A770000D0A80ED0E0A90ED0C0A80ED0D0A90EDA9
:10A780000F0AD0ED101A30EE610A80ED0C0A90ED40
:10A79000030AD0ED0C1A20EE210A80ED0B0A90ED91
:10A7A0000A0AD0ED051AB4EEE10AF1EE10FA04DD62
:10A7B00090ED050A80ED0A0A10E090ED0A0AD0ED4E
:10A7C000051AF1EE611AB4EEE10AF1EE10FA05D2C3
:10A7D00090ED050AB1EE400A80ED0A0A90ED090AF3
:10A7E000D0ED0A1A30EE210AD0ED0B1A30EE210A14
:10A7F00080ED080A90ED080AD0ED041AB4EEE10AE3
:10A80000F1EE10FA04DD90ED040A80ED080A76E01E
:10A8100090ED080AD0ED041AF1EE611AB4EEE10AE7
:10A82000F1EE10FA6BD290ED040AB1EE400A80ED21
:10A83000080A64E0FFE70178012960D190ED0F0A72
:10A84000D0ED101A30EE610AD0ED011A20EE210A87
:10A8500080ED090A90ED020AD0ED0F1A20EE210AD0
:10A8600080ED0A0A90ED0D0A80ED0E0A90ED0C0ABB
:10A8700080ED0D0A90ED0F0AD0ED101AB0EE002A0F
:10A8800002EE610AD0ED111A30EE210A80ED0C0AB9
:10A8900090ED030AD0ED0C1A20EE210A80ED0B0A90
:10A8A00090ED090AD0ED0A1A30EE210AD0ED0B1A0C
:10A8B00030EE210AD0ED081A30EE210A80ED080AA8
:10A8C00090ED080AD0ED041AB4EEE10AF1EE10FAA8
:10A8D00004DD90ED040A80ED080A10E090ED080A0E
:10A8E000D0ED041AF1EE611AB4EEE10AF1EE10FABD
:10A8F00005D290ED040AB1EE400A80ED080A90ED11
:10A90000080A0EE70000000000B970479FED100A2A
:10A9100080ED110A80ED100A80ED0F0A9FED0C0A00
:10A9200080ED0E0A80ED0D0A80ED0C0A9FED080AFD
:10A9300080ED0B0A80ED0A0A80ED090A80ED080A15
:10A940009FED030A80ED060A80ED070A00BFDCE7F1
:10A950000000000000B102B97047017092ED001ACA
:10A9600080ED011A92ED011A80ED021A92ED021AA1
:10A9700080ED031A80ED040AC0ED050A9FED0C1A64
:10A9800080ED0E1A80ED0D1A80ED0C1A9FED081A5D
:10A9900080ED081A80ED0B1A80ED0A1A80ED091A75
:10A9A00080ED111A80ED101A80ED0F1A00BFD3E769
:10A9B0000000000010B5234B1B685B6943F04003A7
:10A9C000204C246863611F4B1B68DB6843F0100355
:10A9D0001C4C2468E3601C4B1B681B6823F00103BC
:10A9E000194C2468236007E0174B1B681B6823F091
:10A9F0000103154C24682360134B1B681B6803F08C
:10AA00000103002BF0D1114B0F4C2468A3600E4BB7
:10AA10001B68D8600C4B1B6819610B4B1B685A6094
:10AA2000094B1B681B6843F48023074C2468236090
:10AA3000054B1B681B6843F00103034C246823602B
:10AA400010BD000014110020F41100200448004043
:10AA500010B50020D249087017E0D148007800EB0B
:10AA6000800101EBC000CF4908440079C00938B12A
:10AA70000020CD490880CD490880CD49087010BD1F
:10AA8000C7480078401CC6490870C54800780528AA
:10AA9000E3DBC748007878B9C4480088B0F5FA6F9E
:10AAA0000ADD0BF003FFC34908600120C0490870AC
:10AAB0000020BE49088056E0BD480078022813D126
:10AAC000BA480088B0F5FA6F0EDD0020B84908706A
:10AAD000B6490880B348407C20F080008030B149FE
:10AAE000487404F0CBFC3EE0B1480078032824D140
:10AAF000AE480088B0F5FA6F1FDD0020AC49087041
:10AB0000AA490880A748807F20F080008030A549AE
:10AB1000887706F0ADFEBDEEC00A10EE100A0A30CE
:10AB200040B2A549C870084690F903002D2801DD00
:10AB30002D20C87004F0A2FC15E09D480078042880
:10AB400011D19A480088B0F5FA6F0CDD00209849C1
:10AB5000087096490880F8F75BF9F8F759F9F8F7A3
:10AB600057F904F08BFC95480068B0F9000010F527
:10AB7000167F27DA91480068B0F9020010F5167FB9
:10AB800020DA8E480068B0F90400B0F5167F19DDB0
:10AB90008A480068B0F9060010F5167F12DA874877
:10ABA0000068807A02280DD184480068C07A0228A3
:10ABB00008D17F48007828B97C480088401C7B4930
:10ABC000088098E07D480068B0F90000B0F5167F75
:10ABD0002ADD7A480068B0F90200B0F5167F23DD5F
:10ABE00076480068B0F9040010F5167F1CDA734847
:10ABF0000068B0F90600B0F5167F15DD6F480068F3
:10AC0000807A022810D16D480068C07A02280BD1E2
:10AC10006748007840B165480088401C6349088057
:10AC200002206349087066E064480068B0F90000DB
:10AC3000B0F5167F2ADD61480068B0F9020010F512
:10AC4000167F23DA5D480068B0F9040010F5167F1E
:10AC50001CDA5A480068B0F9060010F5167F15DABC
:10AC600056480068807A022810D154480068C07A9B
:10AC700002280BD14E48007840B14C480088401C57
:10AC80004A49088003204A49087034E04B4800686C
:10AC9000B0F9000010F5167F2ADA48480068B0F9CC
:10ACA0000200B0F5167F23DD44480068B0F90400C7
:10ACB000B0F5167F1CDD41480068B0F90600B0F51C
:10ACC000167F15DD3D480068807A022810D13B4888
:10ACD0000068C07A02280BD13548007840B133486B
:10ACE0000088401C3149088004203149087002E086
:10ACF00000202E4908800BF0D9FD31490860084634
:10AD000000682C490968401A44F62061884203D93A
:10AD1000002027490870B2E62948006825490968DB
:10AD2000401A42F2107188420BD92248006840B1A3
:10AD30001F48007828B144F61F611F2004F0A6FBCD
:10AD400010E01F4800681B490968401A0AD01948DA
:10AD5000006838B11648007820B142F210715F20C7
:10AD600004F094FB1248007820B10F480088401C82
:10AD70000D4908800C480088B0F5C87F05DD0C48F7
:10AD8000007810B100200849088007480088C828CA
:10AD900004DD0748007808B104F070FB00BF6EE6E0
:10ADA0000D0100209C2C0020140100201601002021
:10ADB0001801002010010020D0000020CC0000204D
:10ADC0000801002011490968C96821F400510F4A9F
:10ADD0001268D1600E490968096821F001010C4A26
:10ADE000126811600A4909684860094909680968D8
:10ADF00041F00101064A1268116004490968C968F6
:10AE000041F40051014A1268D160704714110020CA
:10AE1000F411002004480068C06820F40050024982
:10AE20000968C860704700001411002070B504461E
:10AE300000252068C06800F04000A0B9681E2168A5
:10AE4000C860FAF709F9054607E0FAF705F9401B6B
:10AE5000B0F57A7F01D9032070BD2068C06800F08A
:10AE600040000028F1D00020F6E7000010B54D4B5F
:10AE70001B681B6823F001034A4C246823604A4B7B
:10AE80001B681B6823F00103474C2468236007E01C
:10AE9000444B1B681B6823F00103424C2468236069
:10AEA000404B1B681B6803F00103002BF0D107E047
:10AEB0003D4B1B681B6823F001033B4C2468236057
:10AEC000394B1B681B6803F00103002BF0D1354B95
:10AED0001B68364CA34205D94FF40013334C4C3C4D
:10AEE00023601BE02F4B1B68314CA34205D94FF464
:10AEF00000132E4C503C236010E02A4B1B682C4C56
:10AF0000603CA34205D94FF40013294CB83CE360E0
:10AF100004E04FF40013264CB83CA360224B1B689E
:10AF2000224CA34205D94FF00063204C4C3C2360D7
:10AF30001BE01D4B1B681E4CA34205D94FF000635C
:10AF40001A4C503C236010E0174B1B68184C603CB7
:10AF5000A34205D94FF00063154CB83CE36004E010
:10AF60004FF00063124CB83CA3600E4B1B68D960D5
:10AF70000D4B1B68D8600B4B1B685A600A4B1B6853
:10AF80005A60084B1B681B6843F00103054C24689A
:10AF90002360054B1B681B6843F00103024C2468C7
:10AFA000236010BD940E0020F40E0020586402406F
:10AFB000B860024010B5594B1B685B6843F0020350
:10AFC000564C24686360554B1B685B6843F0010373
:10AFD000524C24686360514B1B681B6843F040036C
:10AFE0004E4C246823604E4B1B681B6823F0010302
:10AFF0004B4C2468236007E0494B1B681B6823F017
:10B000000103474C24682360454B1B681B6803F011
:10B010000103002BF0D1424B1B68424CA34205D9DF
:10B020004FF400133F4C4C3C23601BE03C4B1B682F
:10B030003D4CA34205D94FF400133A4C503C2360D9
:10B0400010E0374B1B68384C603CA34205D94FF4E5
:10B050000013354CB83CE36004E04FF40013324C6D
:10B06000B83CA360314B2E4C2468A3602C4B1B686A
:10B07000D9602B4B1B685A60294B1B681B6843F037
:10B080001003274C24682360294B1B681B6823F09E
:10B090000103274C2468236007E0254B1B681B68CD
:10B0A00023F00103224C24682360214B1B681B689A
:10B0B00003F00103002BF0D11D4B1B68194CA34278
:10B0C00005D94FF00063174C4C3C23601BE0184B34
:10B0D0001B68154CA34205D94FF00063114C503C3E
:10B0E000236010E0124B1B680F4C603CA34205D953
:10B0F0004FF000630C4CB83CE36004E04FF0006399
:10B10000094CB83CA360094B094C2468A360084B68
:10B110001B68D860064B1B685A6010BDE40D002008
:10B12000940E002058640240B86002400C30014088
:10B13000F40E00207CB504460D46164616480068FD
:10B140001821B0FBF1F01549B0FBF1F04FF47A7122
:10B15000484301906068B0F5827F0DD12B460022F4
:10B1600080212046009600F01BF898B1606D40F0F9
:10B170002000606503207CBD00BF019800B908E095
:10B180000198401E019020688068C0F3C01000281C
:10B19000F3D100BF0020EEE7A000002040420F00E6
:10B1A0002DE9F04104460E4617461D46DDF818808D
:10B1B0003EE0681CD8B3F9F74FFFA0EB0800A842A7
:10B1C00000D2A5BB2068406820F0E00021684860FC
:10B1D0006068B0F5827F0DD1A068B0F5004F03D054
:10B1E000A068B0F5806F05D12068006820F04000AD
:10B1F00021680860A06AB0F5005F0DD100BF20682B
:10B20000006820F40050216808602068006840F45D
:10B2100000502168086000BF012084F8510000BF81
:10B22000002084F8500000BF0320BDE8F081FFE754
:10B23000206880683040B04201D1012000E0002049
:10B24000B842B6D10020F0E710B5FAF7DBFB0BF0FF
:10B250001DFB012801D00AF00BFF10BD00B597B00F
:10B2600030210BA8F5F7F0FA142106A8F5F7ECFA4F
:10B270000020029003900490059000BF019029489F
:10B28000006840F08050274908600846006800F0D8
:10B290008050019000BF00BF00BF002001902248F5
:10B2A000006840F48040204908600846006800F4C7
:10B2B0008040019000BF00BF01200B9000040C9063
:10B2C000022011904105129106211391A821149199
:10B2D00002211591072116910BA8FBF77FFC08B1FD
:10B2E000F7F7EAFF0F200690022007900020089051
:10B2F0004FF4A05009904FF480500A90052106A801
:10B30000FBF72CFB08B1F7F7D7FF022002900748A4
:10B31000059002A8FBF752FA08B1F7F7CDFF17B076
:10B3200000BD0000403802400070004000031E00D5
:10B330001448006840F47000124908601248006820
:10B3400040F001001049086000200F4908310860F2
:10B350000D4800680D4908400B4908600C48091D5C
:10B360000860081F006820F48020091F0860002082
:10B3700005490C3108604FF00060024980390860CF
:10B380007047000088ED00E000380240FFFFF6FE45
:10B390001030002410B50268294B98420ED0B0F14D
:10B3A000804F0BD0274B984208D0274B984205D0AE
:10B3B000264B984202D0264B984203D122F07002CD
:10B3C0004B681A431E4B984220D0B0F1804F1DD0DD
:10B3D0001C4B98421AD01C4B984217D01B4B9842DA
:10B3E00014D01B4B984211D01A4B98420ED01A4BD6
:10B3F00098420BD0194B984208D0194B984205D06F
:10B40000184B984202D0184B984203D122F4407254
:10B41000CB681A4322F080034C6943EA04020260BD
:10B420008B68C3620B688362054B984202D0084B5D
:10B43000984201D10B6903630123436110BD0000F1
:10B44000000001400004004000080040000C0040E3
:10B450000004014000400140004401400048014018
:10B4600000180040001C00400020004030B501F0F2
:10B470001F05012404FA05F3046A9C430462046A6C
:10B4800001F01F0502FA05F52C43046230BD30B50A
:10B490000C46816821F47F4142EA03252543294374
:10B4A000816030BD0A46816821F0700142F00703D7
:10B4B000194381607047000030B5056A25F0010529
:10B4C0000562026A4368846924F0700424F003046E
:10B4D0000D682C4322F002028D682A43104DA842C9
:10B4E00000D103E00F4DA84206D100BF22F00802B0
:10B4F000CD682A4322F00402094DA84202D0094D2A
:10B50000A84207D123F4807323F400734D692B43C1
:10B510008D692B43436084614D684563026230BD91
:10B52000000001400004014030B5056A25F0100517
:10B530000562026A4368846924F4E04424F4407498
:10B540000D6844EA052422F020028D6842EA0512C3
:10B55000124DA84200D103E0114DA84207D100BF0F
:10B5600022F08002CD6842EA051222F040020B4D23
:10B57000A84202D00A4DA84209D123F4806323F4E3
:10B5800000634D6943EA85038D6943EA850343609F
:10B5900084614D688563026230BD00000000014097
:10B5A0000004014030B5056A25F480750562026A21
:10B5B0004368C46924F0700424F003040D682C432C
:10B5C00022F400728D6842EA0522124DA84200D191
:10B5D00003E0114DA84207D100BF22F40062CD68FC
:10B5E00042EA052222F480620A4DA84202D00A4DA6
:10B5F000A84209D123F4805323F400534D6943EA50
:10B6000005138D6943EA05134360C4614D68C56342
:10B61000026230BD000001400004014030B5056AFF
:10B6200025F480550562036A4468C26922F4E04249
:10B6300022F440720D6842EA052223F400538D681B
:10B6400043EA0533084DA84202D0084DA84204D170
:10B6500024F480444D6944EA85144460C2614D6815
:10B660000564036230BD0000000001400004014099
:10B6700030B50B461446026A056A25F001050562DD
:10B68000816921F0F00141EA041122F00A021A4313
:10B690008161026230BD30B50B461446056A25F063
:10B6A000100505628169026A21F4704141EA0431A2
:10B6B00022F0A00242EA03128161026230BD70B53D
:10B6C0000546AC6B0020E085E0842046FCF725FCB5
:10B6D00070BD70B506460025B46B20684069C0F3A4
:10B6E000C01594F83900212805D125B10020E08447
:10B6F000204600F082F820684069C0F3801594F875
:10B700003A00222805D125B10020E085204600F02E
:10B7100054F8E06B40F01000E0632046FCF7FDFBBE
:10B7200070BD70B50546AC6B2868006800F4807089
:10B73000B0B90020E0852068C06820F480702168DE
:10B74000C8602068406920F00100216848612068D5
:10B75000406920F0400021684861202084F83A00C8
:10B760002046FCF79FFE70BD70B50446A56B2846C9
:10B77000FCF799FE70BD70B50546AC6B2868006893
:10B7800000F4807070B90020E0842068406920F0E7
:10B790008000216848612068C06840F0400021684E
:10B7A000C86002E02046FCF739FF70BD70B5044662
:10B7B000A56B2846FCF733FF70BD0168C96821F40A
:10B7C00090710268D1600168496921F00101026845
:10B7D0005161202180F83A10704710B50446206866
:10B7E000C06820F040002168C860202084F839003B
:10B7F0002046FCF713FF002010BD0168C96821F046
:10B80000C0010268D160202180F83910704770B5FE
:10B81000044694F83A0022284AD1A068B0F5805F27
:10B8200013D1A56A206940B920684068C0F30800B8
:10B830002880A06A801CA06219E020684068C0B21D
:10B840002880A06A401CA06211E0206938B92068F5
:10B850004068C1B2A26A501CA062117007E0206863
:10B86000406800F07F01A26A501CA0621170E08D58
:10B87000401E80B2E085C8B92068C06820F0200072
:10B880002168C8602068C06820F480702168C860A2
:10B890002068406920F0010021684861202084F878
:10B8A0003A002046FCF7FEFD002070BD0020FCE7BA
:10B8B0000220FAE72DE9F84F04462068006920F4D9
:10B8C0004050E1680843216808612169A068084385
:10B8D00061690843E169084300902068C06849F243
:10B8E0000C618843009908432168C860206840695A
:10B8F00020F44070A169084321684861E069B0F50F
:10B90000004F75D1E3492068884203D0E24920689E
:10B9100088426FD1FBF7FAF8814602206168A0FBEC
:10B9200001510B461920A9FB00712A463846F4F74D
:10B9300041FE6421B0FBF1F04FEA001A0220616879
:10B94000A0FB01510B461920A9FB00712A4638467D
:10B95000F4F730FE074602206168A0FB01510B4658
:10B960001920A9FB00B12A465846F4F723FE6421AA
:10B97000B0FBF1F000EBC00101EB0010A7EB800081
:10B98000322101EBC0006421B0FBF1F000F0F800BF
:10B990000AEB400A02206168A0FB01510B46192006
:10B9A000A9FB00712A463846F4F704FE0746022038
:10B9B0006168A0FB01510B461920A9FB00B12A4682
:10B9C0005846F4F7F7FD6421B0FBF1F000EBC0013D
:10B9D00001EB0010A7EB8000322101EBC0006421D5
:10B9E000B0FBF1F000F007005044216888604FE19F
:10B9F0006EE0FFE7FBF77AF8814602206168A0FB62
:10BA000001510B461920A9FB00712A463846F4F76C
:10BA1000D1FD6421B0FBF1F04FEA001A0220616809
:10BA2000A0FB01510B461920A9FB00712A4638469C
:10BA3000F4F7C0FD074602206168A0FB01510B46E8
:10BA40001920A9FB00B12A465846F4F7B3FD64213A
:10BA5000B0FBF1F000EBC00101EB0010A7EB8000A0
:10BA6000322101EBC0006421B0FBF1F000F0F800DE
:10BA70000AEB400A02206168A0FB01510B46192025
:10BA8000A9FB00712A463846F4F794FD07460220C8
:10BA90006168A0FB015003461920A9FB00B12A46AA
:10BAA0005846F4F787FD6421B0FBF1F000EBC001CC
:10BAB00001EB0010A7EB8000322101EBC0006421F4
:10BAC000B0FBF1F000F00700504421688860DFE02F
:10BAD00070492068884203D06F49206888426BD142
:10BAE000FBF714F8814604206168A0FB01510B4666
:10BAF0001920A9FB00712A463846F4F75BFD8246FF
:10BB000004206168A0FB01510B461920A9FB0071BC
:10BB10002A463846F4F74EFD6421B0FBF1F000EB05
:10BB2000C00101EB0010AAEB8000322101EB0010F4
:10BB30006421B0FBF1F000F0F00A04206168A0FB82
:10BB4000015003461920A9FB00712A463846F4F734
:10BB500031FD6421B0FBF1F00AEB001A04206168AA
:10BB6000A0FB01510B461920A9FB00712A4638465B
:10BB7000F4F720FD074604206168A0FB015003464E
:10BB80001920A9FB00B12A465846F4F713FD642199
:10BB9000B0FBF1F000EBC00101EB0010A7EB80005F
:10BBA000322101EB00106421B0FBF1F000F00F0036
:10BBB0005044216888606BE0FAF798FF81460420C2
:10BBC0006168A0FB015003461920A9FB00712A46B9
:10BBD0003846F4F7EFFC824604206168A0FB015070
:10BBE00003461920A9FB00712A463846F4F7E2FC07
:10BBF0006421B0FBF1F000EBC00101EB0010AAEBF7
:10BC00008000322101EB00106421B0FBF1F000F064
:10BC1000F00A04206168A0FB015003461920A9FB2B
:10BC200000712A463846F4F7C5FC6421B0FBF1F0F8
:10BC30000AEB001A04206168A0FB0170034619207A
:10BC4000A9FB005001463A462846F4F7B3FC0746E4
:10BC500004206168A0FB015003461920A9FB00B134
:10BC60002A465846F4F7A6FC6421B0FBF1F000EB3D
:10BC7000C00101EB0010A7EB8000322101EB0010A6
:10BC80006421B0FBF1F000F00F005044216888609F
:10BC9000BDE8F88F0010014000140140014691F802
:10BCA000390021282CD18868B0F5805F0FD10A6A4D
:10BCB0001088C0F308000B685860086918B9086A52
:10BCC000801C086209E0086A401C086205E00B6AF3
:10BCD000581C086218780B685860C88C401E80B2E7
:10BCE000C88458B90868C06820F080000B68D86024
:10BCF0000868C06840F040000B68D86000207047BA
:10BD00000220FCE72DE9F04104460D46174698460F
:10BD1000069E21E0701CF8B12EB1F9F79DF9A0EB59
:10BD20000800B04218D92068C06820F4D07021689B
:10BD3000C8602068406920F0010021684861202027
:10BD400084F8390084F83A0000BF002084F83800F5
:10BD500000BF0320BDE8F081206800682840A842A9
:10BD600001D1012000E00020B842D3D00020F1E74B
:10BD700008B50C4800680068C0F3001070B100BF3F
:10BD8000002000900748006800680090054800689F
:10BD90004068009000BF00BF02F0CEF90148FCF7F8
:10BDA000BDF808BDD410002008B5444800680068FC
:10BDB00000F0200060B100BF002000903F48006804
:10BDC000006800903D4800684068009000BF74E043
:10BDD0003B48006800F0100000286ED000BF002033
:10BDE0000090364800680068009034480068406859
:10BDF000009000BF00BF33480068006800F40020D6
:10BE000070BB30480068006820F001002D490968C7
:10BE100008602C4800684068C0F124002A49088066
:10BE2000242028490968486026480068006840F4D2
:10BE3000002024490968086022480068006840F032
:10BE400001002049096808601F480088122834D181
:10BE50001E491F4808F00CFC002004F01BFF2CE0DA
:10BE600018480068006820F0010016490968086059
:10BE7000144800684068C0F1240013490880242059
:10BE80001049096848601348806A20F4002011496D
:10BE900088620C480068006840F0010009490968A0
:10BEA000086009480088122807D10849084824304A
:10BEB00008F0DEFB002004F0EDFE08BD14110020A8
:10BEC00000480040F411002096020020813E00202E
:10BED000993E00200060024008B54348006800F029
:10BEE000100000287FD000BF002000903F4800686D
:10BEF000006800903D4800684068009000BF00BFA7
:10BF00003A48406B0068006800F40020A8BB37483E
:10BF1000406B0068006820F001003449496B0968F3
:10BF200008603248406B00684068C0F500703049D6
:10BF300008804FF400702D49496B096848602B4810
:10BF4000406B0068006840F400202849496B09688C
:10BF500008602648406B0068006840F001002349F3
:10BF6000496B09680860224802882249224805F086
:10BF700051F90B2004F08EFE35E0FFE71B48406BC3
:10BF80000068006820F001001849496B09680860E2
:10BF90001648406B00684068C0F50070144908807E
:10BFA0004FF400701149496B096848600F48406BB5
:10BFB0000068006820F400200C49496B096808609B
:10BFC0000A48406B0068006840F001000749496B6F
:10BFD00009680860064802880849074805F01AF908
:10BFE0000B2004F057FE08BD00140140541100203E
:10BFF00094020020E0350020E0390020E0370020E6
:10C000002DE9F04104460D46D4F89062D4F89872B8
:10C01000D4F8900278B305EB850104F1140000EB2D
:10C020008100806808B305EB850104F1140000EB82
:10C030008100C5EBC502816807F13C0000EB82007E
:10C040008068B1FBF0F200FB121070B9002105EB23
:10C05000850204F1140000EB8200816000231A467F
:10C060002946204600F080FE02E00020C6F81402B7
:10C070000020BDE8F081FFE70220FAE770B5044632
:10C080000E46D4F890523146204600F01DFDC5F80A
:10C090000C02D4F8900248B1D5F80402D4F89412F6
:10C0A000CA6805F503719047002070BD0220FCE7C7
:10C0B00070B504460E4600258121204600F00EFC96
:10C0C0000021E1620121204600F008FC0021C4F8B3
:10C0D00058118221204600F001FC00212164D4F88F
:10C0E000900250B1D4F8941248688047D4F8900276
:10C0F000F4F739FA0020C4F89002284670BD70B5F4
:10C100000546D5F89042D5F8940278B194F800022B
:10C11000FF280BD094F8012294F80002D5F894126D
:10C120008B6821469847FF2084F80002002070BDEC
:10C1300001460A200880014870470000B003002033
:10C140000146432008800148704700003804002061
:10C15000014643200880014870470000F403002096
:10C160000146432008800148704700007C040020FD
:10C170002DE9F04104460F460026207C88B94FF493
:10C18000007302228121204600F0FEFC0121E162C1
:10C190004B020222204600F0F7FC0121C4F858119E
:10C1A0000FE0402302228121204600F0EDFC012116
:10C1B000E16240230222204600F0E6FC0121C4F89F
:10C1C0005811082303228221204600F0DDFC0121C2
:10C1D00021644FF40770F4F797F9C4F89002D4F88B
:10C1E000900208B901261CE0D4F89052D4F89412B9
:10C1F000086880470020C5F81402C5F81802207CA2
:10C2000040B94FF4007301212046D5F8042200F014
:10C21000D3FC06E0402301212046D5F8042200F09B
:10C22000CBFC3046BDE8F08170B50446D4F890529E
:10C23000D4F8900298B1207C40B94FF400730121EA
:10C240002046D5F8042200F0B7FC06E04023012187
:10C250002046D5F8042200F0AFFC002070BD02207B
:10C26000FCE70246022011B1C2F894120020704788
:10C270000246D2F89032C3F804120020704710B57D
:10C280000346D3F89042C4F80812C4F810220020E4
:10C2900010BD2DE9FC4105460C46D5F89062002002
:10C2A000019000900027207800F0600040B3202823
:10C2B0005FD1E088E0B1207800F0800060B1E288D2
:10C2C0006078D5F894128B6831469847E2883146F9
:10C2D000284600F0E6F812E0607886F80002A079BF
:10C2E00086F80102E2883146284600F0B9F806E0F7
:10C2F0006078D5F8941200228B68214698473EE07A
:10C30000607820B10A2812D00B282AD11FE095F8B6
:10C310007402032805D102226946284600F0C1F8BC
:10C3200004E02146284600F08FF802271FE095F828
:10C330007402032805D1012201A9284600F0B1F8B2
:10C3400004E02146284600F07FF802270FE095F828
:10C350007402032804D02146284600F075F802270D
:10C3600005E02146284600F06FF8022700BF00BF15
:10C3700005E02146284600F067F8022700BF00BF0D
:10C380003846BDE8FC8170B50546D5F89042D5F831
:10C390009002A8B1D4F8140280B90120C4F81402A4
:10C3A000D4F810122963B4F8100283B28121284610
:10C3B000D4F8082200F0D8FC002070BD0120FCE772
:10C3C0000220FAE770B504460D46D4F88C022946DF
:10C3D000426820469047002070BD70B504460D4667
:10C3E00094F87402012804D0022803D003280CD149
:10C3F00001E000BF00BF6888012805D10020C4F813
:10C400007C02204600F05EF804E02946204600F059
:10C410001BF800BF00BF70BD70B506460C46154640
:10C420002B4622460021304600F0C6FB002070BD9E
:10C4300070B506460C4615462B462246002130466E
:10C4400000F092FC002070BD70B504460D468021BE
:10C45000204600F05DFC0021204600F059FC70BD34
:10C4600070B504460E4615460320C4F86C024FF41E
:10C47000A4700551001D05512B463246002120466F
:10C4800000F09AFB002070BD10B504460520C4F8EA
:10C490006C0200231A461946204600F08DFB00204E
:10C4A00010BD70B504460E4615460220C4F86C0255
:10C4B000E56125622B4632460021204600F054FCFF
:10C4C000002070BD10B504460420C4F86C0200239F
:10C4D0001A461946204600F047FC002010BD000017
:10C4E00070B505460C462DB92246064906A000F057
:10C4F0008AF904E02246034903A000F084F90148C8
:10C5000070BD0000B819002043444320436F6E669D
:10C510006967000002461220088001487047000049
:10C520005C00002070B505460C462DB92246064930
:10C5300006A000F068F904E02246034903A000F0D9
:10C5400062F9014870BD0000B8190020434443203F
:10C55000496E7465726661636500000002460420DE
:10C5600008800148704700007000002070B5054643
:10C570000C462246024903A000F045F9004870BD70
:10C58000B819002053544D6963726F656C6563740C
:10C59000726F6E696373000070B505460C462DB965
:10C5A0002246064906A000F02EF904E0224603497F
:10C5B00003A000F028F9014870BD0000B819002060
:10C5C00053544D3332205669727475616C20436F39
:10C5D0006D506F727400000070B505460C461A204D
:10C5E0002080F6F7C3FF014870BD000074000020F2
:10C5F00070B504460D46E888012804D02946204637
:10C60000FFF722FF1EE094F87402012804D00228EC
:10C6100003D0032810D109E000BF0020A060012250
:10C6200004F108012046FFF73CFF0AE00122211D2A
:10C630002046FFF736FF04E029462046FFF704FFB7
:10C6400000BF00BF70BDF8B504460E4670880012EA
:10C6500008287FD2DFE800F07E040C207E7E5F6D2C
:10C66000207CD4F888120A6869469047054676E02F
:10C67000207C40B9D4F88C02816A68468847054618
:10C680000221697007E0D4F88C02C16A68468847C5
:10C6900005460221697062E0B078062834D2DFE8EE
:10C6A00000F0030B131B232B207CD4F888124A685C
:10C6B0006946904705462CE0207CD4F888128A68A9
:10C6C00069469047054624E0207CD4F88812CA6861
:10C6D0006946904705461CE0207CD4F888120A6918
:10C6E00069469047054614E0207CD4F888124A69D0
:10C6F0006946904705460CE0207CD4F888128A6988
:10C7000069469047054604E031462046FFF79CFE07
:10C71000F8BD00BF23E0207C30B9D4F88C02416B17
:10C720006846884705461AE031462046FFF78CFEEA
:10C73000EEE7207C48B9D4F88C02016B6846884744
:10C740000546072169700AE004E031462046FFF7FC
:10C750007BFEDDE731462046FFF776FED8E700BFD7
:10C76000BDF8000088B1F08878B1F088BDF80010FD
:10C77000884202DDBDF8000000E0F0880090BDF8BE
:10C78000002029462046FFF78CFEF08810B920468D
:10C79000FFF798FE00BFBBE70146002002E0421C05
:10C7A000D0B2491C0A78002AF9D1704770B5044606
:10C7B0000D4694F87402012804D0022803D00328FF
:10C7C0001AD101E000BF00BFE888022804D0294642
:10C7D0002046FFF739FE14E00120E060D4F87C0227
:10C7E00018B1E06840F00200E060022204F10C01A0
:10C7F0002046FFF756FE04E029462046FFF724FEB8
:10C8000000BF00BF70BD2DE9F04104460D4617463C
:10C810000026FCB12046FFF7BFFF022101EB4000DC
:10C8200038803A783046711CCEB22A540322304602
:10C83000711CCEB22A540AE014F8012B3046711C48
:10C84000CEB22A5400223046711CCEB22A5420782F
:10C850000028F1D1BDE8F0810146002031B1012965
:10C8600006D0022906D0032908D105E0002007E000
:10C87000022005E0012003E0022001E0022000BFC9
:10C8800000BF704770B504460D4616460CB902202D
:10C8900070BDD4F88C0210B10020C4F88C020DB128
:10C8A000C4F88852012084F874022670204600F0F3
:10C8B00015F90020ECE72DE9F04104460D4600266D
:10C8C00000272946D4F89802F9F708FA06463046B8
:10C8D000FFF7C2FF07463846BDE8F0812DE9F04179
:10C8E00004460D46002600272946D4F89802F9F799
:10C8F000C0F906463046FFF7AFFF07463846BDE8A9
:10C90000F0812DE9F04104460E461746002E64D111
:10C9100004F11405D4F86C02022848D1D5E90301CA
:10C92000884210D9D5E90301401AE860A88982B28B
:10C9300039462046FFF77CFD00231A46194620465B
:10C9400000F03AF93EE02969A868B0FBF1F201FB7A
:10C950001200B8B92969A868884213D3A868D4F826
:10C96000701288420ED2002211462046FFF760FD69
:10C970000020C4F8700200231A461946204600F031
:10C980001BF91FE0D4F88C02C06840B194F874021F
:10C99000032804D1D4F88C02C1682046884780213E
:10C9A000204600F0B5F92046FFF76EFD0AE0D4F806
:10C9B0006C02042802D0D4F86C0218B980212046F9
:10C9C00000F0A6F994F87802012818D1204600F06A
:10C9D000FFF9002084F8780211E0D4F88C02406955
:10C9E00050B194F87402032806D1D4F88C02314671
:10C9F00042692046904702E00220BDE8F081002015
:10CA0000FBE72DE9F04104460E461746BEBB04F590
:10CA1000A075D4F86C02032825D1D5E9030188421A
:10CA200010D9D5E90301401AE860D5E9030188422D
:10CA300001D2E86800E0286982B239462046FFF753
:10CA4000EBFC2FE0D4F88C02006940B194F874023A
:10CA5000032804D1D4F88C02016920468847204677
:10CA6000FFF730FD1EE0D4F86C0205281AD1002033
:10CA7000C4F86C020021204600F04AF912E0FFE7FA
:10CA8000D4F88C02806950B194F87402032806D15E
:10CA9000D4F88C02314682692046904702E0022099
:10CAA000BDE8F0810020FBE701460020704710B58B
:10CAB0000446012084F874022179D4F88C0242687B
:10CAC00020469047002010BD70B504460D4629460B
:10CAD000D4F89802F9F740F970BD000010B504468B
:10CAE000207800282AD11648C0F80444C4F89802D7
:10CAF0004FF0A0401249086004204860022110480D
:10CB0000C16000210161022181610021C1610162D6
:10CB10004162C1620163F9F7BFFC08B1F6F7CCFBD3
:10CB200080210748F9F74BF8402200210448F9F723
:10CB30004BF8802201210248F9F746F8002010BD89
:10CB4000B015002010B50246D2F8983201F08000EE
:10CB5000802809D101F07F00C0EBC00403F13C0044
:10CB600000EB8400807810BD01F07F00C0EBC004B2
:10CB700003F5FE7000EB84008078F4E702460020A5
:10CB800070470246002070472DE9F04704460F46E3
:10CB900015461E464FF00008C1462B463246394620
:10CBA000D4F89802F9F7E3F880464046FFF754FEC0
:10CBB00081464846BDE8F0872DE9F04704460D461A
:10CBC00016461F464FF00008C1463B4632462946EE
:10CBD000D4F89802F9F711F980464046FFF73CFE79
:10CBE00081464846BDE8F08710B504464023002240
:10CBF00011462046FFF7C8FF01214FF4A2700151F2
:10CC000040214FF4A870015140230022802120468A
:10CC1000FFF7BAFF0121A16140216162012084F880
:10CC200074020020C4F86C026060C4F87C02D4F87E
:10CC3000900228B12179D4F88C02426820469047AE
:10CC4000002010BD014691F8750281F874020020A1
:10CC5000704710B5044694F87402032808D1D4F83C
:10CC60008C02C06920B1D4F88C02C1692046884783
:10CC7000002010BD02461174002070472DE9F041DC
:10CC800004460D46002600272946D4F89802F9F7F5
:10CC900031FD06463046FFF7DFFD07463846BDE862
:10CCA000F08170B504460D46294604F5207000F069
:10CCB00073F80120C4F86C0240F28620005BC4F8CF
:10CCC000700294F8800200F01F0020B1012808D003
:10CCD000022812D10BE004F52071204600F041F942
:10CCE00013E004F52071204600F0A8FA0DE004F5E9
:10CCF0002071204600F086F907E094F8800200F0E9
:10CD00008001204600F004F800BF00BF002070BD85
:10CD10002DE9F04104460D46002600272946D4F8A7
:10CD20009802F9F796F806463046FFF795FD074654
:10CD30003846BDE8F08170B5044600250026D4F8D9
:10CD40009802F9F7FBFC05462846FFF785FD0646E5
:10CD5000304670BD014691F8740281F875020420D6
:10CD600081F87402002070472DE9F04704460D4613
:10CD700016461F464FF00008C1463B46324629463C
:10CD8000D4F89802F9F7AAF880464046FFF764FD08
:10CD900081464846BDE8F0870A7802704A784270BA
:10CDA0008B78CA7803EB022242800B794A7903EB35
:10CDB000022282808B79CA7903EB0222C2807047FB
:10CDC0000246002011B1C2F88C1200E00220704728
:10CDD00001460020704770B504460D46A88810BB78
:10CDE000E88800BB688880281DD2A87800F07F06FC
:10CDF00094F87402032804D129462046FFF724FB47
:10CE000015E084F8766231462046FFF737FF20466A
:10CE1000FFF758FB1EB1022084F8740207E00120DE
:10CE200084F8740203E029462046FFF70DFB70BD2D
:10CE300070B504460D460226D4F88C0238B1D4F8F9
:10CE40008C02294602682046904700B900263046E9
:10CE500070BD000070B504460D46A87836490870CC
:10CE600008460078012804D929462046FFF7ECFA45
:10CE700060E094F87402022802D003284FD11CE02D
:10CE80002D480078A8B12C4800786060032084F811
:10CE90007402294801782046FFF7CAFF022804D10E
:10CEA00029462046FFF7D0FA70BD2046FFF70AFB5F
:10CEB00002E02046FFF706FB3BE01F48007870B910
:10CEC000022084F874021C48007860601A480178D7
:10CED0002046FFF777FA2046FFF7F4FA1EE01649DE
:10CEE00009786068884216D021792046FFF76AFAEF
:10CEF000114800786060104801782046FFF798FFDD
:10CF0000022804D129462046FFF79EFACCE72046A6
:10CF1000FFF7D8FA02E02046FFF7D4FA09E02946E5
:10CF20002046FFF791FA044801782046FFF74AFAB5
:10CF300000BF00BF00BFB7E7AC03002070B50546D7
:10CF40000C466088012804D1C5F87C022846FFF70A
:10CF5000B9FA70BD10B504462046FFF7ECFE00207C
:10CF600010BD70B505460C460026207800F0600024
:10CF700060B1202802D040283CD100E000BFD5F8A5
:10CF80008C02214682682846904738E060780A285B
:10CF900029D2DFE800F01923281E280A0528140FDB
:10CFA00021462846FFF74FFB22E021462846FFF79F
:10CFB00012FF1DE021462846FFF74CFF18E02146EE
:10CFC0002846FFF715FB13E021462846FFF7EEFB46
:10CFD0000EE021462846FFF7B1FF09E0214628462A
:10CFE000FFF7FBF904E021462846FFF72DFA00BFC2
:10CFF00000BF04E021462846FFF726FA00BF00BF25
:10D00000304670BD2DE9F04105460E464FF0000850
:10D010003479307800F0600060B1202802D04028D8
:10D0200071D100E000BFD5F88C02314682682846F5
:10D03000904700E1307800F06000202809D1D5F851
:10D040008C02314682682846904780464046BDE8BB
:10D05000F081707800285ED001282FD0032876D187
:10D0600095F87402022802D0032820D110E054B1B0
:10D07000802C08D021462846FFF74AFE802128460A
:10D08000FFF746FE03E031462846FFF7DDF913E0DF
:10D09000708840B93CB1802C05D0F08818B9214681
:10D0A0002846FFF735FE2846FFF70CFA04E0314624
:10D0B0002846FFF7C9F900BF00BFB5E095F8740234
:10D0C000022802D003281FD110E054B1802C08D0D0
:10D0D00021462846FFF71CFE80212846FFF718FE50
:10D0E00003E031462846FFF7AFF912E0708848B9EF
:10D0F00004F07F0018B121462846FFF7DCFB2846E4
:10D10000FFF7E0F905E091E031462846FFF79CF98A
:10D1100000BF00BF88E095F87402022802D00328FF
:10D1200076D126E034B1802C04D031462846FFF772
:10D130008BF972E004F08000802809D104F07F00B0
:10D1400000EB800105F1140000EB810008E066E0CF
:10D1500004F07F0000EB800105F5A07000EB81007A
:10D16000074600203860022239462846FFF799F921
:10D1700053E004F0800080280ED104F00F0000EB93
:10D18000800105F1140000EB8100406898B9314638
:10D190002846FFF759F940E004F00F0000EB80014A
:10D1A00005F5A07000EB8100406820B931462846A3
:10D1B000FFF74AF931E004F08000802808D104F03C
:10D1C0007F0000EB800105F1140000EB810007E017
:10D1D00004F07F0000EB800105F5A07000EB8100FA
:10D1E00007460CB1802C02D10020386009E02146AE
:10D1F0002846FFF7A7FC10B10120386001E00020AD
:10D200003860022239462846FFF74BF905E0FFE770
:10D2100031462846FFF718F900BF00BF04E0314649
:10D220002846FFF711F900BF00BF04E03146284649
:10D23000FFF70AF900BF00BF404608E770B5054692
:10D240000C460026207800F0600030B1202802D083
:10D2500040282AD100E000BF00BF95F874020128E1
:10D2600004D0022803D0032818D101E000BF00BF7A
:10D27000207901280DD8D5F88C02214682682846ED
:10D2800090470646E08840B93EB92846FFF71AF9AC
:10D2900003E021462846FFF7D7F804E02146284658
:10D2A000FFF7D2F800BF00BF04E021462846FFF791
:10D2B000CBF800BF00BF002070BD000070B5044671
:10D2C0000B4622461978587801282CD140F61C00CC
:10D2D00080581D7805F00F060125B540ADB22843F2
:10D2E00040F61C05A85002F5106000EB41100068E4
:10D2F00000F40040F0BB1889C0F30A00DD7840EA72
:10D30000854040EA815040F0805040F4004002F5F2
:10D31000106505EB41152D68284302F5106505EBF6
:10D32000411528602DE040F61C0080581D7805F05E
:10D330000F060125B540144E06EA0545284340F680
:10D340001C05A85002F5306000EB4110006800F4A5
:10D35000004078B91889C0F30A00DD7840EA8540BA
:10D3600040F0805040F4004002F5306505EB411577
:10D370002D6800E005E0284302F5306505EB411516
:10D380002860002070BD00000000FFFF024611462B
:10D390004FF410604058C30ADB024FF41060435052
:10D3A00040F60800405800F00600042807D14FF46A
:10D3B0001060405840F003034FF41060435040F6B3
:10D3C0000400405840F4807340F6040043500020AD
:10D3D000704700000FB470B504460A98012817D1B1
:10D3E000A06B20F48030A063E0681A490840E06038
:10D3F000E06820F44010E0601198012803D1E06853
:10D4000040F48010E060204600F026F8054612E067
:10D41000E06840F04000E060204600F01DF805465E
:10D420000E9820B9A06B40F48030A06303E0A06B9D
:10D4300020F48030A0630898012807D1A06840F04C
:10D440000600A060A06840F02000A060284670BCE4
:10D450005DF814FBBFFFBDFF0146002200BF501C5A
:10D4600002460F4B984201D903207047086900F02B
:10D4700000400028F3D00022086940F00100086154
:10D4800000BF501C0246064B984201D90320ECE72E
:10D49000086900F001000028F3D100BFE5E70000B3
:10D4A000400D030070B504460B4621461A785878A3
:10D4B000012826D140F63C0040581D7805F00F06A3
:10D4C0000125B540ADB2A84340F63C05685040F692
:10D4D0001C0040581D7805F00F060125B540ADB27F
:10D4E000A84340F61C05685001F5106000EB42109F
:10D4F00000681A4D284001F5106505EB42152860BB
:10D5000029E040F63C0040581D7805F00F06012543
:10D51000B540134E06EA0545A84340F63C05685061
:10D5200040F61C0040581D7805F00F060125B54057
:10D530000B4E06EA0545A84340F61C05685001F568
:10D54000306000EB42100068064D284001F5306560
:10D5500005EB42152860002070BD0000007833EC18
:10D560000000FFFF0078F3EF70B50446254640F653
:10D570000400405920F0020140F60400415103200C
:10D58000F7F718FB002070BD70B50446254640F63D
:10D590000400405940F0020140F6040041510320CC
:10D5A000F7F708FB002070BD0FB4F0B50546002763
:10D5B0002E46002405E0002105F5827040F8241075
:10D5C000641C0F2CF7D3109860B9A86B40F40010BE
:10D5D000A863A86B20F40020A863A86B20F4802027
:10D5E000A86307E0286820F400102860A86B40F4C6
:10D5F0000020A8630020C6F8000ED6F80008C6F880
:10D6000000080B9801280BD1089820B90021284662
:10D6100000F0F4FC08E00121284600F0EFFC03E0F4
:10D620000321284600F0EAFC1021284600F036FCD1
:10D6300000B10127284600F01BFC00B101270021A2
:10D640004FF401608151001D815140F61C00815151
:10D6500000242EE006F5106000EB4410006800F096
:10D660000040B0F1004F10D13CB94FF0006106F519
:10D67000106000EB441001600DE04FF0904106F5A2
:10D68000106000EB4410016005E0002106F5106019
:10D6900000EB44100160002106F5106000EB44101F
:10D6A00001614FF67F3106F5106000EB4410816098
:10D6B000641C0698A042CDD800242EE006F5306008
:10D6C00000EB4410006800F00040B0F1004F10D1B2
:10D6D0003CB94FF0006106F5306000EB441001608A
:10D6E0000DE04FF0904106F5306000EB4410016012
:10D6F00005E0002106F5306000EB441001600021D8
:10D7000006F5306000EB441001614FF67F3106F5FD
:10D71000306000EB44108160641C0698A042CDD8B4
:10D720004FF40160805920F480714FF40160815101
:10D730000998012809D115494FF403608151805996
:10D74000134908434FF4036188510020A8616FF02A
:10D7500080406861099818B9A86940F01000A86174
:10D76000A8690C490843A8610C9818B1A86940F051
:10D770000800A8611098012803D1A8690649084348
:10D78000A8613846F0BC5DF814FB00000001800081
:10D790000300010000383C80040000400146886816
:10D7A00020F001008860002070470000F0B50546B9
:10D7B0000B4614462A4619785878012875D15869BD
:10D7C00020BB02F5106000EB411000696C4E304048
:10D7D00002F5106606EB4116306102F5106000EBB1
:10D7E0004110006940F4002602F5106000EB411082
:10D7F000066102F5106000EB41100069C60CF604EA
:10D8000002F5106000EB4110066137E002F5106090
:10D8100000EB41100069C60CF60402F5106000EB45
:10D820004110066102F5106000EB41100069544E92
:10D83000304002F5106606EB411630619E6858696B
:10D84000B04201D99868586102F5106000EB4110B0
:10D85000006940F4002602F5106000EB41100661FB
:10D8600002F5106000EB411000695E69C6F3120614
:10D87000304302F5106606EB41163061012C15D1DC
:10D88000186928B102F5106000EB41101E6946616D
:10D8900002F5106000EB4110006840F0044602F50C
:10D8A000106000EB4110066068E01BE002F51060BC
:10D8B00000EB4110006840F0044602F5106000EBF8
:10D8C000411006605869002858D040F6340080584E
:10D8D0001E7806F00F070126BE40304340F634069E
:10D8E000B0504BE002F5306000EB41100069C60C0F
:10D8F000F60402F5306000EB4110066102F530607D
:10D9000000EB411000691E4E304002F5306606EB18
:10D9100041163061586908B19868586102F5306065
:10D9200000EB4110006940F4002602F5306000EB86
:10D930004110066102F5306000EB411000699E68FD
:10D94000C6F31206304302F5306606EB411630612D
:10D95000012C07D1D86828B102F5306000EB4110E6
:10D96000DE68466102F5306000EB4110006840F06F
:10D97000044602F5306000EB411006600020F0BD67
:10D98000FFFF07E070B503460C4619461D6C1848AA
:10D99000854209D94FF43060405800F00040B0F1A2
:10D9A000004F01D1002070BD0026C1F8106BD1F8E6
:10D9B000100B40F40026C1F8106BD1F8100B40F0AA
:10D9C0001806C1F8106BD1F8100B40F0C046C1F832
:10D9D000106B012C09D1C1F8142B4FF43060405862
:10D9E00040F080264FF4306046500020DBE7000016
:10D9F0000A30544F30B504460B4622461978587801
:10DA000001281ED102F5106000EB4110006820F4DF
:10DA1000001502F5106000EB41100560D87803286E
:10DA200002D0D87802282AD102F5106000EB41100C
:10DA3000006840F0805502F5106000EB4110056071
:10DA40001DE002F5306000EB4110006820F4001585
:10DA500002F5306000EB41100560D878032802D051
:10DA6000D87802280BD102F5306000EB4110006835
:10DA700040F0805502F5306000EB41100560002059
:10DA800030BD30B504460B46224619785878012837
:10DA900021D102F5106000EB4110006800F0004059
:10DAA00060B959B102F5106000EB4110006820F038
:10DAB000804502F5106000EB4110056002F5106032
:10DAC00000EB4110006840F4001502F5106000EB17
:10DAD0004110056020E002F5306000EB4110006865
:10DAE00000F0004060B959B102F5306000EB411020
:10DAF000006820F0804502F5306000EB41100560C1
:10DB000002F5306000EB4110006840F4001502F5AA
:10DB1000306000EB41100560002030BD2DE9F84376
:10DB200081460E4617464D463478707801287DD1DF
:10DB3000706920BB05F5106000EB44100069C7490F
:10DB4000084005F5106101EB4411086105F510600E
:10DB500000EB4410006940F4002105F5106000EB73
:10DB60004410016105F5106000EB44100069C10C20
:10DB7000C90405F5106000EB4410016155E005F59E
:10DB8000106000EB44100069C10CC90405F5106079
:10DB900000EB4410016105F5106000EB44100069D2
:10DBA000AE49084005F5106101EB44110861B16808
:10DBB00070690844401EB0FBF1F0A849C94301EA6E
:10DBC000C04005F5106101EB44110969084305F5F2
:10DBD000106101EB4411086105F5106000EB441081
:10DBE00000697169C1F31201084305F5106101EB89
:10DBF00044110861F078012817D105F5106000EB99
:10DC00004410006920F0C04105F5106000EB44109D
:10DC1000016105F5106000EB4410006940F000510F
:10DC200005F5106000EB4410016100E07FE0012F7A
:10DC300036D1306928B105F5106000EB4410316928
:10DC40004161F07801281ED140F60800405900F4E7
:10DC5000807060B905F5106000EB4410006840F07A
:10DC6000005105F5106000EB441001600BE005F574
:10DC7000106000EB4410006840F0805105F5106022
:10DC800000EB4410016005F5106000EB44100068E3
:10DC900040F0044105F5106000EB44100160DAE04B
:10DCA00005F5106000EB4410006840F0044105F5F4
:10DCB000106000EB44100160F07801280FD070690B
:10DCC0000028ECD040F634004059317801F00F02C2
:10DCD00001219140084340F634014851BBE040F631
:10DCE0000800405900F4807060B905F5106000EB41
:10DCF0004410006840F0005105F5106000EB44103E
:10DD000001600BE005F5106000EB4410006840F086
:10DD1000805105F5106000EB441001600097B08A57
:10DD200083B232784846F16800F0E6F993E005F5F1
:10DD3000306000EB44100069C10CC90405F5306087
:10DD400000EB4410016105F5306000EB4410006900
:10DD50004249084005F5306101EB441108617069E2
:10DD6000D0B905F5306000EB44100069B168C1F32B
:10DD70001201084305F5306101EB4411086105F516
:10DD8000306000EB4410006940F4002105F530607C
:10DD900000EB4410016126E0B16870690844401E40
:10DDA000B0FBF1F01FFA80F805F5306000EB44108D
:10DDB00000692A49C94301EAC841084305F53061B1
:10DDC00001EB4411086105F5306000EB4410006977
:10DDD000B16801FB08F1C1F31201084305F5306198
:10DDE00001EB44110861012F07D1F06828B105F556
:10DDF000306000EB4410F1684161F07801281ED1D9
:10DE000040F60800405900F4807060B905F53060B4
:10DE100000EB4410006840F0005105F5306000EB65
:10DE2000441001600BE005F5306000EB4410006821
:10DE300040F0805105F5306000EB4410016005F5BD
:10DE4000306000EB4410006840F0044105F530609C
:10DE500000EB441001600020BDE8F883FFFF07E0FD
:10DE60000146886840F0010088600020704700008B
:10DE7000014600221020086100BF501C0246064BDC
:10DE8000984201D903207047086900F0100010285B
:10DE9000F3D00020F7E70000400D030010B5024664
:10DEA0000023202040EA8110106100BF581C034667
:10DEB000054CA04201D9032010BD106900F02000DC
:10DEC0002028F3D00020F7E7400D030010B50146ED
:10DED0000B4640F60804E45804F006020AB9002094
:10DEE00006E0022A01D0062A01D1022000E00F201C
:10DEF00010BD0146486900F00100704701460B461D
:10DF000040F61800C258001DC058024090B2704739
:10DF100001460B4640F61800C258001DC05802408A
:10DF2000100C704770B5024613464FF40166F45862
:10DF300040F63406F55801F00F0625FA06F606F00D
:10DF4000010644EAC61403F5106606EB4116B668EE
:10DF500006EA040070BD10B50246134603F53064AE
:10DF600004EB4114A06840F61404E458204010BDAE
:10DF7000014648698A6910407047F0B503461E465D
:10DF80000846D71CBD08002405E04FF48057BF5950
:10DF90000760001D641CAC42F7D3F0BD70B50446A9
:10DFA0000D46E06820F0C040E060012D04D1E0683B
:10DFB00040F00050E06007E025B9E06840F08040A4
:10DFC000E06001E0012070BD3220F6F7F3FD002093
:10DFD000F9E710B502460B461146D1F8000820F4C7
:10DFE000FE60C1F80008D1F800084FF4FE6404EAAE
:10DFF00003142043C1F80008002010BD0246134658
:10E00000D3F800080843C3F8000800207047000058
:10E0100030B503461446022C49D12D48814204D321
:10E020002C48814201D20F2245E02A48814204D384
:10E030002948814201D20E223DE02748814204D383
:10E040002648814201D20D2235E02448814204D382
:10E050002348814201D20C222DE02148814204D381
:10E060002048814201D20B2225E01E48814204D380
:10E070001D48814201D20A221DE01B48814204D37F
:10E080001A48814201D2092215E01848814204D37E
:10E090001748814201D208220DE01548814204D37D
:10E0A0001448814201D2072205E0062203E00CB9A0
:10E0B000092200E00922D86820F47050D860D8689E
:10E0C0004FF4705505EA82252843D860002030BD02
:10E0D000C0ACD800C0E1E4000024F4008073060165
:10E0E000A0491A01002D310140A44C0100366E01F7
:10E0F00020ABA6010048E8012DE9F04304460D4697
:10E10000DDF81CC0A0462E46BCF1000F0FD1D81C74
:10E110008708002109E008F5805000EB0230D6F8AE
:10E120000090C0F80090361D491CB942F3D300207E
:10E13000BDE8F08300BFFEE710B50D48F9F7BAFE61
:10E140000C4800684068C0F18000C4B20C2C04D1B7
:10E15000224609490948F2F71BFB80210648F2F7DD
:10E1600073FB802204490248FAF73AF910BD000017
:10E17000D41000209411002054410020D4410020EC
:10E1800003B401984100009850EAC12018BF042050
:10E190004A0D18BF40F0010040F2FF72B2EB515F30
:10E1A00008BF40F00200012808BF052002B07047F8
:10E1B0004100080218BF04200A0E18BF40F00100F9
:10E1C0004FF07F4232EA010108BF40F0020001280F
:10E1D00008BF05207047000002480068C0F3022015
:10E1E000704700000CED00E010B5002804DB0A07C2
:10E1F000130E054A135406E00A07140E034A00F0F2
:10E200000F031B1FD45410BD00E400E018ED00E024
:10E21000EFF310807047000010B54FF00E402DED69
:10E22000028BB0EE408A18EE104A00EB4400B0F1C9
:10E23000506F4AD84FF0FC40B0EB440F22D2B0EE02
:10E24000C80AF7EE000A30EEC00AF6EE000A60EEE9
:10E25000208A18EE900A06F0A9FE01EE100A14F0CA
:10E26000004F1DBFDFED2D0A9FED2D0AB1EE411AC3
:10E27000DFED2C0A08BF9FED2C0AF8EE001A21EE04
:10E28000218A05E0DFED290A68EE088AB0EE600A0F
:10E290009FED271ADFED271A30EE080A48EE811AA3
:10E2A0009FED251A08EEA11ADFED241A48EE811A17
:10E2B0009FED231A08EEA11A68EE281ABDEC028B16
:10E2C00001EE810A30EE200A10BD4FF0E440B0EBC1
:10E2D000440F0CD918EE100AFFF76AFF042808BF94
:10E2E00000F0BCF9B0EE480ABDEC028B10BD4FF057
:10E2F0007F40B0EB440F07D2B0EE480ABDEC028B72
:10E30000BDE8104000F09BB90120F2F71EFBBDEC08
:10E31000028BBDE8104000F099B900000000C9BFB1
:10E3200022AAFDB90000C93F22AAFD390000000061
:10E3300024FE1C3DC78AD83C1E67383D1B93993D7F
:10E34000AFAA2A3E70B54FF068422DED048BF0EE77
:10E35000408A18EE900AB0EE608A18EE101A02EBAE
:10E360004003B3F1654F3CBF02EB4102B2F1654F90
:10E370007DD200BFC0F3C753C1F3C7529A1A1B2AFC
:10E3800009DD10F0004F14BF9FED830A9FED830A53
:10E39000BDEC048B70BD12F11A0F36DA11F0004F8C
:10E3A00009D010F0004F0CBF9FED7D0A9FED7D0A54
:10E3B000BDEC048B70BD88EE889A19EE100AFFF749
:10E3C000F7FE042808BF00F049F918EE900AFFF79D
:10E3D000EFFE054618EE100AFFF7EAFE044619EEB6
:10E3E000100AFFF7E5FE042D18BF052D08D1042CF7
:10E3F00018BF052C04D1002804BF0220F2F7A5FAAB
:10E40000B0EE490ABDEC048B70BD4200B2EB410F87
:10E410003AD910F0004F19BFDFED630A9FED630A90
:10E42000DFED630A9FED630AB0EE481A0A46B1EECB
:10E43000688A80F00041F0EE418A10460A1A5200C4
:10E44000B2F1807F34D2484010F0004FDFED5A1A0D
:10E450009FED5A2A1DBFBEEE001A70EEE10A30EEA3
:10E46000420AB6EE001A08BF70EEA10A00E040E0D2
:10E4700008BF30EE020AB0EE682A01EE482A08EE24
:10E48000818AC2EE081A15E011F0004F04BF9FED1B
:10E490004C0AF0EE400AD1D010F0004F19BFDFED6A
:10E4A000490A9FED490ADFED490A9FED490AC5E790
:10E4B000C8EE881A21EEA11A9FED462ADFED462A02
:10E4C00041EE022A9FED452A01EE222ADFED442A81
:10E4D00041EE022A9FED432ABDEC048B01EE222A75
:10E4E00021EE811A01EE020A30EE210A30EE200AF6
:10E4F00070BD4FF07F42B2EB400F28BFB2EB410F2F
:10E5000009D2F0EE480AB0EE680ABDEC048BBDE813
:10E51000704000F097B840EA01035B0008BF41F08B
:10E52000FF410BD0B2EB400F08BFB2EB410F08D157
:10E5300020F0804008EE900A21F0804108EE101A89
:10E5400018E7B2EB400F12BF5FEA410340F0FF4013
:10E5500001F000413FF40EAFB2EB410F12BF5FEA92
:10E56000400200F0004041F0FF413FF403AF4A0099
:10E5700092EA40033FF5FEAE002AACBF9FED1A0AB7
:10E580009FED1A0A68EE808A28EE008A18EE900A3B
:10E5900018EE101AEEE60000DB0FC9BFDB0FC93F13
:10E5A000DB0F4940DB0F49C00000C9BF22AAFDB9FB
:10E5B0000000C93F22AAFD390060ED3EC30ACE37F4
:10E5C00000000000000049C022AA7DBA00004940B6
:10E5D00022AA7D3A2DAD65BD8FB8D53D0FB511BED0
:10E5E00061C84C3EA8AAAABE0000804F0000802F40
:10E5F0002DED020B019820F0004001909DED000BE5
:10E6000002B0704710B52DED028BB1EEC08A18EE46
:10E61000100A20F00040C0F1FF40C00F0AD010EEF9
:10E62000100A20F00040C0F1FF40C00F04BF0120DD
:10E63000F2F78BF9B0EE480ABDEC028B10BD30EE5C
:10E64000000A704730EE200A70470000DFED020A32
:10E6500080EEA00A70470000000000009FED020A53
:10E6600020EE000A704700000000001080F31088C0
:10E67000704730380A2801D20120704700207047C7
:10E68000010E144A1170C0F30741127811FB02F118
:10E69000114A1180C0F307210E4A127811FB02F1D2
:10E6A0000E4A1180C1B20B4A127811FB02F10C4ADA
:10E6B0001180114609880B4A12685163074909887D
:10E6C000084A1268916304490988064A1268D163AE
:10E6D00070470000C0000020C2000020C4000020DD
:10E6E000C600002014100020D0ED000AF4EEC00A8D
:10E6F000F1EE10FA02DD80ED000A0CE0D0ED000A28
:10E70000B1EE401AF4EEC10AF1EE10FA03D2F1EEC6
:10E71000400AC0ED000A704770B52DED028B8AB03B
:10E7200005460C4616460DB104B11EB90AB0BDEC43
:10E73000028B70BD94ED000AB5EEC00AF1EE10FA3E
:10E740000DD194ED010AB5EEC00AF1EE10FA06D132
:10E7500094ED020AB5EEC00AF1EE10FA7DD09FEDFD
:10E76000600AB0EE408A002007900890099004905B
:10E77000059006905B4A07CA01AB07C395ED010AF5
:10E78000D5ED030A20EE200AD5ED000A95ED021A18
:10E7900000EEC10AF0EE000A20EE200A8DED070A15
:10E7A00095ED000AD5ED010A20EE200AD5ED020A0A
:10E7B00095ED031A00EE810AF0EE000A20EE200A21
:10E7C0008DED080A95ED000A20EE000AD5ED030A4A
:10E7D00095ED031A00EE810AF7EE000AB0EE001A7A
:10E7E00051EE000ACDED090A01AB2246314628461A
:10E7F00000F07AF8D4ED000A60EEA00A94ED011A58
:10E80000D4ED011A41EE210A94ED021AD4ED021A58
:10E8100041EE210AB0EE600AF3F7F4FFB0EE408A51
:10E8200094ED000A20EE080A84ED000A94ED010A36
:10E8300020EE080A84ED010A94ED020A20EE080A8F
:10E8400084ED020A94ED010ADDED090A20EE200AAA
:10E85000D4ED020A9DED081A00E03EE000EEC10A88
:10E860008DED040A94ED020ADDED070A20EE200A80
:10E87000D4ED000A9DED091A00EEC10A8DED050ADE
:10E8800094ED000ADDED080A20EE200AD4ED010A1D
:10E890009DED071A00EEC10A8DED060A96ED000AFD
:10E8A000DDED010A9DED041A00EE810A86ED000AF5
:10E8B00096ED010ADDED020A9DED051A00EE810AD2
:10E8C00086ED010A96ED020ADDED030A9DED061ABA
:10E8D00000EE810A86ED020A00BF00BF26E70000B5
:10E8E0000000000070A901082DE9F0412DED048B16
:10E8F00007460D4614461E469FED580AB0EE409A54
:10E900009FED560AB0EE408A9FED540AF0EE408A21
:10E91000D4ED000A60EEA00A94ED011AD4ED011ABC
:10E9200041EE210A94ED021AD4ED021A41EE210AB9
:10E93000B0EE600AF3F766FFF7EE000A80EE801A89
:10E94000B0EE419AD5ED000AB0EE600AF3F7F0FDA3
:10E95000F0EE409AD5ED010AB0EE600AF3F7E8FD5B
:10E9600079EE809AD5ED020AB0EE600AF3F7E0FD89
:10E9700039EE800AF0EE408A3948D0ED000A79EE8F
:10E98000600AB0EE600AF3F7D3FDB0EE408A9FED67
:10E99000350AB4EEC08AF1EE10FA06DC9FED320AB9
:10E9A000F4EEC08AF1EE10FA53DD9FED2C2AB0EEA2
:10E9B000420A9FED2A2AF0EE421AB7EE002AF0EE44
:10E9C000420A9FED262AB0EE421AB5EEC08AF1EE59
:10E9D00010FA05DD9FED232AC2EE082AB0EE620A86
:10E9E0009FED222AB4EEC20AF1EE10FA03D29FED97
:10E9F0001B2AB0EE420AF5EEC08AF1EE10FA05DDF0
:10EA00009FED192AC2EE282AF0EE621AB7EE002A0C
:10EA1000B4EEC20AF1EE10FA03D220EE802AF0EE34
:10EA2000420AB7EE002AF4EEC21AF1EE10FA03D24F
:10EA300020EEA12AF0EE420A9FED0D2A20EE822A56
:10EA4000B0EE421A86ED001A86ED011A86ED021A22
:10EA500000BFBDEC048BBDE8F081000000000000A9
:10EA6000CC040020CDCCCC3D8FC2F53D9A99993E87
:10EA7000CDCC4C3E70B505460C460C4804600120D8
:10EA80000A494860002088602846F4F789FD08B1EB
:10EA9000F4F712FC2846F4F739FF0A212846F4F768
:10EAA000D3FE2846F4F742FE80B270BDB82B00209A
:10EAB00010B52DED048B86B00446B0EE408AF0EE22
:10EAC000608AB0EE419A0020039004900590009077
:10EAD00001900290B0EE000AC8EE000AF0EE609AD3
:10EAE000B0EE690AF3F718FD8DED030AB0EE000AE7
:10EAF000C8EE800AF0EE609AB0EE690AF3F70CFDFA
:10EB00008DED040AB0EE000AC9EE000AF0EE609A3C
:10EB1000B0EE690AF3F700FD8DED050AB0EE000ACC
:10EB2000C8EE000AF0EE609AB0EE690AF3F77CFED8
:10EB30008DED000AB0EE000AC8EE800AF0EE609A91
:10EB4000B0EE690AF3F770FE8DED010AB0EE000A2F
:10EB5000C9EE000AF0EE609AB0EE690AF3F764FEBF
:10EB60008DED020A9DED050ADDED040A20EE200A76
:10EB7000DDED030A20EE200ADDED020A9DED011A0B
:10EB800060EE810A9DED001A00EE810A84ED000A14
:10EB90009DED020ADDED040A20EE200ADDED030AF8
:10EBA00020EE200ADDED050A9DED011A60EE810AD6
:10EBB0009DED001A00EEC10A84ED010A9DED050AE3
:10EBC000DDED010A20EE200ADDED030A20EE200A29
:10EBD000DDED020A9DED041A60EE810A9DED001A3A
:10EBE00000EE810A84ED020A9DED050ADDED040ABE
:10EBF00020EE200ADDED000A20EE200ADDED020AFB
:10EC00009DED011A60EE810A9DED031A00EEC10A26
:10EC100084ED030A06B0BDEC048B10BD70B505464B
:10EC20000C4600260DB1022C00D870BDA11E06486E
:10EC30000288284602F080FC0646A01E2E54310AA7
:10EC4000601E295400BFF0E72803002070B5054678
:10EC50000C4600260DB1022C00D870BD611EFF22AB
:10EC6000284602F083FC0646601E2E5400BFF4E7DF
:10EC70004FF47A7004F0BEFC04F06EF912E002F07A
:10EC800011FDDFED090A30EE200A084880ED000A88
:10EC900090ED000A00F004FC054880ED000A6420B5
:10ECA00004F0A8FCEBE7000000000000B002002028
:10ECB000B402002038B5002000900024F3F77CFE59
:10ECC0008020F4F71BF85520F4F718F85520F4F7D6
:10ECD00015F80090F3F766FE9620F3F7DCFEF3F7E5
:10ECE0006BFE8020F4F70AF85520F4F707F855205A
:10ECF000F4F704F80090F3F755FE9620F3F7CBFEF7
:10ED0000F3F75AFEB6217E20F4F722F8F3F74AFE15
:10ED10005020F3F7BAFEF3F74FFE8020F3F7EEFF33
:10ED20005520F3F7EBFF5520F3F7E8FF0090F3F7DA
:10ED300039FE9620F3F7AFFEF3F73EFE8020F3F79F
:10ED4000DDFF5520F3F7DAFF5520F3F7D7FF0090EA
:10ED5000F3F728FE9620F3F79EFE9DF800001E288C
:10ED600001D0FF2038BD002437E0F3F725FE04EB87
:10ED700044021C4B1A44517804EB4402985CF3F7AC
:10ED8000E7FFF3F70FFE9620F3F785FEF3F714FE87
:10ED900004EB4401134A515C41F08000F3F7AEFFED
:10EDA0005520F3F7ABFF5520F3F7A8FF0090F3F7DA
:10EDB000F9FD9620F3F76FFE04EB4400094908447F
:10EDC00040789DF80010884205D004EB44000549C6
:10EDD00008448078C6E7601CC4B2062CC5DB00205E
:10EDE000C0E700000403002010B586B000200190A9
:10EDF000029000900024F3F7DFFD8020F3F77EFF00
:10EE00005520F3F77BFF5520F3F778FF0090F3F7D9
:10EE1000C9FD9620F3F73FFEF3F7CEFD8020F3F710
:10EE20006DFF5520F3F76AFF5520F3F767FF009059
:10EE3000F3F7B8FD9620F3F72EFEF3F7BDFDB621EC
:10EE40007E20F3F785FFF3F7ADFD5020F3F71DFEAD
:10EE5000F3F7B2FD8020F3F751FF5520F3F74EFF93
:10EE60005520F3F74BFF0090F3F79CFD9620F3F746
:10EE700012FEF3F7A1FD8020F3F740FF5520F3F7D2
:10EE80003DFF5520F3F73AFF0090F3F78BFD9620F6
:10EE9000F3F701FE9DF800001E2802D0FF2006B007
:10EEA00010BD00243AE0F3F787FD04EB44028C4BDD
:10EEB0001A44517804EB4402985CF3F749FFF3F7E6
:10EEC00071FD9620F3F7E7FDF3F776FD04EB4401BF
:10EED000834A515C41F08000F3F710FF5520F3F7AF
:10EEE0000DFF5520F3F70AFF0090F3F75BFD962026
:10EEF000F3F7D1FD04EB44007949084440789DF8CC
:10EF00000010884205D004EB44007549084480781D
:10EF1000C5E75020F3F7B9FD601CC4B2042CC2DB76
:10EF200000246FE0F3F748FD221D02EB42026C4B18
:10EF30001A445178221D02EB4202985CF3F708FF55
:10EF4000F3F730FD9620F3F7A6FDF3F735FD211D0D
:10EF500001EB4101624A515C41F08000F3F7CEFEC3
:10EF60005520F3F7CBFE5520F3F7C8FE0090F3F7DA
:10EF700019FD9620F3F78FFD201D00EB4000584946
:10EF8000084440789DF80010884206D0201D00EB10
:10EF9000400053490844807881E75020F3F775FD1D
:10EFA000F3F70AFD9220F3F7A9FE062201A9122029
:10EFB000F3F784FEF3F7F6FC9DF80500000200B2BB
:10EFC0009DF80410084304EB440103AA22F8110041
:10EFD0009DF80700000200B29DF80610084304EBFC
:10EFE000440102EB410148809DF80900000200B293
:10EFF0009DF80810084304EB440102EB41018880AE
:10F00000601CC4B2022C8DDBF3F7D6FC00216D200E
:10F01000F3F79EFEF3F7C6FC9620F3F73CFDF3F7FB
:10F02000CBFCED20F3F76AFE5520F3F767FE552081
:10F03000F3F764FE0090F3F7B5FC9620F3F72BFD91
:10F040009DF8000008B1042029E7F3F7B5FCB621CC
:10F050007E20F3F77DFEF3F7A5FC5020F3F715FDB6
:10F06000BDF90C00BDF91210401A40F2555188420A
:10F0700010DBBDF90E10BDF91400081A40F255510D
:10F08000884207DBBDF91010BDF91600081AB0F56B
:10F090002A7F01DA802002E7F3F78EFC8020F3F765
:10F0A0002DFE5520F3F72AFE5520F3F727FE00909A
:10F0B000F3F778FC9620F3F7EEFCF3F77DFC802065
:10F0C000F3F71CFE5520F3F719FE5520F3F716FE53
:10F0D0000090F3F767FC9620F3F7DDFC0020DEE6F6
:10F0E00048A6010838B5002400200090F3F77AFC08
:10F0F00069460020F3F7F5FDF3F76AFC9620F3F775
:10F10000CAFCF3F76FFC69460020F3F7EAFDF3F75A
:10F110005FFC9620F3F7BFFCF3F764FCB6211420E4
:10F12000F3F716FEF3F754FC5020F3F7AEFCF3F7B9
:10F1300059FC69460020F3F7D4FDF3F749FC96200B
:10F14000F3F7A9FCF3F74EFC69460020F3F7C9FD7D
:10F15000F3F73EFC9620F3F79EFC9DF800000F2885
:10F1600001D0FF2038BD00242FE0F3F73BFC04EB77
:10F170004402184B1A44517804EB4402985CF3F7AC
:10F18000E7FDF3F725FC9620F3F785FCF3F72AFC5F
:10F1900004EB44010F4A505C6946F3F7A2FDF3F714
:10F1A00017FC9620F3F777FC04EB44000949084468
:10F1B00040789DF80010884205D004EB44000549D2
:10F1C00008448078CEE7601CC4B2062CCDDB00205A
:10F1D000C8E700001603002038B500200090002486
:10F1E000F3F700FC69460020F3F77BFDF3F7F0FB33
:10F1F0009620F3F750FCF3F7F5FB69460020F3F790
:10F2000070FDF3F7E5FB9620F3F745FCF3F7EAFB17
:10F21000B6211420F3F79CFDF3F7DAFB5020F3F747
:10F2200034FCF3F7DFFB69460020F3F75AFDF3F7F0
:10F23000CFFB9620F3F72FFCF3F7D4FB69460020B1
:10F24000F3F74FFDF3F7C4FB9620F3F724FCF3F735
:10F25000C9FB01213C20F3F77BFDF3F7B9FB5020FC
:10F26000F3F713FC00BFF3F7BDFB69463C20F3F74F
:10F2700038FDF3F7ADFB9620F3F70DFC601CC4B22C
:10F280009DF8000000F0020008B90A2CEBDB0A2C04
:10F2900001D1402038BD9DF8000000F0040008B105
:10F2A0004020F7E70020F5E738B503460C4649480B
:10F2B000834201D1484903E04848834200D148498C
:10F2C0000868406800F4006068B1486B18B1486B8A
:10F2D0000068406828B9886B28B1886B006840686E
:10F2E00008B1012038BD002200BF0BE0501C82B2E3
:10F2F000642A07DD0868006840F400700D68286023
:10F300000020EFE70868806900F002000028EDD1D6
:10F310000868006820F400600D68286008680068CC
:10F3200040F480700D68286000220BE0501C82B20F
:10F33000642A07DD0868006840F400700D682860E2
:10F340000020CFE70868406900F001000028EDD0F8
:10F3500004F0FE000D68286100220CE0501C82B20F
:10F36000B2F5FA7F07DD0868006840F400700D68A8
:10F3700028600020B6E70868406900F00200002815
:10F38000ECD000BF00200090086840690090086839
:10F390008069009000BF00BF00220CE0501C82B2C8
:10F3A000B2F5FA7F07DD0868006840F400700D6868
:10F3B0002860002096E70868406900F08000002877
:10F3C000ECD00868006840F400700D6828600120E7
:10F3D00088E7000000540040580C0020005800400E
:10F3E000AC0C0020F8B504460D4616461F460C48E6
:10F3F000844208D164203B463246294600900948A1
:10F40000F5F718FF0AE00848844207D164203B461C
:10F410003246294600900548F5F70CFFF8BD00007C
:10F4200000540040580C002000580040AC0C002054
:10F4300070B505460D48854201D10D4C03E00D48DD
:10F44000854200D10C4C2068006840F400402168DF
:10F4500008602068006820F40040216808602046A9
:10F46000F5F700FE08B1F3F727FF70BD0054004028
:10F47000580C002000580040AC0C0020002002492D
:10F480000968C86370470000D40F0020034A12685F
:10F490009062024A1268D16370470000D40F0020C6
:10F4A000F0EE400A20EEA02AB0EE421A21EE202A09
:10F4B000F0EE421A9FED282AF4EEC20AF1EE10FA9D
:10F4C00002D29FED260A31E09FED252AF4EEC20A12
:10F4D000F1EE10FA10D29FED232A21EE822ADFED01
:10F4E000222A02EEC12ADFED212A02EEA02ADFED58
:10F4F000202A32EE620A19E09FED1E2AF4EEC20ABB
:10F50000F1EE10FA10D29FED1C2A21EE822ADFEDD7
:10F510001B2A02EEC12ADFED1A2A02EEA02ADFED35
:10F52000192A32EE620A01E0B7EE000AB5EEC00A0F
:10F53000F1EE10FA04D29FED092AB0EE420A0AE079
:10F54000B7EE002AB4EEC20AF1EE10FA03DDB7EE10
:10F55000002AB0EE420A704700009C410000000003
:10F560003333AF411399B93BFB5CAD3EE17AD840F0
:10F5700014AE34420000CC4161E0B93C46B6D33F02
:10F58000295C21423333A4432DE9F05F05468846C8
:10F5900091469A46DDF828B07DB1B8F1000F0CD045
:10F5A000B9F1000F09D0BAF1000F06D0BBF1000F7E
:10F5B00003D00B9808B10C9808B9BDE8F09F00265D
:10F5C00000270024288A698A401A04B2002C03DA32
:10F5D00041F6FF70204404B2204604EBD0712A8A21
:10F5E000A2EB61010CB2B4F5005F04DBA4F5F850A6
:10F5F000FF3804B205E0002C03DA41F6FF70204426
:10F6000004B2A8F80040B8F80010288A03F0B6FE4B
:10F610008AED000AB8F80010688A03F0AFFE8BED9F
:10F62000000A95ED020ADFED3C0A80EE201ABDEEDD
:10F63000C10A10EE100A04B2A88A204406B295ED61
:10F64000030ADFED350A80EE201ABDEEC10A10EE86
:10F65000100A04B2E88A204407B2B6F5005F04DB62
:10F66000A6F5F850FF3806B205E0002E03DA41F6A1
:10F67000FF70304406B2B7F5005F04DBA7F5F85021
:10F68000FF3807B205E0002F03DA41F6FF70384477
:10F6900007B2F01B04B2B4F5805F04DDA4F5F850A6
:10F6A000FF3804B206E014F5805F03DA41F6FF701C
:10F6B000204404B2BE4203DD41F6FF70384407B275
:10F6C000204604EBD071A6EB61010CB2B4F5005FEB
:10F6D00004DBA4F5F850FF3804B205E0002C03DA8F
:10F6E00041F6FF70204404B2A9F80040B9F80010B8
:10F6F000A88A03F043FEB1EE400A0B9880ED000AA1
:10F70000B9F80010E88A03F039FEB1EE400A0C980F
:10F7100080ED000A00BF50E7DB0F493AF8B500243E
:10F72000002500BF69E004EB840303EBC403344EFF
:10F7300033441B7903F07F0204EB840303EBC4031F
:10F740003344D3F805102F4BE81801F00AFE04EB00
:10F75000840000EBC40031460844007900F07F00CB
:10F7600005EB800085B2274968180122694601F03F
:10F77000F8FD9DF8000004EB840101EBC401324662
:10F7800050549DF8010004EB840101EBC4011144C5
:10F7900048709DF8020004EB840101EBC4011144A0
:10F7A00088709DF8030004EB840101EBC40111444F
:10F7B000C870281D85B204EB840000EBC40011461C
:10F7C0000844C078552816D004EB840000EBC40030
:10F7D0000844D0F8090070B104EB840000EBC400C9
:10F7E0000844007920F08000803004EB840101EBB4
:10F7F000C40111440871601CC4B2052C93DBF8BD30
:10F800009C2C002000000A0870B50024002500BFD1
:10F810002DE004EB840303EBC4031B4E33441B793C
:10F820005B06DA0D04EB840303EBC4033344D3F823
:10F830000510164B5819F0F766FF04EB840000EB37
:10F84000C40031460844007900F07F0005EB8000D9
:10F8500085B20E48284404EB840101EBC401324612
:10F86000114409680160281D85B2601CC4B2052CD2
:10F87000CFDB0121064801F05DFD1E22034904484B
:10F8800001F07AFD70BD00009C2C0020242C00208B
:10F8900000000A087CB506460D463446ADB994ED25
:10F8A000042AF0EE421A94ED032AB0EE421A94EDC7
:10F8B000022AF0EE420A94ED012AB0EE420A618873
:10F8C000208804F09FFF00207CBD012D16D104F19B
:10F8D0001000011F0B1F221DCDE90010A11C2046A6
:10F8E00001F00CF918B1FFF7C9FD0120ECE744F66F
:10F8F0001F611F20FFF7CAFD0020E5E70020E3E7B6
:10F9000070B506460C46354634B9294605F10C005B
:10F91000F9F7EEFA002070BD012C1ED1104A2946DD
:10F9200005F10C00F9F7A6FA0D48008844F62061AD
:10F93000884209DD00200A490880FFF79FFD242046
:10F94000FBF740FA0120E6E7FBF764FA42F2107198
:10F950005F20FFF79BFD0020DDE70020DBE70000D4
:10F960001A01002070B505460E462C460EB901203E
:10F9700070BD0020207001F07BFFBDEEC00A10EECC
:10F98000100A0A3040B2E07094F903002D2801DD1E
:10F990002D20E07043F23900A4F80100B3EE060A0E
:10F9A00010EE100A60600120E2E7000010B50024AC
:10F9B00000BF26E02748015D04EB840000EBC40093
:10F9C000254A1044007961F3060004EB840101EB41
:10F9D000C40111440871214850F8240004EB84014B
:10F9E00001EBC4011144C1F805001D4850F8240082
:10F9F00004EB840101EBC4011144C1F80900601C4F
:10FA0000C4B2052CD6DBFFF789FE00241FE004EB0F
:10FA1000840000EBC40010490844C078552814D174
:10FA200004EB840000EBC4000844D0F8090060B186
:10FA30000A4951F8240004EB840101EBC401064B90
:10FA40001944D1F8092000219047601CC4B2052C4C
:10FA5000DDDB10BDEC0000209C2C0020D800002035
:10FA6000F400002001F0EEFE4A49086091E0FAF748
:10FA7000EFFF0020484908707EE04748007800EB1F
:10FA8000800101EBC000454908440079C009002805
:10FA90006DD04148007800EB800101EBC0003F4988
:10FAA0000844D0F80900002861D03D493A4B1B7842
:10FAB00051F823003849097801EB810303EBC101B8
:10FAC000364B1944D1F8092001219047F0B3324850
:10FAD000007800EB40003349085C2F49097801EBBE
:10FAE000810202EBC1012D4A50542B48007800EBF3
:10FAF00040002C49084440782749097801EB8102ED
:10FB000002EBC101254A114448702348007800EBFC
:10FB100040002449084480781F49097801EB81029C
:10FB200002EBC1011D4A1144887055201A49097819
:10FB300001EB810202EBC101184A1144C87016485A
:10FB4000007800EB800101EBC00000E00FE01146FF
:10FB50000844007920F080000F49097801EB810208
:10FB600002EBC1010D4A11440871FFF74DFE0A482E
:10FB70000078401C08490870074800780528FFF6FF
:10FB80007CAF012003F036FD002005F067FE06493A
:10FB900008606CE7CC0000200C0100209C2C0020A9
:10FBA000D800002094820108C800002000B58BB066
:10FBB000012009900020079001200890002001906A
:10FBC0000290039004900690059001A90C48F3F769
:10FBD000FBFF0B48F4F743FD02210948F3F734FF1C
:10FBE0000E200A90069001A90648F3F7EDFF05489C
:10FBF000F4F735FD02210348F3F726FF0BB000BDF3
:10FC000060050020880500202DE9F04107460C46DC
:10FC100015461E4617B10CB105B10EB9BDE8F0810D
:10FC20002048007830B933462A462146384600F04D
:10FC30004FFF35E01B480078012806D133462A469D
:10FC40002146384600F08CFB2AE01648007802284E
:10FC500006D133462A462146384600F043FA1FE0D3
:10FC600010480078032806D133462A4621463846F4
:10FC700000F056F914E00B480078042806D133460A
:10FC80002A462146384600F053FB09E00548007833
:10FC9000052805D133462A462146384600F076FB32
:10FCA00000BFBBE74001002010B5044604B910BDF9
:10FCB0002068807A03280CD12068007D00F01000B5
:10FCC00018B104202249087012E00220204908706F
:10FCD0000EE02068807A022803D101201C490870B8
:10FCE00006E02068807A012802D1042018490870B3
:10FCF00002F07AFA10B10120154908701448007812
:10FD000010B90320207421E011480078012802D1A5
:10FD1000032020741AE00E480078022802D1002047
:10FD2000207413E00A480078032802D101202074CF
:10FD30000CE007480078042802D10220207405E076
:10FD400003480078052801D10320207400BFAEE7E6
:10FD50004001002030B52DED088B85B005469FEDA4
:10FD60006F0AB0EE408A9FED6D0AB0EE409A9FEDAB
:10FD70006B0AF0EE408A00200190029003900490FC
:10FD80000024D5ED801AB0EE611AD5ED7F1AF0EEA1
:10FD9000610AD5ED7E1AB0EE610A01A800F06EFE90
:10FDA000287C03281AD100BF12E001A800EB8400D0
:10FDB00090ED000ABDEEC00A10EE100A01B204EB8D
:10FDC000840205F1140000EB82000182601CC4B2C1
:10FDD000042CEADB05B0BDEC088B30BD002434E018
:10FDE00001A800EB840090ED000A04EB840105F10A
:10FDF000140000EB810080ED030A04EB840205F19E
:10FE0000140000EB820090ED030A10EE101A084671
:10FE100007F082FF41EC1B0BB0EE4B0AF0EE6B0AD1
:10FE2000FEF7E6FBB0EE40AAF0EE60AA51EC1A0B2A
:10FE300006F0C2FF08EE900AB4EEE88AF1EE10FA7E
:10FE400001D2B0EE688A601CC4B2042CC8DBB1EEEB
:10FE5000000AB4EEC08AF1EE10FA1DDDB1EE000A20
:10FE6000C0EE080AB0EE609A002413E004EB8401AF
:10FE700005F1140000EB810090ED030A20EE090A61
:10FE800004EB840105F1140000EB810080ED030A0E
:10FE9000601CC4B2042CE9DB00241DE004EB8402E6
:10FEA00005F1140101EB820191ED031AF0EE410A14
:10FEB00004EB840205F1140101EB820191ED021AB9
:10FEC000B0EE410A04EBC40205F1640101EBC2008B
:10FED000FAF722FC601CC4B2042CDFDB284600F0D9
:10FEE00083FA002415E004EBC40105F1640000EB83
:10FEF000C10090ED080ABDEEC00A10EE100A01B272
:10FF000004EB840205F1140000EB82000182601C06
:10FF1000C4B2042CE7DB00BF5CE700000000000077
:10FF20002DE9F04106460F4615461C4616B10FB1A5
:10FF300005B10CB9BDE8F08122463946304600F0E3
:10FF40004BFBD4ED830A2068B0F9040001EE100ADF
:10FF5000B8EEC11ADFED071A41EEC10AB0EE600A31
:10FF60009FED051ADFED050A03F08EF985ED000A15
:10FF700000BFDFE7BD370636DB0F4940DB0F49C066
:10FF800070B5044604B970BD002500BF2DE005EB37
:10FF9000850104F1140050F82100B0F9020000EED0
:10FFA000100AB8EEC00ADFED4A0A20EE200A05EB7F
:10FFB000850104F1140000EB810080ED020A05EBDD
:10FFC000C50104F1640000EBC10090ED0C0ADFED07
:10FFD000410A20EE200A05EB850104F1140000EB34
:10FFE000810080ED010A681CC5B2042DCFDB94EDC1
:10FFF000070AB1EE400AD4ED0C0A30EE200AD4ED27
:020000040801F1
:10000000110A30EE200AD4ED160A30EE600AF5EE41
:10001000000A20EE200A84ED7B0A94ED070AB1EE77
:10002000400AD4ED0C0A30EE600AD4ED110A30EE2D
:10003000200AD4ED160A30EE200AF5EE000A20EE72
:10004000200A84ED7C0A94ED070AB1EE400AD4ED53
:100050000C0A30EE600AD4ED110A30EE600AD4EDDD
:10006000160A30EE600AF5EE000A20EE200ADFEDF7
:100070001A0A80EE201A84ED7D1AE068D0ED000A9D
:10008000606890ED3A1A70EEC10AB0EE600A9FED1A
:10009000131ADFED130A03F0F7F884ED880AE0681D
:1000A000D0ED010AA06890ED3A1A70EEC10AB0EEE8
:1000B000600A9FED0A1ADFED0A0A03F0E5F884ED05
:1000C000890AE06890ED020A84ED8A0A00BF5AE7C7
:1000D0000A01DA390000FA43CDCC4C3EDB0F49402F
:1000E000DB0F49C02DE9F04107460E4615461C4678
:1000F00017B10EB105B10CB9BDE8F0812246314609
:10010000384600F069FA2068007D00F0200058B100
:100110003248007858B90120304908709FED300A04
:10012000304880ED000A02E000202C490870206869
:10013000007D00F0010070B92068007D00F0020031
:1001400048B92068007D00F0040020B92068007DD7
:1001500000F0080028B19FED240A244880ED000A31
:1001600004E09FED230A214880ED000A1B48007837
:10017000B0B11C4890ED000AF0F78CF91B48D0EDA7
:10018000000A20EE200A1B4880ED000A154890ED79
:10019000000ADFED190A30EE200A80ED000A04E0C3
:1001A0009FED0F0A134880ED000A0E4890ED000AFB
:1001B000DFED120AB4EEE00AF1EE10FA07DD90ED81
:1001C000000ADFED0E0A30EE600A80ED000A0948F1
:1001D00090ED000A85ED000A00BF8DE75001002078
:1001E00000000000440100207CD9A03E4C0100200A
:1001F0003333333F480100207C594444DB0FC9406E
:1002000070B5044604B970BD0320207401F01AFBD8
:10021000206001F0BDF9E06001F060FB606001F07A
:100220000DFBA060002517E0284601F05FFA05EB02
:10023000850204F1140141F8220005EBC50250319A
:1002400001EBC200DFED1C0A9FED1C0A1C4A0021D5
:10025000FAF780FB681CC5B2042DE5DBDFED190A57
:10026000B1EE080A184A002104F5C270FAF772FBD1
:1002700016499FED170A04F5E67001F049F8154993
:100280009FED130A04F5EE7001F042F8B0EE000A9B
:1002900084ED840AB8EE000A84ED850AB7EE080AF8
:1002A00084ED860ABFEE080A84ED870A2046FFF730
:1002B00067FE00BFA7E700000000FA4400007A468E
:1002C000A4820108CDCC4C3EB0820108BC8201085A
:1002D0006F12033BC082010800B97047417C027C69
:1002E000914200D1F9E7417C31B1017C21B99FED08
:1002F0000F0A80ED820A14E0417C012907D0017CBD
:10030000012904D190ED880A80ED830A09E0417C3F
:10031000022906D0017C022903D190ED880A80EDE4
:10032000830A017C417400BFD7E700000000000091
:100330002DE9F04107460E4614461D4617B10EB191
:1003400004B10DB9BDE8F0812A463146384600F0C7
:1003500043F9B1EE040A84ED000A00BFF2E70000A1
:1003600010B109B102B103B970479FED070A80EDE2
:10037000000A9FED050A81ED000A9FED030A82ED58
:10038000000A00BFF0E700000000000010B510B147
:1003900009B102B103B910BD1C68B4F9024004EB05
:1003A0008404640000EE104AB8EEC00A80ED000A32
:1003B0001C68B4F90040644204EB8404640000EE5D
:1003C000104AB8EEC00A81ED000A1C68B4F9044076
:1003D000644204EB8404640000EE104AB8EEC00AE4
:1003E00082ED000A00BFD6E770B52DED0A8B82B012
:1003F00004469FED700A8DED010A9FED6E0A8DEDAA
:10040000000A9FED6C0AF0EE408A9FED6A0AB0EE9A
:10041000408A01F01BFA05460B2004F0E7FD20B1ED
:100420009FED650AF0EE408A6BE0022D02D0662D4A
:1004300000D025B99FED600AF0EE408A61E0694680
:1004400001A801F05FF99DED000ADFED5C0AB4EE52
:10045000E00AF1EE10FA18D2DDED000AB1EE041A4E
:10046000F4EEC10AF1EE10FA06DDDDED000A9FEDB3
:10047000531A80EE810A01E09FED510ADFED510A27
:1004800060EE200AF0EE608A3BE09DED010ADFEDB0
:100490004E0AB4EEE00AF1EE10FA2EDD4B48408928
:1004A00000EE900AF8EE600A9DED011AF4EEC10A22
:1004B000F1EE10FA16DD4548408900EE900AF8EE9C
:1004C000600A9DED011A30EEC11A4048408900EEE5
:1004D000900AF8EE600ADFED3C1A70EEE10A81EE58
:1004E000200A01E09FED330ADFED360A9FED381A4E
:1004F00041EE000AF0EE608A03E09FED360AF0EE6E
:10050000408A9FED2C0AB0EE408A00262AE006EBD6
:10051000C60204F1640000EBC20090ED080A10EE80
:10052000101A084607F0F8FB41EC1C0BB0EE4C0A21
:10053000F0EE6C0AFEF75CF8B0EE40AAF0EE60AAAE
:1005400018EE100A07F0E8FB41EC1B0B53EC1A2BDA
:1005500006F094FD41EC190B06F02EFC08EE100A93
:10056000701CC6B2042ED2DBB4EEE88AF1EE10FAAB
:100570001CDDC8EE880AB0EE600AD4ED210A60EEF8
:10058000800AC4ED210AD4ED330A60EE800AC4ED7E
:10059000330AD4ED450A60EE800AC4ED450AD4ED75
:1005A000570A60EE800AC4ED570A00BF02B0BDECE6
:1005B0000A8B70BD0000000000007A47000048422E
:1005C000CDCCCC3D00007A4600002042A73500206B
:1005D00000409C4600A00C472DE9F0412DED028B18
:1005E0000746884614461CB117B1B8F1000F03D175
:1005F000BDEC028BBDE8F0812068B0F902000A284A
:1006000005DC2068B0F9020010F10A0F03DA206857
:10061000B0F9025000E000252068B0F900000A2877
:1006200005DC2068B0F9000010F10A0F03DA206839
:10063000B0F9006000E0002600EE105AB8EEC00AE3
:10064000DFED350A20EE208A00EE106AB8EEC00A0F
:10065000DFED320A60EE208A2068007D00F00100A4
:1006600020B194ED840AB0EE408A08E02068007D55
:1006700000F0020018B194ED850AB0EE408A2068BF
:10068000007D00F0040020B194ED860AF0EE408A6F
:1006900008E02068007D00F0080018B194ED870A9A
:1006A000F0EE408AB0EE480A04F5E67000F005FE70
:1006B000B0EE680A04F5EE7000F0FFFD9FED180A39
:1006C000B4EEC08AF1EE10FA0AD29FED160AB4EE2B
:1006D000C08AF1EE10FA03DD9FED130A84ED740A6F
:1006E0009FED120AF4EEC08AF1EE10FA0AD29FEDE5
:1006F000100AF4EEC08AF1EE10FA03DD9FED0A0A4B
:1007000084ED780A94ED740A87ED000A94ED780A76
:1007100088ED000A00BF6BE7A69BC43B0AD7A3BBCA
:1007200090C2753D90C275BD00000000CCCC4C3D20
:10073000CCCC4CBD10B52DED028B84B004461CB959
:1007400004B0BDEC028B10BD9FED910A8DED030A44
:100750009FED8F0A8DED020A9FED8D0A8DED010A46
:10076000234601AA02A903A8FFF74EFA207C00281D
:1007700070D19FED870AB0EE408A9FED850AF0EEBA
:10078000408A6068D0ED3A0AF1EE600AB0EE600A85
:10079000EFF780FEB0EE408A6068D0ED3A0AF1EEE5
:1007A000600AB0EE600AEFF739FEF0EE408A9DED88
:1007B000030A28EE800ADDED020A08EE200A84ED25
:1007C0007E0AB1EE480ADDED030A20EE200ADDEDD7
:1007D000020A08EEA00A84ED7F0A9FED6E1ADFED93
:1007E0006E0A9DED010A02F04FFD84ED820A94ED40
:1007F000821AF0EE410A606890ED3A1AB0EE410AB2
:1008000004F5C270F9F788FFB1EE400A84ED800A62
:10081000D4ED841AB0EE611AD4ED851AF0EE610AB7
:10082000D4ED7E1AB0EE610A00F0F2FD84ED7E0A8E
:10083000D4ED861AB0EE611AD4ED871AF0EE610A93
:10084000D4ED7F1AB0EE610A00F0E2FD84ED7F0A7C
:100850009BE0FFE7207C012844D19FED4D0AB0EEDC
:10086000408A9FED4C1ADFED4C0A9DED010A02F023
:100870000BFD84ED830AD4ED830A94ED881A70EEA3
:10088000C10AB0EE600A9FED431ADFED430A02F0A1
:10089000FBFCB0EE408AF0EE480A9FED3D0A04F5FD
:1008A000C270F9F739FF84ED800A94ED840AB0EE46
:1008B000401A94ED850AF0EE400A9DED030A00F01F
:1008C000A7FD84ED7E0A94ED860AB0EE401A94ED01
:1008D000870AF0EE400A9DED020A00F099FD84EDD2
:1008E0007F0A52E0207C022838D19FED290AB0EE21
:1008F000408A9FED270AF0EE408A6068D0ED3A0A00
:10090000F1EE600AB0EE600AEFF7C4FDB0EE408A87
:100910006068D0ED3A0AF1EE600AB0EE600AEFF7D7
:100920007DFDF0EE408A9DED030A28EE800ADDEDA4
:10093000020A08EE200A84ED7E0AB1EE480ADDEDD7
:10094000030A20EE200ADDED020A08EEA00A84ED7B
:100950007F0AB2EE000A84ED800A16E0207C0328AC
:1009600013D19DED030A84ED7E0A9DED020A84ED0C
:100970007F0A9DED010A84ED800A9FED050A84ED52
:10098000740A9FED030A84ED780A00BFD8E60000E0
:1009900000000000DB0F4940DB0F49C010B50446E2
:1009A00004B910BD2046FFF77FF900BFF9E700004A
:1009B00040F2651005F0D2F82E48FFF721FC02E066
:1009C000022005F0CBF8012004F010FB0028F7D13D
:1009D000022004F00BFB0028F2D1032004F006FBF8
:1009E0000028EDD1042004F001FB0028E8D104F038
:1009F000FDFA0028E4D13CE01E48FFF7CFFF1D4878
:100A0000FFF76AFC1B48FFF7BBFA1A48FFF792FE94
:100A10001848FFF79FF9012004F0E8FA58B10220C6
:100A200004F0E4FA38B1032004F0E0FA18B104202D
:100A300004F0DCFAA8B9002004F0D8FA30B10023A1
:100A40001A4619461846F2F7BBF90AE0094CB4F900
:100A50006030B4F94C20B4F93810B4F92400F2F73E
:100A6000AFF9022005F07AF8002004F0F7FE024901
:100A70000860C1E7AC2D002068010020F1EE401AAB
:100A800071EEE01A9FED102A42EE011AC0ED001A35
:100A900070EE601A9FED0C2A42EE011AC0ED011AA9
:100AA00070EE201A9FED092A42EE011AC0ED021ADB
:100AB000F1EE401A71EEA01A9FED042A42EE011ADF
:100AC000C0ED031A70470000EB5138BEAF4761BE5E
:100AD00010B109B102B103B970479FED070A80ED6B
:100AE000000A9FED050A81ED000A9FED030A82EDE1
:100AF000000A00BFF0E70000000000002DE9FE43FF
:100B00008046894614461D46DDE90A673E4890F84E
:100B1000500260BB01213C4880F8501290ED850ADC
:100B200080ED900AD0F8240101883748A0F84C12D3
:100B300090ED400A80ED8E0A006901883248A0F8E5
:100B4000481290ED850A80ED910AD0F824010188C1
:100B50002D48A0F84E1290ED400A80ED8F0A0069F2
:100B600001882948A0F84A120020BDE8FE832648E3
:100B700090F85002052845D123464A46414623486D
:100B80008DE8E000FEF700FD94ED000ADFED200A9D
:100B900030EE600A84ED000A95ED000ADFED1C0AD4
:100BA00030EE200A85ED000A96ED000ADFED180A06
:100BB00030EE600A86ED000A97ED000ADFED140AB8
:100BC00030EE200A87ED000AB8F800100E48A0F8B1
:100BD000EE1094ED000A80ED3C0A95ED000A80EDE0
:100BE0003D0AB9F80010A0F8021296ED000A80ED57
:100BF000810A97ED000A80ED820A002180F85012E8
:100C00000120B2E70020B0E7F43100202C340020AE
:100C1000CDCCCC3D074800680749B0FBF1F007494F
:100C20000870044800684FF47A71B0FBF1F0044991
:100C300008607047A000002040420F00A80000207C
:100C4000AC00002070B503460024002100200022E3
:100C500000254FF0E02675690D4E367803FB06F44B
:100C60004FF0E026B16910E04FF0E026B06988420D
:100C70000BD0884202D20E1A324402E02E1A0E44E1
:100C800032440146A24200D300E0EDE700BF70BD50
:100C9000A800002010B5044604EBC400454901EB50
:100CA0008000006804EBC401424A02EB8101486005
:100CB00005F0FCFD04EBC4013E4A02EB8101086033
:100CC00004EBC400114601EB8000C07CC0F380102F
:100CD000B0B104EBC40001EB8000C07C20F0400008
:100CE00004EBC40102EB8101C87404EBC40011469B
:100CF00001EB8000006804EBC40102EB8101C860D5
:100D000004EBC4002B4901EB8000806990B304EB35
:100D1000C401284A02EB81018869804758B304EB7B
:100D2000C400244901EB8000C07C20F0200020306A
:100D300004EBC4011F4A02EB8101C87404EBC40038
:100D4000114601EB8000C07C20F08000803004EB75
:100D5000C40102EB8101C87404EBC400114601EB2D
:100D60008000006A28B304EBC40102EB8101086A29
:100D700080471EE00FE0FFE704EBC4000D4901EBE4
:100D80008000C07C20F0800004EBC401094A02EB23
:100D90008101C8740DE004EBC400064901EB80003A
:100DA000C07C20F0800004EBC401024A02EB810108
:100DB000C87410BDD82F002010B596B00446542238
:100DC0005A4901A8EFF7E4FC00209FE000EB400146
:100DD00001AA32F8112000EBC001554B03EB810151
:100DE000098A62F30B0100EBC00203EB820211825D
:100DF00000EB400101AA02EB41014A8800EBC0016F
:100E000003EB8101B1F8111062F30F1100EBC00286
:100E100003EB8202A2F8111000EB400101AA02EBE1
:100E20004101097900EBC00203EB8202D27C61F33D
:100E3000440200EBC00103EB8101CA74002100EB06
:100E4000C00203EB8202916100EBC00203EB82025D
:100E5000D16100EBC00203EB8202116200EBC00122
:100E60001A4602EB8101C97C21F00101491C00EB0B
:100E7000C00203EB8202D17400EBC0011A4602EB00
:100E80008101C97C21F02001203100EBC00203EB7D
:100E90008202D17400EBC0011A4602EB8101C97CC9
:100EA00021F04001403100EBC00203EB8202D1741B
:100EB00000EBC0011A4602EB8101C97C21F08001E0
:100EC000803100EBC00203EB8202D1749FED190A5E
:100ED00010EE101A00EBC00203EB8202516100EB2E
:100EE000C0011A4602EB81010C6000EBC00102EB6D
:100EF00081014C6000EBC00102EB81018C6000EBD2
:100F0000C00102EB8101CC60411CC8B20E28FFF683
:100F10005DAF00210648C0F8EC110749C0F8F01198
:100F20000021C0F8F41116B010BD0000C482010801
:100F3000D82F0020000000004DA0000805F0B6FCEE
:100F40009B49086008460068FFF736FF392004F027
:100F500005FE2CE105F0AAFC954908600E20954994
:100F60000870954890F80B0220F04001924880F8F4
:100F70000B1290F80B0220F020018F4880F80B1222
:100F8000002409E104EBC4008B4901EB8000C07C24
:100F900000F0010000B9FEE004EBC400864901EB5B
:100FA0008000006882490968081A04EBC401824A7B
:100FB00002EB8101098AC1F30B01884260D904EB7D
:100FC000C400114601EB8000C07CC0F3401008BB98
:100FD00004EBC40001EB8000C07C20F040004030F6
:100FE00004EBC40102EB8101C87404EBC400114698
:100FF00001EB8000C07C20F02000203004EBC40115
:1010000002EB8101C8746A48006804EBC40102EB7A
:101010008101886004EBC400674901EB8000C07C5B
:10102000C0F343006349097801EBC101624A02EB56
:101030008101C97CC1F34301884201DD5D490C7027
:101040005D4890F80B0220F0400040305A4981F88A
:101050000B02084690F80B0220F02000203081F8A7
:101060000B0204EBC40001EB8000C069002806D02D
:1010700004EBC401504A02EB8101C869804789E052
:1010800004EBC4004C4901EB8000C0684849096882
:10109000081A04EBC401484A02EB8101B1F81110AF
:1010A000B0EB111F1BD204EBC400114601EB800012
:1010B000C07C20F0400004EBC40102EB8101C87445
:1010C00004EBC400114601EB8000C07C20F020003E
:1010D000203004EBC40102EB8101C8745AE004EB38
:1010E000C400354901EB8000C07C20F0400004EBD7
:1010F000C401314A02EB8101C87404EBC4001146FB
:1011000001EB8000C07CC00968B104EBC40001EBB6
:101110008000C07C20F02000203004EBC40102EBF2
:101120008101C8740DE004EBC400234901EB800089
:10113000C07C20F0200004EBC4011F4A02EB8101B7
:10114000C87404EBC4001C4901EB8000006804EB88
:10115000C401194A02EB8101496888421AD904EB9B
:10116000C400114601EB8000006804EBC40102EBEF
:1011700081014968401A00EE100AF8EE400A9FED1E
:101180000F1A81EE200A10EE100A04EBC40102EBE4
:101190008101486100BF641C0E2CFFF6F3AE0A20EB
:1011A00004F0DCFC002004F059FB05490860D1E69E
:1011B0007001002074010020D82F002000007A4424
:1011C0006C01002070B504460026FDF721F80546A5
:1011D00072B661682069884201D92068206120695F
:1011E00006782069401C2061A068401CA060E0686F
:1011F000401EE0602846FDF739FA304670BD0346D0
:1012000019608818401E58609A600020D8601961E3
:10121000596170472DE9F047044688461546FCF7AA
:10122000F7FF824672B6B8F1000F00D13CE0A0682B
:1012300000B939E061686069884201D9206860615D
:10124000A068A84201DD284600E0A0680546616963
:101250006068401A461CAE4209DB2E4632464146C3
:101260006069EFF750FA6069304460610FE0A5EB08
:101270000609324641466069EFF745FA08EB060178
:101280004A462068EFF73FFA206848446061A0684A
:10129000401BA060E0682844E0602F465046FDF700
:1012A000E5F93846BDE8F0875046FDF7DFF94FF025
:1012B000FF30F7E70146C868704710EE101A01606A
:1012C000816800EE901AC16801EE101A70EE811A62
:1012D000816800EE901A80EEA11A416800EE901A23
:1012E00061EE200A816801EE101AC16801EE901AC1
:1012F00031EE212A01EE101AC1EE021A016801EE48
:10130000101A41EE810A10EE901A416070470000F9
:1013100010EE102AC2600A688260DFED050A10EE46
:10132000902A0260DFED020A10EE902A42607047B8
:101330000000000030B587B005460C46284600F096
:101340007DF8049000200290022006900594F3F7A7
:10135000F1FC01A902A8F3F741FCF3F795FC07B0F3
:1013600030BD70B504460D461646B20021462846EB
:10137000EFF7C9F970BD00002DE9F04104460D46B4
:101380001646F3F7D7FC1E480460204600F0DEF94D
:101390001C4908601C48056000201C49086024E0C6
:1013A0001948006807683A4600231548016802207A
:1013B000F3F774FC98B912480068001D10490860E2
:1013C00011480068001D1049086010480068401C62
:1013D0000E49086008460068B04206D10BE0F3F7FA
:1013E00053FC4FF0FF30BDE8F08105480068054927
:1013F00009688842D4D900BFF3F746FC0020F2E721
:10140000B0000020B4000020B8000020BC00002084
:10141000F0EE401AF4EEE01AF1EE10FA02D2B0EE5D
:10142000600A7047F4EEC11AF1EE10FA02DDB0EE78
:10143000410AF6E7B0EE610AF3E70000014600203A
:10144000304A914203D2B1F1006F00D358E02E4AE6
:10145000914204D22B4A914201D3012050E02B4A01
:10146000914204D2284A914201D3022048E0284AFE
:10147000914204D2254A914201D3032040E0254AFB
:10148000914204D2224A914201D3042038E0224AF8
:10149000914204D21F4A914201D3052030E01F4AF5
:1014A000914204D21C4A914201D3062028E01C4AF2
:1014B000914204D2194A914201D3072020E0194AEF
:1014C000914204D2164A914201D3082018E0164AEC
:1014D000914204D2134A914201D3092010E0134AE9
:1014E000914204D2104A914201D30A2008E0B1F19E
:1014F000016F04D20D4A914201D30B2000E00B2072
:1015000070470000004000080080000800C000088C
:10151000000001080000020800000408000006089E
:101520000000080800000A0800000C0800000E086F
:1015300000487047D441002030B5034613B94FF638
:10154000FF7030BD09E013F8014B82EA0400C0B21D
:10155000054D35F8100080EA2222081EA1F1010194
:10156000F1D11046EDE7000068A7010830B5034649
:1015700005E013F8010B80EA02040448025D081E2E
:10158000A1F10101F5D1104630BD000067A60108A8
:1015900000487047703500202DE9F04104460D46A3
:1015A00016461F4614B10DB106B10FB9BDE8F08162
:1015B000D4ED010A94ED031A60EE810A94ED001A4D
:1015C000D4ED021A41EE610AB8EE001A60EE810A0B
:1015D000B0EE600AF0F784FF86ED000A94ED001A81
:1015E00021EE011AD4ED011A94ED012A01EE821ABE
:1015F000F7EE001AB0EE002A52EE011AF0EE610A80
:1016000094ED001AD4ED031A21EE211AD4ED011A3B
:1016100094ED022A01EE821AF0EE001A21EE211A50
:10162000B0EE410AF0F768FF85ED000A94ED001A6C
:1016300021EE011AD4ED031A94ED032A01EE821A69
:10164000F7EE001AB0EE002A52EE011AF0EE610A2F
:1016500094ED001AD4ED011A21EE211AD4ED021AEC
:1016600094ED032A01EE821AF0EE001A21EE211AFF
:10167000B0EE410AF0F740FF87ED000A00BF95E7A2
:10168000064890ED000ADFED060A20EE200ABCEEC7
:10169000C00A10EE100A80B270470000B4020020A9
:1016A0000000C84210B52DED028B002008EE100A94
:1016B00008210B48FDF7DEF908EE100AB8EE480ADB
:1016C0000848D0ED000A20EE200ADFED070A20EEE0
:1016D000200AF0EE408AB0EE680ABDEC028B10BD25
:1016E00018050020A40000205D742141014601F08E
:1016F000030000EB8000024A02EB4000704700004C
:10170000F02C0020054A52680260044A128900EE5B
:10171000102AB8EE400A81ED000A7047B435002067
:10172000014890F903007047D0000020004870473E
:10173000D82F002000487047362D00200048704701
:10174000402D0020004870473C3500200146002015
:101750002D4A914204D2B1F1006F01D3104651E0FD
:101760002A4A914204D2284A914201D3274849E0AB
:10177000274A914204D2254A914201D3244841E0AC
:10178000244A914204D2224A914201D3214839E0AD
:10179000214A914204D21F4A914201D31E4831E0AE
:1017A0001E4A914204D21C4A914201D31B4829E0AF
:1017B0001B4A914204D2194A914201D3184821E0B0
:1017C000184A914204D2164A914201D3154819E0B1
:1017D000154A914204D2134A914201D3124811E0B2
:1017E000124A914204D2104A914201D30F4809E0B3
:1017F0000F4A914204D20D4A914201D30C4801E0B4
:101800004FF00160704700000040000800800008B1
:1018100000C00008000001080000020800000408E1
:10182000000006080000080800000A0800000C0874
:1018300000000E0800487047222D00200048704725
:101840001833002000487047813E0020014800788E
:1018500070470000A7350020034AD2880280034A5F
:1018600092890A8070470000A7350020B435002017
:1018700010B52DED028B002008EE900A10210F48C4
:10188000FDF7F8F808EE900AB8EE680A0C48D0EDBB
:10189000000A20EE200AB0EE408A9FED0A0A78EE98
:1018A000400A9FED091AB3EE090A00EE810AB0EE74
:1018B000408AB0EE480ABDEC028B10BDD004002077
:1018C000A40000205C8F423F0000C84300487047DE
:1018D0002C2D002000487047182D0020004870472C
:1018E0000432002070B52DED088B05460E461446D7
:1018F0000DB106B114B9BDEC088B70BD2068B0F90C
:1019000004000A2805DC2068B0F9040010F10A0F71
:1019100004DA206880886749088002E00020654971
:1019200008802068B0F906000A2805DC2068B0F9B4
:10193000060010F10A0F04DA2068C0885E490880AA
:1019400002E000205C49088094ED480A6068D0ED10
:10195000000AB4EE600AF1EE10FA09D194ED8D0A96
:101960006068D0ED010AB4EE600AF1EE10FA5AD0C8
:10197000606890ED000A10EE101A084606F0CCF9E7
:1019800041EC1B0B9FED4D0B53EC102B05F0F2FCC3
:1019900041EC190B4748B0F9000000EE100AB8EE10
:1019A000C00ADFED480A20EE200A10EE101A0846A1
:1019B00006F0B2F941EC1A0B53EC192B05F05EFB63
:1019C00041EC180B05F0F8F92860606890ED010A09
:1019D00010EE101A084606F09FF941EC1B0B9FED24
:1019E0003A0B53EC102B05F0C5FC41EC190B3248B7
:1019F000B0F9000000EE100AB8EEC00ADFED340ABC
:101A000020EE200A10EE101A084606F085F941EC87
:101A10001A0B53EC192B05F031FB41EC180B05F0B8
:101A2000CBF930602FE02348B0F9000000EE100A37
:101A3000B8EEC00ADFED230A20EE200A2068B0F9D4
:101A40000C0000EE900AF8EEE00A9FED221A00EE7C
:101A5000C10A85ED000A1848B0F9000000EE100A2E
:101A6000B8EEC00ADFED1A0A20EE200A2068B0F9AD
:101A70000E0000EE900AF8EEE00A9FED171A00EE55
:101A8000810A86ED000A606890ED000A84ED480A3C
:101A9000606890ED010A84ED8D0A9FED100A606880
:101AA00080ED000A9FED0D0A606880ED010A00BF1D
:101AB00021E70000780100207A01002000000040AA
:101AC0002AA973BFACC5A7B6000000C0749368BF55
:101AD0009C53C9B617B7513817B7D138000000006A
:101AE00010B52DED048B0446B0EE408AF0EE608A0E
:101AF000B0EE419A24B99FED260ABDEC048B10BDCF
:101B000084ED048AC4ED038A78EEC89A9FED211A09
:101B1000DFED210AB0EE690A01F0B6FB84ED050A9B
:101B200094ED000AD4ED050A20EE200A84ED080A9F
:101B300094ED090AD4ED010A94ED051A00EE810A2C
:101B400084ED090A94ED020A20EE090A84ED0A0ADE
:101B5000D4ED070AB0EE600A04F12400FCF7C4FDDE
:101B600094ED080AD4ED090A30EE200AD4ED0A0AF1
:101B700030EE200A84ED0B0AD4ED060AB0EE600ABE
:101B800004F12C00FCF7B0FD94ED0B0AB5E7000062
:101B900000000000DB0F4940DB0F49C000B970476F
:101BA0009FED090A80ED040A80ED030A80ED050A25
:101BB0009FED050A80ED0A0A80ED090A80ED080A0A
:101BC00080ED0B0A00BFEAE70000000000B9704793
:101BD00080ED001AC0ED011A80ED022ADFED062A21
:101BE000C0ED052ADFED042AC0ED042AC0ED070A86
:101BF00080ED060A00BFEAE70000000010B508B15A
:101C000001B102B910BD1368B3F904300A2B05DC29
:101C10001368B3F9043013F10A0F04DA13689B88D0
:101C2000254C238002E00023234C23801368B3F962
:101C300006300A2B05DC1368B3F9063013F10A0FDE
:101C400004DA1368DB881D4C238002E000231B4C60
:101C50002380194BB3F9003000EE103AB8EEC00AF9
:101C6000DFED170A20EE200A1368B3F90C3000EEFE
:101C7000903AF8EEE00A9FED131A00EEC10A80EDEB
:101C8000000A0E4BB3F9003000EE103AB8EEC00A6D
:101C9000DFED0D0A20EE200A1368B3F90E3000EED6
:101CA000903AF8EEE00A9FED091A00EE810A81ED04
:101CB000000A00BFA6E70000840100208601002082
:101CC000ACC5A7B617B751389C53C9B617B7D138AA
:101CD00010B52DED028B0446B0EE408A14B9BDEC70
:101CE000028B10BD94ED3D0A094880ED000AD0ED4D
:101CF000000A70EE880AB0EE600A9FED061ADFED6A
:101D0000060A01F0C1FA84ED3D0A00BFE7E70000D2
:101D1000A4010020DB0F4940DB0F49C070B5064627
:101D20000C4615460EB104B105B970BD22480078C5
:101D300028B92A462146304600F0C0FE3AE01E4847
:101D40000078012805D12A462146304600F0F0FBF4
:101D500030E019480078022805D12A46214630464D
:101D600000F05AF926E014480078032805D12A46E5
:101D700021463046FFF742FF1CE00F480078042858
:101D800005D12A462146304600F042FD12E00A48BD
:101D90000078052805D12A462146304600F08AFC05
:101DA00008E005480078062804D12A462146304636
:101DB000FFF798FD00BFB8E77601002010B5044694
:101DC00004B910BD204600F049F82348007828B92E
:101DD000002184F8EC1084F800123AE01E480078E4
:101DE000012805D1022184F8EC1084F8001230E0BB
:101DF00019480078022805D1002184F8EC1084F8F5
:101E0000001226E014480078032805D1012184F847
:101E1000EC1084F800121CE00F480078042805D16B
:101E2000022184F8EC1084F8001212E00A480078CD
:101E3000052805D1022184F8EC1084F8001208E08E
:101E400005480078062804D1032184F8EC1084F8B2
:101E5000001200BFB5E700007601002010B52DED9F
:101E6000048B044614B9BDEC048B10BD63480078A4
:101E7000022805D14FF41470005D052800D0F2E768
:101E80004FF41470005D012807D1002003F0AEF874
:101E900018B9022059490870E5E758480078012828
:101EA00071D157480088401C5549088094ED3E0A7E
:101EB000DFED540A30EE600A10EE101A084605F005
:101EC0002BFF41EC190BB0EE490AF0EE690AFCF762
:101ED0008FFBB0EE408AF0EE608A9FED4B0B53EC27
:101EE000102B51EC180B05F009FA29D294ED850A54
:101EF000DFED440A30EE600A10EE101A084605F0D5
:101F00000BFF41EC190BB0EE490AF0EE690AFCF741
:101F10006FFBB0EE408AF0EE608A9FED3B0B53EC16
:101F2000102B51EC180B05F0E9F909D2384800885C
:101F3000642810DA36480088401C354908800AE0D9
:101F40002F48008840F6B831884204DA2C480088CF
:101F5000401C2B4908802A48008840F6B831884246
:101F60000CDA2B480088642808DA2068807A022876
:101F700004D0002003F03AF800B974E700202449A7
:101F800008801F4908802068807A022803D1002039
:101F90001A4908701CE02068807A03280AD120685A
:101FA000C07C18B106201549087011E003201349C0
:101FB00008700DE02068807A012809D12068C07C73
:101FC00018B106200D49087002E003200B49087083
:101FD000002003F00BF810B10020084908700D48EC
:101FE000007828B90548007810B10120034908702D
:101FF000024800780749087000BF34E776010020E6
:102000007C01002000000000000000A09999B93F69
:102010007E0100208001002010B508B101B102B995
:1020200010BD4FF414739B5C012B2ED19FED690AF8
:1020300081ED000A9FED680A80ED000A92ED870AA3
:10204000DFED660AB4EEE00AF1EE10FA1CD2644B42
:102050001B885B1C624C238023461B88B3F5FA6FF8
:1020600012DD0023238092ED850A82ED900AD2F8DA
:1020700024311C884FF413739C521B1D9B5C5B1C0A
:10208000DCB24FF414739C54A2E04FF414739B5CC5
:10209000022B2ED19FED530A81ED000A9FED4E0ACF
:1020A00080ED000A92ED870ADFED4C0AB4EEE00AFB
:1020B000F1EE10FA1CD24A4B1B885B1C484C238063
:1020C00023461B88B3F5FA6F12DD0023238092EDBF
:1020D000850A82ED910AD2F824311C8840F24E2301
:1020E0009C529B1C9B5C5B1CDCB24FF414739C5495
:1020F0006EE04FF414739B5C032B2ED19FED360AD8
:1021000081ED000A9FED330A80ED000A92ED420A4C
:10211000DFED320AB4EEE00AF1EE10FA58D2304B9D
:102120001B885B1C2E4C238023461B88B3F5FA6F5B
:102130004EDD0023238092ED400A82ED8E0A136962
:102140001C884FF412739C524FF414739B5C5B1CFD
:10215000DCB24FF414739C543AE04FF414739B5C5C
:10216000042B2DD19FED1C0A81ED000A9FED1D0A65
:1021700080ED000A92ED420ADFED180AB4EEE00AA3
:10218000F1EE10FA24D2164B1B885B1C144C2380F2
:1021900023461B88B3F5FA6F1ADD0023238092EDE6
:1021A000400A82ED8F0A13691C8840F24A239C5230
:1021B0009B1D9B5C5B1CDCB24FF414739C5407E0CA
:1021C0004FF414739B5C052B02D10023044C238035
:1021D00000BF25E70000FA4500000000CDCCCC3D53
:1021E000820100200000FAC50948007801280AD0C1
:1021F00007480078022806D005480078052802D054
:102200000348007808B9012070470020FCE700006F
:102210007601002007480078012806D0054800789C
:10222000022802D00348007808B901207047002036
:10223000FCE700007601002010B5044604B910BD8B
:1022400094F8EC0020B904F1100000F0A0FA19E0B5
:1022500094F8EC00012804D104F1100000F03AFADF
:1022600010E094F8EC00022804D104F1100000F012
:102270009FFA07E094F8EC00032803D104F1100062
:1022800000F056FA94F8000220B904F5927000F0BC
:102290007EFA19E094F80002012804D104F5927046
:1022A00000F018FA10E094F80002022804D104F5B6
:1022B000927000F07DFA07E094F80002032803D141
:1022C00004F5927000F034FA00BFB8E710B52DEDB8
:1022D000028B044614B9BDEC028B10BDA06890EDD2
:1022E000020AB1EE400A84ED850AB4F80212D4F86D
:1022F0002421108801F042F8B1EE400A84ED830AEF
:10230000E06890ED000AB1EE400A84ED870AA0680B
:1023100090ED000A84ED400AB4F8EE1022691088AE
:1023200001F02CF884ED3E0AD4ED830AB0EE600A89
:10233000EEF774F8E068D0ED020A20EE208AD4EDC2
:10234000830AB0EE600AEEF7A5F8E068D0ED000A67
:1023500000EE608A84ED428A00BFBCE710B50446F7
:10236000FFF7B8FA2061FFF765FAC4F82401FFF718
:102370000FF9A060FFF7E6F9E060FFF763FA20606D
:10238000FFF7D6F860609FED5E0A84ED480A9FED86
:102390005C0A84ED8D0A002184F8ED1084F8EC10BD
:1023A00084F8011284F800129FED562ADFED541ACA
:1023B0009FED551ADFED520AB2EE040A04F1140043
:1023C000FFF704FC9FED4E2ADFED4D1A9FED4C1AEE
:1023D000DFED4B0A9FED4A0A04F14400FFF7F6FBDC
:1023E0009FED4A2ADFED461A9FED451ADFED440ABC
:1023F000B2EE040A04F17400FFF7E8FBDFED440AD3
:102400009FED440A444A002104F1A400F8F7A2FA1F
:102410009FED422ADFED3A1AB1EE041ADFED380AD9
:10242000B2EE040A04F59470FFF7D0FB9FED342A56
:10243000DFED331A9FED321ADFED310A9FED300ADE
:1024400004F5AC70FFF7C2FBB8EE002AF6EE001AF6
:102450009FED331ADFED2A0AB2EE040A04F5C470C8
:10246000FFF7B4FBDFED260A9FED2E0A2E4A00216E
:1024700004F5DC70F8F76EFA04F11400FFF78EFB38
:1024800004F14400FFF78AFB04F1A400F8F73CFADA
:1024900004F59470FFF782FB04F5AC70FFF77EFB48
:1024A00004F5DC70F8F730FA2046FFF70FFF94EDE3
:1024B000400A84ED410A94ED3E0A84ED3F0A94ED12
:1024C000420A84ED430A94ED850A84ED860A94ED70
:1024D000830A84ED840A94ED870A84ED880AB7EEB6
:1024E000000A84ED3C0ABFEE000A84ED3D0A9FED30
:1024F0000F0A84ED810ABEEE000A84ED820A10BD47
:10250000000000008FC2F53D6666A6400000008016
:1025100000803B4500606A4624830108CDCC4C3DD9
:102520000000A0420080BB4418830108CDCC4C3F82
:1025300070B52DED048B05460E4614460DB106B15F
:1025400014B9BDEC048B70BD94ED850ADFED240A4F
:1025500030EEC00A10EE101A084605F0DDFB41EC23
:10256000190BB0EE490AF0EE690AFCF741F8B0EE3B
:10257000408AF0EE608A9FED1B0B53EC102B51EC60
:10258000180B05F096F810D294ED850ADFED140AC9
:1025900030EEC00ADFED150A20EE200A86ED000AB3
:1025A0009FED0F0A85ED000A17E094ED850ADFED37
:1025B0000C0A30EEC00ADFED0D0A20EE200A85ED90
:1025C000000A94ED3E0ADFED060A30EEC00ADFEDA8
:1025D000080A20EE200A86ED000A00BFB1E70000DD
:1025E00000000000000000A09999B93F6F12833BE2
:1025F0000AD7A33B00B9704790F8ED1069B190F885
:10260000EC1051B9B0F91C1100EE101AB8EEC00A66
:1026100080ED460A80ED450A18E090F8ED1001299A
:1026200008D090F8EC10012904D190ED400A80ED1B
:10263000410A0BE090F8ED10022907D090F8EC1059
:10264000022903D190ED3E0A80ED3F0A90F8EC207C
:1026500080F8ED2090F8011269B190F8001251B99C
:10266000B0F9301200EE101AB8EEC00A80ED8B0AF5
:1026700080ED8A0A18E090F80112012908D090F83C
:102680000012012904D190ED850A80ED860A0BE045
:1026900090F80112022907D090F80012022903D104
:1026A00090ED830A80ED840A90F8002280F80122E0
:1026B00000BFA0E708B101B102B970479FED040A5D
:1026C00080ED000A9FED020A81ED000A00BFF4E7E9
:1026D0000000000010B5044604B910BDD4ED3E1A48
:1026E000B0EE611AD4ED3D1AF0EE610AD4ED3C1A59
:1026F000B0EE610A201DFFF7F3F984ED3F0A94ED77
:102700003F1AF0EE410A94ED3E1AB0EE410A04F190
:102710009400F8F701F884ED420A94ED420ABDEE08
:10272000C00A10EE100A00B2A4F80C0100BFD4E7F2
:1027300010B5044604B910BDD4ED3E1AB0EE611ACE
:10274000D4ED3D1AF0EE610AD4ED3C1AB0EE610A08
:1027500004F16400FFF7C4F984ED3F0A94ED3F1AD9
:10276000F0EE410A94ED3E1AB0EE410A04F19400F5
:10277000F7F7D2FF84ED420A94ED420ABDEEC00A9B
:1027800010EE100A00B2A4F80C0100BFD3E700B9A4
:10279000704790ED410A80ED420A90ED420ABDEE8D
:1027A000C00A10EE101A09B2A0F80C1100BFEFE732
:1027B00010B5044604B910BDD4ED3E0AB0EE601A5F
:1027C000D4ED3A0AB0EE600ADFED100A04F13400ED
:1027D000FFF786F984ED3F0A94ED3F1AF0EE410AC7
:1027E00094ED3E1AB0EE410A04F19400F7F794FF1D
:1027F00084ED420A94ED420ABDEEC00A10EE100AC2
:1028000000B2A4F80C0100BFD5E7000000000000F2
:1028100010B508B101B102B910BD1368B3F90430A5
:102820000A2B05DC1368B3F9043013F10A0F04DA3C
:1028300013689B88254C238002E00023234C2380CF
:102840001368B3F906300A2B05DC1368B3F90630B8
:1028500013F10A0F04DA1368DB881D4C238002E0B1
:1028600000231B4C2380194BB3F9003000EE103AC3
:10287000B8EEC00ADFED170A20EE200A1368B3F99C
:102880000C3000EE903AF8EEE00A9FED131A00EEDD
:10289000C10A80ED000A0E4BB3F9003000EE103A89
:1028A000B8EEC00ADFED0D0A20EE200A1368B3F976
:1028B0000E3000EE903AF8EEE00A9FED091A00EEB5
:1028C000810A81ED000A00BFA6E700008801002010
:1028D0008A010020ACC5A7B617B751389C53C9B6BA
:1028E00017B7D13800B97047D0ED3D0A70EE800AB5
:1028F000C0ED3D0AD0ED3D0A90ED381AF4EEC10A64
:10290000F1EE10FA04DDD0ED380AC0ED3D0A0CE01E
:10291000D0ED3D0A90ED391AF4EEC10AF1EE10FA4D
:1029200003D2D0ED390AC0ED3D0A00BFDBE700005D
:102930001CB5044604B91CBD9FED2F0A8DED010A9C
:102940009FED2D0A8DED000A2246694601A8FFF78A
:10295000E5F994F8EC0020B99DED010A84ED450AF3
:102960001FE094F8EC00012806D19DED010A04F166
:102970001000FFF7ADF914E094F8EC00022806D13E
:102980009DED010A04F11000FFF7ACFF09E094F897
:10299000EC00032805D19DED010A04F11000FFF7BA
:1029A00097F994F8000220B99DED000A84ED8A0A97
:1029B0001FE094F80002012806D19DED000A04F5FD
:1029C0009270FFF78FFF14E094F80002022806D1FE
:1029D0009DED000A04F59270FFF784FF09E094F87A
:1029E0000002032805D19DED000A04F59270FFF75F
:1029F0006FF900BF9FE700000000000010B504461B
:102A000004B910BD2046FFF7D9F900BFF9E700006F
:102A1000C92003F0A3F82448FFF7A0FC02F030F926
:102A200005E0012003F09AF81F48FFF74FFC05204E
:102A300002F0DCFA0028F4D1062002F0D7FA0028D0
:102A4000EFD130E01848FFF7D9FF1748FFF7D2FD64
:102A50001548FFF73BFC1448FFF76AFF1248FFF7E1
:102A6000EBFB01F02FFF114908800F48B0F81C0163
:102A70000F4908800C48B0F83002404200B20D49BE
:102A80000880002211460B48B0F90000F0F70AFA5E
:102A90000020F0F72BFA012003F060F8002002F08C
:102AA000DDFE05490860CDE7F431002094010020E7
:102AB00090010020920100208C01002008B101B19A
:102AC00002B970479FED040A80ED000A9FED020AEB
:102AD00081ED000A00BFF4E70000000008B101B179
:102AE00002B9704790ED000AD1ED000A9FED0F1A70
:102AF00001EE600A80ED000A90ED010AD1ED010AB5
:102B00009FED0A1A01EE600A80ED010A90ED020ABB
:102B1000D1ED020A9FED051A01EE600A80ED020A6E
:102B200013885B1C138000BFDBE7000052499D390E
:102B3000F0B50546059C00207FE093ED050A00EB0B
:102B40004006404F07EB8606D6ED000A20EE200A2D
:102B5000D3ED060A00EB400607EB860696ED011A58
:102B600000EE810AD3ED070A00EB400607EB86066C
:102B700096ED021A00EE810A334E06EB8006D6ED82
:102B8000000A30EE200A05EB800686ED000A93ED80
:102B9000010A00EB40062D4F07EB8606D6ED000A32
:102BA00020EE200AD3ED020A00EB400607EB860672
:102BB00096ED011A00EE810AD3ED030A00EB400600
:102BC00007EB860696ED021A00EE810A204E06EB10
:102BD0008006D6ED000A30EE200A01EB800686ED75
:102BE000000A94ED010A00EB40061A4F07EB860637
:102BF000D6ED000A20EE200AD4ED020A00EB4006D2
:102C000007EB860696ED011A00EE810AD4ED030A61
:102C100000EB400607EB860696ED021A00EE810AED
:102C20000D4E06EB8006D6ED000A30EE200A02EBD0
:102C3000800686ED000A461CF0B20328FFF67DAF41
:102C4000F0BD0000D401002078340020F8010020FD
:102C5000903400201C020020B834002010B54D48EC
:102C6000007800F0010068B34B48806C0068006891
:102C700000F0010030BB4848C06C0068006800F0FC
:102C80000100F8B94548007800F00200D0B9444886
:102C9000007800F00200A8B93E48007820F001005A
:102CA0003C4908700846007840F002000870002295
:102CB00001213C48F2F7CAF908223B493B48F8F7A2
:102CC000D5F810BD3548007800F0010068B33248EF
:102CD000806C0068006800F0010030BB2E48C06CBA
:102CE0000068006800F00100F8B92A48007800F098
:102CF0000200D0B92A48007800F00200A8B927489D
:102D0000007820F00100254908700846007840F05E
:102D100002000870002210212548F2F797F90922D5
:102D200024492548F8F7A2F8CBE71D48007800F0C1
:102D3000010068B31848806C0068006800F001006A
:102D400030BB1548C06C0068006800F00100F8B99D
:102D50001048007800F00200D0B91048007800F068
:102D60000200A8B90E48007820F001000C49087054
:102D70000846007840F002000870002210210C483C
:102D8000F2F764F904220D490D48F8F76FF898E757
:102D900000BF96E7CD010020E40D0020CE01002009
:102DA000CF01002000040240AC010020B40100204B
:102DB0000000024048340020BC010020C501002072
:102DC000C901002001490968486370479410002038
:102DD00010B52DED028BB0EE408A2648007830B356
:102DE000FEF79EFC00EE100AB8EEC00AF0EE408A34
:102DF000F0EE680AB0EE480A1F48F7F78DFC1E484F
:102E000090ED080AB5EEC00AF1EE10FA03D29FED7C
:102E10001B0A80ED080A184890ED080ABCEEC00AAB
:102E200010EE100A84B22046FFF7CCFF1FE0FEF739
:102E300077FC00EE100AB8EEC00AB4EEC80AF1EE54
:102E400010FA10D20E480078401C0D490870084650
:102E50000078C82807DD0120064908709FED090A9F
:102E6000054880ED0A0A41F28730FFF7ABFFBDEC61
:102E7000028B10BD40020020D03400200000000072
:102E80004102002000401C4510B52048002101608F
:102E900001711F48016001711E480160416001819C
:102EA00081721D48017020211C48EDF7ABFC1C48C5
:102EB000002101601B4801601B48018081701B4894
:102EC000018081700D211A48EDF79CFC10211948F2
:102ED000EDF798FC184800210160416081601748B7
:102EE0000160818016480180164801701648016013
:102EF000818081711548016081800F211448EDF7B0
:102F000081FC144800210160818010BD5F02002017
:102F1000640200207C3500206902002087350020F3
:102F20006A0200206E02002072020020750200205A
:102F3000A7350020B4350020C435002078020020D9
:102F40007E020020800200208102002088020020F2
:102F5000D03500208E02002070B50025002400BF6F
:102F600006E011210948FBF785FD0444681CC5B241
:102F7000C82DF6DB00EE104AB8EE400ADFED040A79
:102F800080EE801A034880ED001A70BDD004002046
:102F900001007043A4000020704700001FB50446E4
:102FA0006420012103AA0B46CDE9002102902246AC
:102FB0001C210348F2F7F6F99DF80C0004B010BD8F
:102FC000000D002013B584B004466420012105AA39
:102FD0000B46CDE90021029022461C210248F2F75F
:102FE0005BFB06B010BD0000000D002010B50122F3
:102FF00040210248F2F72AF810BD000000180240F4
:1030000010B5002240210248F2F720F810BD000060
:1030100000180240704710B50446204600F0EAFA56
:1030200010BD000070B500250024FFF7B5FFFFF7C5
:10303000F1FFFFF7E5FF3220FFF7EDFFFFF7D6FFC7
:103040003220FFF7E8FF0020FFF7A8FF0546102D0C
:1030500001D0402070BD0120FFF7DDFF002424E0F7
:1030600004EB4402134B1A44517804EB4402985C7D
:10307000FFF7A8FF0120FFF7CEFF04EB44010D4A44
:10308000505CFFF78BFF05460120FFF7C4FF04EB00
:103090004400084908444078A84204D004EB4400A6
:1030A00008448078D6E7601CC4B2042CD8DB00202A
:1030B000D0E700005AA60108002002490968C86349
:1030C00070470000940F002042F2CF0001490968C8
:1030D000C8637047940F00202DED088BCEE00024CC
:1030E000C9E0674850F82400000E00EE100AB8EE60
:1030F000400AB0EE40AA624850F82400C0F30740EE
:1031000000EE100AB8EE400AF0EE40AA5C4830F833
:103110002400C0F3072000EE100AB8EE400AB0EE1B
:1031200040BA574810F8240000EE100AB8EE400AE2
:10313000F0EE40BA5249601C51F82000000E00EE3B
:10314000100AF8EE400A084650F82400000E00EE7F
:10315000100AB8EE400A30EEC00AB0EE408A601C99
:1031600051F82000C0F3074000EE100AF8EE400AC4
:10317000084650F82400C0F3074000EE100AB8EEED
:10318000400A30EEC00AF0EE408A601C31F82000A0
:10319000C0F3072000EE100AF8EE400A084630F8A7
:1031A0002400C0F3072000EE100AB8EE400A30EE0B
:1031B000C00AB0EE409A601C11F8200000EE100A20
:1031C000F8EE400A084610F8240000EE100AB8EEA7
:1031D000400A30EEC00AF0EE409A9FED2A0AC8EE8F
:1031E000000AB0EE608A9FED270AC8EE800AF0EE72
:1031F000608A9FED240AC9EE000AB0EE609A9FED46
:10320000210AC9EE800AF0EE609A00252EE03AEE1F
:10321000080AB0EE40AA3AEEA80AF0EE40AA3BEE49
:10322000090AB0EE40BA3BEEA90AF0EE40BABCEE95
:10323000CA0A10EE100A0106BCEEEA0A10EE100AE5
:1032400041EA0041BCEECB0A10EE100A41EA002030
:10325000BCEEEB0A10EE101A40EA01063046FBF70E
:103260000FFA012000F0C6F9681C85B2B5F57A7F27
:10327000CDDB601C84B2062CFFF633AF2FE70000D5
:10328000B802002000007A44B4EEE01AF1EE10FA21
:1032900000D27047B4EEC10AF1EE10FA0EDD31EE45
:1032A000602AF0EE421A03E030EE612AB0EE420AE4
:1032B000B4EEC10AF1EE10FAF6DC13E0B4EEE00A67
:1032C000F1EE10FA0ED231EE602AF0EE421A03E06F
:1032D00030EE212AB0EE420AB4EEE00AF1EE10FA26
:1032E000F6D300BF00BFD4E7F2F798FBF7F7B6FFBD
:1032F000F6F7E8F9F6F7DCF8F6F716F8F6F74CF813
:10330000F6F782F8F6F7A2F8F6F706FBF6F788FB71
:10331000F6F7DCFCF6F72CFDF6F71EFEF6F78AFD55
:10332000F6F7B6F8F6F752FBF6F714FBF6F730FBB4
:10333000F6F75CFBF6F798FBF6F7F0FBF6F774FC94
:10334000F6F7B6FBF6F7ECFDF6F724FEFCF72EFCDD
:10335000FDF760FCFCF72AFB01F080F9EFF70EFBAC
:10336000F6F702F900F052F900BFFEE7014600202F
:10337000842901D0CA1C1044704700000246501A2C
:10338000B0F5805F03DDA0F5F850FF3805E010F5DB
:10339000805F02DA41F6FF73184400EE100AB8EEBF
:1033A000C00ADFED020A20EE200A7047DB0F493A1F
:1033B000FEF7BCF9794908604FF47A7000F01AF909
:1033C000F6F79EFEF6F72CFE642408E0F6F736FECC
:1033D00010B10D20FDF75EFC0A2000F00BF9201E55
:1033E000A4F10101CCB2F1D1D6E0F6F727FE10B17D
:1033F0000D20FDF74FFC0D2001F0F8FD6849087025
:1034000068480078012804D10846007808B9F6F722
:1034100077FE6348007800287ED163480078401C1E
:1034200061490870084600780A2875D9002008709C
:10343000F6F7EAFE5D4A01210020F6F7A5FFFEF748
:103440001FF90A2809DAFEF71BF907463B4658A27E
:1034500002210920F6F702FF16E0FEF711F96428B1
:1034600009DAFEF70DF907463B4651A20221062074
:10347000F6F7F4FE08E0FEF703F907463B464CA2D8
:1034800002210320F6F7EAFE4AA21B215A20F6F792
:10349000C0FF42480068C07CC0F34010474901EBC0
:1034A000C0021B217320F6F76FFF012436E0611E76
:1034B0004801C11700EB5161C911A0EBC111CDB298
:1034C000601EC11700EB9171891001EB41010F22C1
:1034D00002EB8101CEB24D2231462846F6F70EFFAF
:1034E00004F13001CAB2A91DC8B23146F6F706FF91
:1034F00004EBC401294B1B6803EB8101C97CC1F3B8
:1035000040112E4B03EBC10205F10C01C8B231464C
:10351000F6F73AFF601C00E037E0C4B2082CC6DBC7
:1035200008242EE06001C11700EB5161C911A0EB26
:10353000C111CDB22046E11704EB9171891001EB66
:1035400041010F2202EB8101CEB208381C4901EB88
:10355000800231462846F6F75CFF04EBC4010F4BAE
:103560001B6803EB8101C97CC1F34011134B03EBD2
:10357000C10205F11201C8B23146F6F705FF601C21
:10358000C4B20C2CCEDBF6F789FE0548007805495D
:1035900008700A2000F02EF827E7000048020020FB
:1035A0005D0200205C0200205E02002030900108D5
:1035B000256400004442555300000000F08F0108CC
:1035C0004C02002070B504460D461DB90020074985
:1035D000087002E040200549087004484470022346
:1035E000024678210248FBF7FDFE70BDF60200207E
:1035F0000058004070B5044625460DB1294600E04C
:103600000121084602F0AAFA002070BD10B502F0B0
:1036100099FB002010BD7FB504460D46606998B146
:10362000A06988B1B4F90800FFF7A0FE0646D4E906
:103630000510CDE9006102902B462269D4E9001003
:1036400003F076F8039013E0B4F90800FFF78EFE5C
:10365000064603A8CDE90060238A9AB22B46D4E936
:10366000001003F033F8012802D0002004B070BD30
:103670000398FBE7014611B90948006800E00846D5
:10368000024652B900BF502080F31188BFF34F8F1C
:10369000BFF36F8F00BF00BFFEE702F13400704739
:1036A000380300202DE9F04105460E461F48076803
:1036B00000201F49096881F852001D480068001D5C
:1036C00002F0B8F850B91A48006890F82C100120A0
:1036D000884018490968814316480160681C38B958
:1036E00036B113480168091D134802F00DF91AE0BC
:1036F0007C190F4800684460BC4207D20C4801683E
:10370000091D0E48006802F0E5F80CE00848016861
:10371000091D0B48006802F0DDF80A480068844281
:1037200001D208480460BDE8F08100004C0300208D
:1037300038030020500300209C4700204003002055
:103740003C0300206803002010B5044602F0E8F8AE
:1037500023480068401C224908602248006840B99C
:10376000204804600846006801280DD100F0F6F9F1
:103770000AE01D48006838B91A480068C06AE16A62
:10378000884201D81748046018480068401C17494F
:10379000086094F82C1001208840154909680843F6
:1037A00013490860E16A01EB8101124A02EB8100D2
:1037B000211D02F0A9F802F0DDF80B48006868B19D
:1037C00008480068C06AE16A884207D24FF080501A
:1037D00009490860BFF34F8FBFF36F8F10BD000022
:1037E0004803002038030020540300206403002015
:1037F00050030020C046002004ED00E008B502F0B0
:103800008FF812480068E8B9114802F053F81148DF
:1038100002F050F80E48104908600E480F49086041
:1038200000200F4B0F4A102100900A2002F03AFCB2
:10383000064908600846006820B10BA103480068EB
:1038400002F050F902F096F808BD00007C03002059
:10385000B0470020C44700207403002078030020F4
:10386000D847002020480020546D7251000000000D
:1038700010B516E002F054F80C48C068C468201D6A
:1038800001F0D8FF0A480068401E0949086009484D
:103890000068401E0749086002F06CF8204600F0FE
:1038A0005EF8044800680028E4D110BD8847002075
:1038B000480300204403002070B504460D46206CE8
:1038C00070B1216CE0680844E0606168E06888429B
:1038D00001D32068E0602846226CE168ECF713FF12
:1038E00070BD2DE9F04104460F4615464FF0000823
:1038F000A66B206C40B9206860BB606803F080F85C
:1039000080460020606025E07DB93946226CA068C1
:10391000ECF7F9FE216CA0680844A060D4E901101E
:10392000884217D32068A06014E03946226CE06812
:10393000ECF7E9FE216CE068401AE0602168E0687D
:10394000884203D2216C6068401AE060022D01D1E8
:1039500006B1761E701CA0634046BDE8F08110B52C
:10396000044694F8510030B9206B02F021F820464B
:1039700002F01EF81AE094F85100012803D1204605
:1039800002F016F812E094F85100022801D101204B
:1039900000E0002050B900BF502080F31188BFF331
:1039A0004F8FBFF36F8F00BF00BFFEE710BD000059
:1039B0000146084A126812680AB9012200E0002292
:1039C0000A600A6822B9034A1268D268106800E0E7
:1039D000002070477403002030B54FF4C0431748EF
:1039E00000F007042CB1C01D20F00700134C041B8D
:1039F0001B1B0246124C22600024114D6C60D01833
:103A0000083820F007000F4C206000240D4D2D6871
:103A10006C600C4D2D682C601146441A4C60094CAA
:103A200024680C60084D4C682C60084D4C682C6074
:103A30004FF00044064D2C6030BD0000C04800200F
:103A400088030020900300209803002094030020A6
:103A50009C03002000BFFFF70BFF06480068012809
:103A6000F9D94FF0805004490860BFF34F8FBFF37E
:103A70006F8FF0E7C046002004ED00E02DE9F04133
:103A800006460D4617469846069C0DB9246000E090
:103A90002760E66325640121204602F073FBBDE840
:103AA000F0812DE9F05F82460F4690469B460A9EC4
:103AB0000C9C4FEA8801A522206BECF79BFEA8F135
:103AC0000100216B01EB800929F0070909F00700CB
:103AD00008B9012000E0002050B900BF502080F359
:103AE0001188BFF34F8FBFF36F8F00BF00BFFEE79A
:103AF000002507E0795D04F134004155785D00B997
:103B000002E06D1C102DF5D300BF002143200155AC
:103B1000072E00D30626E66266640020A064201DFE
:103B200001F0D5FE04F1180001F0D1FE2461C6F1C8
:103B30000700A06164620020E06484F8500084F80B
:103B400052005A465146484600F09EFB20600B98B2
:103B500008B10B980460BDE8F09F000010B5002488
:103B600007E004EB84010F4A02EB810001F0A2FEA2
:103B7000641C072CF5D30C4801F09CFE0B4801F0A7
:103B800099FE0B4801F096FE0A4801F093FE0A48A0
:103B900001F090FE0448094908600448084908609B
:103BA00010BD0000C04600204C47002060470020A8
:103BB00074470020884700209C4700203C030020D9
:103BC0004003002010B50146164800E00068036875
:103BD0008B42FBD30246436813448B4204D14368B3
:103BE0004C682344436001460A464B68134404680A
:103BF000A34211D10C4C03682468A34208D04B683F
:103C00000468646823444B6003681B680B6005E02C
:103C1000054B1B680B6001E003680B60884200D015
:103C2000016010BD88030020900300202DE9F041C1
:103C300004460D4616461F464FF000086560246195
:103C4000B5420CD8F01BA169884202D34FF001089D
:103C500011E0211D0948006801F03CFE0BE0BE4266
:103C600004D2BD4202D34FF0010804E0211D0448F4
:103C7000006801F02FFE4046BDE8F0817803002087
:103C80007403002070B5054601F04AFEA86B08B920
:103C9000012400E0002401F06DFE204670BD70B5E7
:103CA000054601F03DFEA86BE96B884201D1012475
:103CB00000E0002401F05EFE204670BDF8B5054628
:103CC0000F4616480068C068C468201D01F0B2FDA8
:103CD000E06901281DD1A06941192B463A462046CA
:103CE000FFF7A4FFA8B1002003462A460146009032
:103CF000204602F0F3FF064656B900BF502080F37D
:103D00001188BFF34F8FBFF36F8F00BF00BFFEE777
:103D100000BF2046616A8847F8BD00007403002098
:103D2000F0B587B082E00398002811DA04AE56B9E6
:103D300000BF502080F31188BFF34F8FBFF36F8F08
:103D400000BF00BFFEE7D6E90020B168904700BF82
:103D5000039800286ADB059C606908B9012000E02F
:103D6000002010B9201D01F065FD02A800F0C0F888
:103D7000054603980A2857D2DFE800F00905073105
:103D8000334F0608323400BF00BF00BF00BF0498A5
:103D9000A269811803462A462046FFF747FFE8B18B
:103DA0002046616A8847E069012817D10020009009
:103DB0000498A169421800231946204602F08EFF9C
:103DC000074657B900BF502080F31188BFF34F8FCB
:103DD000BFF36F8F00BF00BFFEE700BF25E000BF4D
:103DE00023E000BF0498A061A06908B1012000E0B1
:103DF000002050B900BF502080F31188BFF34F8FCF
:103E0000BFF36F8F00BF00BFFEE7A06941192B46CB
:103E10002A462046FFF70AFF07E094F8280010B969
:103E2000204601F0C5FD00E000BF00BF002203A94D
:103E30000448006802F042FB00287FF474AF07B02A
:103E4000F0BD00007C030020F8B505460C4601F0EB
:103E5000D5FF684600F04CF80646009820BB44B9F0
:103E6000B54206D802F07CFE31462846FFF726FF11
:103E70001CE03CB10E480068006808B9012000E071
:103E800000200446A91B22460A48006801F040FEB3
:103E900002F066FE50B94FF0805007490860BFF34A
:103EA0004F8FBFF36F8F01E002F05AFEF8BD0000A4
:103EB000780300207C03002004ED00E00A49096833
:103EC000096809B9012100E0002121B14FF0FF315B
:103ED000064A116006E004490968C968C868034ACF
:103EE00041681160704700003C0300206803002017
:103EF00070B5044602F0DAFC0546074800688542C2
:103F000004D200F05BF80120206001E00020206076
:103F100001480560284670BD840300202DE9F0416A
:103F200002460D4600271068002843D01046D0F8FE
:103F300004C0DCF804C0C0F804C000F1080CD0F8DC
:103F40000480E04505D1D0F804C0DCF804C0C0F816
:103F500004C0D0F804C0DCF80C6000BF1046D0F8F4
:103F600004C0DCF804C0C0F804C000F1080CD0F8AC
:103F70000480E04505D1D0F804C0DCF804C0C0F8E6
:103F800004C0D0F804C0DCF80C1000230AE001F1F2
:103F90003400C45CE85CA04200D005E00CB90F46D8
:103FA00002E05B1C102BF2D300BF07B101E0B1426D
:103FB000D4D100BF3846BDE8F08100002DE9F843B8
:103FC00032E024480068C068056822480068C0687C
:103FD000C468201D01F02EFC2046616A8847E06914
:103FE000012821D1A0694619AE4207D96660246133
:103FF000211D1848006801F06DFC15E00020034603
:104000002A4601460090204602F068FE074657B94E
:1040100000BF502080F31188BFF34F8FBFF36F8F25
:1040200000BF00BFFEE700BF0A480068006808B98B
:10403000012000E000200028C3D00648D0F800800E
:1040400005480068034908600348C0F80080BDE8DF
:10405000F88300007403002078030020024600214A
:1040600001E0521C491C1078A528FAD0890888B2B2
:10407000704700000E480068401C08B9012000E0AD
:10408000002050B900BF502080F31188BFF34F8F3C
:10409000BFF36F8F00BF00BFFEE700BF502080F36B
:1040A0001188BFF34F8FBFF36F8F00BF00BFFEE7D4
:1040B000A003002008B500BF6846FFF779FC04465E
:1040C00020460099FFF7C0FEFFF72AFEF4E770B51F
:1040D000044601F025FC94F9455010E0606A08B9E7
:1040E000012000E0002038B904F1240002F0ECFCCB
:1040F00018B101F06DFD00E003E0681E45B2002D2F
:10410000ECDC00BFFF2084F8450001F033FC01F037
:1041100007FC94F9445010E0206908B9012000E040
:10412000002048B904F1100002F0CEFC08B101F003
:104130004FFD681E45B200E001E0002DECDC00BF41
:10414000FF2084F8440001F015FC70BD2DE9F0411A
:1041500004464FF0000801F051FE4648006808B9D7
:10416000FFF73AFC44480068204000286BD1D4B1E6
:10417000083404F00700B0B104F00700C0F10800F3
:10418000044404F0070008B9012000E0002050B901
:1041900000BF502080F31188BFF34F8FBFF36F8FA4
:1041A00000BF00BFFEE7002C4DD0344800688442B9
:1041B00049D8334E3046056801E02E462D686868C0
:1041C000A04202D228680028F7D12A480068854218
:1041D00039D0306800F10808286830606868001B32
:1041E000102819D92F1907F0070008B9012000E09D
:1041F000002050B900BF502080F31188BFF34F8FCB
:10420000BFF36F8F00BF00BFFEE76868001B7860D8
:104210006C603846FFF7D6FC184968680968081AC8
:10422000164908600846006816490968884203D2A2
:1042300012480068134908600F4968680968084314
:1042400068600020286002F08BFC08F0070008B9C5
:10425000012000E0002050B900BF502080F31188F9
:10426000BFF34F8FBFF36F8F00BF00BFFEE7404625
:10427000BDE8F081900300209C03002094030020FF
:104280008803002098030020001F4FF08073036014
:10429000001F21F001030360001F054B0360143869
:1042A0000260001F6FF002030360203870470000B7
:1042B0007540010810B52DED028B04469FED1D0AD7
:1042C000B0EE408AD4ED000A60EEA00A94ED011A27
:1042D000D4ED011A41EE210A94ED021AD4ED021A2E
:1042E00041EE210A94ED031AD4ED031A41EE210A9E
:1042F000B0EE600AEEF786FAB0EE408A94ED000A5E
:1043000020EE080A84ED000A94ED010A20EE080A66
:1043100084ED010A94ED020A20EE080A84ED020AF7
:1043200094ED030A20EE080A84ED030ABDEC028B2B
:1043300010BD00000000000038B5044600200090C9
:104340000025544821680160217901716D1D6019B3
:1043500000880090AD1CBDF8000040F20222811AD6
:1043600090425CD016DCB0F5817F3FD00ADC01289A
:1043700021D002282AD003282CD0A0F20110002836
:1043800075D12DE0A0F2031078B301283AD0FE28B1
:104390007CD13EE004295DD006DC012945D002290C
:1043A0004CD0032972D150E0052957D006295FD09F
:1043B000FF296BD163E06019374902680A604268DF
:1043C0004A6002890A81807A887260E03348615DC0
:1043D00001705CE0611920223148ECF794F956E055
:1043E000611930480968016051E004E061192E4804
:1043F000096801604BE060192C4902880A808078C6
:10440000887044E061192A480A880280897881709E
:104410003DE061190D222748ECF775F937E0611985
:1044200010222548ECF76FF931E0611923480A683A
:1044300002604A6842608968816028E0611920480A
:104440000A6802608988818021E061191D48098815
:1044500001801CE01C48615D017018E060191B4977
:1044600002680A6082888A80807988710FE00DE096
:104470006019174902680A608088888007E060191F
:10448000144902680A608088888000E000BF00BF8D
:1044900038BD00005F0200207C350020690200204A
:1044A000873500206A0200206E0200207202002080
:1044B00075020020A7350020B4350020C435002047
:1044C000780200207E02002080020020810200206D
:1044D000880200208E02002070B50025A5264F4CD2
:1044E00095E04F48FCF76EFE054694F886000628D6
:1044F0007ED2DFE800F003142038445FB5420AD1D1
:104500000120873404F8010C2188481C24F887090D
:10451000A01D455402E00020A4F8870076E0A580A5
:10452000B4F88710481CA4F88700A01D4554022049
:1045300084F886006AE0A08840EA0520A080B4F8EC
:104540008710481CA4F88700A01D4554A088772830
:1045500003D2032084F8860004E0002084F886005B
:10456000A4F8870052E034F8871F2088401C24F804
:104570008709A01D4554042084F8860046E034F8DD
:10458000871F2088401C24F88709A01D4554B4F8D3
:10459000870005280DD10521A01D01F09DFC18B153
:1045A000052084F8860004E0002084F88600A4F842
:1045B00087002BE0B4F88710A0880930814207D229
:1045C00034F8871F2088401C24F88709A01D455413
:1045D000B4F88710A0880930814210D3002084F8F5
:1045E0008600A4F88700A08800F10901A01D00E062
:1045F00006E001F051FC10B1A01DFFF79DFE05E0A3
:10460000002084F88600A4F8870000BF00BF04489B
:10461000FCF750FE00287FF464AF70BDF83D002029
:10462000E0390020FEF730FC4FF480620849094869
:10463000FCF7E5FD4FF400720749A1F5007000F0AA
:10464000BFFD04E0FFF748FF0A20FEF7D3FFF9E7BC
:10465000F8390020E0390020E037002010B524228E
:104660000249A1F12400F6F7A5F910BDBD3E0020D6
:1046700000B101B970470278437842EA0322C2F3DD
:104680000A020A804278D210837842EA4312C2F3C7
:104690000A024A8082789211C37842EA830203793F
:1046A00042EA8322C2F30A028A80027952104379D5
:1046B00042EAC312C2F30A02CA804279C2F301126B
:1046C0008A72427912119308CB728279C37942EAD5
:1046D000032212B28A81027A437A42EA032213B297
:1046E00001F10C02CB81827AC37A42EA032213B22F
:1046F00001F10C020B82037B8B74437BCB74827BB6
:10470000C37B42EA03228A82027C437C42EA032280
:1047100012B20A810A88A2F5806212B20A804A881F
:10472000A2F5806212B24A808A88A2F5806212B233
:104730008A80CA88A2F5806212B2CA800A89A2F56C
:10474000806212B20A8100BF94E7000031B10129F2
:1047500008D002290AD0032910D10BE0084A1268B8
:1047600090630BE0064A1268506307E0054A12683E
:10477000106403E0034A1268D06300BF00BF7047B3
:1047800054100020540F0020FDF75CF81B4908600E
:10479000012532E0681C05B2002429E017480068B2
:1047A000B0F90800C8280ADD4FF41660144921F852
:1047B000140031F814002146FFF7C8FF10E00F483D
:1047C0000068B0F9080010F1C80F09DA40F2D660AD
:1047D0000B4921F8140031F814002146FFF7B6FF09
:1047E000074931F814002146FFF7B0FF601CC4B23E
:1047F000042CD3DB0A20FEF7FDFECBE7D402002019
:10480000D8020020064AA2F8EE0082ED3C0AC2ED72
:104810003D0AA2F8021282ED811AC2ED821A704797
:10482000F431002010B5224890F86801A8B920485A
:10483000D0ED530A9FED1F1A70EE810AB0EE600AA8
:104840009FED1D1ADFED1D0AFEF71EFD184880EDD5
:10485000540A0120164981F86801154890F8690149
:10486000012802D10620124908701148D0ED540ADF
:1048700090ED531A70EEC10AB0EE600A9FED0E1A69
:10488000DFED0E0AFEF700FDDFED0D0AB4EEE00AE3
:10489000F1EE10FA07DDB1EE080A054880ED4D0A89
:1048A00000F0B0FB03E00020014981F8680110BD71
:1048B000E43E00209CC4A03EDB0F4940DB0F49C012
:1048C000CDCC4C3D10B500F049FA00F0E7F86E4849
:1048D000007828B99FED6D0A6B4880ED4F0A60E0C3
:1048E00069480078012805D19FED680A664880ED87
:1048F0004F0A56E06448007802281FD1624890F8B9
:104900006901012807D1B3EE020A5F4880ED4D0A24
:1049100000F078FB08E09FED5D0A5B4880ED4D0AF2
:104920009FED5A0A80ED4F0A9FED590A564880EDD7
:10493000090A9FED580A80ED0A0A32E052480078D1
:10494000032805D19FED510A4F4880ED4F0A28E01A
:104950004D48007804280BD19FED4D0A4A4880ED60
:10496000090A9FED4D0A80ED0A0AFFF75BFF18E088
:1049700045480078052807D1B2EE080A424880ED84
:104980004D0A00F03FFB0CE03F480078062808D1B4
:104990009FED3E0A3C4880ED4F0A9FED3C0A80EDBA
:1049A000520A3948007870B9FEF786FB0020364974
:1049B000A1F854019FED350A084680ED520A002007
:1049C00081F8690123E0FEF77FFBB3EE060A2E486B
:1049D00080ED520A90ED4F1AF0EE410A90ED4E1A1A
:1049E000B0EE410A1430F5F797FE274890ED0D0A16
:1049F000BDEEC00A10EE100A00B22349A1F854011E
:104A000008460078022802DA0020A1F854011E4866
:104A100090ED521AB1EE411AF0EE410A90ED501AA3
:104A2000B0EE410A5C30F5F777FE174890ED521A68
:104A3000F0EE410A90ED511AB0EE410AA430F5F7BC
:104A40006BFE114890ED1F0ABDEEC00A10EE100A71
:104A500000B20D49A1F85601084690ED310ABDEEAD
:104A6000C00A10EE100A00B2A1F858010A46B2F9C5
:104A70005811B2F9560100231A46EEF7EBF9024835
:104A8000B0F9540110BD0000E43E00200000000019
:104A900000401C4600C0DA4500A00C4610B56F4827
:104AA00090ED000A6E4880ED000A6E4890ED000A15
:104AB0006A4880ED000A6C4890ED000A6748D0ED26
:104AC000000A20EE200A6848D0ED010A644890ED03
:104AD000001A01EE200A65488068B0F9020000EE75
:104AE000900AF8EEE00A9FED621A60EE810A5E48D5
:104AF00090ED021A00EE810A5A4880ED000A90ED0E
:104B0000000A5A4880ED4E0AC068B0F9020000EE73
:104B1000100AB8EEC00ADFED570A20EE200A53480B
:104B200080ED500A0069B0F9020000EE100AB8EEFC
:104B3000C00ADFED500A20EE200A4C4880ED510AF1
:104B40008068008849498968B1F90810401AB0F5B1
:104B5000805F08DD454890F85A01401E40B2434945
:104B600081F85A0112E04148806800883F4989680D
:104B7000B1F90810401A10F5805F07DA3B4890F849
:104B80005A01401C40B2394981F85A01374890F81F
:104B90005A01122804D1EF20344981F85A0108E063
:104BA000324890F95A01123018B911202F4981F872
:104BB0005A012E4890F95A01C0EB40302B498968C0
:104BC0000988084400EE100AB8EEC00ADFED2A0A90
:104BD00020EE200A254880ED530A80212748F0F76F
:104BE0002DFA224981F86901084690F85B0181F8A5
:104BF0005C0108464068807C81F85B01084690F8BB
:104C00005B0160B10846B0F85E01B0F5C87F0ADA12
:104C10000846B0F85E01401CA1F85E0103E00020E8
:104C20001249A1F85E011148007890B10F48406820
:104C3000C07A02280DD10D48B0F86201B0F5FA6FC4
:104C40000BDA0A48B0F86201401C0849A1F8620179
:104C500003E000200549A1F8620110BDA002002078
:104C60009C020020A4020020D0940108E43E002011
:104C7000F1A23E3B2EE34D3BC2B8B23700200240CA
:104C800010B500202D490870FCF7DCFD2B49486069
:104C9000FCF71CFE29498860FCF74CFD2749C860D9
:104CA000FCF74CFD25490861DFED250A9FED250A3B
:104CB000254A002121481430F5F74CFEDFED210A8A
:104CC0009FED220A224A00211C485C30F5F742FE83
:104CD000DFED1C0A9FED1D0A1D4A0C32002117480A
:104CE000A430F5F737FEFFF7D9FE0020134981F80D
:104CF0005A0108468068008800EE100AB8EE400AA3
:104D0000DFED140A20EE200A084680ED530A002049
:104D1000A1F8540181F86801084690ED530A80ED2E
:104D2000540A9FED0D0A80ED4E0A9FED0B0A80EDAF
:104D30004F0A002081F86A0110BD0000E43E002007
:104D400000C0DA4500401C46AC94010800B07E4625
:104D5000B8940108C2B8B2370000000010B52DEDBC
:104D6000048B8D484068C07A01280AD18B480078AE
:104D7000012806D08848007818B9012086490870B3
:104D80000EE085484068C07A012809D18348007840
:104D9000012805D08048007810B100207E490870B5
:104DA0007D484068C07A03280CD17B484068007D6C
:104DB00000F0400030B17848007818B901207649F9
:104DC000087015E074484068C07A032810D1724812
:104DD0004068007D00F0800050B16F48007838B125
:104DE00000206D490870084690ED530A80ED540A82
:104DF00069480078012845D1674890ED500AD0ED08
:104E0000520A30EE600A10EE101A084602F084FFD3
:104E100041EC190BB0EE490AF0EE690AF9F7E8FB2C
:104E2000B0EE408AF0EE608A9FED5D0B53EC102BE4
:104E300051EC180B02F062FA24D2574890ED510A57
:104E4000D0ED520A30EE600A10EE101A084602F059
:104E500063FF41EC190BB0EE490AF0EE690AF9F76D
:104E6000C7FBB0EE408AF0EE608A9FED4D0B53EC2D
:104E7000102B51EC180B02F041FA03D202204649E4
:104E8000087055E044480078022807D1424890F85D
:104E9000690118B903204049087049E03E4800788C
:104EA000032808D13C4890F86901012803D1022069
:104EB000394908703CE038480078032817D1364853
:104EC0004068C07A022803D134480078022807D10C
:104ED000314890F85B0120B32F4890F85C0100BB8B
:104EE00004202D490870012081F8690120E02A483A
:104EF000007806281CD1284890F86901012811D1B2
:104F0000254890F86A01401C234981F86A01084647
:104F100090F86A010F280BDD002081F86A01022059
:104F2000087005E000201C4981F86A01042008701F
:104F30001948007801281CDD1748B0F85E01B0F56B
:104F4000C87F0BD01448B0F86001B0F5C87F05D019
:104F50001148B0F86201B0F5FA6F03D105200E498F
:104F6000087006E00C480078052802D102200A49A2
:104F700008700D49881EFCF76FFCFDF74BF910B166
:104F800000200549087004484068C07A40B20349CF
:104F90000870BDEC048B10BDE43E00209802002098
:104FA0009A9999999999D93F5240002010B500EEED
:104FB000100A2DED028BB1EEC08A18EE100A20F017
:104FC0000040C0F1FF40C00F0AD010EE100A20F0E0
:104FD0000040C0F1FF40C00F04BF0120EBF7B5FC5B
:104FE00018EE100ABDEC028B10BD0000014601EB6B
:104FF000C100034A02EB8000C07CC0F34010704740
:10500000D82F002010B52DED048B2E48B0F8640188
:10501000B0F52F7F05DA2B4890ED4D0A80ED4F0A51
:1050200006E0284890ED4D0AB1EE400A80ED4F0AA7
:10503000244890ED4E0A10EE101A084602F06CFE5D
:1050400041EC190BB0EE490AF0EE690AF9F7D0FA13
:10505000B0EE408AF0EE608A9FED1B0B53EC102BF4
:1050600051EC180B02F04AF910D21648B0F864015E
:10507000B0F52F7F0ADA1348B0F86401401C1149DB
:10508000A1F864010020A1F8660117E00D48B0F80E
:105090006401B0F52F7F0DD10A48B0F86601B0F574
:1050A000FA7F07DA0748B0F86601401C0549A1F805
:1050B000660103E000200349A1F86401BDEC048B04
:1050C00010BD0000E43E0020000000000000F03FA2
:1050D00070B506460D4600F023FC18480068C06C09
:1050E00088B901201549096881F850005DB1012196
:1050F0002846FEF7D7FA4FF0805011490860BFF3F9
:105100004F8FBFF36F8F00F035FC00F009FC0B48A8
:105110000068C46C4CB126B1002008490968C86415
:1051200003E0601E05490968C86400200349096856
:1051300081F8500000F01EFC204670BD38030020AE
:1051400004ED00E091ED000AB1EE400A80ED010AA5
:1051500091ED010AB1EE400A80ED020A91ED020ADA
:10516000B1EE400A80ED030A91ED000A80ED040AD9
:1051700091ED020A80ED060A91ED010AB1EE400AB6
:1051800080ED070A91ED010A80ED080A91ED020A0F
:10519000B1EE400A80ED090A91ED000A80ED0B0A9C
:1051A00091ED020A80ED0C0A91ED010A80ED0D0AE5
:1051B00091ED000AB1EE400A80ED0E0A7047000042
:1051C00010B5474B1B685B6943F04003444C2468AF
:1051D0006361434B1B685B6943F08003404C246868
:1051E00063613F4B1B68DB6843F010033C4C246851
:1051F000E3603C4B1B681B6823F00103394C2468B7
:10520000236007E0374B1B681B6823F00103354C14
:1052100024682360334B1B681B6803F00103002BD9
:10522000F0D1304B1B68304CA34204D9E3142E4C10
:105230004C3C236019E02B4B1B682C4CA34204D937
:10524000E314294C503C23600FE0264B1B68274C8D
:10525000603CA34204D9E314244CB83CE36004E06E
:105260004FF40063214CB83CA360214B1D4C2468D3
:10527000A3601C4B1B68D8601A4B1B681961194B43
:105280001B685A60174B1B681B6843F48023154C3E
:1052900024682360134B1B681B6843F00103114C07
:1052A00024682360134B1B681B6823F00103114C17
:1052B0002468236007E00F4B1B681B6823F0010381
:1052C0000C4C246823600B4B1B681B6803F0010324
:1052D000002BF0D1064B074C2468A36010BD0000E2
:1052E000541100205412002058640240B86002405B
:1052F00004140140B41200200FB410B5002403A818
:10530000094908600846026808480299EBF7CAF99B
:1053100084B200200449086021460448EDF746FEA7
:1053200010BC5DF814FB0000AC02002054400020CB
:105330008AB0F4F74BFEFCF7F9F94749086089E0B9
:105340004FF47A70FEF756F9FCF79AF90446424892
:10535000006890F89F01C0F34010C0EBC0003F49C7
:1053600008443D49096891F87B11C1F34011C1EB34
:10537000C1013A4A1144384A126892F85721C2F3DF
:105380004012C2EBC202354B1A44334B1B6893F8F0
:105390003331C3F34013C3EBC303304D2B44CDE98A
:1053A0000632CDE908102C48006890F80F01C0F3D0
:1053B0004010C0EBC000294608442749096891F80D
:1053C000EB10C1F34011C1EBC1012A460A44224946
:1053D000096891F8C710C1F34011C1EBC1012B4618
:1053E00019441D4B1B6893F8A330C3F34013C3EB60
:1053F000C3032B44CDE90231CDE9042016480068EF
:1054000090F87F00C0F34010C0EBC000294608446C
:105410001149096891F85B10C1F34011C1EBC1015A
:105420002A461144CDE900100B48006890F8370077
:10543000C0F34010C0EBC000114643180648006896
:10544000C07CC0F34010C0EBC000421821460448A5
:10545000FFF752FF74E70000A8020020DC94010867
:10546000E4B201082DED028BA6B06F240F21D948BC
:10547000EBF7C8F9002007900025AAE1142D08DCFD
:10548000D448C07820F00700801CD249C8706D1C39
:1054900007E0D048C07820F00700401CCD49C87014
:1054A0000125CD484068806808EE100A9FEDCB0AC0
:1054B000C8EE000ABDEEE00AC94880ED000AC948FE
:1054C0000078FF2802D10020C6490870C54800783E
:1054D000401CC4490870A5208DF82000E0B28DF86A
:1054E000210020128DF82200084600788DF8230054
:1054F000052108A8F9F7AAFB01208DF82500032053
:105500008DF8260004208DF8270001208DF8280052
:10551000B54800788DF82900B348007800128DF85E
:105520002A00B14800788DF82B00AF48007840F48D
:10553000807000128DF82C000020A6490870487079
:1055400088700846C07820F038003030C8700846AF
:10555000B0F8030020F47070A1F803000846007949
:1055600020F03C000830087114219A48808861F3CB
:105570008E109849888005219648B0F8050061F39F
:10558000CF109449A1F805000846B0F807006FF362
:105590000900801CA1F807004FF452718D48008962
:1055A00061F38C008B4908814FF420718948B0F871
:1055B000090061F34F108749A1F809000846B0F8C7
:1055C0000B006FF30900401CA1F80B000221814879
:1055D000808961F38C007F49888103217D48B0F880
:1055E0000D0061F34F107B49A1F80D00F02040F24F
:1055F000D7314FF43972CDE90212CDE90410012000
:10560000022109230246CDE9001078A17848F3F77A
:1056100041FE4FF4D07040F29F4140F20F33CDE98C
:105620000230CDE904100120042109230246CDE90E
:10563000001070A17048F3F72DFE4FF4DA7040F2BD
:10564000D14140F2D323CDE90230CDE9041001204D
:10565000022109230246CDE9001068A16848F3F74A
:1056600019FE4FF4D57040F2634140F25233CDE958
:105670000230CDE904100120032109230246CDE9BF
:10568000001060A16048F3F705FE4FF4CB7040F2C4
:105690004C4140F26933CDE90230CDE904100120DC
:1056A000052109230246CDE9001058A15848F3F717
:1056B000F1FD4FF4C17040F24C4140F26933CDE945
:1056C0000230CDE904100120052107230246CDE96F
:1056D000001050A15048F3F7DDFD3E480168CDF8B9
:1056E0002D104168CDF831100189ADF83510807A60
:1056F0008DF837003A4800680E900F223C490FA8F9
:10570000EBF701F80F223C490DF14B00EAF7FBFFE4
:105710000F223B490DF15A00EAF7F5FF0F223A49F3
:105720000DF16900EAF7EFFF0F2239491EA8EAF7E9
:10573000EAFF0F2238490DF18700EAF7E4FF7821EC
:1057400008A8F9F76BFAF02108A8F3F797FD33489A
:10575000006807906423042207A93148F2F7A4FEE9
:105760002148407801280DD12E4890ED030ADFED45
:105770002E0AB4EE600AF1EE10FA03D041F288303E
:10578000EDF702FB1848407802280DD1254890ED2E
:10579000030ADFED260AB4EE600AF1EE10FA03D038
:1057A00041F6E840EDF7F0FA0F48407803280DD1B4
:1057B0001C4890ED030ADFED1E0AB4EE600AF1EE1C
:1057C00010FA03D042F2B840EDF7DEFA6420FDF79C
:1057D00011FF53E6E0410020F43100200000C842F0
:1057E000F0020020EC020020A73500203039310003
:1057F000EF41002030393200FE41002030393300C3
:105800000D420020303934001C4200203039350070
:105810002B420020303736003A420020ED020020B3
:10582000D4100020E02C00200000484200009442E8
:105830000000BC4201460A69D1E901309860D1E913
:10584000010358605068884201D188685060002088
:1058500008611068401E1060106870472DE9F04123
:10586000044614B90648006800E0204607463D6B30
:105870002846FEF7F3FB06463046BDE8F0810000FF
:1058800038030020034B0360034B0B60802313603D
:1058900070470000B005002004060020034B0360A1
:1058A000034B0B604FF480731360704704080020B3
:1058B0005808002000F1080141604FF0FF3181607D
:1058C00000F10801C1600161002101607047002101
:1058D0000161704710B502460B685C1C0CB9106979
:1058E00007E002F1080000E04068446824689C4238
:1058F000FAD944684C604C68A160886041600A61D4
:105900001468641C146010BD42684A6093688B6020
:10591000936859609160086103685B1C036070477D
:1059200000BF502080F31188BFF34F8FBFF36F8FFC
:1059300000BF0E480068401C0C490860084600681B
:10594000012812D10A480068C0B208B9012000E05D
:10595000002050B900BF502080F31188BFF34F8F53
:10596000BFF36F8F00BF00BFFEE77047A0030020AA
:1059700004ED00E00D48006850B900BF502080F3EE
:105980001188BFF34F8FBFF36F8F00BF00BFFEE7DB
:1059900006480068401E054908600846006820B9AE
:1059A000002080F3118800BF00BF7047A0030020D3
:1059B00070B506463546002E3FD0083D2C461F499F
:1059C00060680968084008B1012000E0002050B973
:1059D00000BF502080F31188BFF34F8FBFF36F8F4C
:1059E00000BF00BFFEE7206808B9012000E00020EA
:1059F00050B900BF502080F31188BFF34F8FBFF321
:105A00006F8F00BF00BFFEE70C496068096808405F
:105A100098B1206888B9094960680968884360605E
:105A200000F0ECF906496068096808440449086018
:105A30002046FEF7C7F801F093F870BD9C030020E4
:105A40009403002000204FF0E0210861886106489F
:105A500000684FF47A71B0FBF1F0401E4FF0E02186
:105A60004861072008617047A000002070B5EAF780
:105A7000B1FC0446102C16D304F1E02090F8F0534A
:105A800015480078854201DB012000E0002050B974
:105A900000BF502080F31188BFF34F8FBFF36F8F8B
:105AA00000BF00BFFEE70D48006800F4E0600C494D
:105AB0000968884201D8012000E0002050B900BFE9
:105AC000502080F31188BFF34F8FBFF36F8F00BF5B
:105AD00000BFFEE770BD0000A40300200CED00E055
:105AE000A8030020024600200BE0084B53F830309A
:105AF00033B9064B43F8301003EBC0035A6002E0A1
:105B0000401C0828F1D300BF7047000080460020E9
:105B10002DE9F04105460E4617462C46FFF700FFDB
:105B200094F94400401C10B9002084F8440094F912
:105B30004500401C10B9002084F84500FFF71AFF0B
:105B4000A06B28B93A46314604F1240000F0DAF897
:105B50002046FEF7BCFABDE8F081000070B50446AF
:105B60000025D4B11248006808B9012000E00020E7
:105B700050B900BF502080F31188BFF34F8FBFF39F
:105B80006F8F00BF00BFFEE700F038F9002120460C
:105B9000FDF788FD00F0E4FF05463DB94FF0805069
:105BA00004490860BFF34F8FBFF36F8F70BD0000D3
:105BB0007003002004ED00E0034909680160034917
:105BC0000968416070470000600300204C0300201A
:105BD00001200149086070475C0300202DE9F04175
:105BE00005460F4655B900BF502080F31188BFF31A
:105BF0004F8FBFF36F8F00BF00BFFEE7FFF736FF89
:105C00002C4600BF5021EFF3118081F31188BFF3C0
:105C10004F8FBFF36F8F00BF064694F8508002206D
:105C200084F85000E06C401CE064B8F1010F3BD1F7
:105C3000A06A08B9012000E0002050B900BF502040
:105C400080F31188BFF34F8FBFF36F8F00BF00BF8A
:105C5000FEE718480068A8B9201DFFF7EBFD94F88F
:105C60002C10012088401449096808431249086033
:105C7000E16A01EB8101114A02EB8100211DFFF76E
:105C800043FE04E004F118010D48FFF73DFE0D4905
:105C9000E06A0968C96A884206D917B101203860EC
:105CA00002E001200849086000BF86F3118800BFA8
:105CB000BDE8F0817003002050030020C0460020A2
:105CC00074470020380300205C03002070B50446B0
:105CD0000D4654B900BF502080F31188BFF34F8F99
:105CE000BFF36F8F00BF00BFFEE7054801681831A2
:105CF0002046FFF7EFFD01212846FDF7D3FC70BDDC
:105D00003803002070B505460E46144655B900BF4D
:105D1000502080F31188BFF34F8FBFF36F8F00BF08
:105D200000BFFEE70648016818312846FFF7ECFD82
:105D30000CB14FF0FF3621463046FDF7B3FC70BD85
:105D40003803002010B586B000200590049003AA07
:105D500004A905A8FFF796FD0022DDE9041013460B
:105D6000CDE9002102901EA11F48039A00F0E0FC3B
:105D70001E4908600846006808B1012400E00024BC
:105D8000012C02D100F06EFF0446012C15D100BF9A
:105D9000502080F31188BFF34F8FBFF36F8F00BF88
:105DA0004FF0FF30124908600120124908600020BE
:105DB0001149086000F0A8F810E0601C08B101204B
:105DC00000E0002050B900BF502080F31188BFF3DD
:105DD0004F8FBFF36F8F00BF00BFFEE706B010BD4F
:105DE00049444C4500000000553A01086C0300206E
:105DF00068030020540300204C0300200248006880
:105E0000401C014908607047700300201D4800686D
:105E100018B101201C49086032E000201A490860CE
:105E20001A480068B0FA80F0C0F11F0101EB810050
:105E3000174A52F8200008B1012000E0002050B9B4
:105E400000BF502080F31188BFF34F8FBFF36F8FD7
:105E500000BF00BFFEE701EB81020D4B03EB8200A8
:105E600042685268426000F108024368934202D1DE
:105E70004268526842604268D268064B1A6000BFAE
:105E800070470000700300205C03002050030020D6
:105E9000C04600203803002070B505460C46002699
:105EA0000DB1022C01D8002070BDA11E0948028846
:105EB0002846FBF741FB0646F1B2A01E285C814252
:105EC00006D1601E285CB0EB162F01D10120EBE754
:105ED0000020E9E72803002070B505460C4600269F
:105EE0000DB1022C01D8002070BD611EFF22284692
:105EF000FBF73CFB0646601E285CB04201D1012046
:105F0000F2E70020F0E700001CB552480068524953
:105F1000884201D0012000E0002050B900BF50208D
:105F200080F31188BFF34F8FBFF36F8F00BF00BFA7
:105F3000FEE7484800684849491E884201D00120D0
:105F400000E0002050B900BF502080F31188BFF35B
:105F50004F8FBFF36F8F00BF00BFFEE73F4908467A
:105F600000780190FF200A461070084600780090E3
:105F70009DF8000000F0F0009DF80020904201D153
:105F8000012000E0002050B900BF502080F31188AC
:105F9000BFF34F8FBFF36F8F00BF00BFFEE79DF8C9
:105FA000000000F050002E4A107007202D4A1060AB
:105FB00009E02C480068401E2A4A10609DF8000045
:105FC0004006000E00909DF8000000F08000802840
:105FD000EFD024480068C0F10700042801D1012057
:105FE00000E0002050B900BF502080F31188BFF3BB
:105FF0004F8FBFF36F8F00BF00BFFEE719480068E7
:106000000002184A10601046008800F4E06010603A
:10601000124A019810700F482030006840F4700058
:106020000C49203108600846006840F07040086064
:10603000FFF708FD00200C490860EAF793F90B48C8
:10604000006840F0404009490860EAF777F900200D
:106050001CBD000000ED00E071C20F4100E400E053
:10606000A4030020A8030020A003002034EF00E0D8
:1060700010B500BF502080F31188BFF34F8FBFF3DE
:106080006F8F00BF00F018FC18B14FF0805004492A
:10609000086000BF002080F3118800BF10BD000021
:1060A00004ED00E02DE9F84380460E4617461D46F4
:1060B000DDF82090B8F1000F01D0012000E00020B1
:1060C00050B900BF502080F31188BFF34F8FBFF34A
:1060D0006F8F00BF00BFFEE70DB1012000E0002080
:1060E00050B900BF502080F31188BFF34F8FBFF32A
:1060F0006F8F00BF00BFFEE707B10EB1012000E0C7
:10610000002050B900BF502080F31188BFF34F8F9B
:10611000BFF36F8F00BF00BFFEE707B90EB90120C4
:1061200000E0002050B900BF502080F31188BFF379
:106130004F8FBFF36F8F00BF00BFFEE74820009076
:106140000098482801D1012000E0002050B900BF8C
:10615000502080F31188BFF34F8FBFF36F8F00BFC4
:1061600000BFFEE72C464CB1012084F846004B46A8
:106170003A46314640460094FDF780FC2046BDE893
:10618000F883000070B505460E462C4654B900BF92
:10619000502080F31188BFF34F8FBFF36F8F00BF84
:1061A00000BFFEE7FFF7BCFBD4E90F12206801FB3C
:1061B000020060600020A0632068A060E06B401EC9
:1061C000226C216800FB0210E060FF2084F844008C
:1061D00084F845009EB9206908B9012000E000203C
:1061E000A8B904F1100000F06FFC80B14FF08050AE
:1061F00009490860BFF34F8FBFF36F8F07E004F1C9
:106200001000FFF757FB04F12400FFF753FBFFF7E3
:10621000B1FB012070BD000004ED00E02DE9FF435B
:1062200083B0064688461D464FF00009344654B9EF
:1062300000BF502080F31188BFF34F8FBFF36F8FE3
:1062400000BF00BFFEE7B8F1000F01D1206C08B914
:10625000012000E0002050B900BF502080F31188D9
:10626000BFF34F8FBFF36F8F00BF00BFFEE7022D5C
:1062700002D1E06B012801D1012000E0002050B9DB
:1062800000BF502080F31188BFF34F8FBFF36F8F93
:1062900000BF00BFFEE700F0F9FA08B9059808B999
:1062A000012000E0002050B900BF502080F3118889
:1062B000BFF34F8FBFF36F8F00BF00BFFEE700BF7C
:1062C000FFF72EFBA06BE16B884201D3022D28D192
:1062D0002A4641462046FDF704FB0746606A08B996
:1062E000012000E0002068B904F1240000F0ECFB7C
:1062F00088B14FF0805032490860BFF34F8FBFF331
:106300006F8F08E03FB14FF080502D490860BFF318
:106310004F8FBFF36F8FFFF72DFB012007B0BDE854
:10632000F083059818B9FFF725FB0020F6E7B9F1CF
:10633000000F04D101A8FFF73FFC4FF00109FFF760
:1063400019FBFFF75BFDFFF7EBFA94F94400401CE3
:1063500010B9002084F8440094F94500401C10B99D
:10636000002084F84500FFF705FB05A901A800F00F
:1063700059F9F0B92046FDF792FCA0B104F11000E4
:106380000599FFF7A3FC2046FDF7A1FE00F0E8FB0E
:10639000002895D14FF0805009490860BFF34F8F16
:1063A000BFF36F8F8CE72046FDF791FE00F0D8FB1E
:1063B00086E72046FDF78BFE00F0D2FB0020ADE71C
:1063C00004ED00E02DE9F05F07468A4690461E4640
:1063D0003C4654B900BF502080F31188BFF34F8F63
:1063E000BFF36F8F00BF00BFFEE7BAF1000F01D10E
:1063F000206C08B9012000E0002050B900BF5020F7
:1064000080F31188BFF34F8FBFF36F8F00BF00BFC2
:10641000FEE7022E02D1E06B012801D1012000E04D
:10642000002050B900BF502080F31188BFF34F8F78
:10643000BFF36F8F00BF00BFFEE7FFF717FB00BF82
:106440005021EFF3118081F31188BFF34F8FBFF319
:106450006F8F00BF0546A06BE16B884201D3022E0F
:1064600023D194F945B0324651462046FDF739FA1A
:106470000BF1010088B9606A08B9012000E0002032
:1064800080B904F1240000F01FFB58B1B8F1000FEF
:1064900008D00120C8F8000004E00BF1010040B270
:1064A00084F845004FF0010901E04FF0000900BFFA
:1064B00085F3118800BF4846BDE8F09F2DE9F741FC
:1064C00083B005460E464FF000082C4654B900BF75
:1064D000502080F31188BFF34F8FBFF36F8F00BF41
:1064E00000BFFEE70EB9206C08B9012000E00020D3
:1064F00050B900BF502080F31188BFF34F8FBFF316
:106500006F8F00BF00BFFEE700F0C0F908B9059823
:1065100008B9012000E0002050B900BF502080F3EE
:106520001188BFF34F8FBFF36F8F00BF00BFFEE72F
:1065300000BFFFF7F5F9A76BF7B131462046FDF72D
:10654000BBF9781EA063206908B9012000E0002093
:1065500060B904F1100000F0B7FA38B14FF0805084
:106560002F490860BFF34F8FBFF36F8FFFF702FA19
:10657000012006B0BDE8F081059818B9FFF7FAF9D7
:106580000020F6E7B8F1000F04D101A8FFF714FBD3
:106590004FF00108FFF7EEF9FFF730FCFFF7C0F905
:1065A00094F94400401C10B9002084F8440094F988
:1065B0004500401C10B9002084F84500FFF7DAF9C7
:1065C00005A901A800F02EF8F0B92046FDF75AFB06
:1065D000A0B104F124000599FFF778FB2046FDF7F0
:1065E00076FD00F0BDFA0028A3D14FF080500C4991
:1065F0000860BFF34F8FBFF36F8F9AE72046FDF718
:1066000066FD00F0ADFA94E72046FDF760FD00F06E
:10661000A7FA2046FDF736FB00288AD00020A8E71D
:1066200004ED00E070B506460C4656B900BF502098
:1066300080F31188BFF34F8FBFF36F8F00BF00BF90
:10664000FEE754B900BF502080F31188BFF34F8F8D
:10665000BFF36F8F00BF00BFFEE7FFF761F9184877
:1066600002687068131A1748006890F8520030B139
:1066700000201449096881F8520001251CE02068B7
:10668000401C08B9002517E00F49306809688842A6
:1066900004D07068904201D801250DE0206898422E
:1066A00007D92068C01A20603046FFF785FA002518
:1066B00002E0002020600125FFF75CF9284670BD4C
:1066C0004C03002038030020600300202DE9FF4F19
:1066D00085B0804689461746DDE912ABB800FDF764
:1066E00035FD064656B15420FDF730FD04460CB189
:1066F000266304E03046FFF75BF900E000248CB12C
:10670000002084F85100CDE900ABCDE902403A46C3
:1067100049464046089BFDF7C4F92046FDF714F8AA
:10672000012501E04FF0FF35284609B0BDE8F08FA4
:106730002DE9F04F85B00746884691469A46DDE937
:106740000EB6109C0EB1012000E0002050B900BF31
:10675000502080F31188BFF34F8FBFF36F8F00BFBE
:1067600000BFFEE70CB1012000E0002050B900BFDF
:10677000502080F31188BFF34F8FBFF36F8F00BF9E
:1067800000BFFEE7542003900398542801D1012054
:1067900000E0002050B900BF502080F31188BFF303
:1067A0004F8FBFF36F8F00BF00BFFEE7B4B1AEB134
:1067B00025462C462E63022085F85100002004A9AE
:1067C00053464A46CDE900B1CDE90250414638462C
:1067D000FDF767F92846FCF7B7FF01E000200490B9
:1067E000049805B0BDE8F08F70B506460725304621
:1067F000E9F76AFF102801D2012000E0002050B91B
:1068000000BF502080F31188BFF34F8FBFF36F8F0D
:1068100000BF00BFFEE7FFF7F1FA00BF6D1E05EBFA
:106820008501154A02EB81003146FDF777FB0446EE
:1068300004B101E0002DF1D100BF2CB931460F4861
:106840000068FDF76BFB04462CB931460C48006824
:10685000FDF764FB044624B931460A48FDF75EFBA8
:10686000044624B931460848FDF758FB044600F0B9
:1068700077F9204670BD0000C04600203C03002090
:10688000400300209C4700208847002005490968F4
:1068900009B9012005E00449096809B9022000E0AE
:1068A000002070475403002070030020014908684D
:1068B000704700004C0300202DE9F0414FF0000824
:1068C00044480068002877D143480068451C424886
:1068D000056015BB41480068006808B9012000E068
:1068E000002050B900BF502080F31188BFF34F8FB4
:1068F000BFF36F8F00BF00BFFEE738480768384816
:106900000068364908603648076036480068401C11
:1069100034490860FDF7D2FA00BF33480068854269
:106920003CD300BF2D480068006808B9012000E092
:10693000002020B14FF0FF302B4908602DE02748A0
:106940000068C068C4686668B54202D2264806601E
:1069500023E0201DFEF76EFFA06A18B104F11800B5
:10696000FEF768FF94F82C10012088401F49096841
:1069700008431E490860E16A01EB81011C4A02EBF1
:106980008100211DFEF7C0FF1A49E06A0968C96A43
:106990008842C7D34FF00108C4E700BF154800681C
:1069A000C06A00EB8000124951F82000012801D98B
:1069B0004FF0010805E0FFE70F480068401C0E4952
:1069C00008600E48006808B14FF001084046BDE875
:1069D000F0810000700300204C0300203C030020E5
:1069E00040030020600300206803002050030020C3
:1069F000C046002038030020580300205C0300201C
:106A000070B505462C460026002D55D02B48006851
:106A1000844201D1012000E0002050B900BF502085
:106A200080F31188BFF34F8FBFF36F8F00BF00BF9C
:106A3000FEE7A06C50B900BF502080F31188BFF36F
:106A40004F8FBFF36F8F00BF00BFFEE7A06C401EEB
:106A5000A064616CE06A88422ED0A06C60BB201DEF
:106A6000FEF7E8FE78B9E06A00EB8000144951F8BF
:106A7000200040B994F82C10012088401149096881
:106A8000814310480160606CE062E06AC0F1070079
:106A9000A06194F82C10012088400A490968084335
:106AA00008490860E16A01EB8101054A02EB8100B7
:106AB000211DFEF729FF0126304670BD3803002056
:106AC000C04600205003002070B50646F068C46838
:106AD00054B900BF502080F31188BFF34F8FBFF32C
:106AE0006F8F00BF00BFFEE704F11800FEF7A2FEA3
:106AF00015480068A8B9201DFEF79CFE94F82C10DC
:106B00000120884011490968084310490860E16A7A
:106B100001EB81010E4A02EB8100211DFEF7F4FE1C
:106B200004E004F118010B48FEF7EEFE0A49E06AA2
:106B30000968C96A884204D901250120074908600B
:106B400000E00025284670BD70030020500300209F
:106B5000C046002074470020380300205C0300205A
:106B600070B5002400263648006850B900BF502098
:106B700080F31188BFF34F8FBFF36F8F00BF00BF4B
:106B8000FEE7FEF7CDFE2E480068401E2C49086047
:106B90000846006800284FD12A48006800284BD0DA
:106BA00024E02948C068C46804F11800FEF742FEDA
:106BB000201DFEF73FFE94F82C1001208840234949
:106BC0000968084321490860E16A01EB8101204A14
:106BD00002EB8100211DFEF797FE1E49E06A09685D
:106BE000C96A884202D301201B4908601648006820
:106BF00008B9012000E000200028D2D00CB1FDF738
:106C00005DF91648056865B100BFFFF755FE10B184
:106C10000120114908606D1E002DF6D100200F499A
:106C200008600D48006838B1012630070C4908603B
:106C3000BFF34F8FBFF36F8FFEF79CFE304670BDE2
:106C400070030020480300207447002050030020F8
:106C5000C0460020380300205C03002058030020B9
:106C600004ED00E010B586B00024FCF7C7FD16481F
:106C70000068D0B100200590049003AA04A905A8DB
:106C8000FEF70CFE0222DDE904100023CDE900210D
:106C900002900EA10F48039AFFF74AFD0E490860C3
:106CA0000846006800B1012400BF54B900BF50205D
:106CB00080F31188BFF34F8FBFF36F8F00BF00BF0A
:106CC000FEE7204606B010BD7C030020546D722004
:106CD00053766300B5400108800300202DE9FF478B
:106CE00004460D4616461F46DDF830804FF0000979
:106CF00054B900BF502080F31188BFF34F8FBFF30A
:106D00006F8F00BF00BFFEE71448006810B3009506
:106D100001960294062D15DAFFF7B8FD022808D176
:106D20000023424669460D480068FFF777FA81461E
:106D300010E000231A46694608480068FFF76EFA1B
:106D4000814607E000233A46694604480068FFF799
:106D500039FB8146484604B0BDE8F0877C0300203B
:106D600010B500290AD00878002807D005487844D3
:106D7000EAF7F6FE002801D0002010BD0248784452
:106D800010BD0000BA460000B246000010B5002950
:106D90000AD00878002807D005487844EAF7E0FED2
:106DA000002801D0002010BD0248784410BD00002A
:106DB000AA460000A246000021F00042A2F1605263
:106DC000B2F5801F01F0004328BFD2F17E6C51D98B
:106DD000F1EE10CA1CF4400F14D15FEAC00C43EA74
:106DE000C20202EB507008BF70475FEA4C0C40F1E2
:106DF0000000DFF880C240F0998628BF20F0010033
:106E000000F094BEC30001F0004343EAC20202EB6B
:106E1000507008BF70471B4248BF4FEA4C0C1CF42F
:106E2000000F08BF401CDFF84CC200F07FBEC3005B
:106E300001F0004343EAC20202EB507204BF104665
:106E400070471B4248BF4FEA4C0C1CF4000FDFF8A0
:106E500024C218BF104640F0698608BF521C12F4C5
:106E6000000F08BF104600F0618621F0004201F0DB
:106E7000004330E050EA410C04BF084670475FEA27
:106E8000125CBCF1FE0F1ED1F1EE10CA1CF4400FD3
:106E9000CDD15FEAC00C9BD05FEA001C4FEAC20C68
:106EA0004CEB507C04BFC2002CEAD27C1CF4000FD7
:106EB00004BF4CEA0300DFF8BCC100F0378621F0C4
:106EC0000042A2F16052B2F5801F4FEA410C2ADB6A
:106ED0001CF5001F16D2F1EE10CA1CF4806F06D00C
:106EE0002CF0005C4CF0805CA1F140612AE04FF096
:106EF0007F40DFF884C143EA500000F017BE084627
:106F000000F0C5BF70B500F015FB00BF000000B970
:106F100088000004FFF7F3BF21F0704243EA50708D
:106F200040EAC2007047F1EE10CA2CF0805C4CF0D1
:106F3000005C1CF4006F25D04B00B3F5001F51D34B
:106F400001F140611CF4400F40F07E800CF0405C89
:106F5000C3004CF0880C11D05CF0404C10F0805F06
:106F60000CD0034610F1005041F10001020108BFAE
:106F700020F00050834218BF2CF0004C00F060401D
:106F800001F095B81CF4400F1AD01B4248BF4FEADD
:106F90004C0C1CF4000F13D112F1406248BF22F0D8
:106FA0007F424FEAC00CBCF1010F43EAC20242EB40
:106FB00050704FF0880228BF42F0804200F06CBF52
:106FC00012F1406248BF22F07F425FEAC00C43EA00
:106FD000C20242EA50704FF0880218BF42F04042AD
:106FE00000F05ABF01F0004321F00041094214D0E3
:106FF000B1FA81FCACF10B0CCCF1200201FA0CF1DE
:1070000020FA02F241EA02014FEA0C5200FA0CF0B7
:10701000A1EB020181EA03010FE0B0FA80F200FA6D
:1070200002F002F115024FEAD0214FEA0252A1EB21
:1070300002014FEA405081EA0301F1EE10CA2CF040
:10704000805C4CF0005C7BE762460CF0405CC30067
:107050004CF0880C92D05CF0404C094248BF520082
:1070600012F4000F8AD110F1005041F100012CF010
:10707000004C83D1880000408800001010B5DFF874
:1070800040E211F5801C13F580141EEA4C0F18BF66
:107090001EEA440F00F0C88091EA030F48BF83F056
:1070A000004300F14C83841A71EB030C05D21219D2
:1070B00043EB0C03001B61EB0C014FEA1154A4EBF2
:1070C000135C23EA6E0321EA045143F48013DCF1DC
:1070D000200E53D322FA0CFE10EB0E0023FA0CFE06
:1070E00041EB0E01CCF1200E03FA0EFE10EB0E0068
:1070F00051F10001B1F5801FCCF1200E53D201EB0C
:10710000045112FA0EF2BDE8104008BF7047F1EECC
:1071100010CA1CF4400F1ED14FF0110C92F0000F5A
:107120004CF0804C40F10285401C38BF5FEA4202BF
:1071300040F0FC84002814BF20F0010041F1000160
:107140004FEA410313F5001F24BF4CF0805CA1F10E
:10715000C04100F0EBBC11F0004F54BF1CF4000F15
:107160001CF4800F4FF0110C4CF0804C40F0DE848A
:10717000401CC0F0DB8441F10001E1E7012A43EB50
:107180000302ACF1200CDCF11F0E32BF4FF0000EF9
:1071900023FA0CF310EB030041EB0451B4EB115F45
:1071A000AFD0A1EB045101F5801149085FEA30002E
:1071B00002FA0EF242EA420201EB04515FEA3202A5
:1071C00013D0BDE81040F1EE10CA1CF4400F1AD1E4
:1071D0004FF0110C92F0000F4CF0804CB0D5401CD9
:1071E00038BF5FEA4202ABD1A4E7BDE810404FEAE6
:1071F000410313F5001F38BF7047DFF8C8C0A1F185
:10720000C04100F093BC11F0004F54BF1CF4000FBC
:107210001CF4800F4FF0110C4CF0804C90D1401CAE
:107220008ED341F100018BE74EF4001E3EEA41048B
:1072300018BF3EEA430439D091EA030F48BF83F0F8
:10724000004300F17783841A71EB030C05D2121905
:1072500043EB0C03001B61EB0C0152EA430E4FEAB7
:107260001154A4EB135C13D05FEA445E21EA04518D
:107270001CBF23F00043ACF1010C7FF428AFBDE844
:1072800010404FF0110C801841EB030100F039BBA6
:107290005FEA445EBDE8104018BF704750EA410CF9
:1072A00008BF70474FF0110C00F02BBBBDE8104039
:1072B00070B500F03FF900BF64FBBE3E1100000452
:1072C0000000C0FF11000010491058BFC1F140413B
:1072D0005B1058BFC3F140438B42EFF3008070470F
:1072E000B1FA81F201FA02F1C2F11D024FEA4150F6
:1072F00003EB025303EBD1217047000051EA030C6A
:1073000011D41CF5801F00F10680994218BF704708
:1073100008BF9042704711F5801F58BF13F5801FBA
:1073200018D4994270471CF5801F09D550EA410CCA
:107330000EBF52EA430C8B42704708BF824270472F
:107340004FF4001C1CEB410F38BF1CEB430F01D264
:107350008B42704770B500F0EDF800BF0000003FB1
:1073600019001604FFF7B0BF4FF000514FF08053E3
:10737000FFF7AABFDFF8B4C170B51CEA111E1EBF2B
:107380001CEA13159EEA0C0F95EA0C0F00F094808E
:1073900081EA030421EA4C114EEAD47E23EA4C131D
:1073A000AE4441F4801143F48013A1FB024CA0FBD6
:1073B0000365AEF17F7E361955EB0C05A1FB034C3E
:1073C0004CF10003A0FB021C16EB0C06654153F1C7
:1073D0000003094218BF46F0010613F4007F0BD1E9
:1073E0004FEA03314FEA0530340341EA155140EAD0
:1073F00016506FF003020AE04FEAC3214FEAC5209E
:10740000F40241EA555140EA56506FF00202264616
:1074100002EB2E4201EB025585EACE7127D0F1EE48
:1074200010CA05461CF4400C14D15FEA440C18BF86
:1074300024F0004450F1000041F1000120EAD47032
:1074400040F2FD7C624517D2BDE87040DFF8E0C035
:1074500000F06CBB5FEACE7454BF1CF4000F1CF448
:10746000800F08BF10F1010041F10001E8E740F290
:10747000FE7C624504D270BD08BF11F4801FE3D0CA
:10748000A84214BF4FF080444FF04044002E08BF84
:107490000024BEF1806FD8BF01F1C041A8BFA1F1A7
:1074A000C04144F0130CA8BF4CF0805CBDE87040B4
:1074B00040F37E8200F03ABB9EEA0C0F0CEA1315F3
:1074C00018BF95EA0C0F19D091EA030F48BF4EF090
:1074D000010E50EA410418BF52EA430409D000F0FB
:1074E000AAF8641986EA46064FEA044E4EEAD67EAA
:1074F0005BE74FEACE714FF0000070BD00F01AF864
:107500008900013E1300000400F005B800F007B840
:1075100052EA430C06D081EA030100F0C4B850EAF5
:10752000410CF8D15FF824C000F000BB0000FF0759
:10753000130000400EF1020E2EF0030E01285EF83B
:10754000086B41EB010414F5001418BFB4F5801F5B
:1075500023D3364208D4012A43EB030515F5001561
:1075600018BFB5F5801F18D301EB010C1CF5801F67
:1075700016D2364204D403EB030C1CF5801F0FD245
:10758000002C10D14FEAD17C002D0CEB4C0C0CF1EF
:10759000020C08BF4CEBD37C07E04FF0090C04E071
:1075A0004FF0080C01E04FEAD37C0CEB4C0526FAB7
:1075B00005F606F00706B6F1040C06D20EEB860CB3
:1075C000BDE870404CF0010C6047DFE80CF022246D
:1075D00013025EF804CC1B2D08D1002C88BFB4F533
:1075E000801F34BF4CF4804C4CF4004CBDE870401C
:1075F00000F09CBA002C88BFB4F5001F24BF1946C8
:10760000104670BD4FF000004FF00041A1F5002181
:1076100070BD19461046012851EB010418BFD4F57E
:10762000001484BF5EF804CC2CF0806CBDE8704080
:1076300000F25B82704780B54FF003065C004FEAB2
:1076400003334FEA3606640D4FEA133318BF43F491
:1076500080131CD153EA125E04F1010402BF1346E9
:107660000022203C1B4202BF130B1205143CB3FA4C
:1076700083FEAEF10B0ECEF1200C03FA0EF322FACC
:107680000CFC02FA0EF2A4EB0E0443EA0C030FB456
:1076900016F0010F0CBC03BC18BF2546CED180BD2F
:1076A00080B50126F3E70808A0F500114FEA310183
:1076B000704753EA010C11D41CF5801F00F10680BD
:1076C0008B4218BF704708BF8242704713F5801F76
:1076D00058BF11F5801F18D48B4270471CF5801FCE
:1076E00009D552EA430C0EBF50EA410C994270474B
:1076F00008BF904270474FF4001C1CEB430F38BF8B
:107700001CEB410F01D2994270470FB40CBC03BC73
:10771000FFF720BE10B5DFF894E211F5801C13F5D9
:1077200080141EEA4C0F18BF1EEA440F00F0F380CD
:1077300091EA030F48BF83F000433FF5B4AC841ACD
:1077400071EB030C07D212198CF0004C43EB0C03C5
:10775000001B61EB0C0152424FEA1154A4EB135C85
:1077600023EAAE0321EA0451C3EBAE0338BF5B1E2C
:10777000DCF1200E48D322FA0CFE10EB0E0043FA87
:107780000CFE41EB0E01CCF1200E03FA0EFE10EBC5
:107790000E0051F10001CCF1200E4CD412FA0EF281
:1077A00001EB0451BDE8104008BF7047F1EE10CA6C
:1077B0001CF4400F14D14FF0120C92F0000F4CF05B
:1077C000804C40F1B381401C18BFB2F1004F40F033
:1077D000AD8100280CBF491C20F0010000F0A6B9C3
:1077E00011F0004F54BF1CF4000F1CF4800F4FF039
:1077F000120C4CF0804C40F09981401C40F0968176
:1078000041F1000100F092B912EB020E43EB0302CA
:1078100018BF4FF0010E4EEA4202ACF1200CDCF131
:107820001E0E4BD943FA0CFE10EB0E0051F1FF3146
:10783000CCF11E0EB2D50EF1010E12FA0EFE404131
:1078400041EB010101EB445C5FEA5C5C06D95FEA55
:107850000E0201EB0451BDE81040A5E73BD24FEA10
:10786000D42C11F5001124F400641AD0B1FA81F27D
:107870000B3AA41AA41ED2F12003914030FA03F36C
:107880001943904001EBCC71002C01EB0451BDE891
:107890001040A8BF704701F1C0414FF0120C00F03A
:1078A00087B8B0FA80F310FA03F101D1BDE81040B7
:1078B00019D0E41A173C4805C90AE3E701EB045163
:1078C000BDE81040401E61F100015FF0FF326BE740
:1078D00001EB045110BD491001EB0451BDE810400B
:1078E0004FEA30000BE0F1EE10CA4FF000010CF44B
:1078F000400CBCF5000F08BF4FF0004170474FF03F
:10790000120C4A0008BF0042EDD0B2F5001F28BF9C
:10791000704700F0EAB84EF4001E3EEA410418BF7A
:107920003EEA430434D091EA030F48BF83F000439A
:107930003FF589AC841A71EB030C07D212198CF055
:10794000004C43EB0C03001B61EB0C0152EA033EBD
:107950004FEA1154A4EB135C14D05FEA445E21EAB1
:10796000045109D023F000435242ACF1010CC3F1A1
:10797000000338BF5B1EFBE6BDE81040801A61EBD8
:107980000301BCE7BDE8104050EA410CB7D1AAE7BB
:10799000BDE8104070B5FFF7CDFD00BF40DFF63EFB
:1079A0001100000483F00041104670470000C0FF42
:1079B000F1EE103A13F0807F1EBF01F0004100206D
:1079C000704713F4006F40F0AA80094248BF4CF49E
:1079D000803C4FF4C0634FEA115203F1010321EAE6
:1079E000025122F400629A1A48BF6FF0FE0241F47D
:1079F0008011352A3CD830D0152A1ED3203A0CD914
:107A00000028C2F1200321FA02F001FA03F218BFA4
:107A100042F001024FF0000130E0C2F1000302F138
:107A2000200201FA03F120FA02F241EA020100FA0F
:107A300003F208464FF0000120E0C2F1200310B429
:107A400000FA03F401FA03F320FA02F021FA02F13A
:107A5000224610BC43EA000010E050EA01324FF029
:107A600000004FF000014FF0004218BF521C05E02B
:107A70004FF001024FF000014FF000001CF4803F76
:107A80002CF4803C18BF41F0004112421ED0F1EEB0
:107A9000103A13F4400F20D1520003D30CD0401CF5
:107AA00041F10001F1EE103A4CF0804C43F0080334
:107AB000E1EE103A00F03AB85FEAAC72EFD4F1D1DF
:107AC000401C41F1000120F00100EBE71CF0804F69
:107AD00008BF70472CF0004CE4E7094254BF13F490
:107AE000000F13F4800FDDD1D9E7F1EE103A13F057
:107AF000807F1EBF01F000410020704713F4006F2B
:107B000008BF70472DE9F050FFF7CAFD04F5C064C7
:107B1000A4F10104314301EB0451BDE8F0504CF0F5
:107B2000005C4CF0800C00F0C2BA00001CF0700F3A
:107B300008BF0A460FB4F1EE101A0CF0405030EABC
:107B4000814318BF4CF0804C4FEA4C0310EA814F40
:107B50004FEAD36323EA112318BF23F0100341EA4D
:107B6000030101F0E073E1EE101A4CEA030C0CF093
:107B70000F030A2B1DBF082B0CF070034CEAC30C3B
:107B80004FF4003304BF33EA0C034CF4400C1CF0F8
:107B9000005F14D11CF0805F0BD11CF0804F31D1FD
:107BA0001CF0006F12D111F4807F0FBC62D000F086
:107BB0007EBA11F4806F0FBC2BD000F078BA11F4AC
:107BC000006F0FBC08BF704700F071BA11F4007F5E
:107BD0000FBC40F06C821CF0400F1EBF4FF0004005
:107BE00040F0010070471CF0100F14BF81EA03023F
:107BF00042400CF00F000A2808BF4FF0FF324FF050
:107C0000000326E011F4805F0FBC08BF704700F04E
:107C10004EBAF1EE103A2CF0805C1CF0800F14BFCD
:107C200001F0004200F0004212420CBF12EA336F32
:107C300012EAF35F0DD31CF0100F1DBF30A003C874
:107C40001143314808BF104313F4805F40F02F8286
:107C500070471CF0100F02F000421DBF0FF294009D
:107C600003C81143254808BF104313F4805F40F058
:107C70001E8270471CF0400F40F028801CF4404FDB
:107C80001BD01CF4004F1CBF194610460CF4807228
:107C900018BF8CEA520C1CF0800F0CBF40F480001F
:107CA00041F400218CEADC0313F0100F1CBF2CF010
:107CB0000F0C4CF0080C00F0A1B91CF0100F1ABF0B
:107CC00012A393E80300134800F098B91CF0800F4A
:107CD00014BF01F0004200F000421CF0100F1BBF67
:107CE0000AA393E803000B48114308BF104300F0B8
:107CF00085B900BF000000000000F07F0000807F19
:107D0000FFFFFFFFFFFFEF7FFFFF7F7F000000000F
:107D10000000F87F0000C07F43004FEAD30C4FEA19
:107D20003C0C43401FBF40070CF1605113F0FE4F65
:107D300070471CF0006F14D133F0004004BF1946A7
:107D4000704783EA830383EA430303F0070343EAAC
:107D5000CC010CF0004303F15A5303F54013FFF735
:107D6000BFBA0CF0004343EA507010B540EACC00B3
:107D700000F00FF8000000BA180000044FEA0001FC
:107D8000FFF791BC4FEAE0024FEA407042F0E04159
:107D900070470EF1020E2EF0030E4FEA40025EF81D
:107DA000084B12F1807218BFB2F5000F22D32442A3
:107DB00007D44FEA410313F1807318BFB3F5000FE6
:107DC00018D34FEA400C1CF5000F16D2244204D4FD
:107DD0004FEA410C1CF5000F0FD2002A10D14FEAD8
:107DE000D07C002B0CEB4C0C0CF1020C08BF4CEBC4
:107DF000D17C07E04FF0090C04E04FF0080C01E0E3
:107E00004FEAD17C0CEB4C0324FA03F404F0070492
:107E1000B4F1040C06D20EEB840CBDE810404CF01B
:107E2000010C6047DFE80CF01F2013025EF804CC61
:107E30001B2B08D1002A88BFB2F5000F34BF4CF4C9
:107E4000804C4CF4004CBDE81040FFF76FBE002A98
:107E500088BFB2F1807F28BF084610BD4FF00040B8
:107E6000A0F5800010BD0846420018BFD2F1807214
:107E700084BF5EF8042C22F08062BDE8104000F25E
:107E80008A8070474FF00000E1EE100A7047FF2132
:107E900041EAD050C0057047F1EE101A11F0807F12
:107EA0001CBF00F00040704711F4006F40F08E805E
:107EB00000F0004343EAD05323F48073C3F1C103BD
:107EC00023F00041172941D8C3F1200310FA03F130
:107ED000C3F1200320F07F4040F4000020FA03F0BB
:107EE00003F0004340EA030019D00B46F1EE101AEC
:107EF00041F00801E1EE101A11F4400F1CD15900B5
:107F000009D318BF401C06D17FEAE27398BF401C1A
:107F100038BF20F0010042F0804CFFF707BE12F09E
:107F2000804F08BF7047F1EE101A944641F00801E7
:107F3000E1EE101AFFF7FABD10F0004F14BF5FEA30
:107F4000F1535FEA316338BF401CE4E7182903EBC3
:107F5000912318BF6FF000410131F1EE101A41F08A
:107F60000801E1EE101A11F4400F18BF03F00040B1
:107F7000E2D168BF03F0004009D6400203F00040A0
:107F800000F1010004BF12F0004F20F001004FF09B
:107F9000804CFFF7CBBDF1EE101A11F0807F1CBFB3
:107FA00000F00040704711F4006F08BF704700F008
:107FB000004120F00040B0FA80F3A3F1080341F043
:107FC000C04100FA03F0A1EBC351084442F0005C49
:107FD00000F06DB8064A21EA020120EA0202F1EE41
:107FE000100A20EA020282EA0102E1EE102A70473A
:107FF00060603FF6E9F714B9E9F748BA0CF00F03EF
:10800000092B08BF082000F064800A2B32D0082B0F
:1080100018BF704708BF1CF0400F31D01CF4803FE0
:1080200023D11CF0200F11D11CF0100F0BBF024602
:108030000A466FF000406FF0004118BF4FF0FF306C
:1080400012F0004F1CBFC043C94370471CF0100F13
:108050000CBF02460A4612F0004F4FF0FF304FF0BF
:10806000FF311CBFC043C94370474FF000004FF0C1
:10807000000170471CF0400F18BF4FF000407047E0
:108080001CF0100F08D020F0704300F07F4242EA4D
:10809000D3014FEA4370704700F0604021F07F4207
:1080A00042EA000201F07F4040EA727070472DE919
:1080B00000502DE90050E8F769FFBDE80050BDE829
:1080C00000500CF00F0393F0090F18BF7047AFF387
:1080D00000801CF4801F24D01CF4E02F09D010F085
:1080E000080F02D1D0F1020070476FEACC3149008D
:1080F00070474FF0604111EA407028BF40F0405097
:10810000F1EE103A23F0704343EA0003E1EE103A37
:10811000EFF3008222F0704242EA000282F300880C
:1081200070471CEA004018BF01207047B4B2010834
:1081300065FA0008000000000000000000020000D6
:108140000000000000000000D0B20108B1090108E1
:10815000010000000000000000020000000000001C
:1081600000000000A8B201083D0F01080000000057
:1081700000000000000100000000000000000000FE
:10818000C4B20108112A010802000000000000002A
:10819000000200000000000000000000DCB2010846
:1081A000398F0008030000000000000000040000F8
:1081B0000000000000000000B0B20108D930010842
:1081C00000000000000000000001000000000000AE
:1081D000000000007CB20108B1330108FEFF00007E
:1081E000000000000001000000000000000000008E
:1081F00084B20108254601080000000000000000CC
:10820000800000000000000000000000BCB2010877
:108210003153010800000000000000008000000051
:1082200000000000000000008CB2010871EC0008A2
:1082300000000000000000008000000000000000BE
:1082400000000000A0B201088947010800000000FA
:10825000000000008000000000000000000000009E
:108260009CB20108655401080000000000000000F5
:10827000800000000000000000000000000000007E
:1082800000000000010203040607080900000000C6
:1082900001020304484400474D00475952414343FB
:1082A0004D41470000A08C46000020410000000026
:1082B00000002041000000000000003FABAA2A3E61
:1082C000ABAAAA3E1E0028000F000A000A000B00FD
:1082D0000A000A000A000A000A0009000A000A004F
:1082E0000800020003000E00020003000D000A0057
:1082F0000A000C000200030007000500050007004B
:108300002800C80007006400640005000A000A0095
:10831000070064006400010000007A449A99193F44
:10832000000000000000E1449A99193F000000009D
:108330000000C844CDCC4C3E000000005AF8F63F87
:108340005D896EBFD5A9183B000000000000000049
:10835000000000000000000000000000000000001D
:10836000000000000000000700000000000000CF37
:1083700000000000000000CF00000000000000CC62
:1083800000000000000000CC00000000000000CC55
:1083900000000000000000CC00000000000000CE43
:1083A00000000000000000CF00000000000000FFFF
:1083B00000000000000000F9000000000000007054
:1083C0000000000000000000000000000000003E6F
:1083D000000000000000007E00000000000000E738
:1083E00000000000000000C300000000000000C307
:1083F00000000000000000C300000000000000C7F3
:1084000000000000000000FE00000000000000FE70
:10841000000000000000007C0000000000000003DD
:1084200000000000000000DF00000000000000DF8E
:1084300000000000000000DB00000000000000DB86
:1084400000000000000000DB00000000000000DB76
:1084500000000000000000DB00000000000000DF62
:1084600000000000000000FE00000000000000FE10
:10847000000000000004000080000000003C001C20
:10848000C000000001FC007EF00000001FFC00FFA7
:10849000F8000001FFFC00E7FE00000FFFFC00C336
:1084A000FF0000FFFFFC00C3FFC007FFFFFC00C38D
:1084B000FFE01FFFFFFC00C7FFF01FFFFFFC00FEF7
:1084C000FFF81FFFFFFC007CFFFC1FFFFFFC0039D3
:1084D000FFFE1FFFFFFC0007FFFF1FFFFFFC001F49
:1084E000FFFF9FFFFFE000FCFFFF9FFFFF0000F08A
:1084F000FFFF9FFFF00000FCFFFF9FFF8000007F59
:10850000FFFF9FF80000000FFFFF9FF80000000F23
:10851000FFFF9FF80000001CFFFF9FF800000038DD
:10852000FFFF9FF8000000F0FFDF9FF8000000FF52
:10853000FFCF9FF8008000FFFFC79FF80080000773
:10854000FFC39FF800C00000FFC09FFB00C00001F8
:10855000FFC01FFB80E00003FFC01FFBC0E000075F
:10856000FFC01FFBE0F0001EFFC01FFBF0F0003D4E
:10857000FFC01FFBF8F80073FFC01FFBFCF800E30F
:10858000FFC01FFBFFFC00E3FFC01FFBFFFC00FF61
:10859000FFC01FFBFFFE007FFFC01FFBFFFE001F91
:1085A000FFE01FFBFFFF0007FFE03FFBFFFF0001B5
:1085B000FFF07FFBFFFF80007FF8FFF1FFFF8001EE
:1085C0007FFFFFF0FFEFC0737FFFFFF07FE7C0FB8F
:1085D0003FFFFFE03FE3E0FB3FFFFFE01FE1E0DBA9
:1085E0001FFFFFC00FE0F0DB0FFFFF8007E070DB35
:1085F00007FFFF0003E038DB03FFFE0001E018DFA8
:1086000000FFF80000E00CDE003FE0000060048E98
:10861000000000000020004000000000000000C03A
:1086200000000000000000C000000000000000FF8B
:1086300000000000000000FF00000000000000FC3F
:1086400000000000000000C000000000000000C0AA
:1086500000000000000000C00000000000000081D9
:10866000000000000000000B00000000000000DB24
:1086700000000000000000DB00000000000000DB44
:1086800000000000000000DB00000000000000DB34
:1086900000000000000000DB00000000000000DB24
:1086A00000000000000000DB00000000000000D21D
:1086B0000000000000000080000000000000000F2B
:1086C00000000000000000CF00000000000000CC0F
:1086D00000000000000000CC00000000000000CC02
:1086E00000000000000000CC00000000000000CCF2
:1086F00000000000000000CF00000000000000DFCC
:1087000000000000000000FB0000000000000071FD
:108710000000000000000000000000000000000059
:108720000000000000000000000000000000000049
:108730000000000000000000000000000000000039
:108740000000000000000000000000000000000029
:108750000000000000000000000000000000000019
:108760000000000000000000000002060E1E3E7E19
:10877000FEFEFEFEFEFEFEFEFEFEFEFEFEFEFEFE19
:10878000FEFEFEFEFEFEFEFEFEFEFEFEFEFEFEFE09
:10879000FEFEFEFEFEFCFCF8F8F0E0C080000000EB
:1087A00000000000000000000000000000000000C9
:1087B00000000000000000000000000000000000B9
:1087C00000000000000000000000000000000000A9
:1087D0000000000000000000000000000000000099
:1087E0000000000000000000000000000000000089
:1087F000000103070F1F3F7FFFFFFFFFFFFFFFFF8A
:10880000FFFFF7E7C78707070707070707070707F8
:1088100007070F1FFFFFFFFFFFFFFFFFFFFEF00037
:108820000000000000000000000000000000000048
:108830000000000000000000000000000000000038
:108840000000000000000000000000000000000028
:108850000000000000000000000000000000000018
:108860000000000000000000000000000000000008
:10887000000000C0FCFCFCFCFCFDFFFFFFFFFFFF55
:10888000FFFFFFFFFFFFFFFEFCFCFCFCFCFCFCFC11
:10889000FCFCFEFFFFFFFFFFFFFFFF7F3F0F01001C
:1088A00000000000000000000000000000000000C8
:1088B00000000000000000000000000000000000B8
:1088C00000000000000000000000000000000000A8
:1088D0000000000000000000000000000000000098
:1088E0000000000000000000000000000000000088
:1088F00080F0FEFFFFFFFFFFFFFFFFFFFF1F0F0FD7
:108900000F0F0F0F0F1F3F7FFFFFFFFFFFFFFFFF47
:10891000FFFFFFEFCF870703030100000000000007
:108920000000000000000000000000000000000047
:108930000000000000000000000000000000000037
:108940000000000000000000000000000000000027
:108950000000000000000000000000000000000017
:108960000000000000000000000000000000E0FC2B
:10897000FFFFFFFFFFFFFFFFFFFF3F0700000000BB
:108980000000404040C0C0C0C0C1C3C7CFDFFFFF30
:10899000FFFFFFFFFFFFFFFEFCF8F0E0C0800000DC
:1089A00000000000000000000000000000000000C7
:1089B00000000000000000000000000000000000B7
:1089C00000000000000000000000000000000000A7
:1089D0000000000000000000000000000000000097
:1089E0000000000000000000000000080C0F0F0F46
:1089F0000F0F0F0F0F0F0F0F0F01000000000000EF
:108A0000000000000000000101030307070F0F1F13
:108A10001F3F3F7F7FFFF3E3C3830303030303028F
:108A20000000000000000000000000000000000046
:108A30000000000000000000000000000000000036
:108A40000000000000000000000000000000000026
:108A50000000000000000000000000000000000016
:108A60000000000000000000000000000000000006
:108A700000000000000000000000000000000000F6
:108A800000000000000000000000000000000000E6
:108A900000000000000000010103030604000000C4
:108AA00000000000000000000000000000000000C6
:108AB00000000000000000000000000000000000B6
:108AC00000000000000000000000000000000000A6
:108AD00060787B1B1B1B7B7F6F4E003E7F63636355
:108AE0007F3E00787B6B6B6B6B7B7F36003E7F63DA
:108AF00063637F3E4060783D071F7C701D077F7871
:108B000040006070385D6F676F7C70400040666F3A
:108B10006B6B6B6B7B310203037F7F030361686BBD
:108B20006B6B6B6B0B0360787B1B1B1B7B7B6F4E34
:108B300000466F6F6B6B6B7B310000000000000024
:108B40000000000000000000000000004080000065
:108B500000004080000000004080000000004080D5
:108B60000000000040000000000040000000000085
:108B70004400000000004400000000004400000029
:108B8000000044000003FFC040000003FFC040009D
:108B900000003FE0400000003FF0400000000FF800
:108BA000408000000FFC4080000003FE0000000039
:108BB00003FF0000000003FF8000000007FFC0006B
:108BC00000000FFFFF8000003FFFF98000003FFF23
:108BD000F98000003FFFE0000000FFFFE000000020
:108BE000FFFF80000000FFFF80000003FFFFE000A8
:108BF0000003FFFFE0003FFFFFFFFF803FFFFFFF9D
:108C0000FF80FFFFFFFE0180FFFFFFFE0180CFFF1F
:108C1000FFF80000CFFFFFF80000FFFFFFC040009B
:108C2000FFFFFFE04000FFFC30004000FFFC300091
:108C30004000FFCC3C004000FFCC3C004100FFCC9A
:108C400000004000FFCC00004000FFCC00004000CE
:108C5000FFCC00004000FFC000004000FFC000004B
:108C600040003FC0000040803FC000004080000046
:108C70000000408000000000408000000000400034
:108C8000000000004000000000004800000000005C
:108C90004800000000004800000000004000000004
:108CA0000000400000000000400000000000400004
:108CB0000000000040000000000040000000000034
:108CC00070000000000000F80000000000019C801F
:108CD0000000001FFF8F800000007FFFE300000006
:108CE00000F000FE00000001C0001F000000018035
:108CF0000007C0000703000000F00007E3060000C3
:108D00007C000C7B0600001E007C0F00000007802A
:108D1000FFE600000001C0C0FE00200000E0C00E21
:108D2000003C000070C0020026000030C002003E7F
:108D3000000030C03E0026000030FFF2003C000082
:108D4000707E0600200000E00C1F00000003C00C35
:108D5000FB060000078007E30600001E0007030073
:108D6000000078000001800003E0000001C0000F57
:108D700080000000F000FF000000007FFFFF000007
:108D800000001FFF0D800000000003B8000000007D
:108D90000000F00000000000006000000000000083
:108DA000808000000380C000001F80F00003FF806F
:108DB000FC003FFF80FE01FFFF80FF07FFFF80FFF9
:108DC00087FFFF80FFC7FFFF80FFE7FFFF80FFE710
:108DD000FFFC00FFE7FF8000FFE7F80000FFE7F877
:108DE0000000FFE7F80000FFE7F80000FEE7F800EA
:108DF00000FE67F80000FE27FA0000FE07FB0400F3
:108E0000FE07FB8600FE07FBC600FE07FBE700FE31
:108E100007FBF700FE07FBFF80FE07FBFF80FE0756
:108E2000FBFFC0FF07FBFFE0FF9FFBFFE0FFFFF939
:108E3000FFF07FFFF0FEF07FFFF07E783FFFE03E27
:108E4000383FFFC01E1C1FFF800E0C0FFF000604E2
:108E500007FC0002000000000000824428102844A3
:108E6000820000007800FEC0FEC0780000004000D4
:108E7000700078004FE04FE0780070004000000084
:108E800000000000000000000000000000000000E2
:108E90000000000000000000000000000000400092
:108EA000700078004FE04FE0780070604060000094
:108EB00000000000000000000000000000000000B2
:108EC0000000000000000000000000000000400062
:108ED000700078004FE04FE0780070604060000064
:108EE000000001E001E000000000000000000000C0
:108EF0000000000000000000000000000000400032
:108F0000700078004FE04FE0780070604060000033
:108F1000000001E001E00000000007E007E00000C1
:108F20000000000000000000000000000000400001
:108F3000700078004FE04FE0780070604060000003
:108F4000000001E001E00000000007E007E0000091
:108F500000001FE01FE000000000000000004000D3
:108F6000700078004FE04FE07800706040600000D3
:108F7000000001E001E00000000007E007E0000061
:108F800000001FE01FE0000000007FE07FE0000025
:108F900018000C006E8E010818000C009E8E01084F
:108FA00018000C00CE8E010818000C00FE8E01087F
:108FB00018000C002E8F010818000C005E8F0108AD
:108FC00000007FE04020432041A040E043A04F202C
:108FD0005C2070207FE0000000007FE04020402007
:108FE0004020402040204020402040207FE00000E2
:108FF0000C000C00C08F01080C000C00D88F010879
:10900000FFFC8004800480048004800480048004C9
:109010008004800480048004800480048004800430
:10902000800480048004800480048004FFFC0780A6
:1090300018000E0000900108000000000000000071
:1090400000000000000000003F40000000000000A1
:1090500000003000400030004000000009000BC05C
:109060003D000BC03D00090018C024407FE02240B5
:1090700031800000180024C01B000D8032400180A8
:1090800003801C4027401C80074000401000600007
:1090900000000000000000000000000000001F8031
:1090A000204040200000402020401F8000000000A1
:1090B000090006001F8006000900000004000400EB
:1090C0003F80040004000000001000600000000069
:1090D000000000000400040004000400040000007C
:1090E000000000400000000000000000002001C05F
:1090F00006003800400000001F8020402040204033
:109100001F800000000010403FC000400000000031
:1091100018C0214022402440184000001080204008
:10912000244024401B80000002000D0011003FC0BD
:10913000014000003C802440244024402380000063
:109140001F80244024403440038000003000200071
:1091500027C03800200000001B8024402440244009
:109160001B8000001C0022C0224022401F80000003
:1091700000000000084000000000000000000000A7
:109180000460000000000000000004000A0011005C
:109190002080404009000900090009000900000082
:1091A00000004040208011000A0004001800200048
:1091B00023402400180000001F8020402740294041
:1091C0001F400000004007C039000F0001C00040F0
:1091D00020403FC0244024401B8000001F802040CE
:1091E000204020403080000020403FC020402040F0
:1091F0001F80000020403FC024402E4030C00000AF
:1092000020403FC024402E00300000000F0010809E
:10921000204022403380020020403FC00400040070
:109220003FC02040204020403FC020402040000060
:109230000060202020203FC02000200020403FC0B0
:1092400024400B0030C0204020403FC02040004060
:10925000004000C03FC03C0003C03C003FC00000D5
:1092600020403FC00C4023003FC020001F80204012
:10927000204020401F80000020403FC024402400A8
:10928000180000001F802140214020E01FA00000A6
:1092900020403FC02440260019C0004018C0244090
:1092A0002440224031800000300020403FC0204058
:1092B0003000000020003F80004000403F80200040
:1092C00020003E0001C0070038002000380007C021
:1092D0003C0007C038000000204039C0060039C0FB
:1092E000204000002000384007C038402000000027
:1092F000304021C02640384020C00000000000005F
:109300007FE0402040200000000070000C0003803F
:10931000004000000000402040207FE000000000EE
:10932000000020004000200000000000001000109D
:1093300000100010001000100000000040000000AD
:1093400000000000000002800540054003C000400E
:1093500020003FC004400440038000000000038060
:109360000440044006400000000003800440244004
:109370003FC000400000038005400540034000005E
:10938000000004401FC0244024402000000002E0F0
:10939000055005500650042020403FC00440040002
:1093A00003C000400000044027C00040000000004F
:1093B00000100010041027E00000000020403FC013
:1093C0000140070004C00440204020403FC000404E
:1093D0000040000007C0040007C0040003C00000F4
:1093E000044007C00440040003C0004000000380A4
:1093F0000440044003800000041007F004500440BF
:1094000003800000000003800440045007F00010B7
:10941000044007C0024004000400000000000640B1
:109420000540054004C00000000004001F80044007
:1094300000400000040007800040044007C00040D6
:109440000400070004C0018006000400060001C0FB
:10945000070001C006000000044006C0010006C06D
:10946000044000000410071004E00180060004001E
:109470000000044005C00640044000000000000059
:1094800004007BE040200000000000000000FFF02E
:1094900000000000000040207BE00400000000000D
:1094A00040008000400020002000400000004844B0
:1094B0000000003F000000000080BB45000090411C
:1094C000000080BF0080BB4500009041000080BFCD
:1094D00010E4DC3FCB8541BF7FB5F73C4F4B00002C
:1094E0000000004552524F522100000000000000D1
:1094F000000000000000000000000000000000006C
:109500000000000000000000000000070000000054
:10951000000000CF00000000000000CF00000000AD
:10952000000000CC00000000000000CC00000000A3
:10953000000000CC00000000000000CC0000000093
:10954000000000CE00000000000000CF000000007E
:10955000000000FF00000000000000F90000000013
:10956000000000700000000000000000000000008B
:109570000000003E000000000000007E000000002F
:10958000000000E700000000000000C30000000031
:10959000000000C300000000000000C30000000045
:1095A000000000C700000000000000FE00000000F6
:1095B000000000FE000000000000007C0000000031
:1095C0000000000300000000000000DF00000000B9
:1095D000000000DF00000000000000DB00000000D1
:1095E000000000DB00000000000000DB00000000C5
:1095F000000000DB00000000000000DB00000000B5
:10960000000000DF00000000000000FE000000007D
:10961000000000FE000000000004000080000000C8
:10962000003C001CC000000001FC007EF0000000B7
:109630001FFC00FFF8000001FFFC00E7FE00000F28
:10964000FFFC00C3FF0000FFFFFC00C3FFC007FFDB
:10965000FFFC00C3FFE01FFFFFFC00C7FFF01FFF80
:10966000FFFC00FEFFF81FFFFFFC007CFFFC1FFF5C
:10967000FFFC0039FFFE1FFFFFFC0007FFFF1FFF7D
:10968000FFFC001FFFFF9FFFFFE000FCFFFF9FFFAD
:10969000FF0000F0FFFF9FFFF00000FCFFFF9FFFB7
:1096A0008000007FFFFF9FF80000000FFFFF9FF882
:1096B0000000000FFFFF9FF80000001CFFFF9FF855
:1096C00000000038FFFF9FF8000000F0FFDF9FF868
:1096D000000000FFFFCF9FF8008000FFFFC79FF84A
:1096E00000800007FFC39FF800C00000FFC09FFB81
:1096F00000C00001FFC01FFB80E00003FFC01FFB94
:10970000C0E00007FFC01FFBE0F0001EFFC01FFB12
:10971000F0F0003DFFC01FFBF8F80073FFC01FFB17
:10972000FCF800E3FFC01FFBFFFC00E3FFC01FFBD2
:10973000FFFC00FFFFC01FFBFFFE007FFFC01FFB01
:10974000FFFE001FFFE01FFBFFFF0007FFE03FFBE6
:10975000FFFF0001FFF07FFBFFFF80007FF8FFF1BC
:10976000FFFF80017FFFFFF0FFEFC0737FFFFFF07F
:109770007FE7C0FB3FFFFFE03FE3E0FB3FFFFFE091
:109780001FE1E0DB1FFFFFC00FE0F0DB0FFFFF80FA
:1097900007E070DB07FFFF0003E038DB03FFFE009C
:1097A00001E018DF00FFF80000E00CDE003FE00001
:1097B0000060048E00000000002000400000000057
:1097C000000000C000000000000000C00000000019
:1097D000000000FF00000000000000FF000000008B
:1097E000000000FC00000000000000C000000000BD
:1097F000000000C000000000000000C000000000E9
:1098000000000081000000000000000B00000000CC
:10981000000000DB00000000000000DB0000000092
:10982000000000DB00000000000000DB0000000082
:10983000000000DB00000000000000DB0000000072
:10984000000000DB00000000000000DB0000000062
:10985000000000D2000000000000008000000000B6
:109860000000000F00000000000000CF000000001A
:10987000000000CC00000000000000CC0000000050
:10988000000000CC00000000000000CC0000000040
:10989000000000CC00000000000000CF000000002D
:1098A000000000DF00000000000000FB00000000DE
:1098B0000000007100000000000000000000000037
:1098C0000000000000000000000000000000000098
:1098D0000000000000000000000000000000000088
:1098E0000000000000000000000000000000000078
:1098F0000000000000000000000000000000000068
:10990000000000000000000000000000000002064F
:109910000E1E3E7EFEFEFEFEFEFEFEFEFEFEFEFE77
:10992000FEFEFEFEFEFEFEFEFEFEFEFEFEFEFEFE57
:10993000FEFEFEFEFEFEFEFEFEFCFCF8F8F0E0C0C1
:109940008000000000000000000000000000000097
:109950000000000000000000000000000000000007
:1099600000000000000000000000000000000000F7
:1099700000000000000000000000000000000000E7
:1099800000000000000000000000000000000000D7
:1099900000000000000103070F1F3F7FFFFFFFFFD4
:1099A000FFFFFFFFFFFFF7E7C78707070707070767
:1099B0000707070707070F1FFFFFFFFFFFFFFFFF57
:1099C000FFFEF000000000000000000000000000AA
:1099D0000000000000000000000000000000000087
:1099E0000000000000000000000000000000000077
:1099F0000000000000000000000000000000000067
:109A00000000000000000000000000000000000056
:109A100000000000000000C0FCFCFCFCFCFDFFFF9F
:109A2000FFFFFFFFFFFFFFFFFFFFFFFEFCFCFCFC53
:109A3000FCFCFCFCFCFCFEFFFFFFFFFFFFFFFF7FC9
:109A40003F0F0100000000000000000000000000C7
:109A50000000000000000000000000000000000006
:109A600000000000000000000000000000000000F6
:109A700000000000000000000000000000000000E6
:109A800000000000000000000000000000000000D6
:109A90000000000080F0FEFFFFFFFFFFFFFFFFFF61
:109AA000FF1F0F0F0F0F0F0F0F1F3F7FFFFFFFFF56
:109AB000FFFFFFFFFFFFFFEFCF870703030100005A
:109AC0000000000000000000000000000000000096
:109AD0000000000000000000000000000000000086
:109AE0000000000000000000000000000000000076
:109AF0000000000000000000000000000000000066
:109B00000000000000000000000000000000000055
:109B10000000E0FCFFFFFFFFFFFFFFFFFFFF3F072D
:109B2000000000000000404040C0C0C0C0C1C3C72A
:109B3000CFDFFFFFFFFFFFFFFFFFFFFEFCF8F0E0BE
:109B4000C0800000000000000000000000000000D5
:109B50000000000000000000000000000000000005
:109B600000000000000000000000000000000000F5
:109B700000000000000000000000000000000000E5
:109B800000000000000000000000000000000008CD
:109B90000C0F0F0F0F0F0F0F0F0F0F0F0F01000004
:109BA00000000000000000000000000101030307A6
:109BB000070F0F1F1F3F3F7F7FFFF3E3C3830303A5
:109BC000030303020000000000000000000000008A
:109BD0000000000000000000000000000000000085
:109BE0000000000000000000000000000000000075
:109BF0000000000000000000000000000000000065
:109C00000000000000000000000000000000000054
:109C10000000000000000000000000000000000044
:109C20000000000000000000000000000000000034
:109C30000000000000000000000000010103030616
:109C40000400000000000000000000000000000010
:109C50000000000000000000000000000000000004
:109C600000000000000000000000000000000000F4
:109C70000000000060787B1B1B1B7B7F6F4E003E4B
:109C80007F6363637F3E00787B6B6B6B6B7B7F36A0
:109C9000003E7F6363637F3E4060783D071F7C70BA
:109CA0001D077F7840006070385D6F676F7C704083
:109CB0000040666F6B6B6B6B7B310203037F7F032E
:109CC0000361686B6B6B6B6B0B0360787B1B1B1BFF
:109CD0007B7B6F4E00466F6F6B6B6B7B31000000C0
:109CE0000000000000000000000000000000000074
:109CF0004080000000004080000000004080000024
:109D00000000408000000000400000000000400013
:109D100000000000440000000000440000000000BB
:109D200044000000000044000003FFC040000003A6
:109D3000FFC0400000003FE0400000003FF0400056
:109D400000000FF8408000000FFC4080000003FE80
:109D50000000000003FF0000000003FF800000007F
:109D600007FFC00000000FFFFF8000003FFFF980E9
:109D700000003FFFF98000003FFFE0000000FFFF10
:109D8000E0000000FFFF80000000FFFF80000003F4
:109D9000FFFFE0000003FFFFE0003FFFFFFFFF8049
:109DA0003FFFFFFFFF80FFFFFFFE0180FFFFFFFE81
:109DB0000180CFFFFFF80000CFFFFFF80000FFFF9A
:109DC000FFC04000FFFFFFE04000FFFC300040000C
:109DD000FFFC30004000FFCC3C004000FFCC3C00CA
:109DE0004100FFCC00004000FFCC00004000FFCC51
:109DF00000004000FFCC00004000FFC00000400019
:109E0000FFC0000040003FC0000040803FC0000095
:109E10004080000000004080000000004080000002
:109E2000000040000000000040000000000048006A
:109E30000000000048000000000048000000000092
:109E40004000000000004000000000004000000052
:109E50000000400000000000400000000000400042
:109E60000000000070000000000000F8000000008A
:109E700000019C800000001FFF8F800000007FFF1A
:109E8000E300000000F000FE00000001C0001F0021
:109E9000000001800007C0000703000000F0000779
:109EA000E30600007C000C7B0600001E007C0F0017
:109EB00000000780FFE600000001C0C0FE00200097
:109EC00000E0C00E003C000070C002002600003020
:109ED000C002003E000030C03E0026000030FFF20D
:109EE000003C0000707E0600200000E00C1F000017
:109EF0000003C00CFB060000078007E30600001EFD
:109F000000070300000078000001800003E000006B
:109F100001C0000F80000000F000FF000000007F83
:109F2000FFFF000000001FFF0D800000000003B8CD
:109F3000000000000000F0000000000000600000D1
:109F400000000000808000000380C000001F80F03F
:109F50000003FF80FC003FFF80FE01FFFF80FF0742
:109F6000FFFF80FF87FFFF80FFC7FFFF80FFE7FF46
:109F7000FF80FFE7FFFC00FFE7FF8000FFE7F8003E
:109F800000FFE7F80000FFE7F80000FFE7F8000037
:109F9000FEE7F80000FE67F80000FE27FA0000FE6A
:109FA00007FB0400FE07FB8600FE07FBC600FE075A
:109FB000FBE700FE07FBF700FE07FBFF80FE07FB49
:109FC000FF80FE07FBFFC0FF07FBFFE0FF9FFBFFDB
:109FD000E0FFFFF9FFF07FFFF0FEF07FFFF07E78FB
:109FE0003FFFE03E383FFFC01E1C1FFF800E0C0FDE
:109FF000FF00060407FC000200000000000082448D
:10A0000028102844820000007800FEC0FEC07800BE
:10A0100000004000700078004FE04FE078007000D2
:10A0200040000000000000000000000000000000F0
:10A030000000000000000000000000000000000020
:10A0400000004000700078004FE04FE07800706042
:10A050004060000000000000000000000000000060
:10A0600000000000000000000000000000000000F0
:10A0700000004000700078004FE04FE07800706012
:10A0800040600000000001E001E00000000000006E
:10A0900000000000000000000000000000000000C0
:10A0A00000004000700078004FE04FE078007060E2
:10A0B00040600000000001E001E00000000007E057
:10A0C00007E00000000000000000000000000000A9
:10A0D00000004000700078004FE04FE078007060B2
:10A0E00040600000000001E001E00000000007E027
:10A0F00007E0000000001FE01FE00000000000007B
:10A1000000004000700078004FE04FE07800706081
:10A1100040600000000001E001E00000000007E0F6
:10A1200007E0000000001FE01FE0000000007FE0EB
:10A130007FE0000018000C0012A0010818000C00BD
:10A1400042A0010818000C0072A0010818000C00C1
:10A15000A2A0010818000C00D2A0010818000C00F1
:10A1600002A1010800007FE04020432041A040E020
:10A1700043A04F205C2070207FE0000000007FE0C3
:10A1800040204020402040204020402040204020CF
:10A190007FE000000C000C0064A101080C000C0022
:10A1A0007CA10108FFFC80048004800480048004FA
:10A1B000800480048004800480048004800480047F
:10A1C000800480048004800480048004800480046F
:10A1D000FFFC0780000000000000000000000000FD
:10A1E000000000003F4000000000000000003000C0
:10A1F000400030004000000009000BC03D000BC0D3
:10A200003D00090018C024407FE02240318000005A
:10A21000180024C01B000D803240018003801C40C8
:10A2200027401C8007400040100060000000000034
:10A23000000000000000000000001F8020404020BF
:10A240000000402020401F800000000009000600A0
:10A250001F80060009000000040004003F80040085
:10A26000040000000010006000000000000000007A
:10A27000040004000400040004000000000000408A
:10A280000000000000000000002001C006003800AF
:10A29000400000001F802040204020401F80000020
:10A2A000000010403FC000400000000018C02140E6
:10A2B00022402440184000001080204024402440C8
:10A2C0001B80000002000D0011003FC00140000093
:10A2D0003C80244024402440238000001F802440F0
:10A2E00024403440038000003000200027C03800A4
:10A2F000200000001B802440244024401B800000DC
:10A300001C0022C0224022401F80000000000000EC
:10A310000840000000000000000000000460000091
:10A3200000000000000004000A00110020804040EE
:10A330000900090009000900090000000000404070
:10A34000208011000A00040018002000234024008F
:10A35000180000001F802040274029401F400000B7
:10A36000004007C039000F0001C0004020403FC03E
:10A37000244024401B8000001F80204020402040BB
:10A380003080000020403FC0204020401F8000005F
:10A3900020403FC024402E4030C0000020403FC03D
:10A3A00024402E00300000000F001080204022408A
:10A3B0003380020020403FC0040004003FC0204022
:10A3C000204020403FC0204020400000006020206E
:10A3D00020203FC02000200020403FC024400B0030
:10A3E00030C0204020403FC020400040004000C01E
:10A3F0003FC03C0003C03C003FC0000020403FC0C5
:10A400000C4023003FC020001F80204020402040FF
:10A410001F80000020403FC024402400180000009E
:10A420001F802140214020E01FA0000020403FC0AD
:10A430002440260019C0004018C024402440224077
:10A4400031800000300020403FC02040300000003C
:10A4500020003F80004000403F80200020003E0060
:10A4600001C0070038002000380007C03C0007C0CA
:10A4700038000000204039C0060039C020400000EC
:10A480002000384007C0384020000000304021C084
:10A490002640384020C00000000000007FE040203F
:10A4A00040200000000070000C000380004000000D
:10A4B0000000402040207FE000000000000020005D
:10A4C00040002000000000000010001000100010EC
:10A4D000001000100000000040000000000000001C
:10A4E000000002800540054003C0004020003FC03E
:10A4F0000440044003800000000003800440044046
:10A500000640000000000380044024403FC000409B
:10A5100000000380054005400340000000000440A7
:10A520001FC0244024402000000002E005500550D8
:10A530000650042020403FC00440040003C00040F7
:10A540000000044027C00040000000000010001080
:10A55000041027E00000000020403FC00140070039
:10A5600004C00440204020403FC0004000400000A4
:10A5700007C0040007C0040003C00000044007C077
:10A580000440040003C00040000003800440044075
:10A5900003800000041007F0045004400380000012
:10A5A000000003800440045007F00010044007C07E
:10A5B0000240040004000000000006400540054081
:10A5C00004C00000000004001F80044000400000A0
:10A5D000040007800040044007C00040040007005A
:10A5E00004C0018006000400060001C0070001C08D
:10A5F00006000000044006C0010006C00440000040
:10A600000410071004E0018006000400000004406C
:10A6100005C00640044000000000000004007BE08C
:10A6200040200000000000000000FFF000000000DB
:10A63000000040207BE0040000000000400080009B
:10A64000400020002000400040AC037D0401410395
:10A65000057C00026D0D026D09020B080141090223
:10A6600042C0030A0B04FF005EBCE2613FDD83C20F
:10A670009C7E20A3FD1F419DC3217FFCA2401E5F45
:10A6800001E3BD3E6082DC237D9FC1421CFEA0E150
:10A69000BF5D0380DE3C62BEE0025CDF81633D7C27
:10A6A00022C09E1D43A1FF4618FAA427799BC584AA
:10A6B000DA3866E5BB5907DB856739BAE40658190D
:10A6C00047A5FB7826C49A653BD987045AB8E6A704
:10A6D000F91B45C6987A24F8A6441A99C7257B3AEF
:10A6E0006486D85B05E7B98CD2306EEDB3510F4E5E
:10A6F00010F2AC2F7193CD114FADF3702ECC92D3DD
:10A700008D6F31B2EC0E50AFF1134DCE90722C6DB7
:10A7100033D18F0C52B0EE326C8ED0530DEFB1F0BE
:10A72000AE4C1291CF2D73CA947628ABF517490819
:10A7300056B4EA6937D58B5709EBB536688AD49594
:10A74000CB2977F4AA4816E9B7550B88D6346A2B7B
:10A750007597C94A14F6A8742AC896154BA9F7B676
:10A76000E80A54D7896B35000000891112239B3207
:10A770002446AD573665BF74488CC19D5AAFD3BED1
:10A780006CCAE5DB7EE9F7F88110080193331A22E1
:10A79000A5562C47B7753E64C99C408DDBBF52AEB1
:10A7A000EDDA64CBFFF976E802218B3010029913C1
:10A7B0002667AF763444BD554AADC3BC588ED19F91
:10A7C0006EEBE7FA7CC8F5D983310A2091121803A1
:10A7D000A7772E66B5543C45CBBD42ACD99E508F71
:10A7E000EFFB66EAFDD874C904428D5316619F7071
:10A7F0002004A9153227BB364CCEC5DF5EEDD7FC51
:10A800006888E1997AABF3BA85520C4397711E6060
:10A81000A1142805B3373A26CDDE44CFDFFD56EC30
:10A82000E9986089FBBB72AA06638F7214409D5140
:10A830002225AB343006B9174EEFC7FE5CCCD5DD10
:10A840006AA9E3B8788AF19B87730E6295501C4120
:10A85000A3352A24B1163807CFFF46EEDDDC54CDF0
:10A86000EBB962A8F99A708B088481951AA793B600
:10A870002CC2A5D33EE1B7F04008C919522BDB3AF0
:10A88000644EED5F766DFF7C899400859BB712A6C0
:10A89000ADD224C3BFF136E0C1184809D33B5A2AD0
:10A8A000E55E6C4FF77D7E6C0AA583B418869197A0
:10A8B0002EE3A7F23CC0B5D14229CB38500AD91BB0
:10A8C000666FEF7E744CFD5D8BB502A49996108780
:10A8D000AFF326E2BDD034C1C3394A28D11A580B90
:10A8E000E77F6E6EF55C7C4D0CC685D71EE597F450
:10A8F0002880A1913AA3B3B2444ACD5B5669DF7870
:10A90000600CE91D722FFB3E8DD604C79FF516E43F
:10A91000A9902081BBB332A2C55A4C4BD7795E684F
:10A92000E11C680DF33F7A2E0EE787F61CC495D51F
:10A930002AA1A3B03882B193466BCF7A5448DD592F
:10A94000622DEB3C700EF91F8FF706E69DD414C5FF
:10A95000ABB122A0B9923083C77B4E6AD5585C490F
:10A96000E33D6A2CF11E780F000610160006101643
:10A97000CDCC4C3ECDCC4C3ECDCC4C3E000000006E
:10A98000920E493CB10AC93C2BC3163D2EFB483DF3
:10A99000752B7B3D04A9963D80B6AF3D36BDC83DC5
:10A9A0002FBCE13D73B2FA3D87CF093E8340163E8E
:10A9B000B5AB223EA2102F3ECF6E3B3EC2C5473EF6
:10A9C0000115543E135C603E7F9A6C3ECCCF783EBE
:10A9D000C07D823E938E883E229A8E3E32A0943E67
:10A9E00086A09A3EE59AA03E128FA63ED47CAC3E4D
:10A9F000EF63B23E2A44B83E491DBE3E15EFC33E4A
:10AA000053B9C93ECA7BCF3E4136D53E80E8DA3ED7
:10AA10004F92E03E7533E63EBBCBEB3EEA5AF13E49
:10AA2000CBE0F63E275DFC3EE4E7003F3D9C033F64
:10AA3000824B063F9BF5083F6B9A0B3FDA390E3F7E
:10AA4000CDD3103F2A68133FD9F6153FC07F183F7A
:10AA5000C6021B3FD17F1D3FCBF61F3F9967223FA8
:10AA600025D2243F5636273F1594293F4AEB2B3FEA
:10AA7000DE3B2E3FBB85303FC9C8323FF304353F34
:10AA8000233A373F4268393F3B8F3B3FF9AE3D3F6A
:10AA900067C73F3F70D8413F01E2433F03E4453F72
:10AAA00065DE473F12D1493FF8BB4B3F029F4D3F08
:10AAB000207A4F3F3D4D513F4918533F31DB543FC2
:10AAC000E595563F5348583F6AF2593F1A945B3F09
:10AAD000532D5D3F05BE5E3F2146603F97C5613FF8
:10AAE0005A3C633F59AA643F880F663FD86B673F63
:10AAF0003CBF683FA7096A3F0C4B6B3F5E836C3FCE
:10AB000093B26D3F9ED86E3F73F56F3F0809713F5A
:10AB10005213723F4714733FDD0B743F0BFA743FBF
:10AB2000C6DE753F07BA763FC58B773FF853783F4F
:10AB30009812793F9DC7793F02737A3FBE147B3FDD
:10AB4000CDAC7B3F283B7C3FC9BF7C3FAC3A7D3FCF
:10AB5000CCAB7D3F23137E3FB0707E3F6DC47E3F04
:10AB6000580E7F3F6D4E7F3FAB847F3F0FB17F3FDD
:10AB700097D37F3F43EC7F3F11FB7F3F0000803F37
:10AB800011FB7F3F43EC7F3F97D37F3F0FB17F3F68
:10AB9000AB847F3F6D4E7F3F580E7F3F6DC47E3F3D
:10ABA000B0707E3F23137E3FCCAB7D3FAC3A7D3F00
:10ABB000C9BF7C3F283B7C3FCDAC7B3FBE147B3F75
:10ABC00002737A3F9DC7793F9812793FF853783FD7
:10ABD000C58B773F07BA763FC6DE753F0BFA743FE9
:10ABE000DD0B743F4714733F5213723F0809713FE6
:10ABF00073F56F3F9ED86E3F93B26D3F5E836C3F9F
:10AC00000C4B6B3FA7096A3F3CBF683FD86B673F5F
:10AC1000880F663F59AA643F5A3C633F97C5613F1E
:10AC20002146603F05BE5E3F532D5D3F1A945B3F5A
:10AC30006AF2593F5348583FE595563F31DB543F40
:10AC40004918533F3D4D513F207A4F3F029F4D3FA2
:10AC5000F8BB4B3F12D1493F65DE473F03E4453F18
:10AC600001E2433F70D8413F67C73F3FF9AE3D3FE8
:10AC70003B8F3B3F4268393F233A373FF304353F30
:10AC8000C9C8323FBB85303FDE3B2E3F4AEB2B3FEE
:10AC90001594293F5636273F25D2243F9967223FF6
:10ACA000CBF61F3FD17F1D3FC6021B3FC07F183F21
:10ACB000D9F6153F2A68133FCDD3103FDA390E3F3E
:10ACC0006B9A0B3F9BF5083F824B063F3D9C033F31
:10ACD000E4E7003F275DFC3ECBE0F63EEA5AF13E5A
:10ACE000BBCBEB3E7533E63E4F92E03E80E8DA3E6A
:10ACF0004136D53ECA7BCF3E53B9C93E15EFC33E60
:10AD0000491DBE3E2A44B83EEF63B23ED47CAC3E01
:10AD1000128FA63EE59AA03E86A09A3E32A0943EAF
:10AD2000229A8E3E938E883EC07D823ECCCF783E66
:10AD30007F9A6C3E135C603E0115543EC2C5473E8F
:10AD4000CF6E3B3EA2102F3EB5AB223E8340163E57
:10AD500087CF093E73B2FA3D2FBCE13D36BDC83DF9
:10AD600080B6AF3D04A9963D752B7B3D2EFB483D3B
:10AD70002BC3163DB10AC93C920E493C00000000AD
:10AD8000920E49BCB10AC9BC2BC316BD2EFB48BDEF
:10AD9000752B7BBD04A996BD80B6AFBD36BDC8BDC1
:10ADA0002FBCE1BD73B2FABD87CF09BE834016BE8A
:10ADB000B5AB22BEA2102FBECF6E3BBEC2C547BEF2
:10ADC000011554BE135C60BE7F9A6CBECCCF78BEBA
:10ADD000C07D82BE938E88BE229A8EBE32A094BE63
:10ADE00086A09ABEE59AA0BE128FA6BED47CACBE49
:10ADF000EF63B2BE2A44B8BE491DBEBE15EFC3BE46
:10AE000053B9C9BECA7BCFBE4136D5BE80E8DABED3
:10AE10004F92E0BE7533E6BEBBCBEBBEEA5AF1BE45
:10AE2000CBE0F6BE275DFCBEE4E700BF3D9C03BF60
:10AE3000824B06BF9BF508BF6B9A0BBFDA390EBF7A
:10AE4000CDD310BF2A6813BFD9F615BFC07F18BF76
:10AE5000C6021BBFD17F1DBFCBF61FBF996722BFA4
:10AE600025D224BF563627BF159429BF4AEB2BBFE6
:10AE7000DE3B2EBFBB8530BFC9C832BFF30435BF30
:10AE8000233A37BF426839BF3B8F3BBFF9AE3DBF66
:10AE900067C73FBF70D841BF01E243BF03E445BF6E
:10AEA00065DE47BF12D149BFF8BB4BBF029F4DBF04
:10AEB000207A4FBF3D4D51BF491853BF31DB54BFBE
:10AEC000E59556BF534858BF6AF259BF1A945BBF05
:10AED000532D5DBF05BE5EBF214660BF97C561BFF4
:10AEE0005A3C63BF59AA64BF880F66BFD86B67BF5F
:10AEF0003CBF68BFA7096ABF0C4B6BBF5E836CBFCA
:10AF000093B26DBF9ED86EBF73F56FBF080971BF56
:10AF1000521372BF471473BFDD0B74BF0BFA74BFBB
:10AF2000C6DE75BF07BA76BFC58B77BFF85378BF4B
:10AF3000981279BF9DC779BF02737ABFBE147BBFD9
:10AF4000CDAC7BBF283B7CBFC9BF7CBFAC3A7DBFCB
:10AF5000CCAB7DBF23137EBFB0707EBF6DC47EBF00
:10AF6000580E7FBF6D4E7FBFAB847FBF0FB17FBFD9
:10AF700097D37FBF43EC7FBF11FB7FBF000080BF33
:10AF800011FB7FBF43EC7FBF97D37FBF0FB17FBF64
:10AF9000AB847FBF6D4E7FBF580E7FBF6DC47EBF39
:10AFA000B0707EBF23137EBFCCAB7DBFAC3A7DBFFC
:10AFB000C9BF7CBF283B7CBFCDAC7BBFBE147BBF71
:10AFC00002737ABF9DC779BF981279BFF85378BFD3
:10AFD000C58B77BF07BA76BFC6DE75BF0BFA74BFE5
:10AFE000DD0B74BF471473BF521372BF080971BFE2
:10AFF00073F56FBF9ED86EBF93B26DBF5E836CBF9B
:10B000000C4B6BBFA7096ABF3CBF68BFD86B67BF5B
:10B01000880F66BF59AA64BF5A3C63BF97C561BF1A
:10B02000214660BF05BE5EBF532D5DBF1A945BBF56
:10B030006AF259BF534858BFE59556BF31DB54BF3C
:10B04000491853BF3D4D51BF207A4FBF029F4DBF9E
:10B05000F8BB4BBF12D149BF65DE47BF03E445BF14
:10B0600001E243BF70D841BF67C73FBFF9AE3DBFE4
:10B070003B8F3BBF426839BF233A37BFF30435BF2C
:10B08000C9C832BFBB8530BFDE3B2EBF4AEB2BBFEA
:10B09000159429BF563627BF25D224BF996722BFF2
:10B0A000CBF61FBFD17F1DBFC6021BBFC07F18BF1D
:10B0B000D9F615BF2A6813BFCDD310BFDA390EBF3A
:10B0C0006B9A0BBF9BF508BF824B06BF3D9C03BF2D
:10B0D000E4E700BF275DFCBECBE0F6BEEA5AF1BE56
:10B0E000BBCBEBBE7533E6BE4F92E0BE80E8DABE66
:10B0F0004136D5BECA7BCFBE53B9C9BE15EFC3BE5C
:10B10000491DBEBE2A44B8BEEF63B2BED47CACBEFD
:10B11000128FA6BEE59AA0BE86A09ABE32A094BEAB
:10B12000229A8EBE938E88BEC07D82BECCCF78BE62
:10B130007F9A6CBE135C60BE011554BEC2C547BE8B
:10B14000CF6E3BBEA2102FBEB5AB22BE834016BE53
:10B1500087CF09BE73B2FABD2FBCE1BD36BDC8BDF5
:10B1600080B6AFBD04A996BD752B7BBD2EFB48BD37
:10B170002BC316BDB10AC9BC920E49BC00000080A9
:10B180000000000000000000303132333435363723
:10B19000383941424344454640305800303132331B
:10B1A000343536373839616263646566403078001B
:10B1B0000400000800000000000000020001000080
:10B1C0001030313233343536373839616263646573
:10B1D0006678700030313233343536373839414291
:10B1E000434445465850000002400000000000A0C3
:10B1F0000000000005400000000000C80000000042
:10B200000C4000000000409C0000000019400000BD
:10B210000020BCBE0000000034400000BFC91B8EEF
:10B2200000000004B5400000504BCFD06607E2CFCD
:10B23000010000006C4100003E8251AADFEEA734FD
:10B2400001000000D9420000DCB5A0E23A301F97AF
:10B25000FFFFFFFFB4450000FD25A0C8E9A3C14FD3
:10B26000FFFFFFFFFF3F0000000000800000000024
:10B27000FF3F000000000080000000004F4C4544EC
:10B280000000000052454645524545004241545495
:10B290004552595F564F4C544147450055490000AF
:10B2A000534552564F000000444554454354000056
:10B2B0006C65640063616C69000000005553425482
:10B2C00061736B0067696D62616C5461736B000040
:10B2D000436861737369735461736B00696D75546E
:10B2E00061736B002A2A2A2A2A2A2A2A2A2A2A2A27
:10B2F0002A2A2A2A2A2A2A2A2A2A2A2A2A2A2A2AAE
:10B300002A2A0D0A766F6C74616765207065726316
:10B31000656E746167653A25642525200D0A4442EF
:10B3200055533A25730D0A63686173736973206D11
:10B330006F746F72313A25730D0A636861737369B4
:10B3400073206D6F746F72323A25730D0A636861F2
:10B3500073736973206D6F746F72333A25730D0ABE
:10B3600063686173736973206D6F746F72343A250B
:10B37000730D0A796177206D6F746F723A25730DC2
:10B380000A7069746368206D6F746F723A25730D6B
:10B390000A74726967676572206D6F746F723A25FF
:10B3A000730D0A6779726F2073656E736F723A2539
:10B3B000730D0A616363656C2073656E736F723A17
:10B3C00025730D0A6D61672073656E736F723A2580
:10B3D000730D0A72656665726565207573617274B6
:10B3E0003A25730D0A2A2A2A2A2A2A2A2A2A2A2AA6
:10B3F0002A2A2A2A2A2A2A2A2A2A2A2A2A2A2A2AAD
:10B400002A2A2A0D0A00000054B501080000002075
:10B41000D0040000C4010008D0B60108D004002008
:10B4200050E40000200200081C000000430000005F
:10B43000F8FFFFFF0C0000000E0000000F000000EE
:10B440002E0000001001000043000000F8FFFFFF85
:10B450000040404040404040404041414141414027
:10B4600040404040404040404040404040404040DC
:10B47000400502020202020202020202020202026B
:10B480000220202020202020202020020202020270
:10B4900002029090909090901010101010101010C8
:10B4A00010101010101010101010101002020202D4
:10B4B0000202888888888888080808080808080818
:10B4C0000808080808080808080808080202020214
:10B4D000400000000000000000000000000000002C
:10B4E000000000000000000000000000000000005C
:10B4F000000000000000000000000000000000004C
:10B50000000000000000000000000000000000003B
:10B51000000000000000000000000000000000002B
:10B52000000000000000000000000000000000001B
:10B53000000000000000000000000000000000000B
:10B5400000000000000000000000000000000000FB
:10B550000000000001401315C51B085D041A6D04AE
:10B560001A99041AD90413E1C41B082508131201FF
:10B57000140202021640830440572602010203010E
:10B58000071A040309041A03136D2F1B0869041A10
:10B5900025041A9104111324F405306740533A220C
:10B5A000D01420C82B1B20F4041ADC04130C2C37F5
:10B5B0002002050606061365F9140895F81B080114
:10B5C00008014C05643333333F4B82FF015A920824
:10B5D00042FF5AA208915A808C031280BF791C093D
:10B5E0001D246920E93809141014475952144143A5
:10B5F00043144D4147043D524546021F0119EC2AB0
:10B60000FF05190749F8390E5905314BD606028155
:10B61000021332100DE7416B3A58A08B3A7D0401BA
:10B620007C160240AB034110090553080658040775
:10B630000F160810820911160A15800B164D0C18EA
:10B64000010D65210A21109C014C1AAA01C1130A9F
:10B650000632022A40841371C11408B1C014089341
:10B66000C242081AFF0C1A01041A7D04C11A51289B
:10B670001A41041A61041A31041409024313020125
:10B680001DC0320904CD1A020B1305241610010542
:10B6900024011009010424020205240617010705EC
:10B6A000820308151009040133020A1D070501026F
:10B6B0007B2C07058107110937442A40072A810797
:10B6C000112B0907440A3B0444812DCDCC1C4104B5
:040000050800018965
:00000001FF
