:020000040800F2
:10000000A0F00020DD03000821A10008B787000848
:100010001DA10008E12D000839E6000800000000DD
:100020000000000000000000000000001D030008A8
:10003000CB32000800000000790300084DB700082B
:10004000F7030008F7030008F7030008F7030008A8
:10005000F7030008F7030008CD320008F703000893
:10006000F7030008D7320008E1320008F703000860
:10007000F7030008F7030008F7030008F703000878
:10008000F7030008F7030008F7030008F703000868
:10009000E52D0008F7030008F7030008EB3200081D
:1000A000F7030008F7030008F7030008F703000848
:1000B000F7030008F7030008F7030008F703000838
:1000C000F7030008F7030008F7030008F703000828
:1000D000F703000875C20008F7030008ADC2000866
:1000E000F7030008F7030008F7030008F703000808
:1000F000F7030008F7030008F703000821300008A1
:10010000F7030008F7030008F7030008F7030008E7
:10011000F7030008F7030008F7030008F7030008D7
:10012000F70300089D300008AD300008F703000811
:10013000F7030008F7030008F7030008F7030008B7
:10014000F52D0008F7030008F70300081DA50008B7
:100150007D3100088D310008F7030008DDC3000879
:10016000F7030008F7030008F7030008F703000887
:10017000F7030008F7030008F70300080000000079
:10018000F7030008F703000800F002F800F0B6F8E3
:100190000AA090E8000C82448344AAF10107DA45E2
:1001A00001D100F0ABF8AFF2090EBAE80F0013F07E
:1001B000010F18BFFB1A43F001031847CCE70100F9
:1001C000ECE701000A444FF0000C10F8013B13F07B
:1001D000070408BF10F8014B1D1108BF10F8015BA0
:1001E000641E05D010F8016B641E01F8016BF9D193
:1001F00013F0080F1EBF10F8014BAD1C0C1B09D1EA
:100200006D1E58BF01F801CBFAD505E014F8016B5B
:1002100001F8016B6D1EF9D59142D6D370470000ED
:100220000023002400250026103A28BF78C1FBD8FF
:10023000520728BF30C148BF0B6070476E2900F0DD
:10024000E185702900F0A78266291BF023806529CB
:100250001BF0208067291BF01D8061291BF01C808A
:1002600003681B0A28BF41F08001692900F08E85D0
:10027000642900F08B85752900F088856F2900F0CE
:10028000B186782900F07382E92900F04B86E429D1
:1002900000F04886F52900F04586EF2900F0AE868B
:1002A000F82900F072820368DB0928BF41F0800161
:1002B000632901F0C382732901F0C882E32901F0A8
:1002C000D382F32901F0D882002070471FB51AF0BD
:1002D00029FF9DE8030000F083FC01F027FB0400E8
:1002E0000020002119F048FB401C60600020002124
:1002F00019F02CFBE0601FBD10B510BD01F0E8FA4D
:100300001146FFF7E3FF13F0BFFF01F0C1FB03B499
:10031000FFF7F2FF03BC01F0F9FB00002C4B19685A
:100320000868B0E8F04F80F30988BFF36F8F4FF093
:10033000000080F311887047000000000848006842
:10034000006880F308884FF0000080F3148862B6DC
:1003500061B6BFF34F8FBFF36F8F00DF00BF00BFE9
:1003600008ED00E0DFF80C00016841F47001016065
:10037000704700BF88ED00E0EFF30980BFF36F8F97
:10038000134B1A681EF0100F08BF20ED108A20E9E9
:10039000F04F106009B44FF0500080F31188BFF3A4
:1003A0004F8FBFF36F8F18F01DFB4FF0000080F3ED
:1003B000118809BC19680868B0E8F04F1EF0100FEA
:1003C00008BFB0EC108A80F30988BFF36F8F7047C5
:1003D00098030020EFF3058070470000094880472C
:1003E00009480047FEE7FEE7FEE7FEE7FEE7FEE717
:1003F000FEE7FEE7FEE7FEE704480549054A064B2F
:100400007047000035B8000889010008A0B000203E
:10041000A0F00020A0D00020A0D000209FED1A1A4C
:10042000F5EE000A40EE010ABDEEE00AF5EEC00A64
:1004300010EE100AF1EE10FA38BF401E00EE100A5E
:100440001349F7EE001AB8EEC00A30EEC00ADFED2D
:100450000F0A20EE200AFCEEC00A10EE900AC0F34C
:10046000080000EE900A01EB8000F8EE600A90EDC3
:10047000011A70EE600A90ED000A71EEE01A21EEAA
:10048000800A00EE810A704783F9223E0000004492
:10049000D8DE0108DFED190AB5EEC00A60EE200AC9
:1004A000BDEEE01A11EE100AF1EE10FA38BF401E50
:1004B00000EE100A1349F7EE001AB8EEC00A30EE4B
:1004C000C00ADFED0F0A60EE200ABCEEE00A10EE73
:1004D000100AC0F3080000EE100A01EB8000B8EE2D
:1004E000400A90ED011A70EEC00A90ED000A71EE1C
:1004F000E01A21EE800A00EE810A704783F9223E5D
:1005000000000044D8DE010870B5064600F04CFB40
:10051000056806F10B0020F00704B4429CBF0020E0
:1005200070BD2B466A68BAB11068A04210D304F1BE
:10053000080188423CBF5068586007D351681019C1
:1005400041601168091B016058601460101D70BD86
:1005500013465268002AE7D12146284600F02CFBBA
:100560000028DED170BD70B50446051F00F01CFBED
:100570000068002C14BF446870BD002C18BFAC424A
:100580003CBF20466468F8D301680A18AA4218BF25
:10059000456003D12A680546114401602868411965
:1005A000A1421CBF6C6070BD61686960216808442D
:1005B000286070BD53EA020C00F069802DE9F04B11
:1005C0004FF00006002B1FBFB3FA83F503FA05F4C2
:1005D00024FA05F65E4012BF1643B2FA82F502FA1B
:1005E00005F4C5F120051EBF22FA05FC44EA0C04FF
:1005F000203556EA044C4FEA144418BF641C4FF0EF
:1006000000084FF00009904271EB030C39D3002928
:1006100019BFB1FA81F701FA07F6B0FA80F700FACC
:1006200007F6C7F120071EBF20FA07FC46EA0C06B2
:100630002037B6FBF4FCA7EB0507103F07F01F0BB4
:10064000CBF120060CFA0BFB2CFA06F644BFB3469E
:100650000026202FA4BF5E464FF0000B5BEA060C7D
:1006600008BF4FF0010B19EB0B09ABFB027C48EB09
:100670000608C01B06FB02CC0BFB03CC71EB0C0184
:10068000C1E70B46024641464846BDE8F08B13B52C
:100690004FF000004FF00001AFF30080BDE81C40B8
:1006A000704700001CB50C46064B7B446946009021
:1006B000204600F0C0FB04460020694600F0CEFB57
:1006C00020461CBDAF07000070B504468569006870
:1006D000C10601D5302600E02026C00707D070BD36
:1006E000D4E9012130469047206A401C20626D1EEB
:1006F000F6D570BD70B5044685690078C00707D18E
:1007000070BDD4E9012120209047206A401C20625E
:100710006D1EF6D570BD0000F0B40D4601880905C8
:1007200002D5214C7C4402E01F4C7C440E34002155
:1007300000F1240608E002F00F071209E75D42EA23
:1007400003721B097754491C52EA0307F3D102785C
:100750000023120704D5702D06D009B102231134ED
:100760002246F0BC00F0B8BA01231034F8E770B5A7
:1007700004460D462146106800F07CFA02462946E0
:100780002046BDE870400023C6E7D21D22F00703D3
:10079000D3E90023C0E70368126843F02003036035
:1007A0000823C3610023B7E7B4DF01002DE9F05F40
:1007B000894604464FF0000ADFF874B1FB44C0F8E4
:1007C00020A02046E1688847002874D0252806D05C
:1007D000D4E901219047206A401C2062F1E70026FD
:1007E0005F462046E16888472028054607DB312D13
:1007F00005D2781910F8200C08B10643F1E7B007CC
:1008000001D526F00406C4F81CA00027C4F818A0DF
:100810002A2D09D028460EF0DCFB38B304EB8708FC
:10082000303DC8F8185019E059F8041B204604EB75
:1008300087029161E1688847012F054618D1E06978
:10084000002820DA26F020061DE0D8F8180000EB7A
:10085000800005EB40003038C8F818002046E168F9
:10086000884705460EF0B5FB0028EED1012F0AD0CF
:100870002E2D08D12046E16888477F1C0546022FAF
:1008800046F02006C4DBA069002803DA404246F0A7
:100890000106A061F00701D026F010066C2D0BD0E8
:1008A000682D09D04C2D39D06A2D35D0742D35D016
:1008B0007A2D33D016E038E0E1682F46204688478D
:1008C000B842054609D16C2F26D04FF48060E1680C
:1008D000064320468847054604E06C2F1AD04FF4A3
:1008E000807006430DB3A5F14100192802D82035C8
:1008F00046F400664A462946204626604E46FFF7E3
:100900009DFC80B101280BD0F61D26F0070000F1F8
:10091000080956E74020E4E78020D8E70020D6E722
:1009200006F104094DE7284652E7206ABDE8F09F2A
:1009300044DF010040EA010310B59B070FD1042AF0
:100940000DD310C808C9121F9C42F8D020BA19BA9A
:10095000884201D9012010BD4FF0FF3010BD1AB1FF
:10096000D30703D0521C07E0002010BD10F8013B54
:1009700011F8014B1B1B07D110F8013B11F8014B7B
:100980001B1B01D1921EF1D1184610BD40EA010394
:10099000024630B59B0710D14FF0013400E008C289
:1009A00008C91D1B9D4315EAC41FF8D013F0FF01B1
:1009B00002F8011B0DD01B0AF8E711F8013B002BD0
:1009C00002F8013B05D011F8013B002B02F8013B76
:1009D000F3D130BD10B5431C02E010F8011B71B11A
:1009E0008107FAD14FF0013202C88C1A8C4314EA05
:1009F000C211F9D0C01A0A0603D0C01E10BDC01A19
:100A000010BD0A0401D0801E10BD0902FCD0401E9A
:100A100010BD032A40F2308010F0030C00F0158066
:100A200011F8013BBCF1020F624498BF11F801CBF1
:100A300000F8013B38BF11F8013BA2F1040298BF56
:100A400000F801CB38BF00F8013B11F0030300F0C0
:100A50002580083AC0F0088051F8043B083A51F864
:100A600004CBA0E80810F5E7121D5CBF51F8043B69
:100A700040F8043BAFF30080D20724BF11F8013BDC
:100A800011F801CB48BF11F8012B24BF00F8013B3E
:100A900000F801CB48BF00F8012B704710B5203A91
:100AA000C0F00B80B1E81850203AA0E81850B1E827
:100AB0001850A0E81850BFF4F5AF5FEA027C24BFDD
:100AC000B1E81850A0E8185044BF18C918C0BDE8D4
:100AD00010405FEA827C24BF51F8043B40F8043B9D
:100AE00008BF7047D20728BF31F8023B48BF11F852
:100AF000012B28BF20F8023B48BF00F8012B7047AC
:100B000002F0FF0343EA032242EA024200F002B885
:100B10004FF000020429C0F0128010F0030C00F026
:100B20001B80CCF1040CBCF1020F18BF00F8012BA4
:100B3000A8BF20F8022BA1EB0C0100F00DB85FEA72
:100B4000C17C24BF00F8012B00F8012B48BF00F83E
:100B5000012B70474FF0000200B5134694469646AD
:100B6000203922BFA0E80C50A0E80C50B1F12001C0
:100B7000BFF4F7AF090728BFA0E80C5048BF0CC06E
:100B80005DF804EB890028BF40F8042B08BF7047CC
:100B900048BF20F8022B11F0804F18BF00F8012B3E
:100BA00070477047704770470048704744B0002056
:100BB000704770477047704738B504460A460020B2
:100BC0006946AFF30080002808BF38BD024600998F
:100BD000204600F025FA012038BD012000F070BE4B
:100BE000F8B5AFF30080054600200C46102000BF8A
:100BF0000646A819A0420DD9324669460020AFF337
:100C00000080070008BF00F05BFE0098A04218BFFC
:100C10000546C419FFF7C8FF05600746F01D20F020
:100C200007004619284600F00AF8B44208BFF8BD8C
:100C3000A21B31463868BDE8F84000F0F1B9002148
:100C40000160C0E9011070471020704710B500F036
:100C5000E3F9006810BD10B5044600F0DDF904604A
:100C600010BD09684A0501D540B27047C905FCD5D9
:100C700000B2704709684A0501D5C0B27047C9057E
:100C8000FCD580B2704770B50C460546012A05D0E8
:100C90002878800600D5EA69002302E0012305E0F8
:100CA0005B1C934202D2E05C0028F9D1A869E618E7
:100CB000C01AA861286A184428622846FFF704FD74
:100CC00004E0D5E9012114F8010B9047B442F8D3B0
:100CD0002846FFF70FFD70BD2DE9F0470D469946F8
:100CE0009246044600F124080168880604D5E069AC
:100CF00021F01001216000E00120A84201DD471B26
:100D000000E00027A1697A1902EB0900081AA06126
:100D10002078C00602D42046FFF7D6FC002608E063
:100D2000D4E901211AF806009047206A401C761C7D
:100D300020624E45F4DB2078C0060AD52046FFF736
:100D4000C3FC06E0D4E9012130209047206A401C12
:100D50002062381EA7F10107F4DC07E0D4E9012185
:100D600018F805009047206A401C2062281EA5F153
:100D70000105F3DC2046FFF7BDFC2078000602D514
:100D80000220BDE8F0870120FBE700002DE9F041DB
:100D90000646002410687529314616A510D0FFF7C5
:100DA00060FF002802DA404213A507E031688A0795
:100DB00001D512A502E0490704D511A5012401E0DF
:100DC000FFF758FF00210A2206F1240709E0B0FBD3
:100DD000F2FCB0FBF2F302FB1C00303078541846F2
:100DE000491C0028F3D123462A463046BDE8F0418D
:100DF000FFF772BF000000002D0000002B00000074
:100E00002000000011680268006A530501D50870CF
:100E10000AE0D30501D5088006E0130603D5C21702
:100E2000C1E9000200E008600120704701694A1C26
:100E300002610878704700B58FB0CDE9013100211B
:100E4000059105497944CDE9031011466846FFF73D
:100E5000ADFC0FB000BD0000E5FFFFFF0A6802F81F
:100E6000010B0A60704700002DE9FF5F15468A46B6
:100E70000446DFF8AC80F8440027D8E900103E466D
:100E8000CDE9001010E03AF816106A4602A800F00A
:100E9000F7FC411C07D02178890603D5E26939188F
:100EA00091420DD80744761C2078800602D5E0696F
:100EB000B84205DDAE42E6DB3AF816000028E2D182
:100EC000A069C01BA0612046FFF7FEFBD8E9001017
:100ED000CDE90010002017E03AF818106A4602A881
:100EE00000F0CEFCB0F1FF3F81460BD000250DF1A4
:100EF000080B05E0D4E901211BF8050090476D1CA3
:100F00004D45F7D308F10100B0428046E4DB206A8A
:100F1000384420622046FFF7EDFBBDE8FF9F00004C
:100F20009ED801002DE9F0418046D21D22F0070233
:100F30000025D2E90002F52915A614D0011E72F190
:100F4000000106DA0023D0EB030063EB020211A6D6
:100F500008E0D8F800108B0701D50FA602E049077A
:100F600001D50EA601251146002408F1240704E04E
:100F700000F070F830323A55641C50EA0102F7D1A3
:100F80002B46324621464046BDE8F041FFF7A4BE5D
:100F9000000000002D0000002B00000020000000D9
:100FA00030B4002100F1240408E002F00705D20863
:100FB000303542EA4372DB086554491C52EA0305A6
:100FC000F3D10468002310A2250708D504F02004FB
:100FD0000C4304D0C46901230CA2641EC46130BC5C
:100FE000FFF77ABE10B5044621461068FFF742FEAF
:100FF00002462046BDE810400023D1E7D21D22F072
:101000000701D1E90023CBE7000000003000000019
:10101000004870473CB00020004870473CB00020BA
:10102000034640688C46002818BF88423CBF0346F0
:101030004068F8D318681844884207D00CF10300C0
:1010400020F00700001D411A521A0146081D0A60CF
:10105000FFF789BA30B5B0F10A024FEA900E71F18C
:1010600000034EEA817EB0EB0E0061EB91014FEA86
:10107000101E4EEA017E10EB0E0041EB11114FEAFB
:10108000102E4EEA016E10EB0E0041EB11214FEADB
:10109000104E4EEA014E10EB0E0041EB114140188C
:1010A00041F100014FEAD00040EA41704FEAD1011E
:1010B00010EB80054FEA810444EA907444EB01048C
:1010C0006D1944EB0404521BA3414FF0000348BFC9
:1010D0000A3200D530BD401C41F1000130BD000096
:1010E0001FB584B000200A9C06AB04AA02A9009494
:1010F000AFF3008018B1DDE9020108B010BD03486C
:10110000204000F0D3FC00200146F6E70000207CE0
:1011100070472DE9FF4F0C461E464FF0FF378BB04E
:10112000D2E90001DDF860800A908A46C1F30A55D1
:1011300005B93D46002108461AF09CF8BAF1000FA7
:1011400000F4400005DA00EB80004FF4400101EAB2
:1011500050004FEA9059B9F1010F00DDB9460A98E5
:1011600050EA4A000ED044F61050A5F2FF35454330
:101170002F14B8F1000F1ED07542291E1EDDC9F1D3
:1011800000021CE0B8F1010F4FF0000001D0302147
:1011900003E0F24305E02154401CB042FBDB304643
:1011A0000022002121540B99C1F80880C1E90020D8
:1011B0000FB0BDE8F08FBD1B6D1CDEE74A4600DABC
:1011C000694206A800F0F6FB06AB93E8070003AB04
:1011D00083E8070050460A9900F055FD8DE80700A6
:1011E000A0F500501F3800900398002D09DD42F251
:1011F0001F014A46084403A90390684600F0B4FF63
:1012000008E0A0F500504A461F3803A9039068463D
:1012100000F0BEFF8DE807000004000C03D04FF083
:10122000FF30410800E01046B8F1000F03D0002263
:10123000009215461EE0751E05D4FFF70BFF3032F5
:1012400062556D1EF9D5B3460122084302D0002233
:101250007F1C04E02078302801D100227F1E002A64
:10126000099786D01DE0112D07DAFFF7F3FE303223
:1012700062556D1C50EA0102F5D1084302D0009876
:10128000C8B10EE00021681E05E0235C625C635477
:101290002254401E491C8142F7DBAB46A81B401E6E
:1012A0000990002004F80B000B98099AC0F80880F8
:1012B000C0E9002B7CE711264FF0000859E72DE923
:1012C000F04F88460446D21D22F0070191B0D1E9C3
:1012D0000001CDE90A010DF0DBF902460B98C00FC1
:1012E00001D02D2007E02068810701D52B2002E0E6
:1012F000202101EAC000032A099001D0072A05DB5A
:1013000003464146204600F015FB0BE1207880069D
:1013100001D5E06900E00620B8F1650F814606D0EE
:10132000B8F1660F18D0B8F1670F70D131E0002026
:10133000B9F1110F009001DB112301E009F1010364
:101340000AAA01A90CA8FFF7E4FEDDE90C7000264B
:1013500009F10105834647E001204B4600904FF01C
:1013600000470AAA01A90CA8FFF7D3FEDDE90DB0DA
:101370000C995D46002610B909F101000D18B9EB72
:10138000050003D4C0F1FF3609F10105A5EB090002
:101390002BE0B9F1010F01DA4FF001090020B9F19A
:1013A000110F0090484601DD112300E003460AAA10
:1013B00001A90CA8FFF7ADFEDDE90C704D46002633
:1013C0008346207800070AD4AB4500DA5D4601A8C1
:1013D000012D04DD411911F8011C302907D04F45BA
:1013E00002DA17F1040F04DA012082460FE06D1EC5
:1013F000EEE7002F02DCED1B3E4403E0781CA84220
:1014000000DD7D1CB81B00F1010A4FF00047207879
:10141000000703D4AA4501DB4FF0FF3A0021B7F1E2
:10142000004F0DF143088DF8431024D002202B23E8
:10143000002F01DA7F422D230A21021EA0F10100B4
:1014400000DC5FB197FBF1FC97FBF1F201FB1C7C28
:1014500017460CF1300C08F801CDEEE7A8F10100B9
:1014600003702188090501D5452100E06521A0F11F
:10147000010800F8011C09980FA9A1EB0807FF1D3E
:1014800000B10120411901EBEA70A1693844081A42
:10149000401EA0612078C00602D42046FFF714F950
:1014A000099828B1D4E901219047206A401C2062A4
:1014B0002078C00622D52046FFF706F91EE0002E50
:1014C00004DBB34502DD01A8805D00E03020D4E9F3
:1014D00001219047206A401C2062761CAAF101007D
:1014E0005FEA000A0AD100F021FAC0680168405C96
:1014F000D4E901219047206A401C2062281EA5F1F2
:101500000105DCDC07E0D4E9012118F8010B904764
:10151000206A401C2062381EA7F10107F3DC204638
:10152000FFF7E8F8032011B043E600002DE9F04F83
:1015300004460D46D21D22F0070089B0D0E9009282
:101540004846174639460DF0A3F80246F80F01D079
:101550002D2307E02068810701D52B2302E02021FD
:1015600001EAC0038DF820300BB1012000E000201B
:10157000032A824601D0072A04DB2946204600F0D0
:10158000D9F93DE12078800601D40D2500E0E56918
:10159000C7F30A560D2D49DA00214FEA175B0846BA
:1015A00019F068FE002F00F4400007DA00EB80001D
:1015B0004FF4400100EBD07001EA60008115012971
:1015C00001DD4FF0FF3100224FEA850CBCF1180F0E
:1015D00006D31346ACF118004FF08052C24003E02E
:1015E0004FF4801323FA0CF30CF10C0CBCF1200F18
:1015F00004D3ACF1200C09FA0CF001E007FA0CF06E
:1016000000294FF0004801DD18B90FE00ED1404528
:101610000CD319EB02095F4121B9404502D19F4328
:1016200029EA0209BBEB175F00D0761C2088000571
:1016300002D57B48784402E079487844193808AAF2
:10164000302302F80A30037C0AF10101002E0AF16E
:10165000020A53546A4602DC4FF0300101E04FF0B9
:1016600031014FF001088DF8001002D0A6F2FF36CC
:1016700003E059EA470100D06A4E002D02DC2178D0
:10168000090704D54FF002082E218DF80110C44639
:1016900000210BE0C7F303433F01C35C491C6D1EEF
:1016A00002F80830052908F1010801DA002DF1DC03
:1016B00000210CE000EB1973491C1B786D1E0829F2
:1016C00002F808304FEA091908F1010801DA002D83
:1016D000F0DC2178890602D514E0A8F10108E04584
:1016E00005DD02EB080111F8011C3029F5D0B8F135
:1016F000000F07DD02EB080111F8011C2E2901D1B2
:10170000A8F10108002D05DD3E2102F808106D1E2C
:1017100008F10108407C002E02F8080008F10108D9
:1017200004DA2D20764202F8080002E02B2002F8AD
:1017300008000A214FF47A70864208F101080BDB99
:1017400096FBF0F3303302F8083096FBF0F308F123
:10175000010800FB136601E0642E0CDB642096FB9D
:10176000F0F3303302F8083096FBF0F308F101088B
:1017700000FB136601E00A2E06DB96FBF1F0303029
:1017800002F8080008F1010896FBF1F001FB106077
:10179000303002F80800A16908F1010808EB0502E1
:1017A00002EB0A00081AA0612078C00602D4204685
:1017B000FEF78AFF216A08AE01EB0A00206204E00E
:1017C000D4E9012116F8010B9047BAF1010AF7D2CA
:1017D0002078C00602D52046FEF776FF6E4609E067
:1017E00016F8010B3E280FD0D4E901219047206A5A
:1017F000401C2062B8F10108F2D22046FEF77AFFC1
:1018000009B00320BDE8F08F206A2844206203E07D
:10181000D4E90121302090476D1EEBD3F8E700009A
:101820001BD1010002FCFFFF10B5436913B1AFF3F8
:10183000008001E0FFF727FA012010BD127800F1C7
:1018400024010A7000224A700122EDE711684FF06E
:10185000FF32E9E710B5436913B1AFF3008001E04F
:10186000FFF702FB012010BD128800F124018284E1
:101870000022C2840122EDE711684FF0FF32E9E750
:1018800070B516460C46054600F048F8036893F814
:101890000101012806D0FF2C0FD8185D68B1012086
:1018A0002C7070BDD3F807013246214603F20713AE
:1018B00003442846BDE8704018474FF0FF3070BD24
:1018C00010B500F0FBF8BDE8104000F0EAB8704732
:1018D0007546FFF79DFBAE4605006946534620F06E
:1018E0000700854618B020B5FEF786FDBDE820400C
:1018F0004FF000064FF000074FF000084FF0000BCC
:1019000021F00701AC46ACE8C009ACE8C009ACE87E
:10191000C009ACE8C0098D467047000010B500F062
:1019200005F8001D10BD00BF518001000048704740
:101930005CB000202DE9F0411F46044603260168F3
:10194000072A01F4006004DB08B116A505E016A51E
:1019500003E008B115A500E015A521F010002060F6
:10196000A069C01EA0610FB1401EA0612046FEF715
:10197000ABFE4FB1D4E9012138469047206A401CA4
:101980002062C01C206206E0206AFAE7D4E9012147
:1019900015F8010B9047761EF8D22046FEF7AAFEF6
:1019A000BDE8F0814E414E006E616E00494E46002A
:1019B000696E66002DE9F047814616468AB03348C5
:1019C00078440DC88DE80D0030487844801C03AC85
:1019D0000DC884E80D0041F69B300844372190FB88
:1019E000F1F290FBF1F5A5F1800501FB12041B3C1F
:1019F00002D56442012000E00020DFF890A080467C
:101A00000027FA44AAF1BE0A0DE0E00709D03246E9
:101A1000684607EB47010AEB810100F0B9FB8DE84E
:101A2000070064107F1C002CEFD1184F7F44AC3F9F
:101A300018E0E80714D007EB04100DF1180A90E83D
:101A40000E008AE80E00C068F04201D19819089093
:101A5000324606A903A800F09BFB03AB83E807000E
:101A60006D10641C002DE4D132466946B8F1000FB8
:101A700003A802D000F078FB01E000F089FBC9E97F
:101A80000001C9F808200AB0BDE8F08720CE0100A7
:101A900010B50446AFF300802046BDE81040FEF7C5
:101AA00036BC002801D000F031B8704710B500F006
:101AB0004DF8BDE81040FFF7F4BF000010B5012855
:101AC00005D0002103A000F027F8012010BD09A1D6
:101AD000F8E7000053494752544D454D3A204F75A1
:101AE00074206F662068656170206D656D6F727916
:101AF000000000003A2048656170206D656D6F72CE
:101B00007920636F727275707465640001491820E2
:101B1000ABBEFEE72600020070B505460C460A2063
:101B200000E06D1C00F0A8F835B128780028F8D145
:101B300002E0641C00F0A0F814B120780028F8D16D
:101B4000BDE870400A2000F097B8000010B50228E8
:101B500003D0410103D50DA112E0002010BD010109
:101B600001D50FA10CE0C10001D511A108E0810051
:101B700001D512A104E0400001D513A100E000212D
:101B800015A0FFF7C9FF012010BD0000496E766166
:101B90006C6964204F7065726174696F6E0000003B
:101BA000446976696465204279205A65726F000045
:101BB0004F766572666C6F7700000000556E646545
:101BC00072666C6F77000000496E657861637420FF
:101BD000526573756C7400005349474650453A206E
:101BE00041726974686D65746963206578636570B6
:101BF00074696F6E3A2000004FF0013C50F8042BDE
:101C000051F8043B9A4221D1A2EB0C03934313EA0F
:101C1000CC1317D150F8042B51F8043B9A4215D13C
:101C2000A2EB0C03934313EACC130BD150F8042B13
:101C300051F8043B9A4209D1A2EB0C03934313EAF7
:101C4000CC13DBD04FF00000704700BFD01A01BAB0
:101C5000B1FA81F101F0180122FA01F0CB40C1F193
:101C60002001DBB2C0B2C01A2CFA01F3D11A9143A1
:101C700011EAC311E6D1704708B569468DF8000036
:101C80000320ABBE08BD5FEA400C08BF91F0000F17
:101C90004FEA8C234FEAC12243EA51514FEA1C50CC
:101CA00018BF00F5F0404FEA300018BF41F0004186
:101CB0005FEA6C5C00F02980BCF1FF3F08BF40F098
:101CC00080407047130C06BF12044FF0100C4FF009
:101CD000000C130E04BF12020CF1080C130F04BF0A
:101CE00012010CF1040C930F04BF92000CF1020CD2
:101CF000D30F04BF52000CF1010C11464FF000024B
:101D0000A0F11F00A0EB0C00704711F0004F08BFBE
:101D1000704731F000413FF4D5AF0B0C06BF09040A
:101D20004FF0100C4FF0000C0B0E04BF09020CF129
:101D3000080C0B0F04BF09010CF1040C8B0F04BF3E
:101D400089000CF1020CCB0F04BF49000CF1010C0F
:101D5000CCF12003A0EB0C0022FA03F302FA0CF200
:101D600041EA030100F10100704720F07F4C80EA56
:101D7000030023F07F47ACEB070303F57C5300F02F
:101D8000004003F1FF032DE980494FEA154B09B4E8
:101D90004FEA144325EA0B4E24EA03480FF20426C7
:101DA00006EB132749083E785FEA320203FB066719
:101DB000C7F5000707FB06F64FEA54374FEAD64649
:101DC00006F1020607FB066CCCF1005C4FEA1C47EB
:101DD0002CEA074C07FB06F40CFB06F504EB154652
:101DE0004FEA961634BF00204FF000404FEAD1373B
:101DF00006FB07FC4FEA1C4C0CFB0BF7D21B03FB4A
:101E00000CF761EB07010CFB0EF7B0EB074072EB30
:101E100017420CFB08F734BFA2EB0742B2EB0742B4
:101E200061EB17414FEA0C444FEA910706FB07FCB0
:101E30004FEA1C4C0CFB0BF7B0EBC74072EB573270
:101E400003FB0CF734BFA2EBC742B2EBC74261EB16
:101E500057310CFB0EF7B0EBC70072EB57720CFB5F
:101E600008F734BFA2EBC702B2EBC70261EB5771B0
:101E7000039F4FEA816141EA921104EBCC044FEADF
:101E8000D1374FEA826206FB07FC42EA90124FEA22
:101E900080604FEA1C4C0CFB0BF7D21B03FB0CF7CA
:101EA00061EB07010CFB0EF7B0EB074072EB17423A
:101EB0000CFB08F734BFA2EB0742B2EB074261EB21
:101EC00017414FEA8C554FEA910704EB9C2406FB1F
:101ED00007FC4FEA1C4C0CFB0BF7B0EBC74072EB56
:101EE000573203FB0CF734BFA2EBC742B2EBC74239
:101EF00061EB57310CFB0EF7B0EBC70072EB57727A
:101F00000CFB08F734BFA2EBC702B2EBC70261EBD0
:101F1000577115EB4C254FEA816141EA92114FEA66
:101F200082624FEAD13742EA901206FB07FC44F185
:101F300000044FEA80604FEA1C4C0CFB0BF7D21BED
:101F400003FB0CF761EB07010CFB0EF7B0EB07404E
:101F500072EB17420CFB08F734BFA2EB0742B2EB5F
:101F6000074261EB174115EB1C154FEA813141EA3D
:101F700092414FEA823242EA90424FEA80304FEA81
:101F80000C7644F1000448EA03434EEA0B484FF054
:101F9000000EB2EB080C71EB030724BF6246394612
:101FA0004EEB0E0E4FF0000B0018524149414BEB27
:101FB0000B0BB2EB080C71EB03077BF1000B24BF9A
:101FC000624639464EEB0E0E4FF0000B00185241A0
:101FD00049414BEB0B0BB2EB080C71EB03077BF1A8
:101FE000000B24BF624639464EEB0E0E51EA020743
:101FF00018BF46F0010616EB0E7655F1000254F1BB
:10200000000103D5BDE88901BDE80088BDE889016C
:10201000BDE80048B619524141EB0101A3F10103AB
:10202000704780807F7E7D7C7B7A79787776767545
:102030007473727171706F6E6E6D6C6C6B6A6A69BD
:102040006868676666656464636362616160605F57
:102050005F5E5E5D5D5C5C5B5B5A5A5959585857D0
:102060005756565555555454535352525251515038
:1020700050504F4F4F4E4E4D4D4D4C4C4C4B4B4B8B
:102080004A4A4A49494948484847474747464646D1
:10209000454545444444444343434342424242410C
:1020A0004141002B26D4770021D01CB54FEA3707D9
:1020B00003B44FF010004FF0100119F0DBF80FBC23
:1020C000BDE810400BF1010BBBF1010F08BF5FEA47
:1020D000170722BF12F1010211F101014FF0004177
:1020E00043F1000300F0004043EA00007047F9D3D9
:1020F0005708DAE746EA064613F1400F4FEA16465C
:102100001FDD13F1200FDFBF16430A4600212033E5
:102110005B42C8D0C3F1200746EA064602FA07F739
:102120004FEA164646EA0706C3F1200722FA03F2F1
:1021300001FA07F721FA03F14FF0000342EA070220
:10214000B1E746EA020646EA06464FEA164646EA7E
:102150000106BCBF46EA0646360C4FF000034FF0BE
:1021600000024FF000019EE72DE9C048934630B4CD
:1021700091E8380007C831EA400C48BF34EA430C04
:1021800003D5FFF7F2FDFFF78CFFF0BCBDE8008838
:102190002DE9C048934630B491E8380007C810F0E4
:1021A000804F08BF13F0804F03D100F005F8FFF710
:1021B00078FFF0BCBDE8008820F07F4780EA03008C
:1021C00023F07F4C07EB0C03A3F57C5300F0004099
:1021D000A3F1FE0392F0000F00F0B38095F0000F22
:1021E00000F077802DE901494FEA11404FEA14468B
:1021F00021EA004800FB06FC24EA064708FB06F635
:1022000007FB08F800FB07F718EB06484CEB164CE9
:102210004FEA124B18EB07484FEA15464CEB1740B4
:1022200022EA0B4E0BFB06FC25EA06470EFB06F6E0
:1022300007FB0EFE0BFB07F71EEB064E4CEB164C96
:102240004FF000061EEB074E4CEB174B18EB0B083C
:1022500040F1000018EB0E0B58EB000840F10000B5
:102260008F1A4FF000013CBFC943661B14BFB5EB8A
:10227000040C00213CBFC943F61B4FEA17444EEA49
:102280008E0E27EA04454FEA1C4704FB07622CEA3E
:10229000074C05FB07F70CFB05F604FB0CFC16EBE3
:1022A000074642EB174216EB0C4642EB1C421BEB77
:1022B000060658EB0202414146EA9E0601D5BDE8FA
:1022C0000189B619524141EB0101A3F10103BDE8B7
:1022D00001894FEA14454FEA114724EA054621EAED
:1022E000074C05FB07F406FB07F70CFB06F105FBA3
:1022F0000CFC11EB074144EB17444FEA124711EB7A
:102300000C4144EB1C4422EA074C05FB07F206FB98
:1023100007F70CFB06F605FB0CFC16EB074642EB39
:10232000174216EB0C4642EB1C456A1854F10001AB
:1023300048BF7047B619524141EB0101A3F10103B7
:10234000704795F0000F37D04FEA11424FEA14471B
:1023500021EA024624EA074C02FB07F106FB07F7D5
:102360000CFB06F402FB0CFC14EB074441EB174199
:102370004FEA154714EB0C4441EB1C4125EA074C8E
:1023800002FB07F506FB07F70CFB06F602FB0CFC4D
:1023900016EB074645EB174516EB0C4645EB1C4282
:1023A000121951F1000148BF7047B619524141EB73
:1023B0000101A3F1010370474FEA14454FEA1147A9
:1023C00024EA054621EA074C05FB07F106FB07F75F
:1023D0000CFB06F24FF0000605FB0CFC12EB07426B
:1023E00041EB174112EB0C4251EB1C4148BF7047C7
:1023F000921841EB0101A3F10103704755494A6866
:1024000022F440324A604A6843681A434A600268CC
:10241000526822F4807203685A6002685368026945
:1024200043EA022203685A600268526822F040724E
:1024300003685A600268526883681A4303685A60E6
:102440000268926822F4006203689A6002689268E7
:10245000C3681A4303689A603F4B826A9A4218D055
:102460000268926822F0706203689A60026892685B
:10247000836A1A4303689A600268926822F04052A5
:1024800003689A6002689268C36A1A4303689A6094
:102490000BE00268926822F0706203689A6002683A
:1024A000926822F0405203689A600268926822F0B3
:1024B000020203689A6002689368027E43EA42025D
:1024C00003689A602022125CA2B10268526842F44A
:1024D000006203685A600268526822F4604203682E
:1024E0005A6002685368426A521E43EA42320368E5
:1024F0005A6005E00268526822F4006203685A607C
:102500000268D26A22F470020368DA620268D36A4F
:10251000828B521E43EA02520368DA6202689268B2
:1025200022F4007203689A600268936890F8302081
:1025300043EA422203689A600268926822F4806249
:1025400003689A6002689368426943EA82220368DA
:102550009A607047002301400100000F10B52DED77
:10256000028BB0EE408AB0EE480A0CF0DDF8BDEC0C
:10257000028B10BD10B52DED028BB0EE408AF0EE4F
:10258000608AF0EE680AB0EE480A0CF063F9BDEC20
:10259000028B10BD10B52DED028BB0EE408AB0EE6F
:1025A000480AFDF73BFFBDEC028B10BDF0EE400A80
:1025B000F5EEC00AF1EE10FA02DDB0EE600A7047E7
:1025C000B1EE600AFBE7000018B19FED020A80ED52
:1025D000000A70470000000018B1B3EE060A80ED53
:1025E000000A704770B52DED0C8B84B006460C4682
:1025F00015469FED990AF0EE408A9FED970AB0EEDE
:10260000409A9FED950AF0EE40BA9FED930AF0EEE6
:10261000409A9FED910AB0EE40AA0EB104B11DB9E7
:1026200004B0BDEC0C8B70BD8C48FFF7CDFF8C481F
:10263000FFF7D2FF8A48D0ED000A9FED8A1A60EEBC
:10264000810AB0EE600A00F02DF9F0EE408A28EE23
:10265000A80AF0EE408A8248D0ED000AB0EE001AD7
:1026600060EE810A9FED7F1A60EE810AB0EE600A8B
:1026700000F018F9B0EE409A29EE090AB0EE409A3F
:10268000DFED790AB7EE000A00EEA80ADFED770A5F
:1026900000EEC90ADFED760A20EE200A754880EDCB
:1026A000000A6E4890ED000ADFED730A80EE201AF2
:1026B000B7EE000A31EE000A20EE000A6D48D0EDB8
:1026C000000A80EE801A6D4880ED001A94ED000A31
:1026D000B5EEC00AF1EE10FA0DD194ED010AB5EE97
:1026E000C00AF1EE10FA06D194ED020AB5EEC00A66
:1026F000F1EE10FA46D09FED580AB0EE408A002065
:10270000019002900390D4ED000A60EEA00A94EDCF
:10271000011AD4ED011A41EE210A94ED021AD4ED0A
:10272000021A41EE210AB0EE600A00F0A9F8B0EEFC
:10273000408A94ED000A20EE080A8DED010A94ED1E
:10274000010A20EE080A8DED020A94ED020A20EE3D
:10275000080A8DED030ADDED010AF1EE600AB0EE24
:10276000600AFFF7FBFEF0EE409A9DED031AF0EED3
:10277000410A9DED021AB0EE410AFFF7FBFEB0EEF2
:1027800040AA07E09FED340AF0EE409A9FED320A2E
:10279000B0EE40AA95ED000AB5EEC00AF1EE10FACF
:1027A0000DD195ED010AB5EEC00AF1EE10FA06D191
:1027B00095ED020AB5EEC00AF1EE10FA3CD0B0EE8B
:1027C000690A00F06FF8B0EE408AB0EE690AFFF7D0
:1027D000E1FEB0EE40DAB0EE4A0A00F063F8F0EE47
:1027E00040AAB0EE4A0AFFF7D5FEB0EE40BA28EE96
:1027F0002A0AD5ED010A20EE200AD5ED000A0DEED9
:10280000200A68EE0B0A95ED021A00EE810AB0EE7E
:1028100040CA95ED010A20EE0B0AD5ED020A0AEE38
:10282000E00AF0EE40CAF0EE6C0AB0EE4C0AFFF798
:10283000A1FEF0EE40BA03E09FED070AF0EE40BAC9
:10284000B0EE4A1AF0EE690AB0EE6B0A30460CF0B0
:10285000DFFD00BFE4E600000000000020050020CE
:102860002405002035FA8E3CC1BFAD3B9DF8C5362E
:102870002F7C1C4128050020506CC24A2C050020EA
:1028800010B52DED028BB0EE408AB0EE480A0CF088
:10289000C0FAB7EE001AC1EE000AB0EE600ABDEC55
:1028A000028B10BD10B52DED028BB0EE408AB0EE5C
:1028B000480AFDF7EFFDBDEC028B10BD2DE9F0419C
:1028C0002DED028B9AB00546B0EE408A0E461746B3
:1028D0009846002017901890199014901590169013
:1028E0004DB146B13FB1B8F1000F04D0B5EEC08A8A
:1028F000F1EE10FA05D100201AB0BDEC028BBDE854
:10290000F08196ED000A8DED170A96ED010A8DED26
:10291000180A96ED020A8DED190A97ED000A8DED61
:10292000140A97ED010A8DED150A97ED020A8DED57
:10293000160A17AA14A928460CF09EFB402104A8E9
:10294000FEF708F900200090019002900390002407
:1029500017A904A815F0B4FB00BF30E004A800EBF1
:10296000041090ED000AD5ED000A20EE200A04A81C
:1029700000EB0410D0ED010A95ED011A00EE810A7A
:1029800004A800EB0410D0ED020A95ED021A00EE47
:10299000810A04A800EB0410D0ED030A95ED031A98
:1029A00000EE810A20EE080AF0EE000A80EE201AFE
:1029B000684600EB840080ED001A601CC4B2042C51
:1029C000CCDB002410E005EB840090ED000A6846A3
:1029D00000EB8400D0ED000A30EE200A05EB840005
:1029E00080ED000A601CC4B2042CECDB284612F017
:1029F00057FF012080E7000010B507480068C06855
:102A000040F0100004490968C86080220349024868
:102A100005F0A2FD10BD000034110020D4430020B9
:102A200010B501221021024802F0AAFB10BD0000DF
:102A30000000024010B500221021024802F0A0FB65
:102A400010BD0000000002407047000010B50122D8
:102A50001146024802F094FB10BD00000004024041
:102A600010B500220121024802F08AFB10BD0000CF
:102A70000004024010B543781B021BB204782343C4
:102A800000EE103AB8EEC01A1C4BD3ED001A21EE3E
:102A9000211A81ED001AC3781B021BB284782343EC
:102AA00000EE103AB8EEC01A144BD3ED001A21EE26
:102AB000211A81ED011A43791B021BB204792343C9
:102AC00000EE103AB8EEC01A0C4BD3ED001A21EE0E
:102AD000211A81ED021A037A1B04C47943EA042304
:102AE0008479234300EE903AB8EE601ADFED041AC1
:102AF00021EE211A82ED001A10BD00005C030020B7
:102B000000401C42704710B50446204611F098FF63
:102B100010BD10B5044620460EF0C0FF10BD0000E9
:102B20004278120212B203781A4300EE102AF8EE2D
:102B3000C00A144A92ED001A60EE810AC1ED000A43
:102B4000C278120212B283781A4300EE102AF8EE0D
:102B5000C00A0C4A92ED001A60EE810AC1ED010A2A
:102B60004279120212B203791A4300EE102AF8EEEB
:102B7000C00A044A92ED001A60EE810AC1ED020A11
:102B8000704700006003002010B50024FFF75CFFD1
:102B9000FFF7B8FF0CF0AEFD10B144F0800402E086
:102BA0000CF00EFD04430CF09DFF10B144F0400406
:102BB00002E00CF01DFF0443204610BD2DE9FC414E
:102BC00005460E461746002000900190FFF732FFA1
:102BD000922000F0D1F806226946122000F0ACF8ED
:102BE000FFF71EFF9DF80100000200B29DF80010E3
:102BF00040EA010400EE104AB8EEC00A4C48D0ED9D
:102C0000000A20EE200A86ED000A9DF8030000026B
:102C100000B29DF8021040EA010400EE104AB8EE3E
:102C2000C00A4348D0ED000A20EE200A86ED010AD2
:102C30009DF80500000200B29DF8041040EA01046E
:102C400000EE104AB8EEC00A3948D0ED000A20EE76
:102C5000200A86ED020AFFF703FF082269460020DA
:102C600000F06AF8FFF7F2FE9DF800000F2838D157
:102C70009DF80300000200B29DF8021040EA010432
:102C800000EE104AB8EEC00A2A48D0ED000A20EE45
:102C9000200A85ED000A9DF80500000200B29DF8AB
:102CA000041040EA010400EE104AB8EEC00A2148C0
:102CB000D0ED000A20EE200A85ED010A9DF80700FC
:102CC000000200B29DF8061040EA010400EE104A2E
:102CD000B8EEC00A1748D0ED000A20EE200A85EDB4
:102CE000020AFFF7A7FEA22000F046F8022269467A
:102CF000222000F021F8FFF793FE9DF80000C000AD
:102D00009DF8011040EA6114B4F5806F02DBA4F570
:102D1000006004B200EE104AF8EEC00AB4EE001AE9
:102D2000B3EE070A00EE810A87ED000ABDE8FC81D8
:102D30005C0300206003002070B506460C46154673
:102D400046F0800000F018F806E0552000F014F876
:102D50002070641C681EC5B2002DF6D170BD70B520
:102D600004460D4644F0800000F006F8552000F0BF
:102D700003F8287070BD000001B582B04FF47A707E
:102D8000012301AA02A90090024804F0FBFB9DF870
:102D900004000EBD440E002010B502461378DB007F
:102DA000547843EA6410B0F5806F02DBA0F500634D
:102DB00018B200EE100AF8EEC00AB4EE001AB3EE34
:102DC000070A00EE810A81ED000A10BD70B50546C4
:102DD0000C462846FFF7D0FF2046FFF7CDFF70BD19
:102DE00000BFFEE710B5024801F05CF810BD00001E
:102DF0003005002010B5024801F054F810BD000065
:102E000058050020F8B507460C4615461E464FF4F7
:102E100000700D49086000208860C86008200861C3
:102E2000380A0A4908704F70200A8870CC70280A46
:102E300008714D71300A8871CE716B460A4602499D
:102E4000034800F034FEF8BD942E00202401002039
:102E50003005002008B54FF4E0600C490860002000
:102E60008860C8600820086100200949087048701F
:102E70008870C870087148718871C8716B460A46BD
:102E80000249044800F013FE08BD0000942E002003
:102E90002401002030050020F8B507460C461546F1
:102EA0001E464FF400700D49086000208860C8601D
:102EB00008200861380A0A4908704F70200A887093
:102EC000CC70280A08714D71300A8871CE716B463A
:102ED0000A460249034800F0EAFDF8BDC42E00206E
:102EE000340100205805002038B505460C4640F254
:102EF000FF100A49086000208860C8600820086147
:102F0000280A074908714D71200A8871CC716B46F7
:102F10000A460249034800F0CAFD38BD7C2E002055
:102F20001C0100205805002038B5044640F2FF106F
:102F30000849086000208860C86008200861200AED
:102F4000054908704C706B460A460249034800F078
:102F5000AEFD38BD7C2E00201C0100203005002075
:102F60000346042B15D007DC7BB1012B0ED0022BBE
:102F70000DD0032B12D10BE0202B0BD0212B0AD02C
:102F8000222B09D0232B09D107E008E007E006E057
:102F900005E004E003E002E001E000E000BF00BF64
:102FA000002070470020704710B5002204490548F2
:102FB00009F0E7FB0449034809F0DCFB002010BDE1
:102FC00078240020D4130020781C002070B504461B
:102FD0000D462146034809F0CDFB024809F0A6FB47
:102FE000002070BDD41300202DE9F04104460D46A9
:102FF00000260A48D0F89072D7F8140210B10120C8
:10300000BDE8F0812A462146044809F0BAFB03488E
:1030100009F03BFC06463046F2E70000D4130020DE
:103020001B48406800F0006080B31A48406B00689D
:103030001949884205D94FF0006017494C3908609A
:103040001CE01448406B00681149B831884205D92A
:103050004FF000601049503908600FE00D48406B98
:1030600000680B495831884204D94FF00060084984
:10307000C86003E04FF000600549886005480068BB
:10308000006840F400700349096808607047000058
:10309000006002400C0D00205864024010B5024848
:1030A00001F042FC10BD00001413002010B52C48A4
:1030B000006800F40010002850D04FF0F460284958
:1030C000083108602748007800F0020078B12548F0
:1030D000007820F00200234908700846007840F08C
:1030E00004000870012211461F4802F049F81F48E9
:1030F000007800F0020078B11C48007820F002004F
:103100001A4908700846007840F00400087001224F
:103110001021174802F034F81648007800F0020039
:1031200078B11448007820F002001249087008466F
:10313000007840F004000870012210210C4802F0D1
:103140001FF810F031FD0748007800F0040028B1A6
:103150000948006840F001000749086010BD000000
:1031600000640240F501002000040240F601002046
:1031700000000240F7010020103C014010B5024859
:1031800001F0D2FB10BD0000F411002008B500BF13
:103190000020009008480068006800900648006819
:1031A0004068009000BF00BF034804F01DFF0348C3
:1031B00001F0BAFB08BD0000B41100207413002018
:1031C0000146087810381823B0FBF3F20848805CF9
:1031D000C865032A05D908686FF30900001D8865D2
:1031E00003E008686FF309008865886D7047000088
:1031F000C4DE0108014600208A6A8B69CBB932B16E
:10320000012A0DD0022A03D0032A10D10EE000BFFC
:10321000CB6A03F08073B3F1807F00D1012007E017
:10322000CB6AB3F1C07F00D1012001E000E000BF14
:1032300034E08B69B3F5005F1AD132B1012A07D0AF
:10324000022A03D0032A11D10AE000BF01200EE0B8
:10325000CB6A03F08073B3F1807F00D1012006E0D8
:10326000CB6AB3F1C07F00D1012000E000BF15E0C0
:1032700032B1012A05D0022A04D0032A0CD103E07E
:1032800000BF00BF012008E0CB6A03F08073B3F1F8
:10329000807F00D1012000E000BF00BF704730B543
:1032A0000468246824F4802405682C600468636042
:1032B0008468402C04D10468A2600468E16003E0E3
:1032C0000468A1600468E26030BD704710B5012059
:1032D00001F040FE10BD10B5082001F03BFE10BD0E
:1032E00010B5102001F036FE10BD10B5202001F001
:1032F00031FE10BD7047000010B5002201B909E091
:10330000012901D10A0205E0022901D10A0201E0E6
:103310004FF440720E4B1B6823F440730C4C236037
:1033200023461B681343236023461B6823F0F803DE
:10333000236023461B68022444EAC0042343044C50
:10334000236023461B6843F48033236010BD0000D4
:10335000103C02401C48006800F40070B0B11A48EC
:10336000006820F400701849086000BF0846006833
:1033700040F4006008600846006820F400600860BF
:1033800000BF0846006840F4007008600E480068FE
:1033900000F48060B0B10C48006820F480600A49F5
:1033A000086000BF0846006840F480500860084686
:1033B000006820F48050086000BF0846006840F4B0
:1033C0008060086070470000003C02400A4A1268B2
:1033D00022F44072084B1A601A46126842F0040246
:1033E0001A601A4612684FF4803343EA00231A43E6
:1033F000014B1A6070470000103C0240074A1268F7
:1034000022F44072054B1A601A4612681A601A4676
:10341000126842F001021A6001707047103C0240CD
:1034200010B50D49096821F440710B4C216021460B
:10343000096841F4407121602146096841F00101A9
:103440002160026000BF00BF00BFBFF36F8F00BFED
:1034500000BF00BF436010BD103C0240084A126824
:1034600022F44072064B1A601A46126842F48072C7
:103470001A601A46126842F001021A600180704711
:10348000103C0240084A126822F44072064B1A604F
:103490001A46126842F400721A601A46126842F024
:1034A00001021A6001607047103C02402348006826
:1034B00000F0100040B12248C06940F010002049DF
:1034C000C86110201D4908601C48006800F02000F9
:1034D00040B11B48C06940F008001949C86120206C
:1034E000164908601548006800F0400040B11448D3
:1034F000C06940F004001249C86140200F490860CB
:103500000E48006800F0800040B10D48C06940F0EE
:1035100002000B49C861802008490860074800681C
:1035200000F0020040B10648C06940F020000449A4
:10353000C861022001490860704700000C3C02404D
:10354000DC4D002070B50446002500201449C861F8
:1035500001F01CFE054609E0601C38B124B101F001
:1035600015FE401BA04201D9032070BD0D48006824
:1035700000F480300028EFD10A48006800F0010014
:1035800010B10120074908600648006800F0F20009
:1035900018B1FFF78BFF0120E7E70020E5E7000007
:1035A000DC4D00200C3C024070B50A480468001D48
:1035B0000568001D0668344454B1082206492046B7
:1035C00005F008FF042204491031284605F002FFE7
:1035D00070BD0000107AFF1F7600002038B502464B
:1035E0000020009000BF92F83C00012801D1022089
:1035F00038BD012082F83C0000BF0868092816D9B0
:103600001068C0680C780A3C04EB44050724AC4001
:10361000A0431468E0600C780A3C04EB440488681A
:10362000A0401468E46820431468E06013E0106868
:1036300000690C7804EB44050724AC40A0431468EF
:1036400020610C7804EB44048868A0401468246965
:103650002043146820614868072817D21068406B1F
:103660000C79641E04EB84051F24AC40A04314684D
:103670006063088880B20C79641E04EB8404A04067
:103680001468646B20431468606331E048680D2857
:1036900017D21068006B0C79E41F04EB84051F241B
:1036A000AC40A04314682063088880B20C79E41F02
:1036B00004EB8404A0401468246B20431468206346
:1036C00016E01068C06A0C790D3C04EB84051F24D9
:1036D000AC40A0431468E062088880B20C790D3CCD
:1036E00004EB8404A0401468E46A20431468E06298
:1036F000194B1A4C1068A04206D10868122803D151
:10370000586840F480005860144C1068A0421CD1E6
:103710000868102802D00868112816D1586840F4AB
:1037200000005860086810280FD10D4800680D4C43
:10373000B0FBF4F000EB80004000009002E0009845
:10374000401E009000980028F9D100BF002082F8A8
:103750003C0000BF00BF4BE70023014000200140B8
:10376000A000002040420F0001460868C06C70476E
:1037700070B5044600250CB9012070BD1549A06A3A
:10378000884200D000BF206C30B9204600F024F8F9
:103790000020606484F83C00206C00F0100088B9C0
:1037A000206C20F4885040F0020020642046FEF790
:1037B00025FE00206064206C20F0020040F0010033
:1037C000206400E0012500BF002084F83C0000BF19
:1037D0002846D2E70100000F10B586B00446142138
:1037E00001A8FDF7B7F92349206888420FD100BF2F
:1037F000002000902048006840F480701E49086056
:103800000846006800F48070009000BF2FE01B495C
:10381000206888422BD100BF002000901648006825
:1038200040F48060144908600846006800F4806035
:10383000009000BF00BF00BF002000900E48143869
:10384000006840F020000C49143908600846006800
:1038500000F02000009000BF00BF08150190032079
:1038600002900020039001A9054801F081FB06B0F9
:1038700010BD0000002001404438024000220140F9
:103880000014024070B504460D460026206880688A
:1038900000F48060B0F5806F11D12068806800F47A
:1038A0008070B0F5807F0AD1206C40F02000206449
:1038B00000BF002084F83C0000BF012070BD01F073
:1038C00065FC064612E0681C80B125B101F05EFC83
:1038D000801BA8420AD9206C40F00400206400BF7D
:1038E000002084F83C0000BF0320E7E72068006860
:1038F00000F002000228E6D16FF012002168086093
:10390000206C40F4007020642068806800F0405013
:10391000B8B9207EA8B92068C06A00F4700020B150
:103920002068806800F4806058B9206C20F48070B2
:103930002064206C00F4805018B9206C40F0010025
:1039400020640020BAE7000008B50146002000907E
:1039500000BF91F83C00012801D1022008BD0120E0
:1039600081F83C0000BF0868806800F00100A0B941
:103970000868806840F001000B6898603B48006868
:103980003B4BB0FBF3F000EB4000009002E00098EE
:10399000401E009000980028F9D10868806800F067
:1039A000010000285FD0086C40F20163984340F4A6
:1039B000807008640868406800F4806028B1086C72
:1039C00020F4005040F480500864086C00F48050EB
:1039D000B0F5805F04D1486C20F00600486401E037
:1039E0000020486400BF002081F83C0000BF214A4D
:1039F0006FF022000B681860506800F01F0018BBC1
:103A00001D4B0868984213D01C4B0868984204D19B
:103A1000101D006800F01F0050B1194B0868984253
:103A200021D11448001D006800F01F0010281AD290
:103A30000868806800F0405028B90868806840F045
:103A400080400B6898600EE00B4B086898420AD1E2
:103A50000868806800F0405028B90868806840F025
:103A600080400B689860002078E70000A0000020EC
:103A700040420F000023014000200140002101408E
:103A80000022014010B5024692F82030012B01D0EF
:103A9000022B06D110684069084314686061002059
:103AA00010BD506A40F4802050620120F8E7F0B564
:103AB00004460D461E4694F8207020688368A86866
:103AC00000B900E000BF012F01D0022F7CD103F02C
:103AD000806030B903F0006018B903F0805000280E
:103AE00073D0C3F30161022905D9606A40F4000074
:103AF00060620120F0BD012088403060A86860B994
:103B0000B5F800C0E86840EA4C5C206800F5C07079
:103B100000EB0110C0F800C00FE0D5E901C040EA99
:103B2000CC00D5F80CC040EA0C00D4F800C00CF56D
:103B3000C07C0CEB011CCCF80000D5F810C020684C
:103B400000F5C07000EB0110C0F804C0287D01280A
:103B50000ED1206800F5C07000EB0110406840F401
:103B6000807C206800F5C07000EB0110C0F804C034
:103B7000D079000692F806C040EA0C4092F805C0E1
:103B800040EA0C2C10794CEA000C206800F5C0705B
:103B900000EB0110C0F80CC0D078000692F802C00B
:103BA00040EA0C4092F801C040EA0C2092F800C0B4
:103BB00040EA0C00D4F800C00CF5C07C0CEB011CF2
:103BC000CCF80800206801E016E00FE000F5C070B6
:103BD00000EB0110006840F0010C206800F5C07097
:103BE00000EB0110C0F800C0002083E7606A40F4D9
:103BF0000010606201207DE7606A40F4802060620E
:103C0000012077E7F0B504460A46216894F8205071
:103C1000012D01D0022D7ED1424901F500710868C5
:103C200040F001000860086820F47C5008600868D3
:103C3000566A40EA06200860107D00F01F06012049
:103C400000FA06F3C8699843C861A1F50071D0690C
:103C5000C8B9D1F80C029843C1F80C02908880B220
:103C6000968940EA064601F51070576940F83760BA
:103C7000108880B2168940EA064601F5107057692F
:103C800000EBC7004660D069012819D1D1F80C02B9
:103C90001843C1F80C02908880B2168840EA0646A4
:103CA00001F51070576940F83760908980B2168925
:103CB00040EA064601F51070576900EBC700466000
:103CC000906928B9D1F804029843C1F8040204E0CD
:103CD000D1F804021843C1F80402106928B9D1F8D8
:103CE00014029843C1F8140204E0D1F814021843F6
:103CF000C1F81402106A012804D1D1F81C0218433B
:103D0000C1F81C02D1F8000220F00100C1F8000245
:103D10000020F0BDFFE7606A40F48020606201206F
:103D2000F7E7000000640040704770B5044694F85F
:103D30002050012D01D0022D7DD151B92068C068DD
:103D400000F0030080B9606A40F400106062012056
:103D500070BD2068006900F0030028B9606A40F473
:103D6000001060620120F3E7206800F5D87000EBD6
:103D70000110006800F004009060906840B920686D
:103D800000F5D87000EB01100068400D106007E0EE
:103D9000206800F5D87000EB01100068C008506082
:103DA000206800F5D87000EB0110006800F00200F8
:103DB000D060206800F5D87000EB0110406800F07A
:103DC0000F001061206800F5D87000EB011040680A
:103DD00000F47F40000A9061206800F5D87000EB85
:103DE00001104068000C5061206800F5D87000EBAD
:103DF000011080681870206800F5D87000EB011081
:103E0000806800F47F40000A5870206800F5D87080
:103E100000EB0110806800F47F00000C98702068AF
:103E200000F5D87000EB01108068000ED870206893
:103E300000F5D87000E02FE000EB0110C0681871A9
:103E4000206800F5D87000EB0110C06800F47F40D6
:103E5000000A5871206800F5D87000EB0110C068A6
:103E600000F47F00000C9871206800F5D87000EB1A
:103E70000110C068000ED87131B92068C06840F0E8
:103E800020002668F06005E02068006940F020000E
:103E90002668306100205BE7606A40F48020606241
:103EA000012055E72DE9F05F0446002520684669AA
:103EB0002068D0F80490206887682068D0F80CA0AB
:103EC0002068D0F810B02068D0F8188006F0010003
:103ED000002855D007F00100C0B10120216888609A
:103EE00007F0020018B1204600F083FC0EE007F056
:103EF000040010B145F4006508E007F0080010B1B7
:103F000045F4805502E0204600F072FC07F4807012
:103F1000C8B14FF480702168886007F4007018B150
:103F2000204600F068FC0EE007F4806010B145F414
:103F3000005508E007F4006010B145F4804502E048
:103F4000204600F057FC07F48030C8B14FF48030B1
:103F50002168886007F4003018B1204600F04DFC5D
:103F60000EE007F4802010B145F4004508E007F4A6
:103F7000002010B145F4803502E0204600F03CFC02
:103F800006F0080038B10AF0100020B145F40075C1
:103F900010202168C86006F0040040B10AF0080053
:103FA00028B108202168C860204600F00DFA06F00C
:103FB000020038B12068C06800F0030010B120464C
:103FC00000F004FA06F0400038B10BF0100020B108
:103FD00045F4806510202168086106F0200040B19A
:103FE0000BF0080028B1082021680861204600F085
:103FF000CDFB06F0100038B12068006900F0030026
:1040000010B1204600F0C3FB06F4003040B109F0C7
:10401000100028B1102021684860204600F0B8FB4D
:1040200006F4803040B109F0080028B1082021686A
:104030004860204600F0E2FB06F4004088B309F037
:10404000040078B306F4807020B108F0010008B1D4
:1040500045F0010506F4007020B108F0020008B137
:1040600045F0020506F4806020B108F0040008B1B4
:1040700045F0040506F40060A0B108F0700088B1B6
:1040800008F07000402817D006DC10280BD020283C
:104090000CD0302819D10CE0502810D0602814D151
:1040A00010E01DE019E045F008050FE045F01005AF
:1040B0000CE045F0200509E045F0400506E045F03C
:1040C000800503E045F4807500E000BF00BF206874
:1040D000806920F0700021688861042021684860B0
:1040E0002DB1606A284360622046FFF71DFEBDE8DF
:1040F000F09F70B504460CB9012070BD94F8200003
:1041000010B9204600F0B0F82068006820F00200E6
:104110002168086001F03AF805460DE001F036F834
:10412000401B0A2808D9606A40F40030606205200C
:1041300084F820000120E0E72068406800F00200D9
:104140000028EBD12068006840F001002168086079
:1041500001F01CF805460DE001F018F8401B0A2894
:1041600008D9606A40F400306062052084F82000BD
:104170000120C2E72068406800F001000028EBD071
:10418000207E012806D12068006840F08000216868
:10419000086005E02068006820F080002168086061
:1041A000607E012806D12068006840F04000216848
:1041B000086005E02068006820F040002168086081
:1041C000A07E012806D12068006840F02000216808
:1041D000086005E02068006820F020002168086081
:1041E000E07E012806D12068006820F010002168D8
:1041F000086005E02068006840F010002168086051
:10420000207F012806D12068006840F0080021685E
:10421000086005E02068006820F008002168086058
:10422000607F012806D12068006840F00400216802
:10423000086005E02068006820F00400216808603C
:10424000D4E90201084321690843616908436168B0
:10425000491E08432168C86100206062012084F87B
:104260002000002049E7000010B586B00446142164
:1042700001A8FCF76FFC4E492068884241D14D48A7
:104280000068401C4B4908600846006801280FD1AF
:1042900000BF002000904848006840F00070464988
:1042A00008600846006800F00070009000BF00BF82
:1042B00000BF0020009040481038006840F008001F
:1042C0003D49103908600846006800F00800009079
:1042D00000BF00BF03200190022002900020039045
:1042E000032004900920059001A9344800F040FE05
:1042F00000220621142001F0A9FC142001F096FCF4
:1043000054E02F492068884250D100BF002000901F
:104310002948006840F08060274908600846006826
:1043200000F08060009000BF00BF22480068401C81
:10433000204908600846006801280FD100BF00200E
:1043400000901D48006840F000701B490860084656
:10435000006800F00070009000BF00BF00BF0020A8
:10436000009015481038006840F0020012491039DA
:1043700008600846006800F00200009000BF00BF1F
:1043800060200190022002900020039003200490FE
:104390000920059001A90B4800F0EAFD0022062142
:1043A000402001F053FC402001F040FC06B010BD5D
:1043B000006400400000002040380240000C024031
:1043C00000680040000402407047000010B58AB049
:1043D000044601AB03AA00212046FFF7A6FCDC48F7
:1043E000844271D10398B0F5017F1AD00ADCB0F590
:1043F000807F6AD0A0F2012080B101280FD002286E
:104400007ED10DE0A0F2052060B1022879D00C2801
:1044100065D0A0F2FB100028F2D14FE000BF00BF32
:1044200000BF00BF0398401ECA49087008460078C4
:1044300000EB8000C84931F8100000B2C549097886
:1044400001EB8101C44A02EB410108819DF805009E
:104450009DF8041040EA0120BE49097801EB810172
:1044600022F811009DF807009DF8061040EA01208F
:1044700000B2B849097801EB810102EB41014880A3
:104480009DF809009DF8081040EA012000B2B149EA
:10449000097801EB810102EB410188809DF80A0057
:1044A000AC49097801EB810102EB41018871A9490E
:1044B0000978491CC8B20DF019FB7AE00398B0F5F1
:1044C000806F0BD1002007E074E066E001A9095C71
:1044D000A24A42F82010401C0828F7DB69E001A836
:1044E000018800EE101AB8EE400ADFED9D0A80EE5A
:1044F000201A9C4981ED001A418800EE101A01E053
:1045000056E021E0B8EE400ADFED950A80EE201A71
:10451000944981ED011A818800EE101AB8EE400A24
:10452000DFED8F0A80EE201A8E4981ED021AC188D4
:1045300000EE101AB8EE400ADFED890A80EE201A6C
:10454000884981ED031A34E08348808F01B28248A4
:10455000A0F844109DF805009DF8041040EA0120E1
:104560007D4988879DF807009DF8061040EA0120E4
:1045700001B27948C1879DF809009DF8081040EA0A
:10458000012001B27448A0F840109DF80A1080F88C
:10459000421007200DF0AAFA0BE09DF804007249C2
:1045A00008609DF8050048609DF80600886000E0FE
:1045B00000BFCAE06D488442FBD10398032805D0B0
:1045C000A0F20120F0B3012870D171E0082201A906
:1045D00067480DF01DFB6648383890ED150ADFED91
:1045E000650AB4EEE00AF1EE10FA10DB90ED150A60
:1045F000DFED610AB4EEE00AF1EE10FA07D890EDB3
:10460000150ADFED5C0A30EE600A80ED150A5848A5
:10461000383890ED150AB5EEC00AF1EE10FA10D850
:1046200090ED150ADFED550AB4EEE00AF1EE10FA4E
:1046300007DD90ED150ADFED4F0A30EE200A80ED20
:10464000150A00E033E04A48383890ED150ADFEDEE
:104650004B0AB4EEE00AF1EE10FA10D890ED150A0C
:10466000DFED470AB4EEE00AF1EE10FA07DB90ED59
:10467000150ADFED410A30EE200A80ED150A3648B2
:10468000408E01B2344841873948383890ED150AD8
:10469000DFED3C0A20EE200ADFED360A80EE201A1C
:1046A000BCEEC10A10EE100A2B4948864CE000BF50
:1046B0000398801D344908700846007800EB80009C
:1046C000254931F8100000B22F49097801EB81012A
:1046D000214A02EB410108819DF805009DF8041074
:1046E00040EA01202849097801EB810122F81100F4
:1046F0009DF807009DF8061040EA012000B222490B
:10470000097801EB810102EB410148809DF8090025
:104710009DF8081040EA012000B21B49097801EB1E
:10472000810102EB410188809DF80A001649097851
:1047300001EB810102EB4101887113490978891F5E
:10474000C8B20DF0D3F900BF00BF0AB010BD000021
:10475000300500204C010020B02D00200C2F00203F
:104760000000C842A02D00202C2F0020580500205A
:10477000442E0020DA0FC940DA0F4941DA0FC9C0D0
:10478000DA0F49C100F8FF454E010020704770471D
:10479000704770B5044694F82000012822D1022009
:1047A00084F820002068006820F00100216808607B
:1047B00000F0ECFC05460DE000F0E8FC401B0A2888
:1047C00008D9606A40F400306062052084F8200057
:1047D000012070BD2068406800F001000028EBD186
:1047E0006062F6E7606A40F4002060620120F0E752
:1047F000704770477047704770477047704710B5F3
:1048000004460CB9012010BD607920B90020207148
:10481000204600F005F8012060710020F3E7000059
:1048200008B50A4A016891420FD100BF00210091EA
:104830000749096841F48051054A11601146096829
:1048400001F48051009100BF00BF08BD003002405C
:104850003038024070B50446A56D00F097FC06465E
:1048600094F83500022808D08020606500BF002041
:1048700084F8340000BF012070BD2068006820F07B
:104880001600216808602068406920F080002168D7
:104890004861206C08B9A06C28B12068006820F03D
:1048A0000800216808602068006820F00100216885
:1048B00008600FE000F06AFC801B05280AD9202060
:1048C000606500BF002084F8340000BF032084F836
:1048D0003500D1E72068006800F001000028E9D128
:1048E00094F85C103F208840A86000BF002084F846
:1048F000340000BF012084F835000020BCE70146E9
:1049000091F83500022803D08020486501207047C7
:10491000052081F835000868006820F001000A6869
:1049200010600020F3E70000F8B504460020009076
:104930008C4800684FF41651B0FBF1F7A56D2E6856
:1049400094F85C1008208840304098B120680068D6
:1049500000F0040070B12068006820F004002168B5
:10496000086094F85C1008208840A860606D40F0F2
:104970000100606594F85C1001208840304068B107
:104980002068406900F0800040B194F85C1001207C
:104990008840A860606D40F00200606594F85C108B
:1049A00004208840304068B12068006800F00200B0
:1049B00040B194F85C1004208840A860606D40F01D
:1049C0000400606594F85C1010208840304078B393
:1049D0002068006800F0080050B394F85C101020C4
:1049E0008840A8602068006800F4802080B12068BA
:1049F000006800F4002028B9206CC8B12046216C62
:104A0000884715E0A06C98B12046A16C88470FE05C
:104A10002068006800F4807028B92068006820F0E1
:104A2000080021680860206C10B12046216C88477E
:104A300094F85C10202088403040002865D0206821
:104A4000006800F0100000285FD094F85C1020206F
:104A50008840A86094F83500052828D120680068AF
:104A600020F01600216808602068406920F080006E
:104A700021684861206C08B9A06C28B120680068E2
:104A800020F008002168086094F85C103F208840FE
:104A9000A86000BF002084F8340000BF012084F823
:104AA0003500206D10B12046216D8847F8BD206883
:104AB000006800F4802080B12068006800F40020C5
:104AC00028B9606C10B12046616C88471DE0E06B2E
:104AD000D8B12046E16B884717E02068006800F4F1
:104AE000807068B92068006820F0100021680860B4
:104AF00000BF002084F8340000BF012084F8350096
:104B0000E06B10B12046E16B8847606D38B3606D93
:104B100000F00100F0B1052084F83500206800683D
:104B200020F001002168086000BF0098401C009040
:104B3000B84200D905E02068006800F001000028B4
:104B4000F3D100BF00BF002084F8340000BF012073
:104B500084F83500E06C10B12046E16C884700BF56
:104B6000A4E70000A00000202DE9F0410446002544
:104B700000F00CFB074614B90120BDE8F081606A23
:104B800000B100BF00BF002084F8340000BF022045
:104B900084F835002068006820F001002168086072
:104BA0000AE000F0F3FAC01B052805D92020606553
:104BB000032084F83500E0E72068006800F0010079
:104BC0000028EED12068056821480540D4E901019C
:104BD0000843E16808432169084361690843A16902
:104BE0000843E1690843216A08430543606A0428D1
:104BF00003D1D4E90B010843054320680560206810
:104C0000456925F00705606A0543606A04280DD1EF
:104C1000A06A0543E06A48B12046FEF7EBFA28B1E6
:104C200040206065012084F83500A6E720684561D2
:104C30002046FEF7C5FA064694F85C103F208840EF
:104C4000B06000206065012084F83500002094E702
:104C50003F8010F02DE9F04704460D4616461F46EA
:104C60004FF00008D4F8589000BF94F834000128A1
:104C700002D10220BDE8F087012084F8340000BF93
:104C800094F83500012825D1022084F83500002051
:104C900060653B46324629462046FEF700FB94F805
:104CA0005C103F208840C9F808002068006840F088
:104CB000160021680860206C28B12068006840F068
:104CC0000800216808602068006840F00100216841
:104CD000086006E000BF002084F8340000BF4FF0F9
:104CE00002084046C6E7000070B5044600F04EFAE0
:104CF00006462546681C10B104480078054400BFEC
:104D000000F044FA801BA842FAD370BD940300203F
:104D10002DE9F04104460E460127002500BF254835
:104D2000007E012802D10220BDE8F0810120214946
:104D3000087600BF4CF25030FEF704FC0746002F07
:104D400031D1401E3060206801280FD1207C61687D
:104D5000FEF73CFB4CF25030FEF7F4FB07461648DA
:104D6000006820F00400144908601AE0A56812E009
:104D7000217C2846FEF7C0FA4CF25030FEF7E2FBE9
:104D800007460D48006820F0FA000B4908600FB193
:104D9000356005E06D1CD4E902100844A842E7D84C
:104DA00000BFFEF7D7FA00BF00200249087600BF17
:104DB0003846B9E7DC4D0020103C0240034800684B
:104DC00040F000400149086000207047103C02405C
:104DD0002DE9F04106460F4614461D464FF00108E6
:104DE00000BF1F48007E012802D10220BDE8F081EB
:104DF00001201B49087600BF4CF25030FEF7A2FBA1
:104E00008046B8F1000F23D126B9E1B23846FEF74B
:104E1000F5FA12E0012E04D1A1B23846FEF71EFBCE
:104E20000BE0022E04D121463846FEF72BFB04E0AE
:104E300022462B463846FEF7F3FA4CF25030FEF786
:104E400081FB80460748006820F0010005490860A2
:104E500000BF00200249087600BF4046C6E70000B8
:104E6000DC4D0020103C024000200949096801F097
:104E7000004159B10749064A0C3A116006491160D0
:104E80000349096801F0004101B1012070470000A9
:104E9000103C024023016745AB89EFCD10B50446B5
:104EA000102C14D109200CF021FE2248007840F08B
:104EB0000100204908702048007840F001001E4998
:104EC00008701E480078A0B30EF06EFE31E0202C72
:104ED0000ED108200CF00AFE1948007840F00100BD
:104EE000174908701548007818B30EF05DFE20E0F1
:104EF000082C09D10A200CF0F9FD1248007840F086
:104F000001001049087014E0012C12D114F0AAFA23
:104F100001280ED00C490D48006813F04BFC0A48DC
:104F2000006830B120070A490860BFF34F8FBFF314
:104F30006F8F10BDF6010020F7010020F90100205D
:104F4000F5010020F80100206C020020D0010020B3
:104F500004ED00E010B5044604480068204020B18C
:104F6000024804602046FFF799FF10BD143C014041
:104F7000F8B502460B460025002400200021DCE0A5
:104F8000012606FA01F51E6806EA0504AC4273D153
:104F90005E68012E08D05E68022E05D05E68112E74
:104FA00002D05E68122E13D190684F000326BE40D7
:104FB000B0434F00DE68BE40304390605068012629
:104FC0008E40B0431E79C6F300168E4030435060C9
:104FD000D0684F000326BE40B0434F009E68BE40DD
:104FE0003043D0605E68022E02D05E68122E13D16C
:104FF000CF0802F1200656F827004E07F70E0F26BD
:10500000BE40B0434F07FF0E1E69BE403043CF087D
:1050100002F1200646F8270010684F000326BE4024
:10502000B0431E7906F003064F00BE4030431060C7
:105030005E6806F08056B6F1805F7DD100BF002625
:105040000096404E366846F480463E4F3E603E46EF
:10505000366806F48046009600BF00BF3A4E8F08BF
:1050600056F827008E07370F0F26BE40B043374E45
:10507000B24202D1002624E05EE0354EB24201D1B8
:1050800001261EE0334EB24201D1022619E0324E13
:10509000B24201D1032614E0304EB24201D10426BF
:1050A0000FE02F4EB24201D105260AE02D4EB2424A
:1050B00001D1062605E02C4EB24201D1072600E0C0
:1050C00008268F073F0FBE4030431F4E8F0846F81B
:1050D0002700264E3068A0435E6806F48036B6F599
:1050E000803F00D12043214E3060361D3068A04300
:1050F0005E6806F40036B6F5003F00D120431B4E33
:10510000361D3060361D3068A0435E6806F4801698
:10511000B6F5801F00D12043144E08363060361D8E
:105120003068A0435E6806F40016B6F5001F00D193
:1051300020430E4E0C363060491C1029FFF420AF7E
:10514000F8BD000044380240083801400000024029
:105150000004024000080240000C0240001002401F
:105160000014024000180240001C0240003C0140B4
:10517000024613690B400BB1012000E0002070478C
:105180000AB1816101E00B04836170470148006846
:10519000704700008C03002070B504460CB9012054
:1051A00070BD94F83D0028B9002084F83C002046EA
:1051B00000F0BEFB242084F83D002068006820F049
:1051C0000100216808602068006840F40040216800
:1051D00008602068006820F400402168086001F041
:1051E0001FFD05465C496068884206D85B488542D9
:1051F00001D2012007E0002005E05948854201D294
:10520000012000E00020012800D1C9E75548B5FB86
:10521000F0F62068406820F03F0030432168486085
:105220004D496068884201D8701C07E04FF49670C1
:1052300070434FF47A71B0FBF1F0401C2168096AA9
:1052400021F03F01084321680862434960688842B1
:1052500014D8681E61684900B0FBF1F0401CC0F32F
:105260000B00042801D204203DE0681E616849005B
:10527000B0FBF1F0401CC0F30B0034E0A06838B97B
:10528000681E616801EB4101B0FBF1F0401C0AE0CF
:10529000681E616801EBC10202EB0111B0FBF1F085
:1052A000401C40F48040C0F30B0008B901201AE014
:1052B000A06848B9681E616801EB4101B0FBF1F0DC
:1052C000401CC0F30B000CE0681E616801EBC102DA
:1052D00002EB0111B0FBF1F0401CC0F30B0040F4F5
:1052E000804040F400402168C9694CF6FF72914348
:1052F00008432168C861D4E90701084321680968A7
:1053000021F0C001084321680860D4E90310084374
:105310002168896848F2FF32914308432168886018
:10532000D4E9050108432168C96821F0FF01084359
:105330002168C8602068006840F0010021680860AA
:1053400000202064202084F83D000020206384F8A1
:105350003E0000BF24E70000A086010080841E00FC
:1053600000093D0040420F002DE9F84304468946FC
:1053700016461F46DDF82080FFF708FF054694F823
:105380003D0020287ED11923012251492046009555
:1053900003F028FD10B10220BDE8F88300BF94F8A7
:1053A0003C00012801D10220F6E7012084F83C00EE
:1053B00000BF2068006800F0010028B9206800687C
:1053C00040F00100216808602068006820F4006057
:1053D00021680860212084F83D00102084F83E00F8
:1053E0000020206466626785608D20853948E06210
:1053F0002B4642464946204603F0D0FA08B1012028
:10540000CAE700BF00200090206840690090206833
:105410008069009000BF00BF44E02A464146204614
:1054200003F0C5FD50B1206C042805D12068006848
:1054300040F40070216808600120ADE7606A0078E0
:1054400021680861606A401C6062608D401E608552
:10545000208D401E208520684069C0F3800070B117
:10546000208D60B1606A007821680861606A401C24
:105470006062608D401E6085208D401E20852A461A
:10548000414600E022E0204603F07EFC50B1206C53
:10549000042805D12068006840F400702168086085
:1054A000012079E7208D0028B7D12068006840F4FA
:1054B000007021680860202084F83D00002084F8F6
:1054C0003E0000BF84F83C0000BF65E7022063E7B0
:1054D000020010000000FFFF2DE9FC5F04460F46AC
:1054E00090469946DDE90CAB0E9EFFF74FFE054650
:1054F00094F83D00202870D119230122B04920469C
:10550000009503F06FFC10B10220BDE8FC9F00BFC6
:1055100094F83C00012801D10220F6E7012084F82C
:105520003C0000BF2068006800F0010028B9206836
:10553000006840F00100216808602068006820F4DD
:10554000006021680860222084F83D00402084F833
:105550003E0000202064C4F824A0A4F82AB0608D86
:1055600020859848E0624B46424639462046CDE9C0
:10557000006503F071FA08B10120C6E7208D88B9F3
:1055800000BF002001902068406901902068806978
:10559000019000BF00BF2068006840F400702168DF
:1055A000086040E0208D012818D12068006820F4B0
:1055B00080602168086000BF002001902068406979
:1055C000019020688069019000BF00BF20680068DA
:1055D00040F400702168086025E0EFE0208D02288B
:1055E00016D12068006820F4806021680860206877
:1055F000006840F400602168086000BF002001904E
:1056000020684069019020688069019000BF0AE02D
:1056100000BF0020019020684069019020688069E7
:10562000019000BF00BFBAE0208D03287ED8208DF6
:10563000012815D12A463146204603F078FC08B1EE
:10564000012062E720680069616A0870606A401C96
:105650006062208D401E2085608D401E60859EE02A
:10566000208D02282AD13346002257492046009532
:1056700003F0B8FB08B1012047E72068006840F458
:1056800000702168086020680069616A0870606ABB
:10569000401C6062208D401E2085608D401E60850C
:1056A00020680069616A0870606A401C6062208D31
:1056B000401E2085608D401E608570E033460022CC
:1056C00041492046009503F08DFB08B101201CE7FD
:1056D0002068006820F48060216808602068006904
:1056E000616A0870606A401C6062208D401E2085DF
:1056F000608D401E60853346002233492046009568
:1057000003F070FB08B10120FFE62068006840F458
:1057100000702168086020680069616A0870606A2A
:10572000401C6062208D401E208500E010E0608DEE
:10573000401E608520680069616A0870606A401CCC
:105740006062208D401E2085608D401E608526E0B1
:105750002A463146204603F0EAFB08B10120D4E690
:1057600020680069616A0870606A401C6062208D70
:10577000401E2085608D401E608520684069C0F312
:10578000800060B120680069616A0870606A401C2E
:105790006062208D401E2085608D401E6085208DBA
:1057A00000287FF441AF202084F83D00002084F8D9
:1057B0003E0000BF84F83C0000BFA6E60220A4E63D
:1057C000020010000000FFFF040001002DE9FC5F53
:1057D00004460F4690469946DDE90CAB0E9EFFF756
:1057E000D5FC054694F83D0020287DD119230122DF
:1057F0004D492046009503F0F5FA10B10220BDE8AE
:10580000FC9F00BF94F83C00012801D10220F6E77C
:10581000012084F83C0000BF2068006800F001000F
:1058200028B92068006840F00100216808602068FD
:10583000006820F4006021680860212084F83D00A1
:10584000402084F83E0000202064C4F824A0A4F87E
:105850002AB0608D20853548E0624B464246394685
:105860002046CDE9006503F0A3F908B10120C6E7A1
:1058700031E02A463146204603F099FB50B1206CB6
:10588000042805D12068006840F400702168086091
:105890000120B4E7606A007821680861606A401CF2
:1058A0006062208D401E2085608D401E60852068CE
:1058B0004069C0F3800070B1208D60B1606A0078EB
:1058C00021680861606A401C6062208D401E20854E
:1058D000608D401E6085208D0028CAD12A46314641
:1058E000204603F051FA00E01CE050B1206C04287F
:1058F00005D12068006840F400702168086001202C
:105900007DE72068006840F400702168086020206E
:1059100084F83D00002084F83E0000BF84F83C007D
:1059200000BF6CE702206AE7020010000000FFFFE2
:1059300010B586B00446142101A8FBF70BF9734992
:105940002068884230D100BF002000907048006875
:1059500040F002006E4908600846006800F002004E
:10596000009000BF00BF4FF44070019012200290E1
:1059700001200390032004900420059001A96548AC
:10598000FFF7F6FA00BF0020009061481030006871
:1059900040F400105E49103108600846006800F4C9
:1059A0000010009000BFAFE05B492068884259D1E9
:1059B00000BF002000905648006840F02000544985
:1059C00008600846006800F02000009000BF00BF9B
:1059D00003200190122002900120039003200490E4
:1059E0000420059001A94D48FFF7C2FA00BF00202E
:1059F000009047481030006840F48000444910315E
:105A000008600846006800F48000009000BF00BFF6
:105A10004348444908604FF0606048604021414875
:105A200081600021C1604FF480610161002141610A
:105A30008161C1614FF40031016200214162FFF7D1
:105A400093F808B1FDF756FC00BF364860638463E5
:105A500000BF35480068406840F40060324909687A
:105A6000486051E03149206888424DD100BF002094
:105A700000902748006840F0040025490860084667
:105A8000006800F00400009000BF00BF00BF0020CD
:105A900000900846006840F0010008600846006871
:105AA00000F00100009000BF00BF481501901220D7
:105AB000029001200390032004900420059001A986
:105AC0001B48FFF755FA4FF48070019012200290A6
:105AD00001200390032004900420059001A915489B
:105AE000FFF746FA00BF0020009009481030006818
:105AF00040F400000649103108600846006800F4D0
:105B00000000009000BF00BF06B010BD0054004070
:105B100030380240000402400058004000140240A7
:105B2000B8600240B40D00200C0D0020005C004065
:105B30000008024000000240034800680349097859
:105B400008440149086070478C030020940300203A
:105B500010B50D48006840F400700B490860084615
:105B6000006840F4806008600846006840F4807077
:105B70000860032000F0A8F80F2000F007F800F0FC
:105B80002BF8002010BD0000003C024070B5044618
:105B90000E4800784FF47A71B1FBF0F00C490968B7
:105BA000B1FBF0F5284601F002FE08B1012070BDFE
:105BB000102C07D200222146501E00F047F805485D
:105BC000046001E00120F2E70020F0E794030020E8
:105BD000A00000209003002008B500BF0020009026
:105BE0001148006840F480400F490860084600688A
:105BF00000F48040009000BF00BF00BF0020009074
:105C0000081F006840F08050091F086008460068BF
:105C100000F08050009000BF00BF00220F21901EB6
:105C200000F014F808BD0000443802400146084660
:105C3000002809DB00F01F0301229A4043099B0062
:105C400003F1E023C3F8002100BF70472DE9F05FA6
:105C500080460D461646002708F046FD07463946A1
:105C60002A46334601F00700C0F1070ABAF1040FD3
:105C700002D94FF0040A01E0C0F1070AD14600F151
:105C8000040ABAF1070F02D24FF0000A01E0A0F1B6
:105C9000030AD4464FF0010A0AFA09FAAAF1010AE6
:105CA0000AEA020A0AFA0CFA4FF0010B0BFA0CFB93
:105CB000ABF1010B0BEA030B4AEA0B042146404609
:105CC00008F01AFDBDE8F09F00BF00F00702064B88
:105CD00019684FF6FF031940044B0B4343EA0221B6
:105CE000014B196000BF70470CED00E00000FA05A1
:105CF000704702461068416200207047F0B50346C5
:105D000015461868446A21B944EA05401E68B06225
:105D100019E01868806A04EB1044002208E0186853
:105D200000F5827050F8220004EB1044501CC2B2FF
:105D3000481E9042F3D844EA0547186800F582707F
:105D40004E1E40F826700020F0BD10B50446D4F871
:105D5000040407F02BF910BD70B504460D46C5EBE1
:105D6000C50304F13C0101EB8301CA682946D4F85C
:105D7000040407F048F870BD70B504460D46C5EB45
:105D8000C50304F5FE7101EB8301CA682946D4F806
:105D9000040407F0B8F870BD10B50446D4F8040444
:105DA00007F007F910BD70B504460E4606F08000F6
:105DB00080280AD106F00F00C0EBC00104F13C00BE
:105DC00000EB81050120687009E006F00F00C0EBD0
:105DD000C00104F5FE7000EB81050020687006F03C
:105DE0000F00287000BF94F8BC03012801D10220E5
:105DF00070BD012084F8BC0300BF2946206807F06D
:105E0000D3FD00BF002084F8BC0300BF00BFEFE754
:105E100070B504460E4606F00F006168884201D94D
:105E2000012070BD06F0800080280AD106F00F0026
:105E3000C0EBC00104F13C0000EB8105012068705B
:105E400009E006F00F00C0EBC00104F5FE7000EBA6
:105E50008105002068700020A87006F00F002870EF
:105E600000BF94F8BC03012801D10220D9E701202A
:105E700084F8BC0300BF2946206808F03DF800BF45
:105E8000002084F8BC0300BF00BFCAE7024601F04F
:105E90000F00C0EBC00302F5FE7000EB83008069C9
:105EA00070472DE9F04705460E4690461F464FF0D5
:105EB000000906F0800080280AD106F00F00C0EB30
:105EC000C00105F13C0000EB81040120607009E095
:105ED00006F00F00C0EBC00105F5FE7000EB810479
:105EE0000020607006F00F002070C4F80880E77092
:105EF000607808B12078E080022F01D10020207165
:105F000000BF95F8BC03012802D10220BDE8F0874C
:105F1000012085F8BC0300BF2146286807F050FC2B
:105F200000BF002085F8BC0300BF4846EEE72DE91E
:105F3000F04104460E461746984606F00F00C0EBA7
:105F4000C00104F5FE7000EB8105EF60C5F8148018
:105F50000020A861687006F00F00287020690128F1
:105F600000D12F6106F00F0028B9227C2946206855
:105F700007F09EFE04E0227C2946206808F050F8D5
:105F80000020BDE8F08170B504460D4605F00F0015
:105F90006168884201D9012070BD05F08000802829
:105FA0000AD105F00F00C0EBC00104F13C0000EB8A
:105FB00081060120707007E0C5EBC50104F5FE7095
:105FC00000EB8106002070700120B07005F00F001A
:105FD000307000BF94F8BC03012801D10220DBE738
:105FE000012084F8BC0300BF3146206807F0CBFFD6
:105FF00005F00F0028B9217C04F57172206807F0C4
:1060000043FF00BF002084F8BC0300BF00BFC3E70C
:106010002DE9F04104460E461746984606F00F005B
:10602000C0EBC00104F13C0000EB8105EF60C5F856
:1060300014800020A8610120687006F00F0028700D
:106040002069012800D12F6106F00F0028B9227CB9
:106050002946206807F02CFE04E0227C29462068AF
:1060600007F0DEFF0020BDE8F0812DE9FE4F044679
:1060700020680290029E206808F0BDF900287DD1BA
:10608000206808F0F7F908B9BDE8FE8F206808F02D
:10609000F1F900F00200022805D12068406900F003
:1060A000020021684861206808F0E4F900F400204B
:1060B000B0F5002F58D10025206808F0ABF98246D2
:1060C0004FE00AF00100002848D0E9B2206808F04B
:1060D000C4F9804608F0010048B1012106F530609E
:1060E00000EB451081602946204604F07BFC08F057
:1060F0000800082809D12946204604F02DFC082173
:1061000006F5306000EB4510816008F010001028A3
:1061100005D1102106F5306000EB4510816008F0D4
:10612000200020280ED12069012805D104F57172C4
:106130000121206807F0A8FE202106F5306000EB61
:106140004510816008F40050B0F5005F06D14FF4AF
:10615000005106F5306000EB451081606D1C4FEA80
:106160005A0ABAF1000FACD1206808F083F900F4A4
:106170008020B0F5802F7ED1206800E012E208F088
:106180003FF98246002586E00AF0010000287FD012
:10619000E9B2206808F048F9804608F00100E8B349
:1061A00005F00F0101208840019040F6340081592C
:1061B000019821EA000040F634018851012106F5DA
:1061C000106000EB451081602069012815D1C5EBF6
:1061D000C50104F13C0000EB8100C5EBC502C168BC
:1061E00004F13C0000EB820080680144C5EBC5026D
:1061F00004F13C0000EB8200C160E9B22046FFF7E9
:10620000ABFD2069012810D145B9C5EBC50104F1EA
:106210003C0000EB8100406900B900E005E004F5B6
:1062200071720121206807F02FFE08F0080008288D
:1062300005D1082106F5106000EB4510816008F0DB
:106240001000102805D1102106F5106000EB451054
:10625000816008F04000402805D1402106F510601B
:1062600000EB4510816008F00200022808D10221ED
:1062700006F5106001E012E00AE000EB45108160D5
:1062800008F08000802803D12946204604F06AFCEB
:106290006D1C4FEA5A0ABAF1000F7FF475AF2068FF
:1062A00008F0E8F800F00040B0F1004F1CD140F6D3
:1062B0000400805920F0010140F60400815194F857
:1062C000F403012807D1002084F8F40300212046BC
:1062D000FFF70EFD02E0204600F098FA20684069C2
:1062E00000F0004021684861206808F0C3F800F41D
:1062F0000060B0F5006F0ED140F60800805900F044
:10630000010010B1204600F0D9FA2068406900F47D
:10631000006021684861206808F0ACF800F4805003
:10632000B0F5805F72D140F60400805920F0010181
:1063300040F6040081511021206808F031F8002750
:1063400026E04FF67F3106F5106000EB47108160C4
:1063500006F5106000EB4710006820F4001106F508
:10636000106000EB471001604FF67F3106F530609A
:1063700000EB4710816006F5306000EB47100068C5
:1063800020F4001106F5306000EB471001607F1C1F
:106390006068B842D5D840F61C00805940F0011121
:1063A00040F61C008151206B70B1D6F8840840F093
:1063B0000B01C6F8841840F64400805940F00B01E8
:1063C00040F6440081510FE040F61400805942F23B
:1063D0002B01084340F614018851081F805940F0F2
:1063E0000B014FF401608151D6F8000820F4FE60E3
:1063F000C6F80008217C04F57172206807F044FD9E
:106400002068406900F4805021684861206808F0E5
:1064100031F800F40050B0F5005F17D1206807F0A4
:1064200037FA206807F0D4FFE06000F0F3FB00903B
:10643000227B2068009908F06DF8204600F0CEF924
:106440002068406900F4005021684861206808F025
:1064500011F800F01000102846D12068806920F063
:106460001000216888610298D0F8209009F00F0090
:10647000C0EBC00104F5FE7000EB810BC9F3434093
:1064800002281AD147F6F07009EA000030B3C9F3C8
:106490000A12DBF80C10029807F0F1FFC9F30A1199
:1064A000DBF80C000844CBF80C00C9F30A11DBF848
:1064B00018000844CBF8180010E0C9F34340062840
:1064C0000CD1082204F57171029807F0D8FFC9F3C6
:1064D0000A11DBF818000844CBF81800206880691E
:1064E00040F0100021688861206807F0C3FF00F0C9
:1064F0000800082808D1204600F08FF9206840697C
:1065000000F0080021684861206807F0B3FF00F43C
:106510008010B0F5801F0AD100252946204600F0E2
:1065200043F82068406900F48010216848612068C1
:1065300007F0A0FF00F40010B0F5001F0AD10025FD
:106540002946204600F039F82068406900F4001020
:1065500021684861206807F08DFF00F08040B0F1AD
:10656000804F08D12046FFF7F0FB2068406900F01B
:10657000804021684861206807F07CFF00F004003B
:1065800004280FD12068D0F8049009F004000428F2
:1065900002D12046FFF700FC2068406840EA09006D
:1065A0002168486000BF6FE570B504460D46294676
:1065B000D4F8040406F064FD70BD70B504460D46C1
:1065C0002946D4F8040406F05EFD70BD70B58AB0AB
:1065D000044614B901200AB070BD266894F8BD03C2
:1065E00028B9002084F8BC03204600F0A3F803205B
:1065F00084F8BD03F06B00F4807008B900212161BC
:10660000206807F04DFB282204F110016846FAF7D4
:1066100045FA94E80F0007F05FF920B1022084F8F2
:10662000BD030120D7E70021206807F039FF0025CE
:1066300031E00121C5EBC50204F13C0000EB820012
:106640004170C5EBC50104F13C0000F82150C5EBD9
:10665000C50100EB8100C5800021C5EBC50204F136
:106660003C0000EB8200C170C5EBC50204F13C00A8
:1066700000EB82008160C5EBC50204F13C0000EB39
:106680008200C160C5EBC50204F13C0000EB820052
:106690004161681CC5B26068A842CAD800252AE0DA
:1066A0000021C5EBC50204F5FE7000EB82004170CD
:1066B000C5EBC50104F5FE7000F821500021C5EBC3
:1066C000C50200EB8200C170C5EBC50204F5FE7087
:1066D00000EB82008160C5EBC50204F5FE7000EBA3
:1066E0008200C160C5EBC50204F5FE7000EB8200BC
:1066F0004161681CC5B26068A842D1D8282204F163
:1067000010016846FAF7CAF994E80F0007F0CEF9CD
:1067100020B1022084F8BD0301205CE7002084F84A
:106720003800012084F8BD03206807F0AFF900208D
:1067300051E7000010B586B00446142101A8FAF70D
:1067400009FA2068B0F1A04F42D100BF00200090AC
:106750002048006840F001001E49086008460068B3
:1067600000F00100009000BF00BF4FF4C050019046
:106770000220029000200390032004900A2005903C
:1067800001A91548FEF7F4FB00BF1248001D006880
:1067900040F080000F49091D086000BF00200090F4
:1067A0000C481430006840F480400A4914310860F5
:1067B0000846006800F48040009000BF00BF00BFA2
:1067C000002205214320FFF741FA4320FFF72EFA6C
:1067D00006B010BD303802400000024070B50446DB
:1067E0000125E06808B9002506E0E068022801D12B
:1067F000012501E0FCF77EFD2946D4F8040406F0EB
:10680000BBFCD4F8040406F071FC70BD10B504465E
:10681000D4F8040406F098FC10BD10B50446D4F872
:10682000040406F098FC10BD70B504460D4600BF88
:1068300094F8BC03012801D1022070BD012084F826
:10684000BC0300BF84F838502946206807F043FE97
:1068500000BF002084F8BC0300BF00BFEDE710B507
:10686000044604F57171D4F8040406F09CFC10BDD4
:1068700070B50446256800BF94F8BC03012801D117
:10688000022070BD012084F8BC0300BFA06A01286B
:1068900006D1A069012803D0A86B40F48030A8631A
:1068A000206807F0E3F8206807F05CFD00BF0020D7
:1068B00084F8BC0300BF00BFE3E7000010B5044646
:1068C000D4F8040406F0C8FC2068D0F8000E40F0AC
:1068D00001002168C1F8000E206A28B10348006851
:1068E00040F006000149086010BD000010ED00E016
:1068F000F8B5044600250026207800F0010020B9F4
:10690000207800F0040004282FD100205B4988661D
:10691000FEF73CFC054606E0FEF738FC401B02286B
:1069200001D90320F8BD56480068C0F3C0600028B4
:10693000F2D160688101207A41EA007050498431C7
:10694000086001204D498866FEF720FC054606E0F8
:10695000FEF71CFC401B022801D90320E2E748484F
:106960000068C0F3C0600028F2D0207800F0020078
:1069700002287DD100BF00200090414840300068CF
:1069800040F080503E49403108600846006800F001
:106990008050009000BF00BF3A48006840F480700B
:1069A00038490860FEF7F2FB054606E0FEF7EEFB0D
:1069B000401B022801D90320B4E73248006800F4E4
:1069C00080700028F2D02E487030006800F44076C5
:1069D0004EB3A08900F44070B04224D028487030F3
:1069E000006820F4407601202749086000200860F4
:1069F000234870300660006800F0010098B1FEF78F
:106A0000C5FB054608E0FEF7C1FB401B41F288319B
:106A1000884201D9032085E7194870300068C0F327
:106A200040000028EFD000BFA08900F44070B0F50E
:106A3000407F0CD112480830006820F4F810134A47
:106A4000E168114008430E490831086007E00C482E
:106A50000830006820F4F810094908310860084837
:106A600070300068A189C1F30B010843044900E0BC
:106A700002E07031086000BF002053E70000474289
:106A80000038024000700040400E4742FFFCFF0FFC
:106A900070B504460D460CB9012070BD5848006819
:106AA00000F00F00A84209D255490D700846006851
:106AB00000F00F00A84201D00120EEE7207800F09E
:106AC000020002281DD1207800F00400042805D11E
:106AD0004C48006840F4E0504A490860207800F0D3
:106AE0000800082805D14748006840F4604045493F
:106AF00008604448006820F0F000A168084341495C
:106B00000860207800F00100A8B36068012807D170
:106B10003C4808380068C0F34040B8B90120BCE7E1
:106B20006068022802D06068032807D13548083819
:106B30000068C0F3406048B90120AEE7314808382A
:106B40000068C0F3400008B90120A6E72D4800689E
:106B500020F00300616808432A490860FEF716FB2D
:106B6000064609E0FEF712FB801B41F2883188429D
:106B700002D9032091E707E02248006800F00C00EA
:106B80006168B0EB810FEDD11D48006800F00F0087
:106B9000A84209D91A490D700846006800F00F0094
:106BA000A84201D0012078E7207800F004000428F2
:106BB00007D11448006820F4E050E1680843114907
:106BC0000860207800F00800082808D10D48006807
:106BD00020F46040216940EAC1000A49086000F0E1
:106BE0003FF808490968C1F30311074A515CC840DE
:106BF0000649086006480068FEF7C8FF00204CE719
:106C0000003C0240083802401CB50108A0000020EA
:106C1000900300200148006870470000A000002099
:106C200000B5FFF7F7FF04490968C1F38221034A61
:106C3000515CC84000BD0000083802402CB5010876
:106C400000B5FFF7E7FF04490968C1F34231034A81
:106C5000515CC84000BD0000083802402CB5010856
:106C60002DE9F047002400250026A14625480068AC
:106C700000F00C0020B1042805D008283AD105E026
:106C8000DFF8849039E0DFF8849036E01D48001F7B
:106C9000006800F03F041B48001F006800F48000FB
:106CA00078B11A481749091F0968C1F38811A0FB78
:106CB00001700146224600233846F9F77BFC054661
:106CC0000EE011480F49091F0968C1F38811A0FBA4
:106CD00001700146224600233846F9F76BFC054651
:106CE0000848001F0068C0F30140401C4600B5FB87
:106CF000F6F902E0DFF8109000BF00BF4846BDE89B
:106D0000F0870000083802400024F400001BB700A0
:106D1000F8B504460CB90120F8BD207800F0010058
:106D2000002874D0F948006800F00C0004280DD049
:106D3000F648006800F00C00082813D1F348001F43
:106D4000006800F48000B0F5800F0BD1EF480838E0
:106D50000068C0F34040002859D06068002856D130
:106D60000120D9E700BF6068B0F5803F08D1E7484F
:106D70000838006840F48030E449083908601EE0B3
:106D80006068B0F5A02F0DD1E0480838006840F4E5
:106D90008020DE49083908600846006840F48030E9
:106DA00008600CE0D9480838006820F48030D749E2
:106DB000083908600846006820F48020086000BF99
:106DC000606890B1FEF7E2F9054606E0FEF7DEF9ED
:106DD000401B642801D903209EE7CC48083800688E
:106DE000C0F340400028F1D011E0FEF7CFF905468E
:106DF00006E0FEF7CBF9401B642801D903208BE79E
:106E0000C24808380068C0F340400028F1D120781B
:106E100000F0020002285FD1BC48006800F00C00BE
:106E200058B1BA48006800F00C0008281CD1B748D7
:106E3000001F006800F48000B0B9B448083800684A
:106E4000C0F3400020B1E068012801D0012063E7D1
:106E5000AE480838006820F0F800216940EAC10017
:106E6000AA490839086037E0E06800B30120A84962
:106E70000860FEF78BF9054606E0FEF787F9401B30
:106E8000022801D9032047E7A04808380068C0F36A
:106E900040000028F1D09D480838006820F0F80034
:106EA000216940EAC10099490839086014E00020CE
:106EB00097490860FEF76AF9054606E0FEF766F9AD
:106EC000401B022801D9032026E7904808380068B3
:106ED000C0F340000028F1D1207800F00800082815
:106EE0002CD16069A8B101208A490860FEF74EF9EB
:106EF000054606E0FEF74AF9401B022801D90320A7
:106F00000AE782486C300068C0F340000028F1D0E6
:106F100014E000207F490860FEF738F9054606E0D6
:106F2000FEF734F9401B022801D90320F4E6774824
:106F30006C300068C0F340000028F1D1207800F0E8
:106F40000400042870D1002770483830006800F031
:106F5000805090B900BF002000906C483830006825
:106F600040F080506949383108600846006800F0F8
:106F70008050009000BF00BF01276748006800F400
:106F80008070B0B96448006840F48070624908605D
:106F9000FEF7FCF8054606E0FEF7F8F8401B02286D
:106FA00001D90320B8E65C48006800F4807000282E
:106FB000F2D000BFA068012808D1544868300068AA
:106FC00040F001005149683108601DE0A0680528C3
:106FD0000DD14E486830006840F004004B496831DC
:106FE00008600846006840F0010008600CE047486F
:106FF0006830006820F001004449683108600846A4
:10700000006820F00400086000BFA068A8B1FEF787
:10701000BDF8054609E0FEF7B9F8401B41F288319A
:10702000884202D9032077E626E0384868300068B5
:10703000C0F340000028EED013E0FEF7A7F80546A5
:1070400008E0FEF7A3F8401B41F28831884201D9DD
:10705000032061E62D4868300068C0F34000002836
:10706000EFD1012F07D129483830006820F0805037
:1070700026493831086000BFA069002845D0234860
:10708000006800F00C0008285DD0A069022845D1F6
:1070900000201F490866FEF779F8054606E0FEF76E
:1070A00075F8401B022801D9032035E61748083837
:1070B0000068C0F340600028F1D1D4E9070108431B
:1070C000616A40EA81110122A06AC2EB500041EAE4
:1070D00000412C20005D41EA00600C49091F086056
:1070E00001200B490866FEF751F8054606E0FEF759
:1070F0004DF8401B022801D903200DE6034808384B
:107100000068C0F340600028F1D03FE0083802403A
:1071100000004742800E47420070004000201C499A
:107120000866FEF733F8054606E0FEF72FF8401B29
:10713000022801D90320EFE516480068C0F340603B
:107140000028F2D122E0A069012800D1E4E511482D
:107150000830066806F48001E069814214D106F027
:107160003F01206A81420FD147F6C0703040616A0A
:10717000884209D106F44031A06A814204D106F068
:107180007061E06A814201D00120C5E50020C3E5BD
:10719000000047420038024010B504460CB90120F7
:1071A00010BD607920B900202071204600F00EF853
:1071B000022060712068006840F0040021680860C7
:1071C000012060710020A06000BFE9E708B50A4A0D
:1071D000016891420FD100BF002100910749096861
:1071E00041F04001054A11601146096801F0400173
:1071F000009100BF00BF08BD0008065034380240AF
:1072000010B504460CB9012010BD607F20B90020E4
:107210002077204600F060F80220607700BFCA2087
:107220002168486253202168486200BF204604F06C
:107230007FF840B100BFFF202168486200BF0420F2
:1072400060770120E0E720688068224908402168D3
:10725000886021696068084361690843216889681A
:107260000843216888602168E06808612068016936
:10727000208941EA0040216808612068C06820F048
:1072800080002168C8602068806800F0200060B934
:10729000204600F02DF840B100BFFF202168486271
:1072A00000BF042060770120AEE72068006C20F466
:1072B0008020216808642068006CA1690843216867
:1072C000086400BFFF202168486200BF012060778A
:1072D000002099E7BFFF8FFF034A0168914202D166
:1072E0000121024A11607047002800403C0E4742CD
:1072F00070B5044600252068C06820F0A000216811
:10730000C860FDF743FF054607E0FDF73FFF401B60
:10731000B0F57A7F01D9032070BD2068C06800F005
:1073200020000028F1D00020F6E710B504460CB983
:10733000012010BD606A00B900BF0021A16294F86D
:10734000510028B9002084F85000204600F034F89D
:10735000022084F851002068006820F04000216875
:107360000860D4E901010843E16808432169084342
:1073700061690843218B01F400710843E169084306
:10738000216A0843A16A0843216808600421A069B2
:1073900001EA1040616A0843216848602068C069BA
:1073A00020F400602168C86100206065012084F835
:1073B00051000020BDE7000010B586B0044614213E
:1073C00001A8F9F7C7FB6749206888427ED100BF52
:1073D000002000906448006840F4805062490860D2
:1073E0000846006800F48050009000BF00BF00BF56
:1073F000002000905C481438006840F002005A49B0
:10740000143908600846006800F00200009000BFD0
:1074100000BF00BF002000900846006840F0010057
:1074200008600846006800F00100009000BF00BF3F
:107430001820019002200290012003900320049064
:107440000520059001A94948FDF792FD8020019093
:107450000220029001200390032004900520059053
:1074600001A94348FDF784FD4248434908604FF0B5
:10747000C0604860002140488160C1604FF4806175
:107480000161002141618161C1614FF440310162BC
:1074900000214162FDF768FB08B1FBF72BFF00BF3D
:1074A0003548E064846300BF3248183033490860CF
:1074B0004FF0C06048604021304881600021C160C9
:1074C0004FF4806101610021416100E010E08161C1
:1074D000C1614FF40031016200214162FDF744FBBC
:1074E00008B1FBF707FF00BF2448A064846336E0BF
:1074F00023492068884232D100BF002000901A48FA
:10750000001F006840F480401749091F08600846C2
:10751000006800F48040009000BF00BF00BF002062
:10752000009011481438006840F002000E491439E8
:1075300008600846006800F00200009000BF00BF2D
:107540004FF460400190022002900120039003203C
:1075500004900520059001A90448FDF709FD06B037
:1075600010BD0000003001404438024000040240D9
:107570000000024040640240F40E0020540F00203E
:10758000003800402DE9FF5F0446884691461D46BD
:107590000E9E012002900020019000BF94F8500040
:1075A000012803D1022004B0BDE8F09F012084F837
:1075B000500000BFFDF7EAFD074694F851B060683F
:1075C0000390AA46BBF1010F0BD00398B0F5827F60
:1075D00004D1A06810B9BBF1040F02D002200190C1
:1075E000DBE0B8F1000F03D0B9F1000F00D015B9FE
:1075F00001200190D1E094F85100042802D0052028
:1076000084F8510000206065C4F83890E587A587AC
:10761000C4F83080E586A586206460642068006830
:1076200000F04000402805D02068006840F040008D
:1076300021680860E068B0F5006F4AD1606810B159
:10764000BAF1010F09D1206B00882168C860206B56
:10765000801C2063E08E401EE08633E02068806856
:1076600000F00200022810D1E08E70B102980128CB
:107670000BD1206B00882168C860206B801C2063C0
:10768000E08E401EE086002002902068806800F0B6
:10769000010068B1E08F58B12068C068A16B088014
:1076A000A06B801CA063E08F401EE0870120029049
:1076B000FDF76CFDC01BB04204D3701C10B1032059
:1076C00001906AE0E08E0028C8D1E08F0028C5D183
:1076D0004AE0606810B1BAF1010F09D1206B00785F
:1076E00021680873206B401C2063E08E401EE086FA
:1076F00034E02068806800F00200022810D1E08E9B
:1077000070B1029801280BD1206B007821680873B2
:10771000206B401C2063E08E401EE086002002901B
:107720002068806800F0010068B1E08F58B12068DF
:10773000C068A16B0870A06B401CA063E08F401E66
:10774000E08701200290FDF721FDC01BB04201D36C
:10775000701C00B916B9032001901EE0E08E0028CD
:10776000C7D1E08F0028C4D13A463146204603F005
:1077700063FF20B101200190202060650DE0A0682A
:1077800050B900BF002000902068C06800902068B9
:107790008068009000BF00BF00BF012084F8510046
:1077A00000BF002084F8500000BF0198FBE670B5D0
:1077B00004462546681EB0F1807F01D301200FE00A
:1077C000681E4FF0E02148610F214FF0FF3006F0B6
:1077D00093FF00204FF0E02188610720086100201E
:1077E00070BD10B50346002200BF93F83C0001288D
:1077F00001D1022010BD012083F83C0000BF22F01F
:10780000FF00CC6840EA040222F440708C6840EA31
:10781000040222F480604C6840EA040222F4006012
:107820000C6840EA040222F480500C6940EA040229
:1078300022F400504C6940EA040222F48040CC69F2
:1078400040EA04021868426400BF002083F83C004C
:1078500000BF00BFCEE7000030B502460B4600BFB8
:1078600092F83C00012801D1022030BD012082F8AD
:107870003C0000BF022082F83D0010684468106898
:10788000816824F070041868044310684460184D3F
:107890001068A8421BD01068B0F1804F17D0154D6A
:1078A0001068A84213D0144D1068A8420FD0134D91
:1078B0001068A8420BD0124D1068A84207D0114D95
:1078C0001068A84203D0104D1068A84205D121F0DD
:1078D00080015868014310688160012082F83D00F2
:1078E00000BF002082F83C0000BF00BFBDE70000E1
:1078F000000001400004004000080040000C00406F
:1079000000040140004001400018004010B504464A
:107910000CB9012010BD94F83D0028B9002084F86E
:107920003C00204600F00CF8022084F83D00211DA8
:10793000206803F0B1FF012084F83D000020E9E752
:1079400008B53F4A016891420FD100BF0021009164
:107950003C49096841F001013A4A11601146096841
:1079600001F00101009100BF69E0374A01689142CE
:1079700011D100BF002100913249091F096841F06F
:107980000201304A121F11601146096801F002011C
:10799000009100BF53E02D4A0168914211D100BF10
:1079A000002100912749091F096841F00401254A77
:1079B000121F11601146096801F00401009100BF17
:1079C0003DE0234A0168914211D100BF002100919E
:1079D0001C49091F096841F008011A4A121F116069
:1079E0001146096801F00801009100BF27E0194A1B
:1079F000016891420FD100BF00210091114909682F
:107A000041F002010F4A11601146096801F00201BC
:107A1000009100BF13E0104A016891420FD100BFEE
:107A2000002100910749096841F40031054A1160BD
:107A30001146096801F40031009100BF00BF08BD84
:107A400000000140443802400004004000080040AB
:107A5000000C0040000401400044014001460220A7
:107A600081F83D000868806800F00702062A05D00A
:107A70000868006840F001000B681860012081F878
:107A80003D00002070472DE9F04104460D4600BF3F
:107A900094F83C00012802D10220BDE8F0810120C9
:107AA00084F83C0000BF022084F83D00206886680E
:107AB00026F0770626F47F462068866028685028DE
:107AC00033D00CDC202850D004DC00284BD0102808
:107AD00051D149E0302849D040284CD139E06028C4
:107AE0002DD0702807D0B0F5805F03D0B0F5005FCF
:107AF00041D10DE040E0D5E902136A68206803F047
:107B000048FF2068866846F077062068866033E084
:107B1000D5E902136A68206803F03BFF206880689B
:107B200040F480402168886026E0EA68696820683F
:107B300004F020F85021206803F036FF1CE0EA68CA
:107B40006968206804F029F86021206803F02CFFA0
:107B500012E0EA686968206804F00CF840212068A7
:107B600003F022FF08E000BF00BF00BF29682068C3
:107B700003F01AFF00E000BF00BF012084F83D00C1
:107B800000BF002084F83C0000BF00BF85E7000074
:107B900010B586B00446142101A8F8F7DBFF994917
:107BA0002068884232D100BF0020009096480068CB
:107BB00040F01000944908600846006800F010008A
:107BC000009000BF00BF4FF4D4400190022002900B
:107BD00001200390022004900120059001A98B4808
:107BE000FDF7C6F98A48FFF739FF0021884800F001
:107BF000CFF90421864800F0CBF90821844800F031
:107C0000C7F90C21824800F0C3F9F9E081492068E6
:107C1000884224D100BF002000907B48006840F0DB
:107C20000400794908600846006800F004000090EC
:107C300000BF00BF88150190022002900120039030
:107C400002200490059001A97348FDF791F973484B
:107C5000FFF704FF0821714800F09AF9D0E070495D
:107C60002068884226D100BF002000906648006846
:107C700040F00800644908600846006800F0080009
:107C8000009000BF00BF4FF480400190022002909E
:107C900001200390032004900220059001A961486F
:107CA000FDF766F96048FFF7D9FE08215E4800F04D
:107CB0006FF9A5E05D49206888422DD100BF002002
:107CC00000905148006840F080004F490860084625
:107CD000006800F08000009000BF00BF4FF4E0504B
:107CE0000190022002900120039002200490059050
:107CF00001A94F48FDF73CF94E48FFF7AFFE0021C0
:107D00004C4800F045F904214A4800F041F90821A7
:107D1000484800F03DF973E047492068884246D161
:107D200000BF002000903848006840F48070364959
:107D300008600846006800F48070009000BF00BF33
:107D400000BF002000900846006840F00400086072
:107D50000846006800F00400009000BF00BF40200B
:107D60000190022002900120039002200490032041
:107D7000059001A93148FDF7FBF840200190022051
:107D8000029001200390022004900320059001A995
:107D90002148FDF7EDF82A48FFF760FE002128484A
:107DA00000F0F6F80421264800F0F2F828E0254912
:107DB0002068884224D100BF00200090124800684B
:107DC00040F02000104908600846006800F02000DC
:107DD000009000BF00BF40200190022002900120CF
:107DE0000390022004900320059001A91648FDF796
:107DF000BFF81648FFF732FE0021144800F0C8F81B
:107E000006B010BD000001403038024000100240B2
:107E1000B40F00200004004000080240F40F0020CE
:107E200000080040000C024034100020000C00400C
:107E3000001C024074100020000401400020024099
:107E4000B41000200044014000140240F41000204F
:107E500070B504460D46164600BF94F83C00012854
:107E600001D1022070BD012084F83C0000BF022037
:107E700084F83D0036B1042E1BD0082E31D00C2ED4
:107E80005ED145E02946206803F098FD20688069AE
:107E900040F00800216888612068806920F00400B3
:107EA00021688861206880692969084321688861A0
:107EB00047E02946206803F0B9FD2068806940F456
:107EC0000060216888612068806920F480602168F2
:107ED000886120688069296940EA012021688861F9
:107EE0002FE02946206803F0DFFD2068C06940F0DC
:107EF00008002168C8612068C06920F0040021687A
:107F0000C8612068C069296908432168C86118E010
:107F10002946206803F004FE2068C06940F4006030
:107F20002168C8612068C06920F480602168C86148
:107F30002068C069296940EA01202168C86100E021
:107F400000BF00BF012084F83D0000BF002084F87E
:107F50003C0000BF00BF85E710B504460CB9012006
:107F600010BD94F83D0028B9002084F83C0020465C
:107F700000F00CF8022084F83D00211D206803F079
:107F80008BFC012084F83D000020E9E770470000E9
:107F900070B504460E4601223146206803F0E8FC25
:107FA0000F492068884203D00E492068884201D1D9
:107FB000012000E0002028B12068406C40F400401F
:107FC000216848642068806800F00705062D05D008
:107FD0002068006840F0010021680860002070BD42
:107FE000000001400004014070B5044600252068EF
:107FF0004069C0F3C01594F8390021280ED16DB145
:108000002068406920F0800021684861206B10B131
:10801000206BFCF71FFC204603F071FE20684069CE
:10802000C0F3801594F83A0022280ED16DB1206873
:10803000406920F0400021684861606B10B1606BBE
:10804000FCF708FC204603F03AFE002070BD7047A4
:108050002DE9F0470446206805682068C668206856
:1080600047694FF00008C14605F00F08B8F1000F4E
:108070000AD105F0200038B106F0200020B12046DA
:1080800003F047FEBDE8F087B8F1000F72D007F0AB
:10809000010018B906F4907000286BD005F00100BB
:1080A00030B106F4807018B1E06B40F00100E0637D
:1080B00005F0040030B107F0010018B1E06B40F0AA
:1080C0000200E06305F0020030B107F0010018B1D2
:1080D000E06B40F00400E06305F0080048B106F0F2
:1080E000200010B907F0010018B1E06B40F0080063
:1080F000E063E06B70B305F0200028B106F02000CB
:1081000010B1204603F005FE20684069C0F38019D5
:10811000E06B00F0080010B9B9F1000F23D0204641
:1081200003F0CDFD2068406900F04000402816D1E2
:108130002068406920F0400021684861606B50B1C0
:108140001748616B0865606BFCF7D9FB10B1606B79
:10815000016D88470CE02046FFF779FF08E02046D4
:10816000FFF775FF04E02046FFF771FF0020E06392
:1081700088E7FFE705F0800030B106F0800018B115
:10818000204604F00DF87DE705F0400030B106F020
:10819000400018B1204603F0A2FD73E700BF71E76D
:1081A000C3BB000810B504460CB9012010BDA0697E
:1081B00000B100E000BF94F8390028B9002084F82D
:1081C0003800204600F028F8242084F83900206880
:1081D000C06820F400502168C860204603F0ECFD20
:1081E0002068006920F49040216808612068406997
:1081F00020F02A00216848612068C06840F40050DF
:108200002168C8600020E063202084F8390084F8E9
:108210003A000020CAE7000010B586B004461421D9
:1082200001A8F8F797FCBD49206888427ED100BFBD
:1082300000200090BA48006840F01000B84908607B
:108240000846006800F01000009000BF00BF00BFAB
:1082500000200090B2481438006840F00200B04995
:10826000143908600846006800F00200009000BF62
:1082700000BF00BF002000900846006840F00100E9
:1082800008600846006800F00100009000BF00BFD1
:10829000802001900220029001200390032004908E
:1082A0000720059001A99F48FCF762FE4FF400707B
:1082B00001900220029001200390032004900720E7
:1082C000059001A99848FCF753FE98489849086022
:1082D0004FF000604860002195488160C1604FF414
:1082E00080610161002141618161C161016241627E
:1082F000FCF73AFC08B1FAF7FDFF00BF8C48606359
:10830000846300BF894830308A4908604FF00060BC
:1083100048604021874881600021C1604FF480613E
:108320000161002141618161C16100E014E00162ED
:108330004162FCF719FC08B1FAF7DCFF00BF7D4889
:108340002063846300BF002205212520FDF77EFC09
:108350002520FDF76BFCDEE07749206888425BD181
:1083600000BF002000906E48001F006840F480208D
:108370006B49091F08600846006800F480200090DF
:1083800000BF00BF00BF002000906548143800689F
:1083900040F004006249143908600846006800F0A3
:1083A0000400009000BF00BF4FF440600190022025
:1083B000029001200390032004900720059001A95A
:1083C0005E48FCF7D5FD5E485E4908604FF00060EE
:1083D000486000215B488160C1604FF480610161A9
:1083E000002141618161C1614FF4003101620021CE
:1083F0004162FCF7B9FB08B1FAF77CFF00BF5148B6
:108400006063846300BF002204212720FDF71EFC67
:108410002720FDF70BFC7EE04B49206888427AD18B
:1084200000BF002000903E48006840F020003C491A
:1084300008600846006800F02000009000BF00BF00
:1084400000BF0020009036481438006840F040001B
:108450003349143908600846006800F04000009075
:1084600000BF00BF4FF48440019002200290012021
:108470000390032004900820059001A93348FCF7DD
:1084800077FD2A486038324908608005486000213D
:108490002F488160C1604FF480610161002141611A
:1084A0008161C1614FF40031016200214162FCF73A
:1084B0005BFB08B1FAF71EFF00BF254860638463C9
:1084C00000BF1A481830234908604FF02060486008
:1084D0004021204881600021C1604FF4806101612A
:1084E000002141618161C1614FF48031016200214D
:1084F0004162FCF739FB08B1FAF7FCFE00BF1548F2
:108500002063846300BF002205214720FDF79EFB06
:108510004720FDF78BFB06B010BD000000100140A6
:1085200044380240000402400000024088640240D7
:10853000F4110020541200200048004000080240BE
:1085400028600240B41200200014014000180240CC
:10855000141300207413002077B581B0044615462B
:1085600094F83A00202850D1029800B115B90120A2
:1085700004B070BD00BF94F83800012801D102207A
:10858000F6E7012084F8380000BF0298A062A585B4
:108590000020E063222084F83A001D48616BC86324
:1085A0001C48616B08641C48616BC8640020616BE7
:1085B000086502AE32682368191D2B46606BFCF714
:1085C00049FB00BF002000902068006800902068F0
:1085D0004068009000BF00BF00BF002084F8380052
:1085E00000BF2068C06840F480702168C8602068BF
:1085F000406940F00100216848612068406940F00E
:108600004000216848610020B2E70220B0E7000086
:1086100027BC00086DBC0008D7BB00087047704736
:108620002DE9F84304460D4616461F464FF0000953
:1086300094F8390020285DD105B116B90120BDE8B4
:10864000F88300BF94F83800012801D10220F6E732
:10865000012084F8380000BF0020E063212084F866
:108660003900FCF793FD8146A684E68400BF002014
:1086700084F8380000BF2BE0E08C401EE084A06846
:10868000B0F5805F16D14B4600228021204600972E
:1086900003F0BAFD08B10320D1E7A846B8F80000FE
:1086A000C0F3080021684860206908B9AD1C0FE0DC
:1086B0006D1C0DE04B46002280212046009703F000
:1086C000A3FD08B10320BAE715F8010B2168486043
:1086D000E08C0028D0D14B46002240212046009754
:1086E00003F092FD08B10320A9E7202084F83900A7
:1086F0000020A4E70220A2E7F7B50446154694F847
:10870000390020283DD1019800B10DB90120FEBDEE
:1087100000BF94F83800012801D10220F7E70120BA
:1087200084F8380000BF01982062A584E584002009
:10873000E063212084F839001348216BC863134893
:10874000216B08641248216BC8640020216B086506
:1087500001AE23681A1D31682B46206BFCF77AFAAC
:108760006FF040002168086000BF002084F83800E6
:1087700000BF2068406940F0800021684861002007
:10878000C5E70220C3E700007BBC0008B1BC0008BD
:10879000D7BB000810B5044604492068884203D1BD
:1087A00009210348F8F7D6F910BD00000010014078
:1087B00068440020704700BFFEE7000070B5044623
:1087C0000D4616462146044800F060FA18B93146B5
:1087D000284600F003F870BD0C0D00202C4A526BA7
:1087E0001268126822F00102294B5B6B1B681A6049
:1087F00009E0274A526B1268126822F00102244BEA
:108800005B6B1B681A60224A526B1268126802F096
:108810000102002AEDD11E4A526B12681D4B9A428A
:1088200005D94FF000621B4B4C3B1A601DE0184A03
:10883000526B1268184B9A4205D94FF00062154BE3
:10884000503B1A6011E0124A526B1268124B603BA7
:108850009A4205D94FF000620F4BB83BDA6004E052
:108860004FF000620C4BB83B9A60094A526B126899
:10887000D060074A526B12685160054A526B126809
:10888000126842F00102024B5B6B1B681A60704772
:108890000C0D002058640240B86002402B48406B29
:1088A0000068006820F001002849496B09680860E9
:1088B00009E02648406B0068006820F00100234969
:1088C000496B096808602148406B0068006800F047
:1088D00001000028EDD11E481C49496B09688860D9
:1088E0001A48406B00681B49884205D94FF0006068
:1088F00018494C3908601DE01448406B006816495F
:10890000884205D94FF0006012495039086011E0E3
:108910000E48406B006810496039884205D94FF015
:1089200000600D49B839C86004E04FF000600A49A2
:10893000B83988600548406B0068006840F0100056
:108940000249496B09680860704700000C0D00205F
:108950001058004058640240B86002400146086860
:108960004069C0F38020B0B16FF480600A68506144
:1089700000200863202081F83D00002081F83E009F
:10898000086C40F00400086400BF002081F83C003F
:1089900000BF012070470020FCE700002DE9F843EC
:1089A00004460D4617469846E66A082E04D0012E66
:1089B00002D016F5803F06D12068006840F4807030
:1089C0002168086008E0206B122805D12068006843
:1089D00040F48070216808603B4600224FF001118E
:1089E0002046CDF8008000F0FDF950B12068006805
:1089F00000F4807010B14FF4007020640320BDE8D3
:108A0000F8832069B0F5804F04D105F0FE0021689D
:108A1000086112E005F44070F02141EAE01021689D
:108A2000086143463A460B49204600F01EFA08B159
:108A30000120E4E7E8B22168086143463A46054967
:108A4000891F204600F011FA08B10120D7E7002065
:108A5000D5E70000080001002DE9F84304460F4661
:108A600015469946DDE908862068006840F4806074
:108A7000216808602068006840F480702168086000
:108A8000434600224FF001112046009600F0AAF95B
:108A900050B12068006800F4807010B14FF400708D
:108AA00020640320BDE8F88307F0FE002168086118
:108AB000334642463D49204600F0D7F908B101202F
:108AC000F0E700BF00200090206840690090206817
:108AD0008069009000BF00BF32464146204600F04A
:108AE00066FA50B1206C042805D12068006840F473
:108AF0000070216808600120D4E7B9F1010F03D1AB
:108B0000E8B22168086117E0C5F307202168086111
:108B100032464146204600F04AFA50B1206C042803
:108B200005D12068006840F40070216808600120C9
:108B3000B8E7E8B22168086132464146204600F0B5
:108B400036FA50B1206C042805D12068006840F442
:108B50000070216808600120A4E72068006840F4E4
:108B6000807021680860434600224FF001112046C2
:108B7000009600F037F948B12068006800F4807072
:108B800010B14FF40070206403208BE7F8B240F07E
:108B9000010021680861334642460449204600F03E
:108BA00064F908B101207DE700207BE702000100A5
:108BB0002DE9F8430446884615469946DDE90867DD
:108BC0002068006840F48070216808603346002205
:108BD0004FF001112046009700F004F950B12068D1
:108BE000006800F4807010B14FF40070206403201E
:108BF000BDE8F88308F0FE00216808613B46324674
:108C00002149204600F031F908B10120F0E700BF0A
:108C100000200090206840690090206880690090E2
:108C200000BF00BF3A463146204600F0C0F950B1BF
:108C3000206C042805D12068006840F40070216889
:108C400008600120D4E7B9F1010F03D1E8B221682F
:108C5000086117E0C5F30720216808613A463146EC
:108C6000204600F0A4F950B1206C042805D12068FA
:108C7000006840F40070216808600120B8E7E8B29D
:108C8000216808610020B3E70200010018B5024620
:108C90000B4600211068006800F0010028B9106838
:108CA000006840F001001468206000210BE0481CBF
:108CB00081B2642907DD1068006840F40070146810
:108CC0002060022018BD1068806900F002000028B2
:108CD000EDD11068006820F400601468206010680E
:108CE000006840F480701468206000210BE0481C8C
:108CF00081B2642907DD1068006840F400701468D0
:108D000020600120DEE71068406900F001000028C3
:108D1000EDD003F0FE001468206100210CE0481C37
:108D200081B2B1F5FA7F07DD1068006840F4007089
:108D3000146820600120C5E71068406900F0020057
:108D40000028ECD000BF002000901068406900901F
:108D500010688069009000BF00BF00210CE0481C33
:108D600081B2B1F5FA7F07DD1068006840F4007049
:108D7000146820600120A5E71068406900F08000B9
:108D80000028ECD000209DE770B504460D4616463D
:108D900020E02046FFF7E2FD08B1012070BD681C0D
:108DA000C0B1FCF7F3F9801BA84200D895B90020A8
:108DB0002063202084F83D00002084F83E00206CD1
:108DC00040F02000206400BF002084F83C0000BF79
:108DD0000120E3E720684069C0F380000028D8D074
:108DE0000020DBE72DE9F04104460D4617461E46FC
:108DF000DDF818801CE0701CD0B1FCF7C7F9A0EBBF
:108E00000800B04200D89EB900202063202084F8DA
:108E10003D00002084F83E00206C40F020002064DB
:108E200000BF002084F83C0000BF0120BDE8F081B5
:108E3000C5F3074001280AD120684069A9B208405B
:108E4000A9B2884201D101200BE0002009E020688E
:108E50008069A9B20840A9B2884201D1012000E08E
:108E60000020B842C7D00020E0E72DE9F0410446D9
:108E70000D4616461F463DE020684069C0F380203D
:108E8000E8B12068006840F40070216808606FF461
:108E900080602168486100202063202084F83D0024
:108EA000002084F83E00206C40F00400206400BFE5
:108EB000002084F83C0000BF0120BDE8F081701C58
:108EC000C0B1FCF763F9C01BB04200D896B90020CE
:108ED0002063202084F83D00002084F83E00206CB0
:108EE00040F02000206400BF002084F83C0000BF58
:108EF0000120E2E7C5F3074001280AD12068406954
:108F0000A9B20840A9B2884201D101200BE000209B
:108F100009E020688069A9B20840A9B2884201D15D
:108F2000012000E000200028A6D00020C5E770B591
:108F300004460D46164632E020684069C0F3001032
:108F4000A0B16FF01000216848610020206320204C
:108F500084F83D00002084F83E00206C206400BFAF
:108F6000002084F83C0000BF012070BDFCF70EF922
:108F7000801BA84200D895B900202063202084F8E7
:108F80003D00002084F83E00206C40F0200020646A
:108F900000BF002084F83C0000BF0120E5E7206806
:108FA0004069C0F380100028C6D00020DDE770B50E
:108FB00004460D46164620E02046FFF7CFFC08B1D8
:108FC000012070BD681CC0B1FCF7E0F8801BA8420E
:108FD00000D895B900202063202084F83D000020AF
:108FE00084F83E00206C40F02000206400BF002088
:108FF00084F83C0000BF0120E3E720684069C0F32B
:10900000C0100028D8D00020DBE7000070B504466F
:109010000D461646308888B9184890ED000A184861
:1090200080ED000A154890ED010A154880ED010A0F
:10903000124890ED020A124880ED020A32461149A8
:109040000F480AF0F1FC0E4890ED000A85ED000A89
:1090500090ED010A85ED010A90ED020A85ED020A04
:10906000B7EE000A84ED000AB7EE000A84ED010AAB
:10907000B7EE000A84ED020A70BD0000F836002049
:10908000EC360020B037002091ED000A0E4A82ED48
:10909000000A91ED010A82ED010A91ED020A82EDCA
:1090A000020A92ED000A094A82ED000A064A92ED90
:1090B000010A064A82ED010A034A92ED020A034AB6
:1090C00082ED020A70470000F8360020EC360020DE
:1090D00008B507200BF0B4FC02E064200BF0B0FCF4
:1090E000F9F752FD0028F8D102E064200BF0A8FC4B
:1090F0000AF068FF0028F8D19B4AA2F10C01101D6C
:10910000F9F75CFD9948984B103B994A99490090B2
:1091100099480AF0B3FCDFED990A9FED990A994A44
:109120000021994801F098FE914A92499748F9F731
:1091300059FA904890ED000A954880ED000A95484C
:1091400080ED000A944880ED000A8A4890ED010AFB
:109150008F4880ED010A8F4880ED010A8E4880ED2E
:10916000010A844890ED020A894880ED020A894884
:1091700080ED020A884880ED020A00200BF0AAFC6C
:10918000044610F01DF98549086010218448C1612A
:10919000FEF7CBF808B1FAF7ADF80822814982480A
:1091A00002F08AF9012081490870DBE000BF4FF02E
:1091B000FF3101200EF04AFF0128F8D17C480078E9
:1091C00000F0040058B17A48007820F00400784993
:1091D00008706549091D7348401CF9F7A1FC7548E2
:1091E000007800F0040060B17248007820F00400BC
:1091F000704908705C4A1032A2F11C016E48F9F700
:1092000039FC6E48007800F0040088B16B480078A3
:1092100020F004006949087053496948F9F7BCFD1A
:1092200051481038D0ED040AB0EE600A0AF076FD1D
:109230004E484D4B103B4E4A4E4900904E480AF066
:109240001DFC544890ED000A534880ED000A504838
:1092500090ED000A4F4880ED000A90ED000A594851
:10926000D0ED000A20EE200A4B48D0ED000A554808
:1092700090ED011A00EE810A3E48D0ED000A5148F7
:1092800090ED021A00EE810A414880ED000A414843
:1092900090ED010A404880ED010A3D4890ED010A39
:1092A0003C4880ED010A90ED010A4648D0ED000AE5
:1092B00020EE200A3848D0ED010A424890ED011A0C
:1092C00000EE810A2B48D0ED010A3E4890ED021ACB
:1092D00000EE810A2E4880ED010A2E4890ED020A28
:1092E0002D4880ED020A2A4890ED020A294880EDB7
:1092F000020A90ED020A3348D0ED000A20EE200A5F
:109300002548D0ED020A2F4890ED011A00EE810A9F
:109310001848D0ED020A2B4890ED021A00EE810A9F
:109320001B4880ED020A124B024613499FED260AA4
:109330001648F9F7C3FA254B1A1F111F134808F0F6
:10934000B9FE2348007800F001002149087048B1B7
:109350000846007820F0010008700846007840F0C8
:109360000200087022E70000D83600201C370020D9
:10937000C8370020BC370020B03700200080894566
:1093800000A08C458CB5010844370020D43700205C
:10939000A4370020983700208C370020D00100200F
:1093A000440E0020D4010020DC010020F90100203F
:1093B000F5010020F6010020BE360020F701002054
:1093C000EF01002098B501086F12833AEC370020B6
:1093D000F801002030B50B46002100BF16E00A243A
:1093E000B4EB107F05D9302404EB107403F811405E
:1093F00005E0412404EB10740A3C03F8114000011D
:1094000000254C00641C1D554C1CE1B29142E6DB6A
:1094100030BD000070B504460D46C8232A462146DB
:109420000148FFF7FDF870BDB41100201FB5002002
:1094300000900190029003901548164908604FF47F
:10944000003048600021134881600161017680F896
:109450002010C162104981620021C1600121C161F7
:10946000002180F8301001214161FAF781F908B13B
:10947000F9F740FF10200090012001900020029099
:1094800069460448FAF7AAF808B1F9F733FF1FBD97
:1094900000200140800500200100000F1FB50020C2
:1094A00000900190029003901548164908604FF40F
:1094B000003048600021134881600161017680F826
:1094C0002010C162104981620021C1600121C16187
:1094D000002180F8301001214161FAF749F908B103
:1094E000F9F708FF08200090012001900020029069
:1094F00069460448FAF772F808B1F9F7FBFE1FBD98
:1095000000220140C80500200100000F10B50E48E0
:109510000E4908600320486000210C488160C1604A
:109520004FF4102101614FF40011416100210176D7
:1095300041768176C17601774177FAF7DAFD08B195
:10954000F9F7D8FE10BD000000640040300500208F
:1095500010B50E480E4908600320486000210C48F1
:109560008160C1604FF4102101614FF4001141612D
:109570000021017641768176C17601774177FAF74D
:10958000B8FD08B1F9F7B6FE10BD00000068004054
:109590005805002010B50548054908600846FBF746
:1095A0002EF908B1F9F7A6FE10BD00000030024008
:1095B0000400002008B500BF002000902A48006881
:1095C00040F48000284908600846006800F48000E4
:1095D000009000BF00BF00BF002000900846006858
:1095E00040F4001008600846006800F40010009085
:1095F00000BF00BF002205210C20FCF727FB0C2038
:10960000FCF714FB002205212F20FCF71FFB2F2065
:10961000FCF70CFB002205213920FCF717FB392051
:10962000FCF704FB002205213A20FCF70FFB3A204F
:10963000FCF7FCFA002205213B20FCF707FB3B204E
:10964000FCF7F4FA002205214420FCF7FFFA44203D
:10965000FCF7ECFA002205214520FCF7F7FA45203B
:10966000FCF7E4FA08BD00003038024000B5D5B080
:109670001C2247494EA8F7F711FA00214EA80BF01B
:10968000FAF9444908601C2241491C3147A8F7F700
:1096900005FA002147A80BF0EEF93F4908601C22AB
:1096A0003B49383140A8F7F7F9F9002140A80BF001
:1096B000E2F93A4908601C223549543139A8F7F7D4
:1096C000EDF9002139A80BF0D6F9354908601C22C4
:1096D0002F49703132A8F7F7E1F9002132A80BF0D9
:1096E000CAF9304908601C2229498C312BA8F7F7A8
:1096F000D5F900212BA80BF0BEF92B4908601C22DC
:109700002349A83124A8F7F7C9F9002124A80BF0B0
:10971000B2F9264908601C221D49C4311DA8F7F77B
:10972000BDF900211DA80BF0A6F9214908601C22F3
:109730001749E03116A8F7F7B1F9002116A80BF088
:109740009AF91C4908601C221149FC310FA8F7F74F
:10975000A5F900210FA80BF08EF9174908601C220B
:10976000164908A8F7F79AF9002108A80BF083F921
:10977000134908601C2211491C3101A8F7F78EF922
:10978000002101A80BF077F90E49086055B000BD23
:10979000CCB301083C0000200C0000201000002089
:1097A000180000201C0000202000002024000020C1
:1097B000280000202C00002030000020E4B4010824
:1097C000340000203800002000B587B0142102A822
:1097D000F7F7C0F900BF002001908948006840F009
:1097E0000200874908600846006800F00200019006
:1097F00000BF00BF00BF002001900846006840F095
:10980000400008600846006800F04000019000BF7A
:1098100000BF00BF002001900846006840F0010032
:1098200008600846006800F00100019000BF00BF1A
:1098300000BF002001900846006840F00800086062
:109840000846006800F00800019000BF00BF00BF9C
:10985000002001900846006840F0040008600846B7
:10986000006800F00400019000BF00BF00BF0020AE
:1098700001900846006840F480700860084600685F
:1098800000F48070019000BF00BF00BF0020019075
:109890000846006840F0200008600846006800F0B4
:1098A0002000019000BF00BF00BF002001900846CB
:1098B000006840F0800008600846006800F0800002
:1098C000019000BF00BF00BF002001900846006863
:1098D00040F0100008600846006800F01000019099
:1098E00000BF00BF012240214648FBF749FC01228E
:1098F00010214548FBF744FC012241F20101434895
:10990000FBF73EFC80200290002003900120049091
:1099100002A93F48FBF72CFB402002900120039056
:109920000490059002A93748FBF722FB092002901A
:10993000384803900120049002A93248FBF718FB35
:109940000720029000200390049002A93248FBF700
:109950000FFB01200290002003900120049002A937
:109960002948FBF705FB102002900120039004908A
:109970000220059002A92448FBF7FAFA3020029051
:10998000244803900120049002A92348FBF7F0FA31
:109990004FF480500290012003900490059002A99A
:1099A0001A48FBF7E5FA0120029003900490022088
:1099B000059002A91548FBF7DBFA002206210846AC
:1099C000FCF744F90620FCF731F9002205210920B3
:1099D000FCF73CF90920FCF729F9002205210A20AF
:1099E000FCF734F90A20FCF721F9002205211720A1
:1099F000FCF72CF91720FCF719F907B000BD00009F
:109A000030380240001802400000024000040240CA
:109A100000200240000021100008024010B50B4851
:109A20000B4908600B484860002109488160C1600B
:109A30004FF480410161002141618161C161016296
:109A4000FBF7AAFB08B1F9F755FC10BD0054004024
:109A5000B80C0020801A060010B50B480B490860AE
:109A60000B484860002109488160C1604FF4804183
:109A70000161002141618161C1610162FBF78CFBE1
:109A800008B1F9F737FC10BD005800400C0D00205C
:109A9000801A060010B50B480B4908600B48486057
:109AA000002109488160C1604FF4804101610021BB
:109AB00041618161C1610162FBF76EFB08B1F9F799
:109AC00019FC10BD005C0040600D0020801A0600EB
:109AD00010B50548054908600846FDF75DFB08B16B
:109AE000F9F708FC10BD000000080650140E002015
:109AF00010B50A480A490860002048607C210848DF
:109B0000816040F67F41C160002101614161816156
:109B1000FDF776FB08B1F9F7EDFB10BD002800401A
:109B2000240E002010B50F480F4908604FF48270D2
:109B3000486000210C488160C1600221016101215F
:109B40004161490281613821C161002101624162A4
:109B500081620A21C162FDF7E8FB08B1F9F7CAFB8F
:109B600010BD000000300140440E002010B50F4829
:109B70000F4908604FF48270486000210C488160F2
:109B8000C1600221016101214161490281613821E5
:109B9000C16100210162416281620A21C162FDF757
:109BA000C4FB08B1F9F7A6FB10BD00000038004067
:109BB0009C0E002000B587B01C216846F6F7CAFF4E
:109BC000154816490860002048600021134881604C
:109BD00041F28731C160002101618161FDF796FE8C
:109BE00008B1F9F787FB0D48FEF7B6F908B1F9F7A8
:109BF00081FB6020009000200190029004900022E0
:109C000069460648FEF724F908B1F9F773FB0348E3
:109C1000FDF7BEFF07B000BD00440140F410002076
:109C200000B595B0002011901290139014900F90F1
:109C300010901C2108A8F6F78DFF20216846F6F742
:109C400089FF384838490860A72048600021364815
:109C5000816044F61F61C160002101614161816141
:109C6000FDF754FE08B1F9F745FB4FF48050119011
:109C700011A92D48FDF707FF08B1F9F73BFB2A486A
:109C8000FEF76AF908B1F9F735FB00200F90109044
:109C90000FA92548FDF7E0FD08B1F9F72BFB60207F
:109CA00008904FF47A70099000200A900B900C9065
:109CB0000D900E90002208A91B48FEF7C9F808B1C4
:109CC000F9F718FB042208A91748FEF7C1F808B1F4
:109CD000F9F710FB082208A91348FEF7B9F808B1F4
:109CE000F9F708FB0C2208A90F48FEF7B1F808B1F4
:109CF000F9F700FB0020009001900290039004907F
:109D00004FF4005005900020079069460648FDF783
:109D100068FD08B1F9F7EEFA0348FDF739FF15B011
:109D200000BD000000000140B40F002000B58DB060
:109D3000002009900A900B900C90079008901C212D
:109D40006846F6F707FF2048204908600020486071
:109D500000211E48816042F2CF01C16000210161F3
:109D60008161FDF7D3FD08B1F9F7C4FA4FF48050D3
:109D7000099009A91548FDF786FE08B1F9F7BAFA66
:109D80001248FEF7E9F808B1F9F7B4FA0020079095
:109D9000089007A90D48FDF75FFD08B1F9F7AAFA89
:109DA00060200090002001900290049008226946F3
:109DB0000648FEF74DF808B1F9F79CFA0348FDF79D
:109DC000E7FE0DB000BD000000040040F40F0020CD
:109DD00000B58DB0002009900A900B900C90079070
:109DE00008901C216846F6F7B5FE20482049086017
:109DF000A720486000211E4881604FF6FF71C160B6
:109E0000002101618161FDF781FD08B1F9F772FA66
:109E10004FF48050099009A91548FDF734FE08B1A8
:109E2000F9F768FA1248FEF797F808B1F9F762FAFD
:109E300000200790089007A90D48FDF70DFD08B117
:109E4000F9F758FA602000900020019002900490E9
:109E5000082269460648FDF7FBFF08B1F9F74AFA00
:109E60000348FDF795FE0DB000BD0000000800405E
:109E70003410002000B58DB0002009900A900B909E
:109E80000C90079008901C216846F6F763FE28485E
:109E900028490860002048600021264881604FF66C
:109EA000FF71C160002101618161FDF72FFD08B1E3
:109EB000F9F720FA4FF48050099009A91D48FDF7E1
:109EC000E2FD08B1F9F716FA1A48FEF745F808B1AD
:109ED000F9F710FA00200790089007A91548FDF738
:109EE000BBFC08B1F9F706FA602000900020019051
:109EF00002900490002269460E48FDF7A9FF08B1C0
:109F0000F9F7F8F9042269460A48FDF7A1FF08B1FC
:109F1000F9F7F0F9082269460648FDF799FF08B1FC
:109F2000F9F7E8F90348FDF733FE0DB000BD000076
:109F3000000C00407410002000B595B00020119076
:109F40001290139014900F9010901C2108A8F6F70F
:109F500001FE20216846F6F7FDFD304830490860D3
:109F6000A720486000212E48816044F61F61C1602F
:109F70000021016141618161FDF7C8FC08B1F9F779
:109F8000B9F94FF48050119011A92548FDF77BFDD8
:109F900008B1F9F7AFF92248FDF7DEFF08B1F9F78C
:109FA000A9F900200F9010900FA91D48FDF754FC4F
:109FB00008B1F9F79FF9602008904FF47A70099082
:109FC00000200A900B900C900D900E90002208A992
:109FD0001348FDF73DFF08B1F9F78CF9042208A9F1
:109FE0000F48FDF735FF08B1F9F784F9002000901C
:109FF00001900290039004904FF4005005900020CF
:10A00000079069460648FDF7ECFB08B1F9F772F9CD
:10A010000348FDF7BDFD15B000BD00000004014080
:10A02000B410002010B50B480B4908604FF4E13024
:10A030004860002108488160C16001610C214161D4
:10A0400000218161C161FEF7ADF808B1F9F752F95D
:10A0500010BD0000001001403411002010B50B4865
:10A060000B4908600B484860002109488160C160C5
:10A070004FF4806101610C21416100218161C16166
:10A08000FEF790F808B1F9F735F910BD0048004027
:10A0900074110020A086010010B50B480B49086020
:10A0A0004FF4E1304860002108488160C1600161DF
:10A0B0000C21416100218161C161FEF773F808B193
:10A0C000F9F718F910BD000000140140B411002088
:10A0D00010B500220D490E4802F056FE08B1F9F7FE
:10A0E00009F90C490A4803F0EDF808B1F9F702F94B
:10A0F0000949074802F037FB08B1F9F7FBF80448B3
:10A1000003F0AAF908B1F9F7F5F810BD40000020F6
:10A11000D41300201C0400209000002000BFFEE7A4
:10A120007047000010B54FF4806203490348F6F70A
:10A1300070FC00F01FF910BD48CE0108C349002093
:10A1400010B57821014805F035FD10BD00580040DC
:10A1500070B51346002200247F2801DC3F2900DD72
:10A1600070BD0D46CE1701EB5676C6F3C702CE176B
:10A1700001EB5676F610A1EBC606F4B2012B0CD11A
:10A18000144D05EBC2152D5C0126A6403543EEB2F9
:10A19000104D05EBC2152E5419E0022B0CD10D4DBC
:10A1A00005EBC2152D5C0126A6407540EEB2094DA7
:10A1B00005EBC2152E540AE0064D05EBC2152D5CC9
:10A1C0000126A640B543034E06EBC216355400BF28
:10A1D000C6E70000C349002010B5FEF75FFB002171
:10A1E000AE200AF015FC002140200AF011FC0021ED
:10A1F00081200AF00DFC0021FF200AF009FC00215B
:10A20000A4200AF005FC0021A6200AF001FC002190
:10A2100020200AF0FDFB002108460AF0F9FB00218E
:10A2200021200AF0F5FB002108460AF0F1FB00218D
:10A230007F200AF0EDFB002122200AF0E9FB00213B
:10A2400008460AF0E5FB002107200AF0E1FB0021A7
:10A250003F200AF0DDFB0021C8200AF0D9FB0021D5
:10A26000A1200AF0D5FB0021A8200AF0D1FB002193
:10A2700008460AF0CDFB0021D3200AF0C9FB0021DB
:10A2800008460AF0C5FB0021D5200AF0C1FB0021D9
:10A29000F0200AF0BDFB0021D9200AF0B9FB002113
:10A2A00022200AF0B5FB0021DA200AF0B1FB0021E0
:10A2B00012200AF0ADFB0021DB200AF0A9FB0021EF
:10A2C00020200AF0A5FB00218D200AF0A1FB00212F
:10A2D00014200AF09DFB0021AF200AF099FB10BD6D
:10A2E00010B50246002020E000211AE0012A05D125
:10A2F000FF240F4B03EBC0135C5410E02AB9002479
:10A300000B4B03EBC0135C5409E0094B03EBC01388
:10A310005B5CC3F1FF04064B03EBC0135C544B1CA6
:10A32000D9B28029E2DB431CD8B20828DCDB10BD9F
:10A33000C34900200FB470B504460D46002607A897
:10A340000A4908600846026809480699F6F7AAF91A
:10A3500086B2002005490860054988550A46294605
:10A36000204600F0C2F870BC5DF814FB58030020D2
:10A37000C34D002010B50021084600F00BF8402026
:10A380000349087040F201427820FEF717FA10BD29
:10A39000C249002070B504460D4604F07F0405F064
:10A3A0000705002121200AF033FB204600210AF096
:10A3B0002FFB00217F200AF02BFB002122200AF036
:10A3C00027FB284600210AF023FB002107200AF082
:10A3D0001FFB70BD2DE9F84F80460D461646CDF89F
:10A3E00000802C46A346A6F12000C6B2002731E02B
:10A3F00006EB4600194901EB800010F807904FF07A
:10A40000000A21E009F0800028B1012221460098CD
:10A41000FFF79EFE04E0002221460098FFF798FE19
:10A420004FEA49604FEA1069601CC4B2A4EB0B000C
:10A430000C2805D15C460098401CC0B2009006E094
:10A440000AF1010000F0FF0ABAF1080FDADB00BFE1
:10A45000781CC7B20C2FCBDBBDE8F88F30D70108D2
:10A460002DE9F04F0746884614464FF0000B0026B2
:10A4700036E000252FE0606810F80B900BF101002A
:10A480001FFA80FB4FF0000A21E009F0800040B184
:10A4900008EB0502D1B2BA19D0B20122FFF758FE7B
:10A4A00007E008EB0502D1B2BA19D0B20022FFF7DB
:10A4B0004FFE4FEA49604FEA1069681CC5B26088D8
:10A4C000A84200D106E00AF1010000F0FF0ABAF14B
:10A4D000080FDADB00BF6088A842CCDC701CC6B273
:10A4E0002088B042C5DCBDE8F08FF0B504460F46C9
:10A4F000154600260EE0AA5D39462046FFF76AFFA2
:10A50000A01DC4B27A2C03DD002407F10C00C7B2F1
:10A51000701CC6B2A85D0028EDD1F0BD10B5024890
:10A52000FBF7A3FD10BD00007016002010B52DED47
:10A53000108B8AB0F0EE408AB0EE609AF0EE419A4D
:10A54000B0EE61EA04469FEDFE0A3EEE400AB0EE30
:10A55000408A9FEDFC0A29EE800A10EE101A084688
:10A5600010F02AFDCDE9040119EE100A10F024FDC7
:10A5700041EC1A0B9FEDF40A38EE000ADFEDF30A06
:10A5800020EE200A10EE101A084610F015FD41ECDE
:10A590001C0BB0EE4C0AF0EE6C0A0AF061F8B0EE5B
:10A5A00040BAF0EE60BA53EC1A2B51EC1B0B0FF0D3
:10A5B00005FFCDE9020118EE900A10F0FDFC41EC18
:10A5C0001A0B9FEDE10A38EE000ADFEDE00A20EEFB
:10A5D000200A10EE101A084610F0EEFC41EC1D0B9C
:10A5E000B0EE4D0AF0EE6D0A0AF0A8F8B0EE40CADF
:10A5F000F0EE60CA51EC1C0B0FF0D4F941EC1B0BD0
:10A6000053EC1A2B0FF0DAFECDE900019DED020BA1
:10A6100053EC102B9DED000B51EC100B0FF030FBA9
:10A6200041EC1F0B9DED040B53EC102B10F0C2F905
:10A63000CDE906019DED060B51EC100B0FF0B2F9C0
:10A64000CDE908019DED080B51EC100B0FF0B6F9A8
:10A6500020609FEDBC0A29EE800A10EE101A084611
:10A6600010F0AAFC41EC1F0B19EE100A10F0A4FC2C
:10A6700041EC1A0B9FEDB40A78EE000A9FEDB30A85
:10A6800020EE800A10EE101A084610F095FC41ECFE
:10A690001C0BB0EE4C0AF0EE6C0A09F0E1FFB0EED4
:10A6A00040BAF0EE60BA53EC1A2B51EC1B0B0FF0D2
:10A6B00085FECDE9020118EE900A10F07DFC41EC18
:10A6C0001A0B9FEDA10A38EE000ADFEDA00A20EE7A
:10A6D000200A10EE101A084610F06EFC41EC1D0B1B
:10A6E000B0EE4D0AF0EE6D0A0AF028F8B0EE40CA5E
:10A6F000F0EE60CA51EC1C0B0FF054F941EC1B0B4F
:10A7000053EC1A2B0FF05AFECDE900019DED020B20
:10A7100053EC102B9DED000B51EC100B10F04AF98F
:10A7200053EC1F2BCDE904019DED040B51EC100BF4
:10A7300010F040F9CDE906019DED060B51EC100B30
:10A740000FF030F9CDE908019DED080B51EC100B2D
:10A750000FF034F960609FED7B0A29EE800A10EE5D
:10A76000101A084610F028FC41EC1D0B19EE100AD7
:10A7700010F022FC41EC1A0B9FED730A38EE000A30
:10A78000DFED720A20EE200A10EE101A084610F0D3
:10A7900013FC41EC1C0BB0EE4C0AF0EE6C0A09F015
:10A7A0005FFFB0EE40BAF0EE60BA53EC1A2B51ECFA
:10A7B0001B0B0FF003FECDE9040118EE900A10F018
:10A7C000FBFB41EC1A0B9FED600A38EE000ADFED4F
:10A7D0005F0A20EE200A10EE101A084610F0ECFB7B
:10A7E00041EC1C0BB0EE4C0AF0EE6C0A09F0A6FF2F
:10A7F000B0EE40BAF0EE60BA53EC1A2B51EC1B0BE2
:10A800000FF0DCFDCDE902019DED040B53EC102BA4
:10A810009DED020B51EC100B10F0CCF853EC1D2BFE
:10A82000CDE906019DED060B51EC100B10F0C2F8BE
:10A8300041EC1F0B0FF0B6F8CDE908019DED080BB8
:10A8400051EC100B0FF0BAF8A0609FED3E0A29EE14
:10A85000800A10EE101A084610F0AEFBCDE9080190
:10A8600019EE100A10F0A8FB41EC1A0B9FED360A06
:10A8700038EE000ADFED350A20EE200A10EE101A3D
:10A88000084610F099FB41EC1C0BB0EE4C0AF0EEC0
:10A890006C0A09F0E5FEB0EE40BAF0EE60BA53EC97
:10A8A0001A2B51EC1B0B0FF089FDCDE9040118EEBA
:10A8B000900A10F081FB41EC1A0B9FED230A38EE51
:10A8C000000ADFED220A20EE200A10EE101A0846D8
:10A8D00010F072FB41EC1C0BB0EE4C0AF0EE6C0A6F
:10A8E00009F02CFFB0EE40BAF0EE60BA53EC1A2B30
:10A8F00051EC1B0B0FF062FDCDE902019DED040B45
:10A9000053EC102B9DED020B51EC100B0FF0B8F92E
:10A91000CDE906019DED080B53EC102B9DED060BC8
:10A9200051EC100B10F046F841EC1D0B0FF03AF80B
:10A9300041EC1F0B0FF042F8E0600AB008E00000A5
:10A940002406C93FCDCC4C3E000034424DF38E3C32
:10A95000BDEC108B10BD00002DE9F04705460C46FC
:10A960002F683E46D7F8408006F5306000EB441073
:10A97000D0F80890286901280FD1184880451BD9C4
:10A9800009F40040B0F5004F16D14FF4004106F530
:10A99000306000EB441081600EE0114880450BD11F
:10A9A00009F40040B0F5004F06D14FF4004106F520
:10A9B000306000EB441081602846FBF750FF0748E9
:10A9C000804508D92869012805D105F57172012152
:10A9D000286803F059FA0020BDE8F0870A30544F88
:10A9E0000A31544F2DE9F04705460C46D5F8008052
:10A9F0004646D8F8409006F5306000EB4410876872
:10AA0000286901287ED107F0080008281ED1534884
:10AA100081450BD907F40040B0F5004F06D14FF443
:10AA2000004106F5306000EB441081602846FBF7DA
:10AA300016FF05F571720121286803F025FA082137
:10AA400006F5306000EB4410816083E007F02000E1
:10AA5000202806D1202106F5306000EB44108160EB
:10AA600078E007F02800002874D13C4881450CD9D3
:10AA700007F40040B0F5004F07D14FF4004106F550
:10AA8000306000EB4410816064E0C4EBC40105F564
:10AA9000FE7000EB8100816806F5306000EB441029
:10AAA0000069C0F31200091AC4EBC40205F5FE7078
:10AAB00000EB82008161C4EBC40105F5FE7000EB80
:10AAC0008100C4EBC402C16805F5FE7000EB820092
:10AAD00080680144C4EBC40205F5FE7000EB8200FF
:10AAE000C160E1B22846FBF747F9FCB9C4EBC401E9
:10AAF00005F5FE7000EB81004069B8B905F571728B
:10AB0000012100E003E0286803F0BEF922E01448C8
:10AB100081451BD107F40040B0F5004F07D14FF439
:10AB2000004106F5306000EB4410816012E007F050
:10AB30002000202805D1202106F5306000EB4410CC
:10AB40008160E1B22846FBF717F903E0E1B228463D
:10AB5000FBF712F90020BDE8F08700000A30544FDF
:10AB60000A31544F2DE9F84F07460E46D7F80090AA
:10AB7000C846C6EBC60107F13C0000EB8104D4E9EE
:10AB80000510884202D90120BDE8F88FD4E90501FB
:10AB9000451AA068A84200D2A568E81C4FEA900AAE
:10ABA00017E0D4E90501451AA068A84200D2A568BB
:10ABB000E81C4FEA900A387CABB2F2B200904846EB
:10ABC000E16803F01BFDE0682844E060A0692844C8
:10ABD000A06108F5106000EB4610806980B2504516
:10ABE00006D3D4E90510884202D260690028D8D182
:10ABF000D4E9050188420ED806F00F01012000FAC1
:10AC000001FB40F6340050F8080020EA0B0040F643
:10AC1000340141F808000020B6E70000B0EE401A09
:10AC200010B99FED790A704790ED100A80ED110A76
:10AC300090ED0F0A80ED100AC0ED060A80ED071AAC
:10AC400030EEC10A80ED0F0A0178002975D190ED30
:10AC5000010AD0ED0F1A20EE210A80ED090A90EDCD
:10AC60000A0AD0ED021A90ED0F2A01EE820A80ED59
:10AC70000A0A90ED0D0A80ED0E0A90ED0C0A80EDA7
:10AC80000D0A90ED0F0AD0ED101A30EE610A80ED3A
:10AC90000C0A90ED030AD0ED0C1A20EE210A80ED8B
:10ACA0000B0A90ED0A0AD0ED051AB4EEE10AF1EEB6
:10ACB00010FA04DD90ED050A80ED0A0A10E090ED2F
:10ACC0000A0AD0ED051AF1EE611AB4EEE10AF1EECE
:10ACD00010FA05D290ED050AB1EE400A80ED0A0A9D
:10ACE00090ED090AD0ED0A1A30EE210AD0ED0B1AC8
:10ACF00030EE210A80ED080A90ED080AD0ED041A22
:10AD0000B4EEE10AF1EE10FA04DD90ED040A80EDF4
:10AD1000080A76E090ED080AD0ED041AF1EE611A07
:10AD2000B4EEE10AF1EE10FA6BD290ED040AB1EE46
:10AD3000400A80ED080A64E0FFE70178012960D14C
:10AD400090ED0F0AD0ED101A30EE610AD0ED011A25
:10AD500020EE210A80ED090A90ED020AD0ED0F1ACB
:10AD600020EE210A80ED0A0A90ED0D0A80ED0E0A10
:10AD700090ED0C0A80ED0D0A90ED0F0AD0ED101A3F
:10AD8000B0EE002A02EE610AD0ED111A30EE210A6F
:10AD900080ED0C0A90ED030AD0ED0C1A20EE210A8A
:10ADA00080ED0B0A90ED090AD0ED0A1A30EE210A67
:10ADB000D0ED0B1A30EE210AD0ED081A30EE210A40
:10ADC00080ED080A90ED080AD0ED041AB4EEE10A0D
:10ADD000F1EE10FA04DD90ED040A80ED080A10E0AF
:10ADE00090ED080AD0ED041AF1EE611AB4EEE10A12
:10ADF000F1EE10FA05D290ED040AB1EE400A80EDB2
:10AE0000080A90ED080A0EE70000000000B970473C
:10AE10009FED100A80ED110A80ED100A80ED0F0AF7
:10AE20009FED0C0A80ED0E0A80ED0D0A80ED0C0AF4
:10AE30009FED080A80ED0B0A80ED0A0A80ED090AF1
:10AE400080ED080A9FED030A80ED060A80ED070AEF
:10AE500000BFDCE70000000000B102B970470170DC
:10AE600092ED001A80ED011A92ED011A80ED021A9E
:10AE700092ED021A80ED031A80ED040AC0ED050A76
:10AE80009FED0C1A80ED0E1A80ED0D1A80ED0C1A54
:10AE90009FED081A80ED081A80ED0B1A80ED0A1A52
:10AEA00080ED091A80ED111A80ED101A80ED0F1A4D
:10AEB00000BFD3E70000000010B5234B1B685B699F
:10AEC00043F04003204C246863611F4B1B68DB6820
:10AED00043F010031C4C2468E3601C4B1B681B6888
:10AEE00023F00103194C2468236007E0174B1B680B
:10AEF0001B6823F00103154C24682360134B1B6867
:10AF00001B6803F00103002BF0D1114B0F4C246898
:10AF1000A3600E4B1B68D8600C4B1B6819610B4B70
:10AF20001B685A60094B1B681B6843F48023074C5D
:10AF300024682360054B1B681B6843F00103034C26
:10AF40002468236010BD000074110020B41200209A
:10AF50000448004010B50020D249087017E0D148DD
:10AF6000007800EB800101EBC000CF490844007974
:10AF7000C00938B10020CD490880CD490880CD49AD
:10AF8000087010BDC7480078401CC6490870C54805
:10AF900000780528E3DBC748007878B9C448008802
:10AFA000B0F5FA6F0ADD0EF06DFAC34908600120B2
:10AFB000C04908700020BE49088056E0BD480078AE
:10AFC000022813D1BA480088B0F5FA6F0EDD0020D0
:10AFD000B8490870B6490880B348407C20F080002A
:10AFE0008030B149487404F0A9FE3EE0B1480078D1
:10AFF000032824D1AE480088B0F5FA6F1FDD002089
:10B00000AC490870AA490880A748807F20F08000DA
:10B010008030A549887707F0ADF9BDEEC00A10EE83
:10B02000100A0A3040B2A549C870084690F90300DA
:10B030002D2801DD2D20C87004F080FE15E09D480C
:10B040000078042811D19A480088B0F5FA6F0CDD19
:10B0500000209849087096490880F7F7FBFEF7F73B
:10B06000F9FEF7F7F7FE04F069FE95480068B0F9BD
:10B07000000010F5167F27DA91480068B0F9020049
:10B0800010F5167F20DA8E480068B0F90400B0F59C
:10B09000167F19DD8A480068B0F9060010F5167FA2
:10B0A00012DA87480068807A02280DD18448006847
:10B0B000C07A022808D17F48007828B97C480088E7
:10B0C000401C7B49088098E07D480068B0F900008A
:10B0D000B0F5167F2ADD7A480068B0F90200B0F5B5
:10B0E000167F23DD76480068B0F9040010F5167F5E
:10B0F0001CDA73480068B0F90600B0F5167F15DD5C
:10B100006F480068807A022810D16D480068C07AC4
:10B1100002280BD16748007840B165480088401C80
:10B120006349088002206349087066E0644800684B
:10B13000B0F90000B0F5167F2ADD61480068B0F96B
:10B14000020010F5167F23DA5D480068B0F90400AC
:10B1500010F5167F1CDA5A480068B0F9060010F5A1
:10B16000167F15DA56480068807A022810D15448B4
:10B170000068C07A02280BD14E48007840B14C4894
:10B180000088401C4A49088003204A49087034E07E
:10B190004B480068B0F9000010F5167F2ADA4848DD
:10B1A0000068B0F90200B0F5167F23DD444800685E
:10B1B000B0F90400B0F5167F1CDD41480068B0F915
:10B1C0000600B0F5167F15DD3D480068807A02283C
:10B1D00010D13B480068C07A02280BD1354800786E
:10B1E00040B133480088401C31490880042031496F
:10B1F000087002E000202E4908800EF043F9314922
:10B200000860084600682C490968401A44F6206125
:10B21000884203D9002027490870B2E6294800680F
:10B2200025490968401A42F2107188420BD9224818
:10B23000006840B11F48007828B144F61F611F2004
:10B2400004F084FD10E01F4800681B490968401A9B
:10B250000AD01948006838B11648007820B142F287
:10B2600010715F2004F072FD1248007820B10F4881
:10B270000088401C0D4908800C480088B0F5C87F44
:10B2800005DD0C48007810B1002008490880074807
:10B290000088C82804DD0748007808B104F04EFD96
:10B2A00000BF6EE60D0100205C2D0020140100207F
:10B2B000160100201801002010010020D0000020FD
:10B2C000CC0000200801002011490968C96821F458
:10B2D00000510F4A1268D1600E490968096821F0CF
:10B2E00001010C4A126811600A490968486009495D
:10B2F0000968096841F00101064A126811600449B1
:10B300000968C96841F40051014A1268D160704768
:10B3100074110020B412002004480068C06820F4B2
:10B32000005002490968C86070470000741100208D
:10B3300070B5044600252068C06800F04000A0B940
:10B34000681E2168C860F9F721FF054607E0F9F794
:10B350001DFF401BB0F57A7F01D9032070BD206826
:10B36000C06800F040000028F1D00020F6E700009F
:10B3700010B54D4B1B681B6823F001034A4C246831
:10B3800023604A4B1B681B6823F00103474C246869
:10B39000236007E0444B1B681B6823F00103424C09
:10B3A00024682360404B1B681B6803F00103002BDB
:10B3B000F0D107E03D4B1B681B6823F001033B4CB9
:10B3C00024682360394B1B681B6803F00103002BC2
:10B3D000F0D1354B1B68364CA34205D94FF400130E
:10B3E000334C4C3C23601BE02F4B1B68314CA34279
:10B3F00005D94FF400132E4C503C236010E02A4B2B
:10B400001B682C4C603CA34205D94FF40013294C17
:10B41000B83CE36004E04FF40013264CB83CA36052
:10B42000224B1B68224CA34205D94FF00063204CED
:10B430004C3C23601BE01D4B1B681E4CA34205D9EE
:10B440004FF000631A4C503C236010E0174B1B6810
:10B45000184C603CA34205D94FF00063154CB83C32
:10B46000E36004E04FF00063124CB83CA3600E4B65
:10B470001B68D9600D4B1B68D8600B4B1B685A606A
:10B480000A4B1B685A60084B1B681B6843F001039A
:10B49000054C24682360054B1B681B6843F00103BF
:10B4A000024C2468236010BDF40E0020540F0020CD
:10B4B00058640240B860024010B5594B1B685B6885
:10B4C00043F00203564C24686360554B1B685B686D
:10B4D00043F00103524C24686360514B1B681B68A6
:10B4E00043F040034E4C246823604E4B1B681B689E
:10B4F00023F001034B4C2468236007E0494B1B6891
:10B500001B6823F00103474C24682360454B1B68EC
:10B510001B6803F00103002BF0D1424B1B68424C27
:10B52000A34205D94FF400133F4C4C3C23601BE071
:10B530003C4B1B683D4CA34205D94FF400133A4CD9
:10B54000503C236010E0374B1B68384C603CA342F2
:10B5500005D94FF40013354CB83CE36004E04FF4D8
:10B560000013324CB83CA360314B2E4C2468A360CE
:10B570002C4B1B68D9602B4B1B685A60294B1B68EE
:10B580001B6843F01003274C24682360294B1B6879
:10B590001B6823F00103274C2468236007E0254B38
:10B5A0001B681B6823F00103224C24682360214B95
:10B5B0001B681B6803F00103002BF0D11D4B1B68B7
:10B5C000194CA34205D94FF00063174C4C3C236043
:10B5D0001BE0184B1B68154CA34205D94FF00063C4
:10B5E000114C503C236010E0124B1B680F4C603C28
:10B5F000A34205D94FF000630C4CB83CE36004E073
:10B600004FF00063094CB83CA360094B094C246817
:10B61000A360084B1B68D860064B1B685A6010BDBE
:10B62000440E0020F40E002058640240B86002402E
:10B630000C300140540F00207CB504460D461646E0
:10B64000164800681821B0FBF1F01549B0FBF1F085
:10B650004FF47A71484301906068B0F5827F0DD154
:10B660002B46002280212046009600F01BF898B15E
:10B67000606D40F02000606503207CBD00BF019834
:10B6800000B908E00198401E019020688068C0F36E
:10B69000C0100028F3D100BF0020EEE7A00000207A
:10B6A00040420F002DE9F04104460E4617461D4664
:10B6B000DDF818803EE0681CD8B3F9F767FDA0EB11
:10B6C0000800A84200D2A5BB2068406820F0E00036
:10B6D000216848606068B0F5827F0DD1A068B0F540
:10B6E000004F03D0A068B0F5806F05D120680068D6
:10B6F00020F0400021680860A06AB0F5005F0DD11D
:10B7000000BF2068006820F40050216808602068AD
:10B71000006840F400502168086000BF012084F8F0
:10B72000510000BF002084F8500000BF0320BDE896
:10B73000F081FFE7206880683040B04201D10120ED
:10B7400000E00020B842B6D10020F0E710B5FAF7CB
:10B75000F3F90DF087FE012801D00DF075FA10BD48
:10B7600000B597B030210BA8F5F7F4F9142106A81D
:10B77000F5F7F0F90020029003900490059000BFC7
:10B7800001902948006840F0805027490860084629
:10B79000006800F08050019000BF00BF00BF002093
:10B7A00001902248006840F4804020490860084623
:10B7B000006800F48040019000BF00BF01200B90A2
:10B7C00000040C9002201190410512910621139162
:10B7D000A821149102211591072116910BA8FBF7BE
:10B7E00097FA08B1F7F786FD0F2006900220079020
:10B7F000002008904FF4A05009904FF480500A9018
:10B80000052106A8FBF744F908B1F7F773FD0220FC
:10B8100002900748059002A8FBF76AF808B1F7F70D
:10B8200069FD17B000BD00004038024000700040C4
:10B8300000031E001448006840F4700012490860BC
:10B840001248006840F001001049086000200F49CC
:10B85000083108600D4800680D4908400B49086030
:10B860000C48091D0860081F006820F48020091F8B
:10B870000860002005490C3108604FF00060024963
:10B88000803908607047000088ED00E00038024011
:10B89000FFFFF6FE1030002410B50268294B9842D5
:10B8A0000ED0B0F1804F0BD0274B984208D0274BD9
:10B8B000984205D0264B984202D0264B984203D19D
:10B8C00022F070024B681A431E4B984220D0B0F110
:10B8D000804F1DD01C4B98421AD01C4B984217D059
:10B8E0001B4B984214D01B4B984211D01A4B9842D4
:10B8F0000ED01A4B98420BD0194B984208D0194BD6
:10B90000984205D0184B984202D0184B984203D168
:10B9100022F44072CB681A4322F080034C6943EA58
:10B92000040202608B68C3620B688362054B984215
:10B9300002D0084B984201D10B6903630123436194
:10B9400010BD00000000014000040040000800405D
:10B95000000C004000040140004001400044014050
:10B960000048014000180040001C0040002000403A
:10B9700030B501F01F05012404FA05F3046A9C4365
:10B980000462046A01F01F0502FA05F52C43046203
:10B9900030BD30B50C46816821F47F4142EA032571
:10B9A00025432943816030BD0A46816821F070013A
:10B9B00042F00703194381607047000030B5056A03
:10B9C00025F001050562026A4368846924F0700469
:10B9D00024F003040D682C4322F002028D682A43F0
:10B9E000104DA84200D103E00F4DA84206D100BF80
:10B9F00022F00802CD682A4322F00402094DA84231
:10BA000002D0094DA84207D123F4807323F40073B8
:10BA10004D692B438D692B43436084614D684563B9
:10BA2000026230BD000001400004014030B5056AEB
:10BA300025F010050562026A4368846924F4E04435
:10BA400024F440740D6844EA052422F020028D6835
:10BA500042EA0512124DA84200D103E0114DA8425E
:10BA600007D100BF22F08002CD6842EA051222F021
:10BA700040020B4DA84202D00A4DA84209D123F43E
:10BA8000806323F400634D6943EA85038D6943EACB
:10BA90008503436084614D688563026230BD0000A8
:10BAA000000001400004014030B5056A25F48075AE
:10BAB0000562026A4368C46924F0700424F0030438
:10BAC0000D682C4322F400728D6842EA0522124D63
:10BAD000A84200D103E0114DA84207D100BF22F4D3
:10BAE0000062CD6842EA052222F480620A4DA84233
:10BAF00002D00A4DA84209D123F4805323F4005305
:10BB00004D6943EA05138D6943EA05134360C46137
:10BB10004D68C563026230BD000001400004014071
:10BB200030B5056A25F480550562036A4468C26928
:10BB300022F4E04222F440720D6842EA052223F426
:10BB400000538D6843EA0533084DA84202D0084DE2
:10BB5000A84204D124F480444D6944EA8514446029
:10BB6000C2614D680564036230BD00000000014001
:10BB70000004014030B50B461446026A056A25F000
:10BB800001050562816921F0F00141EA041122F00A
:10BB90000A021A438161026230BD30B50B46144679
:10BBA000056A25F0100505628169026A21F4704179
:10BBB00041EA043122F0A00242EA031281610262EA
:10BBC00030BD70B50546AC6B0020E085E0842046B2
:10BBD000FCF73DFA70BD70B506460025B46B2068D1
:10BBE0004069C0F3C01594F83900212805D125B16A
:10BBF0000020E084204600F082F820684069C0F30D
:10BC0000801594F83A00222805D125B10020E0855E
:10BC1000204600F054F8E06B40F01000E06320464E
:10BC2000FCF715FA70BD70B50546AC6B2868006866
:10BC300000F48070B0B90020E0852068C06820F46E
:10BC400080702168C8602068406920F00100216888
:10BC500048612068406920F0400021684861202048
:10BC600084F83A002046FCF7D9FC70BD70B5044654
:10BC7000A56B2846FCF7D3FC70BD70B50546AC6BD0
:10BC80002868006800F4807070B90020E0842068A3
:10BC9000406920F08000216848612068C06840F059
:10BCA00040002168C86002E02046FCF773FD70BDCB
:10BCB00070B50446A56B2846FCF77CFD70BD016895
:10BCC000C96821F490710268D1600168496921F066
:10BCD000010102685161202180F83A10704710B5C7
:10BCE00004462068C06820F040002168C860202019
:10BCF00084F839002046FCF74DFD002010BD016896
:10BD0000C96821F0C0010268D160202180F8391093
:10BD1000704770B5044694F83A0022284AD1A068CA
:10BD2000B0F5805F13D1A56A206940B920684068EA
:10BD3000C0F308002880A06A801CA06219E0206877
:10BD40004068C0B22880A06A401CA06211E020694F
:10BD500038B920684068C1B2A26A501CA062117054
:10BD600007E02068406800F07F01A26A501CA062D2
:10BD70001170E08D401E80B2E085C8B92068C068AF
:10BD800020F020002168C8602068C06820F480701E
:10BD90002168C8602068406920F00100216848617E
:10BDA000202084F83A002046FCF738FC002070BDC3
:10BDB0000020FCE70220FAE72DE9F84F044620684E
:10BDC000006920F44050E168084321680861216956
:10BDD000A068084361690843E1690843009020684E
:10BDE000C06849F20C618843009908432168C86023
:10BDF0002068406920F44070A169084321684861C7
:10BE0000E069B0F5004F75D1E3492068884203D05E
:10BE1000E249206888426FD1FAF712FF814602207A
:10BE20006168A0FB01510B461920A9FB00712A464D
:10BE30003846F4F7BFFB6421B0FBF1F04FEA001A7B
:10BE400002206168A0FB01510B461920A9FB00717B
:10BE50002A463846F4F7AEFB074602206168A0FB8D
:10BE600001510B461920A9FB00B12A465846F4F7A8
:10BE7000A1FB6421B0FBF1F000EBC00101EB00106D
:10BE8000A7EB8000322101EBC0006421B0FBF1F090
:10BE900000F0F8000AEB400A02206168A0FB0151A3
:10BEA0000B461920A9FB00712A463846F4F782FB9D
:10BEB000074602206168A0FB01510B461920A9FB2F
:10BEC00000B12A465846F4F775FB6421B0FBF1F047
:10BED00000EBC00101EB0010A7EB8000322101EB69
:10BEE000C0006421B0FBF1F000F00700504421686D
:10BEF00088604FE16EE0FFE7FAF792FE814602208C
:10BF00006168A0FB01510B461920A9FB00712A466C
:10BF10003846F4F74FFB6421B0FBF1F04FEA001A0A
:10BF200002206168A0FB01510B461920A9FB00719A
:10BF30002A463846F4F73EFB074602206168A0FB1C
:10BF400001510B461920A9FB00B12A465846F4F7C7
:10BF500031FB6421B0FBF1F000EBC00101EB0010FC
:10BF6000A7EB8000322101EBC0006421B0FBF1F0AF
:10BF700000F0F8000AEB400A02206168A0FB0151C2
:10BF80000B461920A9FB00712A463846F4F712FB2C
:10BF9000074602206168A0FB015003461920A9FB57
:10BFA00000B12A465846F4F705FB6421B0FBF1F0D6
:10BFB00000EBC00101EB0010A7EB8000322101EB88
:10BFC000C0006421B0FBF1F000F00700504421688C
:10BFD0008860DFE070492068884203D06F4920689C
:10BFE00088426BD1FAF72CFE814604206168A0FBE1
:10BFF00001510B461920A9FB00712A463846F4F777
:10C00000D9FA824604206168A0FB01510B46192031
:10C01000A9FB00712A463846F4F7CCFA6421B0FB3C
:10C02000F1F000EBC00101EB0010AAEB800032211F
:10C0300001EB00106421B0FBF1F000F0F00A0420E5
:10C040006168A0FB015003461920A9FB00712A4634
:10C050003846F4F7AFFA6421B0FBF1F00AEB001AAE
:10C0600004206168A0FB01510B461920A9FB007157
:10C070002A463846F4F79EFA074604206168A0FB7A
:10C08000015003461920A9FB00B12A465846F4F78F
:10C0900091FA6421B0FBF1F000EBC00101EB00105C
:10C0A000A7EB8000322101EB00106421B0FBF1F01E
:10C0B00000F00F005044216888606BE0FAF7B0FD93
:10C0C000814604206168A0FB015003461920A9FBAA
:10C0D00000712A463846F4F76DFA824604206168FA
:10C0E000A0FB015003461920A9FB00712A463846DF
:10C0F000F4F760FA6421B0FBF1F000EBC00101EB52
:10C100000010AAEB8000322101EB00106421B0FB8B
:10C11000F1F000F0F00A04206168A0FB0150034632
:10C120001920A9FB00712A463846F4F743FA642126
:10C13000B0FBF1F00AEB001A04206168A0FB01706B
:10C1400003461920A9FB005001463A462846F4F759
:10C1500031FA074604206168A0FB0150034619200C
:10C16000A9FB00B12A465846F4F724FA6421B0FB33
:10C17000F1F000EBC00101EB0010A7EB80003221D1
:10C1800001EB00106421B0FBF1F000F00F0050440F
:10C1900021688860BDE8F88F00100140001401405C
:10C1A000014691F8390021282CD18868B0F5805FCC
:10C1B0000FD10A6A1088C0F308000B68586008693C
:10C1C00018B9086A801C086209E0086A401C086205
:10C1D00005E00B6A581C086218780B685860C88C18
:10C1E000401E80B2C88458B90868C06820F080003A
:10C1F0000B68D8600868C06840F040000B68D860E1
:10C20000002070470220FCE72DE9F04104460D466E
:10C2100017469846069E21E0701CF8B12EB1F8F73B
:10C22000B5FFA0EB0800B04218D92068C06820F420
:10C23000D0702168C8602068406920F00100216842
:10C240004861202084F8390084F83A0000BF0020BB
:10C2500084F8380000BF0320BDE8F0812068006842
:10C260002840A84201D1012000E00020B842D3D0EC
:10C270000020F1E708B50C4800680068C0F3001022
:10C2800070B100BF0020009007480068006800906F
:10C29000054800684068009000BF00BF02F0CEF97A
:10C2A0000148FBF7D5FE08BD3411002008B544480D
:10C2B0000068006800F0200060B100BF002000901E
:10C2C0003F480068006800903D4800684068009062
:10C2D00000BF74E03B48006800F0100000286ED0FA
:10C2E00000BF002000903648006800680090344885
:10C2F00000684068009000BF00BF334800680068D5
:10C3000000F4002070BB30480068006820F0010095
:10C310002D49096808602C4800684068C0F1240075
:10C320002A4908802420284909684860264800686E
:10C33000006840F400202449096808602248006829
:10C34000006840F001002049096808601F48008823
:10C35000122834D11E491F4809F080FC002005F046
:10C36000C5FB2CE018480068006820F00100164961
:10C3700009680860144800684068C0F12400134947
:10C38000088024201049096848601348806A20F416
:10C390000020114988620C480068006840F00100E4
:10C3A00009490968086009480088122807D1084926
:10C3B0000848243009F052FC002005F097FB08BD26
:10C3C0007411002000480040B4120020BE0200207A
:10C3D000F54000200D4100200060024008B54348B0
:10C3E000006800F0100000287FD000BF00200090FF
:10C3F0003F480068006800903D4800684068009031
:10C4000000BF00BF3A48406B0068006800F400209D
:10C41000A8BB3748406B0068006820F00100344931
:10C42000496B096808603248406B00684068C0F595
:10C430000070304908804FF400702D49496B09683D
:10C4400048602B48406B0068006840F40020284991
:10C45000496B096808602648406B0068006840F036
:10C4600001002349496B0968086022480288224973
:10C47000224805F045FC0B2005F038FB35E0FFE7CE
:10C480001B48406B0068006820F001001849496BA8
:10C49000096808601648406B00684068C0F5007085
:10C4A000144908804FF400701149496B09684860CD
:10C4B0000F48406B0068006820F400200C49496B6D
:10C4C000096808600A48406B0068006840F0010095
:10C4D0000749496B09680860064802880849074807
:10C4E00005F00EFC0B2005F001FB08BD0014014017
:10C4F000B4110020BC02002054380020543C00201D
:10C50000543A00202DE9F04104460D46D4F89062DB
:10C51000D4F89872D4F8900278B305EB850104F151
:10C52000140000EB8100806808B305EB850104F17D
:10C53000140000EB8100C5EBC502816807F13C00E7
:10C5400000EB82008068B1FBF0F200FB121070B9C2
:10C55000002105EB850204F1140000EB82008160EC
:10C5600000231A462946204600F080FE02E0002003
:10C57000C6F814020020BDE8F081FFE70220FAE7C8
:10C5800070B504460E46D4F890523146204600F06D
:10C590001DFDC5F80C02D4F8900248B1D5F804028C
:10C5A000D4F89412CA6805F503719047002070BD55
:10C5B0000220FCE770B504460E4600258121204686
:10C5C00000F00EFC0021E1620121204600F008FC91
:10C5D0000021C4F858118221204600F001FC0021FE
:10C5E0002164D4F8900250B1D4F89412486880477E
:10C5F000D4F89002F3F7B7FF0020C4F89002284661
:10C6000070BD70B50546D5F89042D5F8940278B162
:10C6100094F80002FF280BD094F8012294F800024D
:10C62000D5F894128B6821469847FF2084F80002C1
:10C63000002070BD01460A200880014870470000B4
:10C640001004002001464320088001487047000084
:10C6500098040020014643200880014870470000EC
:10C660005404002001464320088001487047000020
:10C67000DC0400202DE9F04104460F460026207C12
:10C6800088B94FF4007302228121204600F0FEFC9D
:10C690000121E1624B020222204600F0F7FC012159
:10C6A000C4F858110FE0402302228121204600F0F7
:10C6B000EDFC0121E16240230222204600F0E6FC6D
:10C6C0000121C4F85811082303228221204600F0DA
:10C6D000DDFC012121644FF40770F3F715FFC4F866
:10C6E0009002D4F8900208B901261CE0D4F89052C8
:10C6F000D4F89412086880470020C5F81402C5F8E1
:10C700001802207C40B94FF4007301212046D5F86F
:10C71000042200F0D3FC06E0402301212046D5F896
:10C72000042200F0CBFC3046BDE8F08170B5044631
:10C73000D4F89052D4F8900298B1207C40B94FF4CC
:10C74000007301212046D5F8042200F0B7FC06E072
:10C75000402301212046D5F8042200F0AFFC002040
:10C7600070BD0220FCE70246022011B1C2F894120B
:10C77000002070470246D2F89032C3F8041200201D
:10C78000704710B50346D3F89042C4F80812C4F8B5
:10C790001022002010BD2DE9FC4105460C46D5F8BD
:10C7A00090620020019000900027207800F0600047
:10C7B00040B320285FD1E088E0B1207800F080000D
:10C7C00060B1E2886078D5F894128B68314698475A
:10C7D000E2883146284600F0E6F812E0607886F8F4
:10C7E0000002A07986F80102E2883146284600F06E
:10C7F000B9F806E06078D5F8941200228B682146DB
:10C8000098473EE0607820B10A2812D00B282AD140
:10C810001FE095F87402032805D1022269462846D4
:10C8200000F0C1F804E02146284600F08FF8022706
:10C830001FE095F87402032805D1012201A92846BA
:10C8400000F0B1F804E02146284600F07FF8022706
:10C850000FE095F87402032804D02146284600F022
:10C8600075F8022705E02146284600F06FF80227F8
:10C8700000BF00BF05E02146284600F067F8022708
:10C8800000BF00BF3846BDE8FC8170B50546D5F84D
:10C890009042D5F89002A8B1D4F8140280B90120D2
:10C8A000C4F81402D4F810122963B4F8100283B249
:10C8B00081212846D4F8082200F0D8FC002070BD61
:10C8C0000120FCE70220FAE770B504460D46D4F8D3
:10C8D0008C022946426820469047002070BD70B502
:10C8E00004460D4694F87402012804D0022803D0AF
:10C8F00003280CD101E000BF00BF6888012805D1E2
:10C900000020C4F87C02204600F05EF804E02946CE
:10C91000204600F01BF800BF00BF70BD70B5064692
:10C920000C4615462B4622460021304600F0C6FB39
:10C93000002070BD70B506460C4615462B462246B3
:10C940000021304600F092FC002070BD70B5044616
:10C950000D468021204600F05DFC0021204600F0BD
:10C9600059FC70BD70B504460E4615460320C4F848
:10C970006C024FF4A4700551001D05512B46324640
:10C980000021204600F09AFB002070BD10B504463F
:10C990000520C4F86C0200231A461946204600F010
:10C9A0008DFB002010BD70B504460E4615460220D2
:10C9B000C4F86C02E56125622B4632460021204610
:10C9C00000F054FC002070BD10B504460420C4F8EB
:10C9D0006C0200231A461946204600F047FC00204E
:10C9E00010BD000070B505460C462DB9224606491B
:10C9F00006A000F08AF904E02246034903A000F0F3
:10CA000084F9014870BD0000781A00204344432097
:10CA1000436F6E6669670000024612200880014875
:10CA2000704700005C00002070B505460C462DB92B
:10CA30002246064906A000F068F904E022460349B0
:10CA400003A000F062F9014870BD0000781A0020D0
:10CA500043444320496E746572666163650000005B
:10CA60000246042008800148704700007000002042
:10CA700070B505460C462246024903A000F045F970
:10CA8000004870BD781A002053544D6963726F6579
:10CA90006C656374726F6E696373000070B50546F0
:10CAA0000C462DB92246064906A000F02EF904E0F6
:10CAB0002246034903A000F028F9014870BD000098
:10CAC000781A002053544D333220566972747561C0
:10CAD0006C20436F6D506F727400000070B5054696
:10CAE0000C461A202080F6F75FFD014870BD00005B
:10CAF0007400002070B504460D46E888012804D073
:10CB000029462046FFF722FF1EE094F87402012810
:10CB100004D0022803D0032810D109E000BF002070
:10CB2000A060012204F108012046FFF73CFF0AE063
:10CB30000122211D2046FFF736FF04E0294620464A
:10CB4000FFF704FF00BF00BF70BDF8B504460E46F6
:10CB50007088001208287FD2DFE800F07E040C20E5
:10CB60007E7E5F6D207CD4F888120A686946904703
:10CB7000054676E0207C40B9D4F88C02816A68468C
:10CB8000884705460221697007E0D4F88C02C16A23
:10CB90006846884705460221697062E0B078062839
:10CBA00034D2DFE800F0030B131B232B207CD4F8D6
:10CBB00088124A686946904705462CE0207CD4F8E4
:10CBC00088128A6869469047054624E0207CD4F89C
:10CBD0008812CA686946904705461CE0207CD4F854
:10CBE00088120A6969469047054614E0207CD4F80B
:10CBF00088124A696946904705460CE0207CD4F8C3
:10CC000088128A6969469047054604E03146204605
:10CC1000FFF79CFEF8BD00BF23E0207C30B9D4F8BC
:10CC20008C02416B6846884705461AE0314620462B
:10CC3000FFF78CFEEEE7207C48B9D4F88C02016B3C
:10CC4000684688470546072169700AE004E03146D6
:10CC50002046FFF77BFEDDE731462046FFF776FEF4
:10CC6000D8E700BFBDF8000088B1F08878B1F0883F
:10CC7000BDF80010884202DDBDF8000000E0F08839
:10CC80000090BDF8002029462046FFF78CFEF08872
:10CC900010B92046FFF798FE00BFBBE70146002011
:10CCA00002E0421CD0B2491C0A78002AF9D1704730
:10CCB00070B504460D4694F87402012804D0022889
:10CCC00003D003281AD101E000BF00BFE888022882
:10CCD00004D029462046FFF739FE14E00120E06029
:10CCE000D4F87C0218B1E06840F00200E060022253
:10CCF00004F10C012046FFF756FE04E029462046C9
:10CD0000FFF724FE00BF00BF70BD2DE9F0410446CF
:10CD10000D4617460026FCB12046FFF7BFFF022153
:10CD200001EB400038803A783046711CCEB22A546C
:10CD300003223046711CCEB22A540AE014F8012BAB
:10CD40003046711CCEB22A5400223046711CCEB23D
:10CD50002A5420780028F1D1BDE8F0810146002056
:10CD600031B1012906D0022906D0032908D105E0F6
:10CD7000002007E0022005E0012003E0022001E09E
:10CD8000022000BF00BF704770B504460D4616462E
:10CD90000CB9022070BDD4F88C0210B10020C4F888
:10CDA0008C020DB1C4F88852012084F874022670F8
:10CDB000204600F015F90020ECE72DE9F04104468B
:10CDC0000D46002600272946D4F89802F9F720F8E6
:10CDD00006463046FFF7C2FF07463846BDE8F081F9
:10CDE0002DE9F04104460D46002600272946D4F8D7
:10CDF0009802F8F7D8FF06463046FFF7AFFF074620
:10CE00003846BDE8F0812DE9F04104460E4617464C
:10CE1000002E64D104F11405D4F86C02022848D124
:10CE2000D5E90301884210D9D5E90301401AE86029
:10CE3000A88982B239462046FFF77CFD00231A46B6
:10CE40001946204600F03AF93EE02969A868B0FB8F
:10CE5000F1F201FB1200B8B92969A868884213D31E
:10CE6000A868D4F8701288420ED2002211462046DB
:10CE7000FFF760FD0020C4F8700200231A4619462F
:10CE8000204600F01BF91FE0D4F88C02C06840B1C6
:10CE900094F87402032804D1D4F88C02C1682046A7
:10CEA00088478021204600F0B5F92046FFF76EFD47
:10CEB0000AE0D4F86C02042802D0D4F86C0218B945
:10CEC0008021204600F0A6F994F87802012818D1B4
:10CED000204600F0FFF9002084F8780211E0D4F831
:10CEE0008C02406950B194F87402032806D1D4F83A
:10CEF0008C02314642692046904702E00220BDE89C
:10CF0000F0810020FBE72DE9F04104460E4617466C
:10CF1000BEBB04F5A075D4F86C02032825D1D5E971
:10CF20000301884210D9D5E90301401AE860D5E928
:10CF30000301884201D2E86800E0286982B23946DC
:10CF40002046FFF7EBFC2FE0D4F88C02006940B1DB
:10CF500094F87402032804D1D4F88C0201692046A5
:10CF600088472046FFF730FD1EE0D4F86C02052804
:10CF70001AD10020C4F86C020021204600F04AF9C2
:10CF800012E0FFE7D4F88C02806950B194F8740283
:10CF9000032806D1D4F88C02314682692046904796
:10CFA00002E00220BDE8F0810020FBE701460020FE
:10CFB000704710B50446012084F874022179D4F832
:10CFC0008C02426820469047002010BD70B5044690
:10CFD0000D462946D4F89802F8F758FF70BD0000B6
:10CFE00010B50446207800282AD11648C0F8044419
:10CFF000C4F898024FF0A04012490860042048602D
:10D0000002211048C16000210161022181610021DB
:10D01000C16101624162C1620163F9F7D7FA08B1E7
:10D02000F6F768F980210748F8F763FE40220021EF
:10D030000448F8F763FE802201210248F8F75EFEFB
:10D04000002010BD7016002010B50246D2F89832AC
:10D0500001F08000802809D101F07F00C0EBC004FE
:10D0600003F13C0000EB8400807810BD01F07F00EC
:10D07000C0EBC00403F5FE7000EB84008078F4E799
:10D080000246002070470246002070472DE9F04715
:10D0900004460F4615461E464FF00008C1462B4673
:10D0A00032463946D4F89802F8F7FBFE80464046EF
:10D0B000FFF754FE81464846BDE8F0872DE9F0476A
:10D0C00004460D4616461F464FF00008C1463B4633
:10D0D00032462946D4F89802F8F729FF80464046A0
:10D0E000FFF73CFE81464846BDE8F08710B5044690
:10D0F0004023002211462046FFF7C8FF01214FF4CC
:10D10000A270015140214FF4A87001514023002228
:10D1100080212046FFF7BAFF0121A1614021616211
:10D12000012084F874020020C4F86C026060C4F826
:10D130007C02D4F8900228B12179D4F88C0242689C
:10D1400020469047002010BD014691F8750281F8F5
:10D1500074020020704710B5044694F87402032846
:10D1600008D1D4F88C02C06920B1D4F88C02C1690E
:10D1700020468847002010BD0246117400207047E9
:10D180002DE9F04104460D46002600272946D4F833
:10D190009802F9F749FB06463046FFF7DFFD0746E0
:10D1A0003846BDE8F08170B504460D46294604F5C1
:10D1B000207000F073F80120C4F86C0240F2862061
:10D1C000005BC4F8700294F8800200F01F0020B1E8
:10D1D000012808D0022812D10BE004F52071204666
:10D1E00000F041F913E004F52071204600F0A8FAA0
:10D1F0000DE004F52071204600F086F907E094F870
:10D20000800200F08001204600F004F800BF00BF5B
:10D21000002070BD2DE9F04104460D460026002790
:10D220002946D4F89802F8F7AEFE06463046FFF7D6
:10D2300095FD07463846BDE8F08170B504460025E7
:10D240000026D4F89802F9F713FB05462846FFF7A5
:10D2500085FD0646304670BD014691F8740281F89E
:10D260007502042081F87402002070472DE9F04710
:10D2700004460D4616461F464FF00008C1463B4681
:10D2800032462946D4F89802F8F7C2FE8046404656
:10D29000FFF764FD81464846BDE8F0870A780270D2
:10D2A0004A7842708B78CA7803EB022242800B796D
:10D2B0004A7903EB022282808B79CA7903EB02223E
:10D2C000C28070470246002011B1C2F88C1200E003
:10D2D0000220704701460020704770B504460D4695
:10D2E000A88810BBE88800BB688880281DD2A87871
:10D2F00000F07F0694F87402032804D129462046E2
:10D30000FFF724FB15E084F8766231462046FFF7EC
:10D3100037FF2046FFF758FB1EB1022084F8740245
:10D3200007E0012084F8740203E029462046FFF755
:10D330000DFB70BD70B504460D460226D4F88C0274
:10D3400038B1D4F88C02294602682046904700B9CB
:10D350000026304670BD000070B504460D46A87822
:10D360003649087008460078012804D92946204625
:10D37000FFF7ECFA60E094F87402022802D0032868
:10D380004FD11CE02D480078A8B12C48007860608F
:10D39000032084F87402294801782046FFF7CAFF69
:10D3A000022804D129462046FFF7D0FA70BD204656
:10D3B000FFF70AFB02E02046FFF706FB3BE01F48B1
:10D3C000007870B9022084F874021C48007860600C
:10D3D0001A4801782046FFF777FA2046FFF7F4FA5B
:10D3E0001EE0164909786068884216D021792046E7
:10D3F000FFF76AFA1148007860601048017820460B
:10D40000FFF798FF022804D129462046FFF79EFA2D
:10D41000CCE72046FFF7D8FA02E02046FFF7D4FA1F
:10D4200009E029462046FFF791FA04480178204692
:10D43000FFF74AFA00BF00BF00BFB7E70C040020A7
:10D4400070B505460C466088012804D1C5F87C02F9
:10D450002846FFF7B9FA70BD10B504462046FFF71D
:10D46000ECFE002010BD70B505460C460026207865
:10D4700000F0600060B1202802D040283CD100E0DC
:10D4800000BFD5F88C02214682682846904738E0D4
:10D4900060780A2829D2DFE800F01923281E280A1C
:10D4A0000528140F21462846FFF74FFB22E02146AE
:10D4B0002846FFF712FF1DE021462846FFF74CFFE4
:10D4C00018E021462846FFF715FB13E021462846C1
:10D4D000FFF7EEFB0EE021462846FFF7B1FF09E01B
:10D4E00021462846FFF7FBF904E021462846FFF7CE
:10D4F0002DFA00BF00BF04E021462846FFF726FAB8
:10D5000000BF00BF304670BD2DE9F04105460E4614
:10D510004FF000083479307800F0600060B12028C6
:10D5200002D0402871D100E000BFD5F88C0231460E
:10D5300082682846904700E1307800F0600020289B
:10D5400009D1D5F88C02314682682846904780463A
:10D550004046BDE8F081707800285ED001282FD0C9
:10D56000032876D195F87402022802D0032820D12E
:10D5700010E054B1802C08D021462846FFF74AFE1F
:10D5800080212846FFF746FE03E031462846FFF794
:10D59000DDF913E0708840B93CB1802C05D0F088EB
:10D5A00018B921462846FFF735FE2846FFF70CFA42
:10D5B00004E031462846FFF7C9F900BF00BFB5E0D7
:10D5C00095F87402022802D003281FD110E054B14C
:10D5D000802C08D021462846FFF71CFE80212846D3
:10D5E000FFF718FE03E031462846FFF7AFF912E0D7
:10D5F000708848B904F07F0018B121462846FFF72B
:10D60000DCFB2846FFF7E0F905E091E031462846CB
:10D61000FFF79CF900BF00BF88E095F8740202286C
:10D6200002D0032876D126E034B1802C04D03146D4
:10D630002846FFF78BF972E004F08000802809D1BA
:10D6400004F07F0000EB800105F1140000EB810085
:10D6500008E066E004F07F0000EB800105F5A070B3
:10D6600000EB810007460020386002223946284638
:10D67000FFF799F953E004F0800080280ED104F000
:10D680000F0000EB800105F1140000EB8100406801
:10D6900098B931462846FFF759F940E004F00F00E9
:10D6A00000EB800105F5A07000EB8100406820B917
:10D6B00031462846FFF74AF931E004F0800080281F
:10D6C00008D104F07F0000EB800105F1140000EBAD
:10D6D000810007E004F07F0000EB800105F5A070F9
:10D6E00000EB810007460CB1802C02D1002038608D
:10D6F00009E021462846FFF7A7FC10B10120386059
:10D7000001E000203860022239462846FFF74BF935
:10D7100005E0FFE731462846FFF718F900BF00BFD4
:10D7200004E031462846FFF711F900BF00BF04E0CE
:10D7300031462846FFF70AF900BF00BF404608E718
:10D7400070B505460C460026207800F0600030B128
:10D75000202802D040282AD100E000BF00BF95F861
:10D760007402012804D0022803D0032818D101E054
:10D7700000BF00BF207901280DD8D5F88C022146C2
:10D780008268284690470646E08840B93EB9284658
:10D79000FFF71AF903E021462846FFF7D7F804E01F
:10D7A00021462846FFF7D2F800BF00BF04E021461B
:10D7B0002846FFF7CBF800BF00BF002070BD000077
:10D7C00070B504460B4622461978587801282CD1AA
:10D7D00040F61C0080581D7805F00F060125B54065
:10D7E000ADB2284340F61C05A85002F5106000EBCE
:10D7F0004110006800F40040F0BB1889C0F30A0033
:10D80000DD7840EA854040EA815040F0805040F4A5
:10D81000004002F5106505EB41152D68284302F51F
:10D82000106505EB411528602DE040F61C0080587E
:10D830001D7805F00F060125B540144E06EA054592
:10D84000284340F61C05A85002F5306000EB41105B
:10D85000006800F4004078B91889C0F30A00DD7848
:10D8600040EA854040F0805040F4004002F53065C9
:10D8700005EB41152D6800E005E0284302F5306511
:10D8800005EB41152860002070BD00000000FFFF7F
:10D89000024611464FF410604058C30ADB024FF4B1
:10D8A0001060435040F60800405800F0060004287D
:10D8B00007D14FF41060405840F003034FF410605C
:10D8C000435040F60400405840F4807340F6040092
:10D8D00043500020704700000FB470B504460A980A
:10D8E000012817D1A06B20F48030A063E0681A49AA
:10D8F0000840E060E06820F44010E06011980128E2
:10D9000003D1E06840F48010E060204600F026F883
:10D91000054612E0E06840F04000E060204600F07C
:10D920001DF805460E9820B9A06B40F48030A06326
:10D9300003E0A06B20F48030A0630898012807D191
:10D94000A06840F00600A060A06840F02000A06041
:10D95000284670BC5DF814FBBFFFBDFF01460022E6
:10D9600000BF501C02460F4B984201D9032070475C
:10D97000086900F000400028F3D00022086940F058
:10D980000100086100BF501C0246064B984201D9B5
:10D990000320ECE7086900F001000028F3D100BF84
:10D9A000E5E70000400D030070B504460B46214634
:10D9B0001A785878012826D140F63C0040581D7846
:10D9C00005F00F060125B540ADB2A84340F63C0571
:10D9D000685040F61C0040581D7805F00F060125E0
:10D9E000B540ADB2A84340F61C05685001F5106083
:10D9F00000EB421000681A4D284001F5106505EB58
:10DA00004215286029E040F63C0040581D7805F09A
:10DA10000F060125B540134E06EA0545A84340F61A
:10DA20003C05685040F61C0040581D7805F00F0674
:10DA30000125B5400B4E06EA0545A84340F61C05F6
:10DA4000685001F5306000EB42100068064D284038
:10DA500001F5306505EB42152860002070BD00001F
:10DA6000007833EC0000FFFF0078F3EF70B5044658
:10DA7000254640F60400405920F0020140F604001B
:10DA800041510320F7F730F9002070BD70B504460E
:10DA9000254640F60400405940F0020140F60400DB
:10DAA00041510320F7F720F9002070BD0FB4F0B505
:10DAB000054600272E46002405E0002105F582706A
:10DAC00040F82410641C0F2CF7D3109860B9A86B91
:10DAD00040F40010A863A86B20F40020A863A86B92
:10DAE00020F48020A86307E0286820F40010286054
:10DAF000A86B40F40020A8630020C6F8000ED6F8FA
:10DB00000008C6F800080B9801280BD1089820B926
:10DB10000021284600F0F4FC08E00121284600F02E
:10DB2000EFFC03E00321284600F0EAFC1021284620
:10DB300000F036FC00B10127284600F01BFC00B1C4
:10DB4000012700214FF401608151001D815140F6F1
:10DB50001C00815100242EE006F5106000EB4410FB
:10DB6000006800F00040B0F1004F10D13CB94FF018
:10DB7000006106F5106000EB441001600DE04FF00D
:10DB8000904106F5106000EB4410016005E00021B3
:10DB900006F5106000EB44100160002106F51060EE
:10DBA00000EB441001614FF67F3106F5106000EB89
:10DBB00044108160641C0698A042CDD800242EE059
:10DBC00006F5306000EB4410006800F00040B0F152
:10DBD000004F10D13CB94FF0006106F5306000EB0A
:10DBE000441001600DE04FF0904106F5306000EB0D
:10DBF0004410016005E0002106F5306000EB4410A0
:10DC00000160002106F5306000EB441001614FF621
:10DC10007F3106F5306000EB44108160641C06988B
:10DC2000A042CDD84FF40160805920F480714FF4A8
:10DC3000016081510998012809D115494FF4036009
:10DC400081518059134908434FF4036188510020E2
:10DC5000A8616FF080406861099818B9A86940F020
:10DC60001000A861A8690C490843A8610C9818B174
:10DC7000A86940F00800A8611098012803D1A8699C
:10DC800006490843A8613846F0BC5DF814FB000063
:10DC9000000180000300010000383C8004000040C7
:10DCA0000146886820F0010088600020704700006D
:10DCB000F0B505460B4614462A46197858780128CF
:10DCC00075D1586920BB02F5106000EB4110006966
:10DCD0006C4E304002F5106606EB4116306102F5DD
:10DCE000106000EB4110006940F4002602F510605E
:10DCF00000EB4110066102F5106000EB4110006975
:10DD0000C60CF60402F5106000EB4110066137E026
:10DD100002F5106000EB41100069C60CF60402F534
:10DD2000106000EB4110066102F5106000EB41103D
:10DD30000069544E304002F5106606EB4116306122
:10DD40009E685869B04201D99868586102F5106020
:10DD500000EB4110006940F4002602F5106000EB72
:10DD60004110066102F5106000EB411000695E6928
:10DD7000C6F31206304302F5106606EB4116306119
:10DD8000012C15D1186928B102F5106000EB411083
:10DD90001E69466102F5106000EB4110006840F01A
:10DDA000044602F5106000EB4110066068E01BE0DD
:10DDB00002F5106000EB4110006840F0044602F5E7
:10DDC000106000EB411006605869002858D040F6FA
:10DDD000340080581E7806F00F070126BE403043FD
:10DDE00040F63406B0504BE002F5306000EB4110D5
:10DDF0000069C60CF60402F5306000EB41100661C4
:10DE000002F5306000EB411000691E4E304002F513
:10DE1000306606EB41163061586908B19868586160
:10DE200002F5306000EB4110006940F4002602F575
:10DE3000306000EB4110066102F5306000EB4110EC
:10DE400000699E68C6F31206304302F5306606EBA1
:10DE500041163061012C07D1D86828B102F5306035
:10DE600000EB4110DE68466102F5306000EB4110C6
:10DE7000006840F0044602F5306000EB4110066097
:10DE80000020F0BDFFFF07E070B503460C461946C1
:10DE90001D6C1848854209D94FF43060405800F095
:10DEA0000040B0F1004F01D1002070BD0026C1F844
:10DEB000106BD1F8100B40F40026C1F8106BD1F8AC
:10DEC000100B40F01806C1F8106BD1F8100B40F0A1
:10DED000C046C1F8106B012C09D1C1F8142B4FF4C6
:10DEE0003060405840F080264FF4306046500020AB
:10DEF000DBE700000A30544F30B504460B4622469B
:10DF00001978587801281ED102F5106000EB4110F5
:10DF1000006820F4001502F5106000EB4110056068
:10DF2000D878032802D0D87802282AD102F51060C8
:10DF300000EB4110006840F0805502F5106000EBE6
:10DF4000411005601DE002F5306000EB41100068F3
:10DF500020F4001502F5306000EB41100560D87820
:10DF6000032802D0D87802280BD102F5306000EBEC
:10DF70004110006840F0805502F5306000EB411020
:10DF80000560002030BD30B504460B4622461978A6
:10DF90005878012821D102F5106000EB411000688B
:10DFA00000F0004060B959B102F5106000EB41107B
:10DFB000006820F0804502F5106000EB411005601C
:10DFC00002F5106000EB4110006840F4001502F506
:10DFD000106000EB4110056020E002F5306000EBBE
:10DFE0004110006800F0004060B959B102F530609E
:10DFF00000EB4110006820F0804502F5306000EB36
:10E000004110056002F5306000EB4110006840F4FB
:10E01000001502F5306000EB41100560002030BDB6
:10E020002DE9F84381460E4617464D463478707800
:10E0300001287DD1706920BB05F5106000EB44100C
:10E040000069C749084005F5106101EB44110861FA
:10E0500005F5106000EB4410006940F4002105F55F
:10E06000106000EB4410016105F5106000EB4410F6
:10E070000069C10CC90405F5106000EB4410016192
:10E0800055E005F5106000EB44100069C10CC904AF
:10E0900005F5106000EB4410016105F5106000EB20
:10E0A00044100069AE49084005F5106101EB4411C8
:10E0B0000861B16870690844401EB0FBF1F0A849DE
:10E0C000C94301EAC04005F5106101EB441109693B
:10E0D000084305F5106101EB4411086105F5106076
:10E0E00000EB441000697169C1F31201084305F5A2
:10E0F000106101EB44110861F078012817D105F592
:10E10000106000EB4410006920F0C04105F510607C
:10E1100000EB4410016105F5106000EB441000694C
:10E1200040F0005105F5106000EB4410016100E083
:10E130007FE0012F36D1306928B105F5106000EB82
:10E14000441031694161F07801281ED140F6080081
:10E15000405900F4807060B905F5106000EB441080
:10E16000006840F0005105F5106000EB44100160BC
:10E170000BE005F5106000EB4410006840F08051A2
:10E1800005F5106000EB4410016005F5106000EB30
:10E190004410006840F0044105F5106000EB4410A5
:10E1A0000160DAE005F5106000EB4410006840F013
:10E1B000044105F5106000EB44100160F07801287F
:10E1C0000FD070690028ECD040F634004059317807
:10E1D00001F00F0201219140084340F634014851FB
:10E1E000BBE040F60800405900F4807060B905F5C6
:10E1F000106000EB4410006840F0005105F510601D
:10E2000000EB441001600BE005F5106000EB4410DA
:10E21000006840F0805105F5106000EB441001608B
:10E220000097B08A83B232784846F16800F0E6F988
:10E2300093E005F5306000EB44100069C10CC9049F
:10E2400005F5306000EB4410016105F5306000EB2E
:10E25000441000694249084005F5306101EB441162
:10E2600008617069D0B905F5306000EB44100069B1
:10E27000B168C1F31201084305F5306101EB4411A7
:10E28000086105F5306000EB4410006940F400219E
:10E2900005F5306000EB4410016126E0B16870695B
:10E2A0000844401EB0FBF1F01FFA80F805F530601D
:10E2B00000EB441000692A49C94301EAC8410843F8
:10E2C00005F5306101EB4411086105F5306000EBA4
:10E2D00044100069B16801FB08F1C1F31201084361
:10E2E00005F5306101EB44110861012F07D1F06899
:10E2F00028B105F5306000EB4410F1684161F07819
:10E3000001281ED140F60800405900F4807060B921
:10E3100005F5306000EB4410006840F0005105F551
:10E32000306000EB441001600BE005F5306000EB5D
:10E330004410006840F0805105F5306000EB441057
:10E34000016005F5306000EB4410006840F00441C6
:10E3500005F5306000EB441001600020BDE8F88353
:10E36000FFFF07E00146886840F001008860002058
:10E3700070470000014600221020086100BF501CB9
:10E380000246064B984201D903207047086900F005
:10E3900010001028F3D00020F7E70000400D030024
:10E3A00010B502460023202040EA8110106100BF12
:10E3B000581C0346054CA04201D9032010BD10692A
:10E3C00000F020002028F3D00020F7E7400D0300E4
:10E3D00010B501460B4640F60804E45804F0060266
:10E3E0000AB9002006E0022A01D0062A01D1022043
:10E3F00000E00F2010BD0146486900F001007047A1
:10E4000001460B4640F61800C258001DC058024095
:10E4100090B2704701460B4640F61800C258001DE6
:10E42000C0580240100C704770B5024613464FF4B6
:10E430000166F45840F63406F55801F00F0625FA47
:10E4400006F606F0010644EAC61403F5106606EB6C
:10E450004116B66806EA040070BD10B502461346C0
:10E4600003F5306404EB4114A06840F61404E4584A
:10E47000204010BD014648698A6910407047F0B5D8
:10E4800003461E460846D71CBD08002405E04FF48D
:10E490008057BF590760001D641CAC42F7D3F0BD24
:10E4A00070B504460D46E06820F0C040E060012DE4
:10E4B00004D1E06840F00050E06007E025B9E06872
:10E4C00040F08040E06001E0012070BD3220F6F7AE
:10E4D0000BFC0020F9E710B502460B461146D1F8B7
:10E4E000000820F4FE60C1F80008D1F800084FF4DD
:10E4F000FE6404EA03142043C1F80008002010BDA4
:10E5000002461346D3F800080843C3F80008002069
:10E510007047000030B503461446022C49D12D48FF
:10E52000814204D32C48814201D20F2245E02A487F
:10E53000814204D32948814201D20E223DE027487E
:10E54000814204D32648814201D20D2235E024487D
:10E55000814204D32348814201D20C222DE021487C
:10E56000814204D32048814201D20B2225E01E487B
:10E57000814204D31D48814201D20A221DE01B487A
:10E58000814204D31A48814201D2092215E0184879
:10E59000814204D31748814201D208220DE0154878
:10E5A000814204D31448814201D2072205E00622A9
:10E5B00003E00CB9092200E00922D86820F4705069
:10E5C000D860D8684FF4705505EA82252843D86092
:10E5D000002030BDC0ACD800C0E1E4000024F4004D
:10E5E00080730601A0491A01002D310140A44C019D
:10E5F00000366E0120ABA6010048E8012DE9F0438A
:10E6000004460D46DDF81CC0A0462E46BCF1000FA6
:10E610000FD1D81C8708002109E008F5805000EBD5
:10E620000230D6F80090C0F80090361D491CB9425F
:10E63000F3D30020BDE8F08300BFFEE710B50F481C
:10E64000F9F7D2FC0E4800684068C0F18000C4B2FF
:10E65000102C03D10B490C4805F062FE80210A48BA
:10E66000F2F778FA102209490448FAF745F88022AF
:10E6700005490248F9F770FF10BD00003411002071
:10E68000F411002054440020D443002071440020A1
:10E6900003B401984100009850EAC12018BF04203B
:10E6A0004A0D18BF40F0010040F2FF72B2EB515F1B
:10E6B00008BF40F00200012808BF052002B07047E3
:10E6C0004100080218BF04200A0E18BF40F00100E4
:10E6D0004FF07F4232EA010108BF40F002000128FA
:10E6E00008BF05207047000002480068C0F3022000
:10E6F000704700000CED00E010B5002804DB0A07AD
:10E70000130E054A135406E00A07140E034A00F0DC
:10E710000F031B1FD45410BD00E400E018ED00E00F
:10E72000EFF310807047000010B54FF00E402DED54
:10E73000028BB0EE408A18EE104A00EB4400B0F1B4
:10E74000506F4AD84FF0FC40B0EB440F22D2B0EEED
:10E75000C80AF7EE000A30EEC00AF6EE000A60EED4
:10E76000208A18EE900A07F0BDFE01EE100A14F0A0
:10E77000004F1DBFDFED2D0A9FED2D0AB1EE411AAE
:10E78000DFED2C0A08BF9FED2C0AF8EE001A21EEEF
:10E79000218A05E0DFED290A68EE088AB0EE600AFA
:10E7A0009FED271ADFED271A30EE080A48EE811A8E
:10E7B0009FED251A08EEA11ADFED241A48EE811A02
:10E7C0009FED231A08EEA11A68EE281ABDEC028B01
:10E7D00001EE810A30EE200A10BD4FF0E440B0EBAC
:10E7E000440F0CD918EE100AFFF76AFF042808BF7F
:10E7F00000F03AFBB0EE480ABDEC028B10BD4FF0C2
:10E800007F40B0EB440F07D2B0EE480ABDEC028B5C
:10E81000BDE8104000F01ABB0120F2F71CFABDEC75
:10E82000028BBDE8104000F017BB00000000C9BF1C
:10E8300022AAFDB90000C93F22AAFD39000000004C
:10E8400024FE1C3DC78AD83C1E67383D1B93993D6A
:10E85000AFAA2A3E10EE100A10B510EE901A4FF033
:10E86000684202EB40032DED028BB3F1654F3CBFD4
:10E8700002EB4102B2F1654F7CD200BFC0F3C75337
:10E88000C1F3C7529A1A1B2A09DD10F0004F14BFBA
:10E890009FED6E0A9FED6E0ABDEC028B10BD12F16A
:10E8A0001A0F1BDA11F0004F09D010F0004F0CBF07
:10E8B0009FED680A9FED680ABDEC028B10BD80EEEB
:10E8C000208A18EE100AFFF7FBFE042808BF00F0AC
:10E8D000CBFAB0EE480ABDEC028B10BD4200B2EBA1
:10E8E000410F37D910F0004F19BFDFED5C1A9FEDD3
:10E8F0005C1ADFED5C1A9FED5C1AB0EE602A0A46E6
:10E90000F1EE400A80F00041B0EE420A10460A1AC9
:10E910005200B2F1807F34D2484010F0004FDFED5A
:10E92000532A9FED533A1DBFBEEE002A71EEE21A44
:10E9300031EE431AB6EE002A04BF71EEA21A31EE90
:10E94000031AF0EE402A42EE602A40EE020A82EEFE
:10E95000A02A18E011F0004F04BF9FED461AF0EE18
:10E96000411AD4D010F0004F1CBFDFED431A9FEDC9
:10E97000431A00E026E004BFDFED411A9FED411A83
:10E98000C5E780EE202A22EE020ADFED3F0ADFED26
:10E990003F2ABDEC028B40EE202ADFED3D0A40EE1F
:10E9A000220ADFED3C2A40EE202ADFED3B0A40EE52
:10E9B000220A22EE000A00EE201A31EE020A30EEA0
:10E9C000210A10BD4FF07F42B2EB400F28BFB2EBDF
:10E9D000410F05D2BDEC028BBDE8104000F039BA02
:10E9E00040EA01035B0008BF41F0FF410BD0B2EBEE
:10E9F000400F08BFB2EB410F08D120F0804000EE7D
:10EA0000100A21F0804100EE901A37E7B2EB400F78
:10EA100012BF5FEA410240F0FF4001F000413FF4C5
:10EA20002DAF4A0092EA40033FF528AF002AACBF61
:10EA30009FED1A1A9FED1A1A20EE010A60EE810A64
:10EA400010EE100A10EE901A18E70000DB0FC9BF95
:10EA5000DB0FC93FDB0F4940DB0F49C00000C9BFD6
:10EA600022AAFDB90000C93F22AAFD390060ED3E8F
:10EA7000C30ACE3700000000000049C022AA7DBAB8
:10EA80000000494022AA7D3A2DAD65BD8FB8D53D25
:10EA90000FB511BE61C84C3EA8AAAABE0000804FA7
:10EAA0000000802F10EE101A08B5444A6846B2EBF9
:10EAB000410F28D94FF0E640B0EB410F94BF002042
:10EAC0004FF0FF3000900098002861DB60EE000AF4
:10EAD00010F0010F45D010F0020FDFED391A9FED55
:10EAE000391A00EEE11ADFED381A40EE811A21EEF4
:10EAF000A01AF0EE400A40EE010A08BFF1EE600AEB
:10EB0000B0EE600A08BD314B21F0004293423CD97F
:10EB100011F0004FDFED2E0A20EE201ADFED2D0A56
:10EB200019BF31EE601A71EE200A31EE201A71EE33
:10EB3000600ABDEEE01A11EE100A9FED271A00F0F0
:10EB4000030000EEC10A9FED251A009000EEC10AF5
:10EB50009FED231A00EEC10A9FED221A00EEC10AB2
:10EB6000B1E79FED211A9FED210A10F0020F00EE90
:10EB7000810A9FED1F1A00EE801AB7EE000A00EE20
:10EB8000810A18BFB1EE400A08BD00F075F99AE796
:10EB900010EE100A4000B0F17F4F3CBFB7EE000A04
:10EBA00008BD07D14FF00100F2F755F8BDE8084065
:10EBB00000F052B9BDE8084000F048B9B61F927E97
:10EBC000336D4C39DA82083CA0AA2ABE490E494668
:10EBD00083F9223F0000004B0000C93F00A0FD392F
:10EBE0000020A2331A61342CB93AB2BACA9F2A3D26
:10EBF000DDFFFFBE2DED020B019820F000400190DB
:10EC00009DED000B02B0704700B510EE101A2DED0F
:10EC1000028B81B0524A6846B2EB410F2ED94FF0B9
:10EC2000E640B0EB410F94BF00204FF0FF30009062
:10EC30000098B0EE408A00286ADB10F0010F4BD03C
:10EC400068EE080A9FED471A9FED470A00EE810A19
:10EC50009FED461A10F0020F00EE801AB7EE000A80
:10EC600000EE810A02BF01B0BDEC028B00BD00BF07
:10EC700001B0B1EE400ABDEC028B00BD3C4B21F06F
:10EC80000042934241D911F0004FDFED3A0A20EEE5
:10EC9000201ADFED390A19BF31EE601A71EE200A31
:10ECA00031EE201A71EE600ABDEEE01A11EE100A84
:10ECB0009FED321A00F0030000EEC10A9FED301AFA
:10ECC000009000EEC10A9FED2F1A00EEC10A9FEDE1
:10ECD0002E1A00EEC10AABE728EE080A9FED2B1AA8
:10ECE000DFED2B0A10F0020F40EE410A9FED291ACA
:10ECF00000EE201A61EE000AB0EE480A08EE200A83
:10ED0000B6D101B0BDEC028B00BD00F0B5F88FE7C5
:10ED100018EE100A4000B0F17F4F0DD218EE100A25
:10ED2000FFF7CEFC042808BF00F09EF8B0EE480ABA
:10ED300001B0BDEC028B00BD09D10120F1F78BFFC2
:10ED400001B0BDEC028B5DF804EB00F085B801B0BA
:10ED5000B0EE480ABDEC028B5DF804EB00F076B82B
:10ED6000B61F927EB93AB2BACA9F2A3DDDFFFFBEF6
:10ED7000490E494683F9223F0000004B0000C93F7D
:10ED800000A0FD390020A2331A61342C336D4C39B8
:10ED9000DA82083CA0AA2ABE00B52DED048BB0EEA5
:10EDA000409AF0EE609A83B051EC190B0BF0FEFC28
:10EDB00041EC180B18EE100A18EE901A8DED008B2E
:10EDC000002818BF0120084320F00040C0F17F60F8
:10EDD00000F1E040C00F14D019EE101A19EE900A9D
:10EDE0008DED009B002918BF0121084320F0004051
:10EDF000C0F17F6000F1E040C00F04BF0120F1F7D7
:10EE00002AFFB0EE480A03B0F0EE680ABDEC048BAE
:10EE100000BD10B52DED028BB1EEC08A18EE100AC0
:10EE200020F00040C0F1FF40C00F0AD010EE100AE1
:10EE300020F00040C0F1FF40C00F04BF0120F1F7F7
:10EE40000AFFB0EE480ABDEC028B10BD30EE000A9E
:10EE5000704730EE200A7047DFED020A80EEA00A0C
:10EE600070470000000000009FED020A20EE000A3B
:10EE700070470000000000102DE9F0014FF07F42C4
:10EE8000B2EB410F9FBF4FF0FF310160BDE8F001D1
:10EE900070474FF0004242EA0123C1F3C752783A6B
:10EEA000551112F01F0C434CCCF120067C44C1F3E9
:10EEB000C752A2F178024FEA621204EB820254F8C0
:10EEC000254008BFD2E9015612D0556804FA0CF467
:10EED00025FA06F73C43976805FA0CF527FA06F879
:10EEE000D26807FA0CFCF24045EA08054CEA020633
:10EEF000A4FB034CA5FB0352A6FB03631D449D42E8
:10EF000034BF012600261319334416B1934202D9A7
:10EF100003E0934201D2012200E00022624402F1A8
:10EF2000200C9206DC0C42EA443200EE102A5B030D
:10EF3000DFED210AF8EEC01A00EE103A4FEA9C1CF1
:10EF400011F0004FB8EE400AC0F800C020EE201AC1
:10EF500000EE105ADFED190AB8EE400A20EE200A42
:10EF600071EE810A70EE800A10EE902A02F50062BE
:10EF70006FF30B0200EE902A70EEE11A31EEC11A27
:10EF8000DFED101A30EE411A9FED0D0A20EE800AD7
:10EF900001EE210A9FED0C1A00EE810A04BFBDE8C4
:10EFA000F0017047CCF180510160BDE8F001B1EE95
:10EFB000400A704770F80000000000360000802C06
:10EFC00022AAFD29DB0FC92F0000C92F80F310886A
:10EFD000704730380A2801D201207047002070475E
:10EFE000010E144A1170C0F30741127811FB02F1AF
:10EFF000114A1180C0F307210E4A127811FB02F169
:10F000000E4A1180C1B20B4A127811FB02F10C4A70
:10F010001180114609880B4A126851630749098813
:10F02000084A1268916304490988064A1268D16344
:10F0300070470000C0000020C2000020C400002073
:10F04000C600002074100020D0ED000AF4EEC00AC3
:10F05000F1EE10FA02DD80ED000A0CE0D0ED000ABE
:10F06000B1EE401AF4EEC10AF1EE10FA03D2F1EE5D
:10F07000400AC0ED000A704770B52DED028B8AB0D2
:10F0800005460C4616460DB104B11EB90AB0BDECDA
:10F09000028B70BD94ED000AB5EEC00AF1EE10FAD5
:10F0A0000DD194ED010AB5EEC00AF1EE10FA06D1C9
:10F0B00094ED020AB5EEC00AF1EE10FA7DD09FED94
:10F0C000600AB0EE408A00200790089009900490F2
:10F0D000059006905B4A07CA01AB07C395ED010A8C
:10F0E000D5ED030A20EE200AD5ED000A95ED021AAF
:10F0F00000EEC10AF0EE000A20EE200A8DED070AAC
:10F1000095ED000AD5ED010A20EE200AD5ED020AA0
:10F1100095ED031A00EE810AF0EE000A20EE200AB7
:10F120008DED080A95ED000A20EE000AD5ED030AE0
:10F1300095ED031A00EE810AF7EE000AB0EE001A10
:10F1400051EE000ACDED090A01AB224631462846B0
:10F1500000F07AF8D4ED000A60EEA00A94ED011AEE
:10F16000D4ED011A41EE210A94ED021AD4ED021AEF
:10F1700041EE210AB0EE600AF3F782FBB0EE408A5E
:10F1800094ED000A20EE080A84ED000A94ED010ACD
:10F1900020EE080A84ED010A94ED020A20EE080A26
:10F1A00084ED020A94ED010ADDED090A20EE200A41
:10F1B000D4ED020A9DED081A00E03EE000EEC10A1F
:10F1C0008DED040A94ED020ADDED070A20EE200A17
:10F1D000D4ED000A9DED091A00EEC10A8DED050A75
:10F1E00094ED000ADDED080A20EE200AD4ED010AB4
:10F1F0009DED071A00EEC10A8DED060A96ED000A94
:10F20000DDED010A9DED041A00EE810A86ED000A8B
:10F2100096ED010ADDED020A9DED051A00EE810A68
:10F2200086ED010A96ED020ADDED030A9DED061A50
:10F2300000EE810A86ED020A00BF00BF26E700004B
:10F2400000000000CCDE01082DE9F0412DED048B1B
:10F2500007460D4614461E469FED580AB0EE409AEA
:10F260009FED560AB0EE408A9FED540AF0EE408AB8
:10F27000D4ED000A60EEA00A94ED011AD4ED011A53
:10F2800041EE210A94ED021AD4ED021A41EE210A50
:10F29000B0EE600AF3F7F4FAF7EE000A80EE801A97
:10F2A000B0EE419AD5ED000AB0EE600AF3F77EF9B0
:10F2B000F0EE409AD5ED010AB0EE600AF3F776F968
:10F2C00079EE809AD5ED020AB0EE600AF3F76EF996
:10F2D00039EE800AF0EE408A3948D0ED000A79EE26
:10F2E000600AB0EE600AF3F761F9B0EE408A9FED74
:10F2F000350AB4EEC08AF1EE10FA06DC9FED320A50
:10F30000F4EEC08AF1EE10FA53DD9FED2C2AB0EE38
:10F31000420A9FED2A2AF0EE421AB7EE002AF0EEDA
:10F32000420A9FED262AB0EE421AB5EEC08AF1EEEF
:10F3300010FA05DD9FED232AC2EE082AB0EE620A1C
:10F340009FED222AB4EEC20AF1EE10FA03D29FED2D
:10F350001B2AB0EE420AF5EEC08AF1EE10FA05DD86
:10F360009FED192AC2EE282AF0EE621AB7EE002AA3
:10F37000B4EEC20AF1EE10FA03D220EE802AF0EECB
:10F38000420AB7EE002AF4EEC21AF1EE10FA03D2E6
:10F3900020EEA12AF0EE420A9FED0D2A20EE822AED
:10F3A000B0EE421A86ED001A86ED011A86ED021AB9
:10F3B00000BFBDEC048BBDE8F08100000000000040
:10F3C0002C050020CDCCCC3D8FC2F53D9A99993EBD
:10F3D000CDCC4C3E70B505460C460C48046001206F
:10F3E0000A494860002088602846F4F7F7F808B119
:10F3F000F3F780FF2846F4F7A7FA0A212846F4F726
:10F4000041FA2846F4F7B0F980B270BD782C00209C
:10F4100010B52DED048B86B00446B0EE408AF0EEB8
:10F42000608AB0EE419A002003900490059000900D
:10F4300001900290B0EE000AC8EE000AF0EE609A69
:10F44000B0EE690AF3F7A6F88DED030AB0EE000AF4
:10F45000C8EE800AF0EE609AB0EE690AF3F79AF807
:10F460008DED040AB0EE000AC9EE000AF0EE609AD3
:10F47000B0EE690AF3F78EF88DED050AB0EE000ADA
:10F48000C8EE000AF0EE609AB0EE690AF3F70AFAE5
:10F490008DED000AB0EE000AC8EE800AF0EE609A28
:10F4A000B0EE690AF3F7FEF98DED010AB0EE000A3D
:10F4B000C9EE000AF0EE609AB0EE690AF3F7F2F9CD
:10F4C0008DED020A9DED050ADDED040A20EE200A0D
:10F4D000DDED030A20EE200ADDED020A9DED011AA2
:10F4E00060EE810A9DED001A00EE810A84ED000AAB
:10F4F0009DED020ADDED040A20EE200ADDED030A8F
:10F5000020EE200ADDED050A9DED011A60EE810A6C
:10F510009DED001A00EEC10A84ED010A9DED050A79
:10F52000DDED010A20EE200ADDED030A20EE200ABF
:10F53000DDED020A9DED041A60EE810A9DED001AD0
:10F5400000EE810A84ED020A9DED050ADDED040A54
:10F5500020EE200ADDED000A20EE200ADDED020A91
:10F560009DED011A60EE810A9DED031A00EEC10ABD
:10F5700084ED030A06B0BDEC048B10BD4FF47A7025
:10F5800005F05EFA04F0B8FC12E002F019FEDFEDBF
:10F59000090A30EE200A084880ED000A90ED000AC2
:10F5A00000F01CFC054880ED000A642005F048FAD4
:10F5B000EBE7000000000000E4020020E802002069
:10F5C00038B5002000900024F3F734FA8020F3F7D8
:10F5D000D3FB5520F3F7D0FB5520F3F7CDFB00907C
:10F5E000F3F71EFA9620F3F794FAF3F723FA802044
:10F5F000F3F7C2FB5520F3F7BFFB5520F3F7BCFB35
:10F600000090F3F70DFA9620F3F783FAF3F712FA66
:10F61000B6217E20F3F7DAFBF3F702FA5020F3F776
:10F6200072FAF3F707FA8020F3F7A6FB5520F3F7F9
:10F63000A3FB5520F3F7A0FB0090F3F7F1F9962018
:10F64000F3F767FAF3F7F6F98020F3F795FB552007
:10F65000F3F792FB5520F3F78FFB0090F3F7E0F9F7
:10F660009620F3F756FA9DF800001E2801D0FF20DF
:10F6700038BD002437E0F3F7DDF904EB44021C4BFE
:10F680001A44517804EB4402985CF3F79FFBF3F7BC
:10F69000C7F99620F3F73DFAF3F7CCF904EB4401F0
:10F6A000134A515C41F08000F3F766FB5520F3F7F5
:10F6B00063FB5520F3F760FB0090F3F7B1F9962058
:10F6C000F3F727FA04EB44000949084440789DF811
:10F6D0000010884205D004EB4400054908448078B6
:10F6E000C6E7601CC4B2062CC5DB0020C0E70000E2
:10F6F0006403002010B586B00020019002900090B5
:10F700000024F3F797F98020F3F736FB5520F3F741
:10F7100033FB5520F3F730FB0090F3F781F9962087
:10F72000F3F7F7F9F3F786F98020F3F725FB552077
:10F73000F3F722FB5520F3F71FFB0090F3F770F966
:10F740009620F3F7E6F9F3F775F9B6217E20F3F783
:10F750003DFBF3F765F95020F3F7D5F9F3F76AF9B4
:10F760008020F3F709FB5520F3F706FB5520F3F74C
:10F7700003FB0090F3F754F99620F3F7CAF9F3F777
:10F7800059F98020F3F7F8FA5520F3F7F5FA5520E8
:10F79000F3F7F2FA0090F3F743F99620F3F7B9F98B
:10F7A0009DF800001E2802D0FF2006B010BD0024E6
:10F7B0003AE0F3F73FF904EB44028C4B1A445178DA
:10F7C00004EB4402985CF3F701FBF3F729F9962068
:10F7D000F3F79FF9F3F72EF904EB4401834A515CE8
:10F7E00041F08000F3F7C8FA5520F3F7C5FA552029
:10F7F000F3F7C2FA0090F3F713F99620F3F789F9BB
:10F8000004EB44007949084440789DF80010884290
:10F8100005D004EB4400754908448078C5E75020C2
:10F82000F3F771F9601CC4B2042CC2DB00246FE052
:10F83000F3F700F9221D02EB42026C4B1A44517897
:10F84000221D02EB4202985CF3F7C0FAF3F7E8F8E6
:10F850009620F3F75EF9F3F7EDF8211D01EB410176
:10F86000624A515C41F08000F3F786FA5520F3F7C5
:10F8700083FA5520F3F780FA0090F3F7D1F8962039
:10F88000F3F747F9201D00EB400058490844407841
:10F890009DF80010884206D0201D00EB400053491F
:10F8A0000844807881E75020F3F72DF9F3F7C2F888
:10F8B0009220F3F761FA062201A91220F3F73CFA2D
:10F8C000F3F7AEF89DF80500000200B29DF80410B1
:10F8D000084304EB440103AA22F811009DF8070035
:10F8E000000200B29DF80610084304EB440102EB4D
:10F8F000410148809DF80900000200B29DF80810FF
:10F90000084304EB440102EB41018880601CC4B24F
:10F91000022C8DDBF3F78EF800216D20F3F756FAF9
:10F92000F3F77EF89620F3F7F4F8F3F783F8ED2079
:10F93000F3F722FA5520F3F71FFA5520F3F71CFAD4
:10F940000090F3F76DF89620F3F7E3F89DF80000C8
:10F9500008B1042029E7F3F76DF8B6217E20F3F70C
:10F9600035FAF3F75DF85020F3F7CDF8BDF90C0048
:10F97000BDF91210401A40F25551884210DBBDF912
:10F980000E10BDF91400081A40F25551884207DBE9
:10F99000BDF91010BDF91600081AB0F52A7F01DA7A
:10F9A000802002E7F3F746F88020F3F7E5F95520C9
:10F9B000F3F7E2F95520F3F7DFF90090F3F730F8A9
:10F9C0009620F3F7A6F8F3F735F88020F3F7D4F98B
:10F9D0005520F3F7D1F95520F3F7CEF90090F3F75E
:10F9E0001FF89620F3F795F80020DEE6A4DB010867
:10F9F00038B5002400200090F3F732F86946002063
:10FA0000F3F7ADF9F3F722F89620F3F782F8F3F75E
:10FA100027F869460020F3F7A2F9F3F717F89620C4
:10FA2000F3F777F8F3F71CF8B6211420F3F7CEF9C3
:10FA3000F3F70CF85020F3F766F8F3F711F869467E
:10FA40000020F3F78CF9F3F701F89620F3F761F84B
:10FA5000F3F706F869460020F3F781F9F2F7F6FFAD
:10FA60009620F3F756F89DF800000F2801D0FF20EC
:10FA700038BD00242FE0F2F7F3FF04EB4402184BEB
:10FA80001A44517804EB4402985CF3F79FF9F2F7BB
:10FA9000DDFF9620F3F73DF8F2F7E2FF04EB4401B7
:10FAA0000F4A505C6946F3F75AF9F2F7CFFF9620F8
:10FAB000F3F72FF804EB44000949084440789DF817
:10FAC0000010884205D004EB4400054908448078C2
:10FAD000CEE7601CC4B2062CCDDB0020C8E70000D6
:10FAE0007603002038B5002000900024F2F7B8FF1C
:10FAF00069460020F3F733F9F2F7A8FF9620F3F7F1
:10FB000008F8F2F7ADFF69460020F3F728F9F2F79D
:10FB10009DFF9620F2F7FDFFF2F7A2FFB621142019
:10FB2000F3F754F9F2F792FF5020F2F7ECFFF2F7F7
:10FB300097FF69460020F3F712F9F2F787FF962046
:10FB4000F2F7E7FFF2F78CFF69460020F3F707F9B9
:10FB5000F2F77CFF9620F2F7DCFFF2F781FF01213C
:10FB60003C20F3F733F9F2F771FF5020F2F7CBFFA7
:10FB700000BFF2F775FF69463C20F3F7F0F8F2F7A3
:10FB800065FF9620F2F7C5FF601CC4B29DF8000027
:10FB900000F0020008B90A2CEBDB0A2C01D140204E
:10FBA00038BD9DF8000000F0040008B14020F7E7E0
:10FBB0000020F5E738B503460C464948834201D199
:10FBC000484903E04848834200D1484908684068F2
:10FBD00000F4006068B1486B18B1486B0068406879
:10FBE00028B9886B28B1886B0068406808B101208B
:10FBF00038BD002200BF0BE0501C82B2642A07DD32
:10FC00000868006840F400700D6828600020EFE785
:10FC10000868806900F002000028EDD108680068DB
:10FC200020F400600D6828600868006840F4807067
:10FC30000D68286000220BE0501C82B2642A07DDA8
:10FC40000868006840F400700D6828600020CFE765
:10FC50000868406900F001000028EDD004F0FE00C3
:10FC60000D68286100220CE0501C82B2B2F5FA7FC8
:10FC700007DD0868006840F400700D682860002007
:10FC8000B6E70868406900F002000028ECD000BF29
:10FC90000020009008684069009008688069009022
:10FCA00000BF00BF00220CE0501C82B2B2F5FA7F08
:10FCB00007DD0868006840F400700D6828600020C7
:10FCC00096E70868406900F080000028ECD00868DA
:10FCD000006840F400700D682860012088E700008B
:10FCE00000540040B80C0020005800400C0D0020CB
:10FCF000F8B504460D4616461F460C48844208D106
:10FD000064203B463246294600900948F5F72CFB13
:10FD10000AE00848844207D164203B46324629461F
:10FD200000900548F5F720FBF8BD000000540040A6
:10FD3000B80C0020005800400C0D002000200249A3
:10FD40000968C8637047000034100020034A126835
:10FD50009062024A1268D16370470000341000209C
:10FD600010B504461A48007840B91A48007828B9F6
:10FD70001748047064201749087028E01448007878
:10FD800038B914480078401E12490870FFF7D6FFB2
:10FD90001DE011480078401C0F49087008460078A3
:10FDA000322802DAFFF7CAFF11E00B480078642816
:10FDB00005DA47F230510120FFF7C8FF07E00020C5
:10FDC0000549087002480078401E0149087010BDBE
:10FDD000D7020020D8020020D9020020F0EE400A0D
:10FDE00020EEA02AB0EE421A21EE202AF0EE421AAE
:10FDF0009FED282AF4EEC20AF1EE10FA02D29FED2E
:10FE0000260A31E09FED252AF4EEC20AF1EE10FA3F
:10FE100010D29FED232A21EE822ADFED222A02EE64
:10FE2000C12ADFED212A02EEA02ADFED202A32EEE0
:10FE3000620A19E09FED1E2AF4EEC20AF1EE10FAF2
:10FE400010D29FED1C2A21EE822ADFED1B2A02EE42
:10FE5000C12ADFED1A2A02EEA02ADFED192A32EEBE
:10FE6000620A01E0B7EE000AB5EEC00AF1EE10FA40
:10FE700004D29FED092AB0EE420A0AE0B7EE002A4A
:10FE8000B4EEC20AF1EE10FA03DDB7EE002AB0EECE
:10FE9000420A704700009C41000000003333AF412C
:10FEA0001399B93BFB5CAD3EE17AD84014AE3442C5
:10FEB0000000CC4161E0B93C46B6D33F295C214209
:10FEC0003333A44330B502460C464FF6FF710AB9EE
:10FED000084630BD09E012F8013B81EA0300C0B2D8
:10FEE0000A4D35F8100080EA2121201EA4F10104FA
:10FEF000F1D107480078032802D1064D286002E0BE
:10FF00006720044D28600846E3E7000046C8010862
:10FF10001B3800202C03002030B50246FF2005E0EE
:10FF200012F8014B84EA0003034CE05C0C1EA1F1C3
:10FF30000101F5D130BD000046C701082DE9F05F91
:10FF40000546884691469A46DDF828B07DB1B8F15D
:10FF5000000F0CD0B9F1000F09D0BAF1000F06D094
:10FF6000BBF1000F03D00B9808B10C9808B9BDE89D
:10FF7000F09F002600270024288A698A401A04B2CC
:10FF8000002C03DA41F6FF70204404B2204604EB53
:10FF9000D0712A8AA2EB61010CB2B4F5005F04DBD8
:10FFA000A4F5F850FF3804B205E0002C03DA41F65E
:10FFB000FF70204404B2A8F80040B8F80010288A66
:10FFC00004F08AFA8AED000AB8F80010688A04F092
:10FFD00083FA8BED000A95ED020ADFED3C0A80EE14
:10FFE000201ABDEEC10A10EE100A04B2A88A2044FD
:10FFF00006B295ED030ADFED350A80EE201ABDEE5C
:020000040801F1
:10000000C10A10EE100A04B2E88A204407B2B6F51D
:10001000005F04DBA6F5F850FF3806B205E0002EBD
:1000200003DA41F6FF70304406B2B7F5005F04DB37
:10003000A7F5F850FF3807B205E0002F03DA41F6C4
:10004000FF70384407B2F01B04B2B4F5805F04DDE2
:10005000A4F5F850FF3804B206E014F5805F03DA27
:1000600041F6FF70204404B2BE4203DD41F6FF704A
:10007000384407B2204604EBD071A6EB61010CB204
:10008000B4F5005F04DBA4F5F850FF3804B205E0D6
:10009000002C03DA41F6FF70204404B2A9F80040B6
:1000A000B9F80010A88A04F017FAB1EE400A0B98CC
:1000B00080ED000AB9F80010E88A04F00DFAB1EEFC
:1000C000400A0C9880ED000A00BF50E7DB0F493A68
:1000D000F8B50024002500BF69E004EB840303EBBE
:1000E000C403344E33441B7903F07F0204EB8403D2
:1000F00003EBC4033344D3F805102F4BE81801F089
:10010000A6FE04EB840000EBC400314608440079ED
:1001100000F07F0005EB800085B2274968180122B6
:10012000694601F094FE9DF8000004EB840101EBA8
:10013000C401324650549DF8010004EB840101EBE8
:10014000C401114448709DF8020004EB840101EBE6
:10015000C401114488709DF8030004EB840101EB95
:10016000C4011144C870281D85B204EB840000EB63
:10017000C40011460844C078552816D004EB84000A
:1001800000EBC4000844D0F8090070B104EB84000F
:1001900000EBC4000844007920F08000803004EBBC
:1001A000840101EBC40111440871601CC4B2052C28
:1001B00093DBF8BD5C2D002000000A0870B5002418
:1001C000002500BF2DE004EB840303EBC4031B4EAA
:1001D00033441B795B06DA0D04EB840303EBC403A1
:1001E0003344D3F80510164B5819F0F712FC04EB02
:1001F000840000EBC40031460844007900F07F0021
:1002000005EB800085B20E48284404EB840101EB25
:10021000C4013246114409680160281D85B2601C82
:10022000C4B2052CCFDB0121064801F0F9FD1E22E6
:100230000349044801F016FE70BD00005C2D00204B
:10024000E42C002000000A087CB506460D46344622
:10025000ADB994ED042AF0EE421A94ED032AB0EE03
:10026000421A94ED022AF0EE420A94ED012AB0EE11
:10027000420A6188208805F0BBFD00207CBD012D6D
:1002800016D104F11000011F0B1F221DCDE9001033
:10029000A11C204601F06AFB18B1FFF74FFD0120B9
:1002A000ECE744F61F611F20FFF750FD0020E5E753
:1002B0000020E3E770B506460C46354634B92946BA
:1002C00005F10C00F8F7E0FE002070BD012C1ED1F6
:1002D000104A294605F10C00F8F798FE0D480088F1
:1002E00044F62061884209DD00200A490880FFF7B2
:1002F00025FD2420FAF7E8FF0120E6E7FBF70CF8DC
:1003000042F210715F20FFF721FD0020DDE70020A1
:10031000DBE700001A01002070B505460E462C46AA
:100320000EB9012070BD0020207002F023F8BDEE50
:10033000C00A10EE100A0A3040B2E07094F90300CF
:100340002D2801DD2D20E07043F23900A4F80100D2
:10035000B3EE060A10EE100A60600120E2E700002A
:1003600010B5002400BF26E02748015D04EB84009F
:1003700000EBC400254A1044007961F3060004EB49
:10038000840101EBC40111440871214850F8240094
:1003900004EB840101EBC4011144C1F805001D48C0
:1003A00050F8240004EB840101EBC4011144C1F8AE
:1003B0000900601CC4B2052CD6DBFFF789FE0024BF
:1003C0001FE004EB840000EBC40010490844C0782F
:1003D000552814D104EB840000EBC4000844D0F885
:1003E000090060B10A4951F8240004EB840101EBD3
:1003F000C401064B1944D1F8092000219047601C24
:10040000C4B2052CDDDB10BDEC0000205C2D00200B
:10041000D8000020F400002001F0A8FF4A4908603D
:1004200091E0FAF797FD0020484908707EE04748C0
:10043000007800EB800101EBC000454908440079D9
:10044000C00900286DD04148007800EB800101EB25
:10045000C0003F490844D0F80900002861D03D4958
:100460003A4B1B7851F823003849097801EB810396
:1004700003EBC101364B1944D1F809200121904703
:10048000F0B33248007800EB40003349085C2F4954
:10049000097801EB810202EBC1012D4A50542B482F
:1004A000007800EB40002C4908444078274909783F
:1004B00001EB810202EBC101254A11444870234837
:1004C000007800EB40002449084480781F490978EF
:1004D00001EB810202EBC1011D4A114488705520D5
:1004E0001A49097801EB810202EBC101184A114453
:1004F000C8701648007800EB800101EBC00000E0F6
:100500000FE011460844007920F080000F49097877
:1005100001EB810202EBC1010D4A11440871FFF7A2
:100520004DFE0A480078401C0849087007480078CA
:100530000528FFF67CAF012004F082FA002007F0C6
:1005400079FF064908606CE7CC0000200C01002010
:100550005C2D0020D800002034B50108C800002020
:1005600000B58BB001200990002007900120089071
:10057000002001900290039004900690059001A93C
:100580000C48F3F73FFB0B48F4F703F90221094845
:10059000F3F778FA0E200A90069001A90648F3F7BF
:1005A00031FB0548F4F7F5F802210348F3F76AFA3E
:1005B0000BB000BD30050020580500202DE9F041AA
:1005C00007460C4615461E4617B10CB105B10EB9CB
:1005D000BDE8F0812048007830B933462A462146EC
:1005E000384601F0ADF935E01B480078012806D106
:1005F00033462A462146384600F0F6FC2AE01648E3
:100600000078022806D133462A462146384600F0B3
:10061000ADFB1FE010480078032806D133462A4678
:100620002146384600F05CF914E00B4800780428B5
:1006300006D133462A462146384600F0BDFC09E083
:1006400005480078052805D133462A462146384614
:1006500000F0E0FC00BFBBE75001002010B50446ED
:1006600004B910BD2068807A03280CD12068007D71
:1006700000F0100018B104202249087011E0022097
:10068000204908700DE02068807A022803D10120FB
:100690001C49087005E02068807A012801D11949B9
:1006A000087002F085FC10B1012016490870154849
:1006B000007810B90320207421E012480078012846
:1006C00002D1032020741AE00E480078022802D1DB
:1006D0000020207413E00B480078032802D1012089
:1006E00020740CE007480078042802D1022020740E
:1006F00005E004480078052801D10320207400BFDC
:10070000AFE700005001002030B52DED088B85B01B
:1007100005469FED720AB0EE408A9FED700AB0EE7A
:10072000409A9FED6E0AF0EE408A00200190029000
:10073000039004900024686890ED460AF0EE409A19
:10074000D5ED961AB0EE611AD5ED951AF0EE610A64
:10075000D5ED941AB0EE610A01A8F0EE691AF9F726
:10076000E5FE287C03281AD100BF12E001A800EBA7
:10077000840090ED000ABDEEC00A10EE100A01B22E
:1007800004EB840205F1140000EB82000182601C7E
:10079000C4B2042CEADB05B0BDEC088B30BD0024EC
:1007A00034E001A800EB840090ED000A04EB840122
:1007B00005F1140000EB810080ED030A04EB8402D4
:1007C00005F1140000EB820090ED030A10EE101A00
:1007D00008460AF0F1FB41EC1B0BB0EE4B0AF0EEC1
:1007E0006B0AFEF707FAB0EE40AAF0EE60AA51ECF1
:1007F0001A0B09F0E3F808EE900AB4EEE88AF1EE7D
:1008000010FA01D2B0EE688A601CC4B2042CC8DBB6
:10081000B0EE080AB4EEC08AF1EE10FA1DDDB0EEBB
:10082000080AC0EE080AB0EE609A002413E004EB58
:10083000840105F1140000EB810090ED030A20EE25
:10084000090A04EB840105F1140000EB810080ED3E
:10085000030A601CC4B2042CE9DB00241DE004EB95
:10086000840205F1140101EB820191ED031AF0EE0F
:10087000410A04EB840205F1140101EB820191EDC0
:10088000021AB0EE410A04EBC40205F1640101EB67
:10089000C200FAF7C3F9601CC4B2042CDFDB28469F
:1008A00000F0E6FB002415E004EBC40105F1640050
:1008B00000EBC10090ED080ABDEEC00A10EE100A70
:1008C00001B204EB840205F1140000EB8200018206
:1008D000601CC4B2042CE7DB00BF5CE70000000032
:1008E0002DE9F04106460F4615461C4616B10FB1DC
:1008F00005B10CB9BDE8F08122463946304600F01A
:100900009DFDD4ED990A2068B0F9040001EE100AAB
:10091000B8EEC11ADFED071A41EEC10AB0EE600A67
:100920009FED051ADFED050A03F07EFC85ED000A58
:1009300000BFDFE7BD370636DB0F4940DB0F49C09C
:1009400030B52DED108B87B004461CB907B0BDEC57
:10095000108B30BD002500BF2DE005EB850104F1B3
:10096000140050F82100B0F9020000EE100AB8EEB1
:10097000C00ADFEDF70A20EE200A05EB850104F13D
:10098000140000EB810080ED020A05EBC50104F1C3
:10099000640000EBC10090ED0C0ADFEDEE0A20EEE2
:1009A000200A05EB850104F1140000EB810080EDC5
:1009B000010A681CC5B2042DCFDB606890ED468A41
:1009C0009FEDE50A38EE000ADFEDE40A20EE200A8A
:1009D00010EE101A08460AF0EFFA41EC1B0BB0EECD
:1009E0004B0AF0EE6B0A03F03BFEB0EE409AF0EEDD
:1009F000609A94ED160A10EE101A08460AF0DCFA16
:100A000041EC1A0B53EC192B09F0D8FC9FEDD20ADC
:100A100038EE000ADFEDD10A20EE200ACDE902010E
:100A200010EE101A08460AF0C7FA41EC1D0BB0EEA2
:100A30004D0AF0EE6D0A03F081FEB0EE40BAF0EE22
:100A400060BA94ED110A10EE101A08460AF0B4FAD2
:100A500041EC1C0B53EC1B2B09F0B0FC41EC190BC7
:100A60009FEDBD0A38EE000ADFEDBC0A20EE200A39
:100A700010EE101A08460AF09FFA41EC1F0BB0EE78
:100A80004F0AF0EE6F0A03F0EBFDB0EE40DAF0EE45
:100A900060DA94ED0C0A10EE101A08460AF08CFA8F
:100AA00041EC1E0B53EC1D2B09F088FC41EC1B0B99
:100AB0009FEDA90A38EE000ADFEDA80A20EE200A11
:100AC00010EE101A08460AF077FA41EC1F0BB0EE50
:100AD0004F0AF0EE6F0A03F031FEB0EE40DAF0EEAE
:100AE00060DA94ED070AB1EE400A10EE101A0846DB
:100AF0000AF062FA41EC1E0B53EC1D2B09F05EFC70
:100B000041EC1C0B53EC1B2B09F054FF41EC1A0B6E
:100B100053EC192B09F0B4F8CDE900019DED020B5F
:100B200053EC102B9DED000B51EC100B09F0A8F8C5
:100B3000CDE904019DED040B51EC100B08F03EFFD4
:100B4000C4F844029FED840A38EE000ADFED830A00
:100B500020EE200A10EE101A08460AF02DFA41EC99
:100B60001D0BB0EE4D0AF0EE6D0A03F0E7FDB0EE9E
:100B700040BAF0EE60BA94ED160A10EE101A08466C
:100B80000AF01AFA41EC1C0B53EC1B2B09F016FC73
:100B900041EC190B9FED700A38EE000ADFED6F0A89
:100BA00020EE200A10EE101A08460AF005FA41EC71
:100BB0001D0BB0EE4D0AF0EE6D0A03F051FDB0EEE4
:100BC00040BAF0EE60BA94ED110A10EE101A084621
:100BD0000AF0F2F941EC1C0B53EC1B2B09F0EEFB75
:100BE0009FED5D0A38EE000ADFED5C0A20EE200A78
:100BF000CDE9020110EE101A08460AF0DDF941ECC9
:100C00001F0BB0EE4F0AF0EE6F0A03F097FDB0EE47
:100C100040DAF0EE60DA94ED0C0A10EE101A084695
:100C20000AF0CAF941EC1E0B53EC1D2B09F0C6FB70
:100C300041EC1B0B9FED480A38EE000ADFED470A36
:100C400020EE200A10EE101A08460AF0B5F941EC21
:100C50001F0BB0EE4F0AF0EE6F0A03F001FDB0EE8D
:100C600040DAF0EE60DA94ED070A10EE101A08464A
:100C70000AF0A2F941EC1E0B53EC1D2B09F09EFB70
:100C800041EC1C0B53EC1B2B09F094FECDE9000149
:100C90009DED020B53EC102B9DED000B51EC100B56
:100CA00009F088FE41EC1A0B53EC192B08F0E8FF11
:100CB000CDE904019DED040B51EC100B08F07EFE14
:100CC000C4F8480294ED070AB1EE400AD4ED0C0ACC
:100CD00030EE600AD4ED110A30EE600AD4ED160A47
:100CE00030EE600AF5EE000A20EE200ADFED1C0A65
:100CF00080EE201A84ED931AE068D0ED000A606857
:100D000090ED461A70EEC10AB0EE600A9FED151A1A
:100D1000DFED150A03F088FA84ED9E0AE068D0ED55
:100D2000010AA06890ED461A70EEC10AB0EE600AA2
:100D30009FED0C1ADFED0C0A03F076FA84ED9F0AA2
:100D4000E06890ED020A84EDA00A00BFFEE5000015
:100D50000A01DA390000FA43000034424DF38E3CB8
:100D6000CDCC4C3EDB0F4940DB0F49C02DE9F041B3
:100D700007460E4615461C4617B10EB105B10CB913
:100D8000BDE8F08122463146384600F057FB206826
:100D9000007D00F0010070B92068007D00F00200C5
:100DA00048B92068007D00F0040020B92068007D6B
:100DB00000F0080028B19FED210A214880ED000ACB
:100DC00004E09FED200A1E4880ED000A1E480078CE
:100DD000B0B11E4890ED000AEFF75CFB1848D0ED6B
:100DE000000A20EE200A1A4880ED000A174890ED0C
:100DF000000ADFED180A30EE200A80ED000A04E058
:100E00009FED150A124880ED000A104890ED000A87
:100E1000DFED120AB4EEE00AF1EE10FA07DD90ED14
:100E2000000ADFED0E0A30EE600A80ED000A084885
:100E300090ED000A85ED000A00BFA1E77CD9A03E35
:100E4000600100203333333F64010020580100204B
:100E50005C0100207C59444400000000DB0FC940C5
:100E600070B5044604B970BD0320207401F07EFA09
:100E7000206001F01BF9E06001F0B2FA606001F05F
:100E800071FAA060002517E0284601F0C3F905EBD0
:100E9000850204F1140141F8220005EBC50250312E
:100EA00001EBC200DFED240A9FED240A244A002151
:100EB000F9F7D2FF681CC5B2042DE5DBDFED210A8E
:100EC000B2EE020A204A002104F5C270F9F7C4FF0D
:100ED000DFED1C0AB2EE040A1C4A002104F5E6709C
:100EE000F9F7BAFF1A499FED1B0A04F5097000F0E3
:100EF00085FF19499FED170A04F50D7000F07EFF7C
:100F000016499FED140A04F5057000F077FFB0EE66
:100F1000000A84ED9A0AB8EE000A84ED9B0AB7EE47
:100F2000080A84ED9C0ABFEE080A84ED9D0A20465B
:100F3000FFF706FD00BF96E70000FA4400007A467E
:100F400044B50108CDCC4C3E50B501085CB5010854
:100F500068B501086F12033B6CB5010870B5010854
:100F600000B97047417C027C914200D1F9E7417C95
:100F700031B1017C21B99FED0F0A80ED980A14E090
:100F8000417C012907D0017C012904D190ED9E0A02
:100F900080ED990A09E0417C022906D0017C0229F2
:100FA00003D190ED9E0A80ED990A017C417400BF47
:100FB000D7E70000000000002DE9F04107460E468B
:100FC00014461D4617B10EB104B10DB9BDE8F0814C
:100FD0002A463146384600F031FAB1EE040A84ED73
:100FE000000A00BFF2E7000010B109B102B103B975
:100FF00070479FED070A80ED000A9FED050A81ED1D
:10100000000A9FED030A82ED000A00BFF0E700002E
:101010000000000010B510B109B102B103B910BD54
:101020001C68B4F9024004EB8404640000EE104A2A
:10103000B8EEC00A80ED000A1C68B4F900406442B2
:1010400004EB8404640000EE104AB8EEC00A81ED9F
:10105000000A1C68B4F90440644204EB8404640090
:1010600000EE104AB8EEC00A82ED000A00BFD6E7D3
:1010700030B52DED108B95B00446282013909FEDD0
:10108000E80AB0EE40AA9FEDE60AB0EE40FA9FED06
:10109000E40AF0EE409A9FEDE20A8DED0A0A9FED18
:1010A000E00A8DED090A9FEDDF0AF0EE40AA9FED00
:1010B000DE0AB0EE408A9FEDDC0A8DED080A9FED56
:1010C000DB0A8DED070A9FEDDA0AB0EE40EA09A9C6
:1010D0000AA801F0ABF8F3EE0E0A9DED090A04F53B
:1010E000E670F9F79BFD13A801F08EF8D4ED7B0AAA
:1010F000BDF84C0000EE100AB8EE400A30EE600A6F
:10110000B0EE40FAB0EE4FAA00205DE000EBC00266
:1011100004F1640101EBC20191ED080A60EE2A0AB4
:1011200000EB800204F1140151F82210B1F9021011
:1011300000EE101AB8EEC00A20EE800A00EB800222
:1011400004F1140151F82210B1F9021000EE901AC6
:10115000B8EEE01ADDED070A21EE201A00EB80025E
:1011600004F1140151F82210B1F9021000EE901AA6
:10117000F8EEE00A01EE200A00EBC00204F164017F
:1011800001EBC201D1ED080A60EE880A00EBC00253
:1011900004F1640101EBC20191ED081A00EE810A2D
:1011A00030EE0E0A0FA901EB800181ED000A00BFAD
:1011B0000FA901EB800191ED000A30EE290AF0EE53
:1011C000409A00BF411CC8B204289FDBF4EECA9AC3
:1011D000F1EE10FA7EDD8AEE290A8DED060A002571
:1011E00015E10FA800EB8500D0ED000A9DED060A81
:1011F00020EE800A0BA800EB850080ED000A0BA80A
:1012000000EB850090ED000AB5EEC00AF1EE10FA91
:1012100000D2FAE005EB850104F1140050F821003A
:10122000B0F9020000EE100AB8EEC00A60EE2A8A99
:101230000BA800EB850090ED000A05EB850104F199
:10124000140050F82100B0F9020000EE900AB8EE48
:10125000E01ADDED080A21EE201A05EB850104F104
:10126000140050F82100B0F9020000EE900AF8EEE8
:10127000E00A11EE200A70EE0EEA28EEA80AF1EE5E
:10128000000A68EE200AB0EE409A00EEEE9AB5EE43
:10129000C09AF1EE10FA00D2B7E005EBC50104F1F7
:1012A000640000EBC10090ED080AB5EEC00AF1EE53
:1012B00010FA55DDB0EE000A28EE000A10EE101A02
:1012C000084609F079FE41EC1B0B19EE100A09F0F3
:1012D00073FE00E09FE0CDE900019DED000BFDF7FE
:1012E0005BFDB0EE40DAF0EE60DAB1EE680A10EEC7
:1012F000100A09F061FE53EC1D2BCDE902019DEDB2
:10130000020B51EC100B08F0BBFC41EC1C0B53EC36
:101310001B2B08F0E7FDCDE904019DED040B51EC1A
:10132000100B08F04BFB0FEE900A9FED420AF4EE13
:10133000C0FAF1EE10FA0ADD9FED3E0A05EBC50199
:1013400004F1640000EBC10080ED080A07E005EB42
:10135000C50104F1640000EBC100C0ED08FA53E0E0
:10136000B0EE000A28EE000A10EE101A084609F046
:1013700023FE41EC1C0B19EE100A09F01DFECDE90D
:1013800000019DED000BFDF707FDB0EE40BAF0EE59
:1013900060BAB1EE680A10EE100A09F00DFE53ECC7
:1013A0001B2BCDE902019DED020B51EC100B09F056
:1013B00001FB41EC1D0B53EC1C2B08F093FDCDE918
:1013C00004019DED040B51EC100B08F0F7FA0FEE41
:1013D000900A9FED190AF4EEC0FAF1EE10FA0AD263
:1013E0009FED150A05EBC50104F1640000EBC10097
:1013F00080ED080A07E005EBC50104F1640000EB8D
:10140000C100C0ED08FA00BF00BF681CC5B2042DC2
:10141000FFF6E7AE00BF15B0BDEC108B30BD00008D
:10142000000000004F020636FC110434C3031C34D4
:101430008D97824000007A4600007AC62DE9F0417F
:101440002DED028B05460E4614460CB105B11EB9B2
:10145000BDEC028BBDE8F0812068B0F902000A28DB
:1014600005DC2068B0F9020010F10A0F03DA2068E9
:10147000B0F9027000E000272068B0F900000A28E7
:1014800005DC2068B0F9000010F10A0F03DA2068CB
:10149000B0F9008001E04FF00008C8F1000000EE54
:1014A000100AB8EEC00ADFED380A20EE208A784232
:1014B00000EE100AB8EEC00ADFED340A60EE208AB2
:1014C0002068007D00F0010020B194ED9D0AF0EE4F
:1014D000408A08E02068007D00F0020018B194ED19
:1014E0009C0AF0EE408A2068007D00F0040020B1E4
:1014F00094ED9A0AB0EE408A08E02068007D00F082
:10150000080018B194ED9B0AB0EE408AB0EE480A8C
:1015100004F5097000F047FCB0EE680A04F50D70A0
:1015200000F041FC9FED1A0AB4EEC08AF1EE10FA09
:101530000AD29FED180AB4EEC08AF1EE10FA03DD6C
:101540009FED150A84ED8A0A9FED140AF4EEC08A15
:10155000F1EE10FA0AD29FED120AF4EEC08AF1EE13
:1015600010FA03DD9FED0C0A84ED8E0A94ED8A0AD1
:10157000B1EE400A85ED000A94ED8E0AB1EE400A04
:1015800086ED000A00BF63E7A69BC43B0AD7A33BD6
:1015900090C2753D90C275BD00000000CCCC4C3DA2
:1015A000CCCC4CBD30B52DED0C8B83B004461CB9B2
:1015B00003B0BDEC0C8B30BDA34890ED000AF7EEF4
:1015C000000A30EE200A80ED000A9FEDA00A8DEDA2
:1015D000020A9FED9E0A8DED010A9FED9C0A8DED9A
:1015E000000A23466A4601A902A8FEF7E7FF207C0D
:1015F000002870D19FED950AB0EE408A9FED930AC6
:10160000F0EE408A6068D0ED460AF1EE600AB0EE76
:10161000600AEEF73FFFB0EE408A6068D0ED460A00
:10162000F1EE600AB0EE600AEEF7F8FEF0EE408AE6
:101630009DED020A28EE800ADDED010A08EE200A7F
:1016400084ED940AB1EE480ADDED020A20EE200A8C
:10165000DDED010A08EEA00A84ED950A9FED7C1AE3
:10166000DFED7C0A9DED000A02F0DEFD84ED980AB4
:1016700094ED981AF0EE410A606890ED461AB0EECB
:10168000410A04F5C270F9F7C9FAB1EE400A84EDD7
:10169000960AD4ED9A1AB0EE611AD4ED9B1AF0EEC8
:1016A000610AD4ED941AB0EE610A00F040FC84EDBA
:1016B000940AD4ED9C1AB0EE611AD4ED9D1AF0EEA6
:1016C000610AD4ED951AB0EE610A00F030FC84EDA9
:1016D000950AB6E0FFE7207C012844D19FED5B0A24
:1016E000B0EE408A9FED5A1ADFED5A0A9DED000ACE
:1016F00002F09AFD84ED990AD4ED990A94ED9E1AB0
:1017000070EEC10AB0EE600A9FED511ADFED510A8A
:1017100002F08AFDB0EE408AF0EE480A9FED4B0AD7
:1017200004F5C270F9F77AFA84ED960A94ED9A0AF4
:10173000B0EE401A94ED9B0AF0EE400A9DED020ACD
:1017400000F0F5FB84ED940A94ED9C0AB0EE401A8B
:1017500094ED9D0AF0EE400A9DED010A00F0E7FBD2
:1017600084ED950A6DE0207C022853D194ED960A11
:1017700010EE105A284609F01FFC41EC1D0B9FED9E
:10178000360B53EC102B08F019FE41EC1B0B606874
:1017900090ED460A10EE101A084609F00DFC41ECD7
:1017A0001C0B53EC1B2B08F06BFA41EC1A0B08F0E6
:1017B00005F908EE100A9FED250AF0EE408A9FED2C
:1017C000230AB0EE409AB1EE480AEEF763FEF0EE5F
:1017D000408AB1EE480AEEF721FEB0EE409A9DED48
:1017E000020A29EE000ADDED010A08EEA00A84EDE6
:1017F000940AB1EE680ADDED020A20EE200ADDED62
:10180000010A09EE200A84ED950AB0EE080A84ED7B
:10181000960A16E0207C032813D19DED020A84ED80
:10182000940A9DED010A84ED950A9DED000A84ED70
:10183000960A9FED060A84ED8A0A9FED040A84ED5C
:101840008E0A00BFB4E600007C010020000000000A
:10185000DB0F4940DB0F49C0FCA9F1D24D62403F8C
:1018600010B5044604B910BD2046FEF7F7FE00BFD0
:10187000F9E7000040F2651006F05CFF2E48FFF724
:10188000EFFA02E0022006F055FF012004F090FE7E
:101890000028F7D1022004F08BFE0028F2D10320AB
:1018A00004F086FE0028EDD1042004F081FE00281B
:1018B000E8D104F07DFE0028E4D13CE01E48FFF7AB
:1018C000CFFF1D48FFF74CFB1B48FFF739F81A48BC
:1018D000FFF768FE1848FEF717FF012004F068FEC6
:1018E00058B1022004F064FE38B1032004F060FE19
:1018F00018B1042004F05CFEA8B9002004F058FEE2
:1019000030B100231A4619461846F1F77BFA0AE06F
:10191000094CB4F96030B4F94C20B4F93810B4F97A
:101920002400F1F76FFA022006F004FF002006F011
:1019300081FD02490860C1E74C2F0020780100209A
:1019400010B109B102B103B970479FED070A80EDEC
:10195000000A9FED050A81ED000A9FED030A82ED62
:10196000000A00BFF0E70000000000002DE9FE4380
:101970000646894614461D46DDE90A78384890F83F
:10198000B80260BB0121364880F8B81290ED9E0A7B
:1019900080EDAA0AD0F8580101883148A0F8B412A5
:1019A00090ED4C0A80EDA80A006901882C48A0F847
:1019B000B01290ED9E0A80EDAB0AD0F85801018874
:1019C0002748A0F8B61290ED4C0A80EDA90A0069EC
:1019D00001882348A0F8B2120020BDE8FE83204809
:1019E00090F8B802052838D123464A4631461D48AA
:1019F0008DE8A001FEF7A2FA94ED000ADFED1A0AC5
:101A000030EE600A84ED000A95ED000ADFED160A5B
:101A100030EE200A85ED000A97ED000ADFED120A8C
:101A200030EE600A87ED000A98ED000ADFED0E0A3D
:101A300030EE200A88ED000A31880948A0F81E110E
:101A400094ED000A80ED480A95ED000A80ED490A00
:101A5000002180F8B8120120BFE70020BDE7000098
:101A6000EC3300208C360020CDCCCC3D07480068FC
:101A70000749B0FBF1F007490870044800684FF4CB
:101A80007A71B0FBF1F0044908607047A0000020B3
:101A900040420F00A8000020AC00002070B50346B3
:101AA000002400210020002200254FF0E026756967
:101AB0000D4E367803FB06F44FF0E026B16910E0D6
:101AC0004FF0E026B06988420BD0884202D20E1A4D
:101AD000324402E02E1A0E4432440146A24200D3A0
:101AE00000E0EDE700BF70BDA800002010B504467F
:101AF00004EBC400454901EB8000006804EBC4011D
:101B0000424A02EB8101486007F0BCFC04EBC401CF
:101B10003E4A02EB8101086004EBC400114601EB70
:101B20008000C07CC0F38010B0B104EBC40001EBB6
:101B30008000C07C20F0400004EBC40102EB810176
:101B4000C87404EBC400114601EB8000006804EB8C
:101B5000C40102EB8101C86004EBC4002B4901EB16
:101B60008000806990B304EBC401284A02EB810134
:101B70008869804758B304EBC400244901EB800016
:101B8000C07C20F02000203004EBC4011F4A02EB8F
:101B90008101C87404EBC400114601EB8000C07CD5
:101BA00020F08000803004EBC40102EB8101C87496
:101BB00004EBC400114601EB8000006A28B304EB7B
:101BC000C40102EB8101086A80471EE00FE0FFE7D5
:101BD00004EBC4000D4901EB8000C07C20F08000C4
:101BE00004EBC401094A02EB8101C8740DE004EB67
:101BF000C400064901EB8000C07C20F0800004EBAB
:101C0000C401024A02EB8101C87410BDD03100202A
:101C100030B503460C461546082D44D1207800F017
:101C20000F00988020780111D980A078617840EA6F
:101C300001219960E0780001217940EA2111D96001
:101C40006079217901F00F0140EA01211961102129
:101C5000DFED150A9FED150A986806F0DDF983EDB2
:101C6000070A0C21F3EE0E0ABBEE0E0AD86806F046
:101C7000D3F983ED080A0C21F2EE040ABAEE040A45
:101C8000186906F0C9F983ED090AA07900EE100A77
:101C9000B8EE400A83ED0C0AE07900EE100AB8EEC7
:101CA000400A83ED0D0A30BDDA0F4941DA0F49C110
:101CB00070B504460026FCF733FD054672B6616830
:101CC0002069884201D9206820612069067820694E
:101CD000401C2061A068401CA060E068401EE060DD
:101CE0002846FDF773F9304670BD03461960881821
:101CF000401E58609A600020D86019615961704791
:101D00002DE9F047044688461546FCF709FD824652
:101D100072B6B8F1000F00D13CE0A06800B939E01C
:101D200061686069884201D920686061A068A84242
:101D300001DD284600E0A068054661696068401A38
:101D4000461CAE4209DB2E46324641466069EEF73C
:101D500060FE6069304460610FE0A5EB0609324621
:101D600041466069EEF755FE08EB06014A462068D9
:101D7000EEF74FFE206848446061A068401BA060F9
:101D8000E0682844E0602F465046FDF71FF93846CA
:101D9000BDE8F0875046FDF719F94FF0FF30F7E73F
:101DA0000146C868704710EE101A0160816800EEA5
:101DB000901AC16801EE101A70EE811A816800EE67
:101DC000901A80EEA11A416800EE901A61EE200A86
:101DD000816801EE101AC16801EE901A31EE212AD5
:101DE00001EE101AC1EE021A016801EE101A41EE5E
:101DF000810A10EE901A41607047000010EE102A20
:101E0000C2600A688260DFED050A10EE902A026067
:101E1000DFED020A10EE902A4260704700000000D9
:101E200030B587B005460C46284600F095F804907A
:101E300000200290022006900594F3F715F801A9FE
:101E400002A8F2F765FFF2F7B9FF07B030BD70B531
:101E500004460D461646B20021462846EEF7D9FD47
:101E600070BD00002DE9F04104460D461646F2F71C
:101E7000FBFF1E480460204600F0FCF91C49086086
:101E80001C48056000201C49086024E019480068CF
:101E900007683A460023154801680220F2F798FFC8
:101EA00098B912480068001D104908601148006880
:101EB000001D1049086010480068401C0E49086069
:101EC00008460068B04206D10BE0F2F777FF4FF00A
:101ED000FF30BDE8F081054800680549096888427F
:101EE000D4D900BFF2F76AFF0020F2E7B00000206B
:101EF000B4000020B8000020BC000020014671EEB4
:101F0000602AF0EE621AB0EE602A30EE423A01200A
:101F10008840401E02EE900AF8EEE22A63EE222A82
:101F200082EEA13AFDEEC32A12EE900A7047F0EE5F
:101F3000401AF4EEE01AF1EE10FA02D2B0EE600AA6
:101F40007047F4EEC11AF1EE10FA02DDB0EE410A6C
:101F5000F6E7B0EE610AF3E701460020304A91420D
:101F600003D2B1F1006F00D358E02E4A914204D25F
:101F70002B4A914201D3012050E02B4A914204D2D6
:101F8000284A914201D3022048E0284A914204D2D3
:101F9000254A914201D3032040E0254A914204D2D0
:101FA000224A914201D3042038E0224A914204D2CD
:101FB0001F4A914201D3052030E01F4A914204D2CA
:101FC0001C4A914201D3062028E01C4A914204D2C7
:101FD000194A914201D3072020E0194A914204D2C4
:101FE000164A914201D3082018E0164A914204D2C1
:101FF000134A914201D3092010E0134A914204D2BE
:10200000104A914201D30A2008E0B1F1016F04D2D5
:102010000D4A914201D30B2000E00B2070470000D5
:10202000004000080080000800C00008000001080F
:10203000000002080000040800000608000008086C
:1020400000000A0800000C0800000E080048704755
:102050005444002030B5034613B94FF6FF7030BD2D
:1020600009E013F8014B82EA0400C0B2054D35F8CF
:10207000100080EA2222081EA1F10101F1D11046D0
:10208000EDE70000C4DC010830B5034605E013F8B5
:10209000010B80EA02040448025D081EA1F101015F
:1020A000F5D1104630BD0000C3DB01080048704781
:1020B000E43700202DE9F04104460D4616461F4640
:1020C00014B10DB106B10FB9BDE8F081D4ED010A2C
:1020D00094ED031A60EE810A94ED001AD4ED021A11
:1020E00041EE610AB8EE001A60EE810AB0EE600AB5
:1020F000F0F734FA86ED000A94ED001A21EE011A89
:10210000D4ED011A94ED012A01EE821AF7EE001ABD
:10211000B0EE002A52EE011AF0EE610A94ED001AB8
:10212000D4ED031A21EE211AD4ED011A94ED022AFE
:1021300001EE821AF0EE001A21EE211AB0EE410AE9
:10214000F0F718FA85ED000A94ED001A21EE011A55
:10215000D4ED031A94ED032A01EE821AF7EE001A69
:10216000B0EE002A52EE011AF0EE610A94ED001A68
:10217000D4ED011A21EE211AD4ED021A94ED032AAE
:1021800001EE821AF0EE001A21EE211AB0EE410A99
:10219000F0F7F0F987ED000A00BF95E7064890EDEB
:1021A000000ADFED060A20EE200ABCEEC00A10EE9F
:1021B000100A80B270470000E80200200000C84208
:1021C00010B52DED028B002008EE100A08210B48F7
:1021D000FDF700F908EE100AB8EE480A0848D0EDFD
:1021E000000A20EE200ADFED070A20EE200AF0EEBA
:1021F000408AB0EE680ABDEC028B10BDC805002015
:10220000A40000205D742141014949890180704783
:102210001B380020014601F0030000EB8000024A59
:1022200002EB400070470000B02D0020054A5268C4
:102230000260044A128900EE102AB8EE400A81EDCD
:10224000000A704728380020014890F903007047C1
:10225000D000002000487047D0310020004870476F
:10226000F62D002000487047002E002000487047DF
:10227000B0370020014600202D4A914204D2B1F12E
:10228000006F01D3104651E02A4A914204D2284AF5
:10229000914201D3274849E0274A914204D2254A76
:1022A000914201D3244841E0244A914204D2224A77
:1022B000914201D3214839E0214A914204D21F4A78
:1022C000914201D31E4831E01E4A914204D21C4A79
:1022D000914201D31B4829E01B4A914204D2194A7A
:1022E000914201D3184821E0184A914204D2164A7B
:1022F000914201D3154819E0154A914204D2134A7C
:10230000914201D3124811E0124A914204D2104A7C
:10231000914201D30F4809E00F4A914204D20D4A7D
:10232000914201D30C4801E04FF00160704700007A
:10233000004000080080000800C0000800000108FC
:102340000000020800000408000006080000080859
:1023500000000A0800000C0800000E080048704742
:10236000E22D0020004870474435002000487047A7
:10237000F540002010B52DED028B002008EE900AEC
:1023800010210F48FDF726F808EE900AB8EE680A0B
:102390000C48D0ED000A20EE200AB0EE408A9FEDF6
:1023A0000A0A78EE400A9FED091AB3EE090A00EE18
:1023B000810AB0EE408AB0EE480ABDEC028B10BD37
:1023C00080050020A40000205C8F423F0000C8432D
:1023D00000487047EC2D002000487047D82D0020A1
:1023E00000487047FC33002070B52DED0C8B04467F
:1023F000B0EE408AF0EE608AB0EE419A24B99FEDCB
:10240000360ABDEC0C8B70BD84ED048AC4ED038AE2
:1024100078EEC89A9FED311ADFED310AB0EE690A05
:1024200001F002FF10EE105A284608F0C5FD41ECFD
:102430001D0B9FED2C0B53EC102B07F0BFFF41EC55
:102440001C0B9FED2A0B53EC102B07F04BFD41ECBE
:102450001B0B9FED280B53EC102B07F0AFFF41EC4B
:102460001A0B07F0ABFA606194ED000AD4ED050A8F
:1024700020EE200A84ED080A94ED090AD4ED010A41
:1024800094ED051A00EE810A84ED090A94ED020A22
:1024900020EE090A84ED0A0AD4ED070AB0EE600ABC
:1024A00004F12400FCF7D0FD94ED080AD4ED090AEC
:1024B00030EE200AD4ED0A0A30EE200A84ED0B0A31
:1024C000D4ED060AB0EE600A04F12C00FCF7BCFD66
:1024D00094ED0B0A95E7000000000000DB0F494077
:1024E000DB0F49C06666666666A64C4000000000C9
:1024F000008076400000000000FFBF4070B52DED69
:10250000088B05460E46144605B114B9BDEC088B80
:1025100070BD2068B0F904000A2805DC2068B0F915
:10252000040010F10A0F04DA20688088D34908807B
:1025300002E00020D14908802068B0F906000A288E
:1025400005DC2068B0F9060010F10A0F04DA2068F3
:10255000C088CB49088002E00020C949088094ED7A
:10256000550A6068D0ED010AB4EE600AF1EE10FA87
:1025700009D194EDA70A6068D0ED020AB4EE600AB2
:10258000F1EE10FA7ED0606890ED010AB5EEC00A57
:10259000F1EE10FA38D1606890ED020AB5EEC00A8B
:1025A000F1EE10FA30D1B548B0F9000000EE100A93
:1025B000B8EEC00ADFEDB30A20EE200A2068B0F9B9
:1025C0000C0000EE900AF8EEE00A9FEDAF1A00EE64
:1025D000C10A85ED000AAA48B0F9000000EE100A11
:1025E000B8EEC00ADFEDA90A20EE200A2068B0F993
:1025F0000E0000EE900AF8EEE00A9FEDA51A00EE3C
:10260000810A86ED000A18E1A2480078042873D1F7
:10261000606890ED010A10EE101A084608F0CCFC34
:1026200041EC1B0B9FED9C0B53EC102B07F0C6FEEF
:1026300041EC190B9148B0F9000000EE100AB8EE19
:10264000C00ADFED900A20EE200A2068B0F90C00E5
:1026500000EE900AF8EEE00A9FED8B1A00EEC10A38
:1026600010EE101A084608F0A7FC41EC1A0B53ECC8
:10267000192B07F005FB41EC180B07F09FF92860B8
:10268000606800E0A9E090ED020A10EE101A08461A
:1026900008F092FC41EC1B0B9FED810B53EC102BCF
:1026A00007F08CFE41EC190B7548B0F9000000EE04
:1026B000100AB8EEC00ADFED750A20EE200A206885
:1026C000B0F90E0000EE900AF8EEE00A9FED701AE5
:1026D00000EE810A10EE101A084608F06DFC41EC7D
:1026E0001A0B53EC192B07F0CBFA41EC180B07F03F
:1026F00065F93060A1E0FFE7606890ED010A10EE37
:10270000101A084608F058FC41EC1B0B9FED620BB9
:1027100053EC102B07F052FE41EC190B5748B0F95F
:10272000000000EE100AB8EEC00ADFED560A20EEF7
:10273000200A2068B0F90C0000EE900AF8EEE00ADA
:102740009FED511A00EEC10A10EE101A084608F06B
:1027500033FC41EC1A0B53EC192B07F091FA41ECC6
:10276000180B07F02BF92860606890ED020A10EE54
:10277000101A084608F020FC41EC1B0B9FED480B9B
:1027800053EC102B07F01AFE41EC190B3C48B0F942
:10279000000000EE100AB8EEC00ADFED3C0A20EEA1
:1027A000200A2068B0F90E0000EE900AF8EEE00A68
:1027B0009FED371A00EE810A10EE101A084608F055
:1027C000FBFB41EC1A0B53EC192B07F059FA41ECC7
:1027D000180B07F0F3F830602FE02848B0F900003C
:1027E00000EE100AB8EEC00ADFED260A20EE200A3D
:1027F0002068B0F90C0000EE900AF8EEE00A9FEDB8
:10280000221A00EEC10A85ED000A1D48B0F9000049
:1028100000EE100AB8EEC00ADFED1C0A20EE200A16
:102820002068B0F90E0000EE900AF8EEE00A9FED85
:10283000181A00EE810A86ED000A606890ED010A20
:1028400084ED550A606890ED020A84EDA70A9FEDB9
:10285000160A606880ED010A9FED130A606880ED3A
:10286000020A94ED4C0A114880ED000A94ED9E0A8C
:102870000F4880ED000A00BF48E600008E010020EE
:1028800090010020931ADAB717B751388BE16AB775
:1028900017B751B850010020000000C076BE9F3F1E
:1028A00000000080E4F26FBF0000000084010020FF
:1028B0008801002010B52DED048B0446B0EE408A4F
:1028C000F0EE608AB0EE419A24B99FED260ABDEC85
:1028D000048B10BD84ED048AC4ED038A78EEC89A97
:1028E0009FED211ADFED210AB0EE690A01F09CFC90
:1028F00084ED050A94ED000AD4ED050A20EE200AC5
:1029000084ED080A94ED090AD4ED010A94ED051A44
:1029100000EE810A84ED090A94ED020A20EE090A0C
:1029200084ED0A0AD4ED070AB0EE600A04F124002F
:10293000FCF78AFB94ED080AD4ED090A30EE200A70
:10294000D4ED0A0A30EE200A84ED0B0AD4ED060A13
:10295000B0EE600A04F12C00FCF776FB94ED0B0A54
:10296000B5E7000000000000DB0F4940DB0F49C065
:1029700000B970479FED090A80ED040A80ED030A53
:1029800080ED050A9FED050A80ED0A0A80ED090A2F
:1029900080ED080A80ED0B0A00BFEAE700000000A6
:1029A00000B9704780ED001AC0ED011A80ED022ACF
:1029B000DFED062AC0ED052ADFED042AC0ED042A6A
:1029C000C0ED070A80ED060A00BFEAE7000000003C
:1029D00010B508B101B102B910BD1368B3F90430E4
:1029E0000A2B05DC1368B3F9043013F10A0F04DA7B
:1029F00013689B88254C238002E00023234C23800E
:102A00001368B3F906300A2B05DC1368B3F90630F6
:102A100013F10A0F04DA1368DB881D4C238002E0EF
:102A200000231B4C2380194BB3F9003000EE103A01
:102A3000B8EEC00ADFED170A20EE200A1368B3F9DA
:102A40000C3000EE903AF8EEE00A9FED131A00EE1B
:102A5000C10A80ED000A0E4BB3F9003000EE103AC7
:102A6000B8EEC00ADFED0D0A20EE200A1368B3F9B4
:102A70000E3000EE903AF8EEE00A9FED091A00EEF3
:102A8000810A81ED000A00BFA6E70000A001002036
:102A9000A2010020931ADAB717B751388BE16AB751
:102AA00017B751B810B52DED028B0446B0EE408A31
:102AB00014B9BDEC028B10BD94ED490A094880EDB4
:102AC000000AD0ED000A70EE880AB0EE600A9FEDB1
:102AD000061ADFED060A01F0A7FB84ED490A00BFE4
:102AE000E7E70000CC010020DB0F4940DB0F49C0C5
:102AF00070B506460C4615460EB104B105B970BD59
:102B00002248007828B92A462146304600F07CFF4A
:102B10003AE01E480078012805D12A462146304671
:102B200000F026FC30E019480078022805D12A463A
:102B30002146304600F05CF926E01448007803286E
:102B400005D12A4621463046FFF742FF1CE00F48D8
:102B50000078042805D12A462146304600F0B0FD11
:102B600012E00A480078052805D12A462146304659
:102B700000F0CCFC08E005480078062804D12A467D
:102B800021463046FFF7BAFC00BFB8E78C010020B1
:102B900010B5044604B910BD204600F049F823489A
:102BA000007828B9002184F81C1184F864123AE0F6
:102BB0001E480078012805D1022184F81C1184F8F0
:102BC000641230E019480078022805D1002184F809
:102BD0001C1184F8641226E014480078032805D1FB
:102BE000012184F81C1184F864121CE00F4800785D
:102BF000042805D1022184F81C1184F8641212E023
:102C00000A480078052805D1022184F81C1184F8AF
:102C1000641208E005480078062804D1032184F8EE
:102C20001C1184F8641200BFB5E700008C0100207D
:102C300070B52DED048B044614B9BDEC048B70BD4A
:102C400063480078022805D14FF42E70005D0528F6
:102C500000D0F2E74FF42E70005D012807D100206C
:102C600003F0A6FC18B9022059490870E5E7584856
:102C7000007801286FD157480088401C55490880CA
:102C800094ED4A0ADFED540A30EE600A10EE101A95
:102C9000084608F091F941EC190BB0EE490AF0EE44
:102CA000690AFBF7A7FFB0EE408AF0EE608A9FED5D
:102CB0004B0B53EC102B51EC180B07F043FB29D2B4
:102CC00094ED9E0ADFED440A30EE600A10EE101A11
:102CD000084608F071F941EC190BB0EE490AF0EE24
:102CE000690AFBF787FFB0EE408AF0EE608A9FED3D
:102CF0003B0B53EC102B51EC180B07F023FB09D2C4
:102D00003848008864280FDA36480088401C354966
:102D1000088009E02F480088B0F57A7F04DA2D4852
:102D20000088401C2B4908802A480088B0F57A7F2B
:102D30000CDA2C480088642808DA2068807A022897
:102D400004D0002003F034FC00B976E700202549C8
:102D50000880204908802068807A012800D100E09E
:102D6000002005462068807A022803D100201849F7
:102D7000087015E02068807A03280AD12068C07C9A
:102D800018B10620124908700AE0032010490870A3
:102D900006E02068807A012802D106200C490870DC
:102DA000002003F005FC10B10020094908700E480E
:102DB000007828B90648007810B10120044908704D
:102DC00003480078084908700848056000BF34E7E8
:102DD0008C0100209801002000000000000000A0ED
:102DE0009999B93F9A0100209C010020940100208C
:102DF00010B508B101B102B910BD4FF42E739B5C40
:102E0000012B2AD19FED650A80ED000A92EDA00A00
:102E1000DFED630AB4EEE00AF1EE10FA1CD2614B6A
:102E20001B885B1C5F4C238023461B88B3F5FA6F1D
:102E300012DD0023238092ED9E0A82EDAA0AD2F8C9
:102E400058311C884FF42D739C521B1D9B5C5B1CDE
:102E5000DCB24FF42E739C549EE04FF42E739B5CB7
:102E6000022B2AD19FED4D0A80ED000A92EDA00AB7
:102E7000DFED4B0AB4EEE00AF1EE10FA1CD2494B3A
:102E80001B885B1C474C238023461B88B3F5FA6FD5
:102E900012DD0023238092ED9E0A82EDAB0AD2F868
:102EA00058311C8840F2B6239C529B1C9B5C5B1CD7
:102EB000DCB24FF42E739C546EE04FF42E739B5C87
:102EC000032B2ED19FED350A81ED000A9FED360AC6
:102ED00080ED000A92ED4E0ADFED310AB4EEE00A11
:102EE000F1EE10FA58D22F4B1B885B1C2D4C23801F
:102EF00023461B88B3F5FA6F4EDD0023238092ED45
:102F00004C0A82EDA80A13691C884FF42C739C525A
:102F10004FF42E739B5C5B1CDCB24FF42E739C54FD
:102F20003AE04FF42E739B5C042B2DD19FED1B0ACE
:102F300081ED000A9FED1D0A80ED000A92ED4E0A18
:102F4000DFED170AB4EEE00AF1EE10FA24D2154BC9
:102F50001B885B1C134C238023461B88B3F5FA6F38
:102F60001ADD0023238092ED4C0A82EDA90A136931
:102F70001C8840F2B2239C529B1D9B5C5B1CDCB204
:102F80004FF42E739C5407E04FF42E739B5C052B7B
:102F900002D10023034C238000BF2DE70000000076
:102FA000CDCCCC3D9E0100200080BB450080BBC540
:102FB0000948007801280AD007480078022806D07E
:102FC00005480078052802D00348007808B9012098
:102FD00070470020FCE700008C01002007480078C3
:102FE000012806D005480078022802D0034800785E
:102FF00008B9012070470020FCE700008C01002088
:1030000010B5044604B910BD94F81C0120B904F1B0
:10301000100000F013FB19E094F81C01012804D102
:1030200004F1100000F082FA10E094F81C0102286C
:1030300004D104F1100000F013FB07E094F81C0128
:10304000032803D104F1100000F09EFA94F8640202
:1030500020B904F5AC7000F0F1FA19E094F86402BC
:10306000012804D104F5AC7001F04CFD10E094F897
:103070006402022804D104F5AC7000F0F1FA07E014
:1030800094F86402032803D104F5AC7001F09CFDB0
:1030900000BFB8E770B52DED028B044614B9BDEC46
:1030A000028B70BDA06890ED010A84ED9E0AB4F811
:1030B0006612D4F85821108801F00EFAB1EE400AD9
:1030C00084ED9C0AE06890ED010A84EDA00AA068F6
:1030D00090ED000A84ED4C0AB4F81E1122691088A4
:1030E00001F0FAF984ED4A0AD4ED9C0AB0EE600AC8
:1030F000EDF794F9E068D0ED020A20EE208AD4EDD5
:103100009C0AB0EE600AEDF7C5F9E068D0ED000A60
:1031100000EE608A84ED4E8AFF201A4908701A4832
:103120000078032803D101201849086002E000203C
:103130001649086094F86402032808D194F81C0129
:10314000032804D1114800780E49487003E00F4865
:1031500000780C494870D4F878529FED0D0A10EEB3
:10316000100A0849C1F802000846C0F80650D4F811
:103170003001C1F80A00002088730D20C87300BF19
:103180008DE70000714400201B380020A8010020BA
:103190000000000010B50446FFF71EF92061FFF79C
:1031A000DDF8C4F85801FEF781FFA060FFF75EF874
:1031B000E06000F017FEFFF7D9F82060FEF746FF49
:1031C0006060B7EE000A84ED550AB7EE000A84EDA0
:1031D000A70A002184F81D1184F81C1184F86512D7
:1031E00084F864129FED542ADFED541A9FED541AAF
:1031F000DFED520AB2EE040A04F1A400FFF7D0FB9F
:103200009FED502ADFED4D1AB2EE0E1ADFED4B0A9C
:10321000B2EE040A04F11400FFF7C2FB9FED472A47
:10322000DFED461AB2EE001ADFED440AB2EE040AF0
:1032300004F14400FFF7B4FB9FED422ADFED3F1A93
:103240009FED411ADFED3D0AB2EE040A04F174006D
:10325000FFF7A6FBDFED3D0A9FED3D0A3D4A002149
:1032600004F1D400F7F7F8FD9FED3B2ADFED331AA8
:103270009FED3A1ADFED310AB1EE040A04F5AE70A3
:10328000FFF78EFB9FED362ADFED2C1A9FED2B1AF0
:10329000DFED2A0AB1EE040A04F5C670FFF780FBE1
:1032A0009FED302ADFED251A9FED2F1ADFED230A5F
:1032B000B1EE040A04F5DE70FFF772FBF7EE080AC0
:1032C000B2EE000A294A002104F50770F7F7C4FDA1
:1032D00004F11400FFF74CFB04F14400FFF748FB36
:1032E00004F1D400F7F792FD04F5AE70FFF740FB50
:1032F00004F5C670FFF73CFB04F50770F7F786FD91
:103300002046FFF7C7FE94ED4C0A84ED4D0A94ED7C
:103310004A0A84ED4B0A94ED4E0A84ED4F0A94ED6F
:103320009E0A84ED9F0A94ED9C0A84ED9D0A94ED1B
:10333000A00A84EDA10A10BDCDCC4CBE0000000057
:1033400000000C42CDCCCCBE00001C4200409C458D
:103350000060EA4680B50108EC5138BD8FC2753C6B
:10336000295C8FBDCDCC4CBDAE47613D74B5010825
:1033700070B52DED048B05460E4614460DB106B111
:1033800014B9BDEC048B70BD94ED9E0ADFED240AE8
:1033900030EEC00A10EE101A084607F00DFE41ECA0
:1033A000190BB0EE490AF0EE690AFBF723FCB0EE08
:1033B000408AF0EE608A9FED1B0B53EC102B51EC12
:1033C000180B07F09AF910D294ED9E0ADFED140A5B
:1033D00030EEC00ADFED150A20EE200A86ED000A65
:1033E0009FED0F0A85ED000A17E094ED9E0ADFEDD0
:1033F0000C0A30EEC00ADFED0D0A20EE200A85ED42
:10340000000A94ED4A0ADFED060A30EEC00ADFED4D
:10341000080A20EE200A86ED000A00BFB1E700008E
:1034200000000000000000A09999B93F6F12833B93
:103430000AD7A33B10B5044604B910BD94F81D018A
:1034400068B194F81C0150B9B4F94C0100EE100AAF
:10345000B8EEC00A84ED520A84ED510A18E094F8DF
:103460001D01012808D094F81C01012804D194ED15
:103470004C0A84ED4D0A0BE094F81D01022807D098
:1034800094F81C01022803D194ED4A0A84ED4B0AFA
:1034900094F81C1184F81D1194F8650248B194F851
:1034A000640230B994EDA60A84EDA40A84EDA30A5F
:1034B00025E094F86502012815D094F864020128EB
:1034C00011D194ED9E0A84EDAF0A94ED9F0A84ED2C
:1034D000B00A01F0C6FAC4F8C4020120C4F8C80258
:1034E00084F8CC020BE094F86502022807D094F827
:1034F0006402022803D194ED9C0A84ED9D0A94F89D
:10350000641284F8651200BF97E7000008B101B1AA
:1035100002B970479FED040A80ED000A9FED020A90
:1035200081ED000A00BFF4E70000000010B504467A
:1035300004B910BDD4ED4A1AB0EE611AD4ED491A9F
:10354000F0EE610AD4ED481AB0EE610A201DFFF7D3
:10355000B1F984ED4B0A94ED4B1AF0EE410A94ED6B
:103560004A1AB0EE410A04F1C400F7F757FB84EDA4
:103570004E0A94ED4E0ABDEEC00A10EE100A00B2DB
:10358000A4F83C0100BFD4E770B5044604B970BD8F
:10359000FEF75CFD054628480078042820D1D4EDCC
:1035A0004A1AB0EE611AD4ED491AF0EE610AD4ED70
:1035B000481AB0EE610A04F16400FFF77BF984ED6C
:1035C0004B0A94ED4B1AF0EE410A94ED4A1AB0EE14
:1035D000410A04F1C400F7F721FB84ED4E0A1FE015
:1035E000D4ED4A1AB0EE611AD4ED491AF0EE610A30
:1035F000D4ED481AB0EE610A04F19400FFF75AF9CD
:1036000084ED4B0A94ED4B1AF0EE410A94ED4A1A00
:10361000B0EE410A04F1C400F7F700FB84ED4E0A56
:1036200094ED4E0ABDEEC00A10EE100A00B2A4F8E6
:103630003C0100BFABE700005001002000B970471B
:1036400090ED4D0A80ED4E0A90ED4E0ABDEEC00A97
:1036500010EE101A09B2A0F83C1100BFEFE700000D
:1036600010B5044604B910BDD4ED4A0AB0EE601A94
:10367000D4ED460AB0EE600ADFED100A04F1340022
:10368000FFF718F984ED4B0A94ED4B1AF0EE410A5E
:1036900094ED4A1AB0EE410A04F1C400F7F7BEFAFD
:1036A00084ED4E0A94ED4E0ABDEEC00A10EE100AEB
:1036B00000B2A4F83C0100BFD5E700000000000004
:1036C00010B508B101B102B910BD1368B3F90430E7
:1036D0000A2B05DC1368B3F9043013F10A0F04DA7E
:1036E00013689B88254C238002E00023234C238011
:1036F0001368B3F906300A2B05DC1368B3F90630FA
:1037000013F10A0F04DA1368DB881D4C238002E0F2
:1037100000231B4C2380194BB3F9003000EE103A04
:10372000B8EEC00ADFED170A20EE200A1368B3F9DD
:103730000C3000EE903AF8EEE00A9FED131A00EE1E
:10374000C10A80ED000A0E4BB3F9003000EE103ACA
:10375000B8EEC00ADFED0D0A20EE200A1368B3F9B7
:103760000E3000EE903AF8EEE00A9FED091A00EEF6
:10377000810A81ED000A00BFA6E70000A401002035
:10378000A6010020931ADAB717B751388BE16AB750
:1037900017B751B800B97047D0ED470A70EE800AEC
:1037A000C0ED470AD0ED470A90ED441AF4EEC10A85
:1037B000F1EE10FA04DDD0ED440AC0ED470A0CE04A
:1037C000D0ED470A90ED451AF4EEC10AF1EE10FA79
:1037D00003D2D0ED450AC0ED470A00BFDBE7000089
:1037E0001CB5044604B91CBD9FED2F0A8DED010ADE
:1037F0009FED2D0A8DED000A2246694601A8FFF7CC
:1038000077F994F81C0120B99DED010A84ED510A65
:103810001FE094F81C01012806D19DED010A04F176
:103820001000FFF73FF914E094F81C01022806D1BC
:103830009DED010A04F11000FFF7ACFF09E094F8D8
:103840001C01032805D19DED010A04F11000FFF7CA
:1038500029F994F8640220B99DED000A84EDA30AC9
:103860001FE094F86402012806D19DED000A04F5DA
:10387000AC70FFF717F914E094F86402022806D13F
:103880009DED000A04F5AC70FFF784FF09E094F8A1
:103890006402032805D19DED000A04F5AC70FFF722
:1038A00001F900BF9FE700000000000010B50446CA
:1038B00004B910BD2046FFF76BF900BFF9E700001F
:1038C000C92004F037FF4848FFF764FC02F0FCFC15
:1038D00005E0012004F02EFF4348FFF7DBFB052045
:1038E00002F066FE0028F4D1062002F061FE0028F6
:1038F000EFD178E000F076FA3B48FFF7D7FF3A487F
:10390000FFF798FD3848FFF7C5FB3748FFF768FF1A
:103910003548FFF775FB02F0C5FA34490880324894
:10392000B0F84C01324908802F4890EDA60AB1EE5C
:10393000400A304880ED000A052002F039FE40B10F
:10394000062002F035FE20B1072002F031FE0028EB
:1039500041D1002002F02CFE38B100210846EFF7DB
:10396000C3FA0020EFF7E0FA35E023484068012869
:1039700006D100211D48B0F90000EFF7B5FA06E0C6
:103980001D48406818B900210846EFF7ADFA1A48FB
:103990000068012805D11648B0F90000EFF7C4FA15
:1039A00005E01548006810B90020EFF7BDFA00F0F7
:1039B00019FA012001F044F80E4890ED002ADFEDDD
:1039C0000F1A9FED0E1ADFED0D0A9FED0C0A012173
:1039D0000B4800F005FD012004F0ACFE002004F0CF
:1039E00029FD0849086085E7EC330020BA01002072
:1039F000B8010020BC0100202C2F00200000000096
:103A000058050020B401002008B101B102B9704787
:103A10009FED040A80ED000A9FED020A81ED000A85
:103A200000BFF4E70000000008B101B102B970471F
:103A300090ED000AD1ED000A9FED0F1A01EE600A29
:103A400080ED000A90ED010AD1ED010A9FED0A1AFE
:103A500001EE600A80ED010A90ED020AD1ED020A42
:103A60009FED051A01EE600A80ED020A13885B1CC7
:103A7000138000BFDBE7000052499D39F0B50546D1
:103A8000059C00207FE093ED050A00EB4006404FC7
:103A900007EB8606D6ED000A20EE200AD3ED060AD3
:103AA00000EB400607EB860696ED011A00EE810A50
:103AB000D3ED070A00EB400607EB860696ED021AE7
:103AC00000EE810A334E06EB8006D6ED000A30EE9A
:103AD000200A05EB800686ED000A93ED010A00EB53
:103AE00040062D4F07EB8606D6ED000A20EE200A91
:103AF000D3ED020A00EB400607EB860696ED011AAD
:103B000000EE810AD3ED030A00EB400607EB8606C0
:103B100096ED021A00EE810A204E06EB8006D6EDE5
:103B2000000A30EE200A01EB800686ED000A94EDD3
:103B3000010A00EB40061A4F07EB8606D6ED000A95
:103B400020EE200AD4ED020A00EB400607EB8606C1
:103B500096ED011A00EE810AD4ED030A00EB40064F
:103B600007EB860696ED021A00EE810A0D4E06EB73
:103B70008006D6ED000A30EE200A02EB800686EDC4
:103B8000000A461CF0B20328FFF67DAFF0BD00002E
:103B9000FC010020EC360020200200200437002029
:103BA000440200202C37002010B54D48007800F06A
:103BB000010068B34B48806C0068006800F00100A9
:103BC00030BB4848C06C0068006800F00100F8B9DC
:103BD0004548007800F00200D0B94448007800F071
:103BE0000200A8B93E48007820F001003C49087066
:103BF0000846007840F002000870002201213C488D
:103C0000F1F7BEFA08223B493B48F7F7B1FB10BD7C
:103C10003548007800F0010068B33248806C0068D5
:103C2000006800F0010030BB2E48C06C00680068DE
:103C300000F00100F8B92A48007800F00200D0B97D
:103C40002A48007800F00200A8B92748007820F040
:103C50000100254908700846007840F0020008700D
:103C6000002210212548F1F78BFA09222449254822
:103C7000F7F77EFBCBE71D48007800F0010068B342
:103C80001848806C0068006800F0010030BB1548DF
:103C9000C06C0068006800F00100F8B910480078B6
:103CA00000F00200D0B91048007800F00200A8B976
:103CB0000E48007820F001000C4908700846007892
:103CC00040F002000870002210210C48F1F758FA69
:103CD00004220D490D48F7F74BFB98E700BF96E724
:103CE000F5010020440E0020F6010020F70100201D
:103CF00000040240D4010020DC010020000002404A
:103D0000BC360020E4010020ED010020F10100207C
:103D10000149096848637047F410002010B52DED83
:103D2000028BB0EE408A2648007830B3FEF78CFA5A
:103D300000EE100AB8EEC00AF0EE408AF0EE680A13
:103D4000B0EE480A1F48F6F769FF1E4890ED080AD2
:103D5000B5EEC00AF1EE10FA03D29FED1B0A80ED1A
:103D6000080A184890ED080ABCEEC00A10EE100AC6
:103D700084B22046FFF7CCFF1FE0FEF765FA00EEA5
:103D8000100AB8EEC00AB4EEC80AF1EE10FA10D26A
:103D90000E480078401C0D49087008460078C82875
:103DA00007DD0120064908709FED090A054880EDEE
:103DB0000A0A41F28730FFF7ABFFBDEC028B10BD62
:103DC0006802002044370020000000006902002043
:103DD00000401C4500BFEFF3058008B1012070478B
:103DE0000020FCE708B501200C490860002088602D
:103DF000C86008200861FF20094908704870887071
:103E0000C870087148718871FC20C8716B460A46F9
:103E100002490448EFF74BFE08BD00007C2E00204D
:103E20001C0100205805002010B520480021016029
:103E300001711F48016001711E48016041600181EC
:103E400081721D48017020211C48ECF761FE1C485E
:103E5000002101601B4801601B48018081701B48E4
:103E6000018081700D211A48ECF752FE102119488B
:103E7000ECF74EFE18480021016041608160174850
:103E80000160818016480180164801701648016063
:103E9000818081711548016081800F211448ECF701
:103EA00037FE144800210160818010BD8702002088
:103EB0008C020020F037002091020020FB37002008
:103EC00092020020960200209A0200209D0200200B
:103ED0001B3800202838002038380020A00200209D
:103EE000A6020020A8020020A9020020B0020020A3
:103EF00044380020B602002070B50025002400BF21
:103F000006E011210948FBF765FA0444681CC5B2B4
:103F1000C82DF6DB00EE104AB8EE400ADFED040AC9
:103F200080EE801A034880ED001A70BD80050020E5
:103F300001007043A4000020704700001FB5044634
:103F40006420012103AA0B46CDE9002102902246FC
:103F50001C210348F1F7C0FA9DF80C0004B010BD15
:103F6000600D002013B584B004466420012105AA29
:103F70000B46CDE90021029022461C210248F1F7B0
:103F800025FC06B010BD0000600D002010B5012218
:103F900040210248F1F7F4F810BD0000001802407B
:103FA00010B5002240210248F1F7EAF810BD0000E8
:103FB00000180240704710B50446204600F040FD4E
:103FC00010BD000070B500250024FFF7B5FFFFF716
:103FD000F1FFFFF7E5FF3220FFF7EDFFFFF7D6FF18
:103FE0003220FFF7E8FF0020FFF7A8FF0546102D5D
:103FF00001D0402070BD0120FFF7DDFF002424E048
:1040000004EB4402134B1A44517804EB4402985CCD
:10401000FFF7A8FF0120FFF7CEFF04EB44010D4A94
:10402000505CFFF78BFF05460120FFF7C4FF04EB50
:104030004400084908444078A84204D004EB4400F6
:1040400008448078D6E7601CC4B2042CD8DB00207A
:10405000D0E70000B6DB0108002002490968C86308
:1040600070470000F40F002042F2CF0001490968B8
:10407000C8637047F40F00202DED088BCEE00024BC
:10408000C9E0674850F82400000E00EE100AB8EEB0
:10409000400AB0EE40AA624850F82400C0F307403E
:1040A00000EE100AB8EE400AF0EE40AA5C4830F884
:1040B0002400C0F3072000EE100AB8EE400AB0EE6C
:1040C00040BA574810F8240000EE100AB8EE400A33
:1040D000F0EE40BA5249601C51F82000000E00EE8C
:1040E000100AF8EE400A084650F82400000E00EED0
:1040F000100AB8EE400A30EEC00AB0EE408A601CEA
:1041000051F82000C0F3074000EE100AF8EE400A14
:10411000084650F82400C0F3074000EE100AB8EE3D
:10412000400A30EEC00AF0EE408A601C31F82000F0
:10413000C0F3072000EE100AF8EE400A084630F8F7
:104140002400C0F3072000EE100AB8EE400A30EE5B
:10415000C00AB0EE409A601C11F8200000EE100A70
:10416000F8EE400A084610F8240000EE100AB8EEF7
:10417000400A30EEC00AF0EE409A9FED2A0AC8EEDF
:10418000000AB0EE608A9FED270AC8EE800AF0EEC2
:10419000608A9FED240AC9EE000AB0EE609A9FED96
:1041A000210AC9EE800AF0EE609A00252EE03AEE70
:1041B000080AB0EE40AA3AEEA80AF0EE40AA3BEE9A
:1041C000090AB0EE40BA3BEEA90AF0EE40BABCEEE6
:1041D000CA0A10EE100A0106BCEEEA0A10EE100A36
:1041E00041EA0041BCEECB0A10EE100A41EA002081
:1041F000BCEEEB0A10EE101A40EA01063046FAF760
:10420000EFFE012000F01CFC681C85B2B5F57A7F3A
:10421000CDDB601C84B2062CFFF633AF2FE7000025
:10422000EC02002000007A44B4EEE01AF1EE10FA3D
:1042300000D27047B4EEC10AF1EE10FA0EDD31EE95
:10424000602AF0EE421A03E030EE612AB0EE420A34
:10425000B4EEC10AF1EE10FAF6DC13E0B4EEE00AB7
:10426000F1EE10FA0ED231EE602AF0EE421A03E0BF
:1042700030EE212AB0EE420AB4EEE00AF1EE10FA76
:10428000F6D300BF00BFD4E7F1F762FCF7F768FA96
:10429000F5F79AFAF5F78EF9F5F7C8F8F5F7FEF89D
:1042A000F5F734F9F5F754F9F5F7B8FBF5F73AFCFB
:1042B000F5F78EFDF5F7DEFDF5F7D0FEF5F73CFEE0
:1042C000F5F768F9F5F704FCF5F7C6FBF5F7E2FB3F
:1042D000F5F70EFCF5F74AFCF5F7A2FCF5F726FD1D
:1042E000F5F768FCF5F79EFEF5F7D6FEFCF738F912
:1042F000FDF7BCFBFCF734F801F0A6FCEEF77CFB05
:10430000F5F7B4F900F0A8FB02E06420F0F7ECFC4C
:10431000FBE701460020842901D0CA1C10447047E5
:104320002DE9F0412DED048B05460C466878607050
:10433000D5F80200A060D5F806006060D5F80A0044
:10434000E060FEF74DF80646FEF70CF8074694EDE0
:10435000010AB5EEC00AF1EE10FA06D194ED020A98
:10436000B5EEC00AF1EE10FA20D094ED010AD6EDB8
:10437000480A30EE600A10EE101A084606F01CFEDD
:1043800041EC190B9FED120B53EC102B05F078FC50
:1043900041EC180B05F012FB606094ED020AD7EDBA
:1043A000480A30EE600A84ED020A07E09FED0A0A2F
:1043B00084ED010A9FED080A84ED020A94ED030AD8
:1043C000064880ED000ABDEC048BBDE8F0810000DA
:1043D000FA7E6ABC7493983F000000001C03002022
:1043E0002DE9F0472DED068B82B082460C46B0EEEB
:1043F00040AAB0EE608AF0EE418AB0EE619AF0EE2B
:10440000429A2F48046000202D498860C860082027
:10441000086110209FED2B1ADFED2B0AB0EE4A0A3F
:10442000FDF76CFD85B20C20B3EE0E1AFBEE0E0A02
:10443000B0EE480AFDF762FD86B20C209FED231A0C
:10444000DFED230AB0EE680AFDF758FD87B20C20B5
:10445000B1EE041ADFED1E0AB0EE490AFDF74EFD7B
:104460001FFA80F80C20B2EE041AFAEE040AB0EE3D
:10447000690AFDF743FD1FFA80F9281215490870F3
:104480004D70C6F3071088703007000E40EA2720F1
:10449000C8700F71C8F3071048714FEA0870000E1A
:1044A00040EA2920887181F8079001AB0A46044947
:1044B0005046EFF7FCFA02B0BDEC068BBDE8F08782
:1044C000F42E0020DA0F4941DA0F49C10000FA4307
:1044D000000000003E0100200246501AB0F5805F47
:1044E00003DDA0F5F850FF3805E010F5805F02DA33
:1044F00041F6FF73184400EE100AB8EEC00ADFED73
:10450000020A20EE200A7047DB0F493A10B52DED64
:104510000A8BB0EE409AF0EE609A9FED450B53EC9B
:10452000102B51EC190B05F00DFF18D29FED420B2B
:1045300053EC102B51EC190B05F040FF41EC1B0B19
:104540009FED3F0B53EC102B05F09AFB41EC1A0B3F
:1045500053EC192B05F032FF41EC180B17E09FEDDF
:10456000360B53EC102B51EC190B05F027FF41ECE7
:104570001B0B9FED330B53EC102B06F0EFF841ECC7
:104580001A0B53EC192B05F019FF41EC180B9FED9A
:10459000280B53EC102B51EC180B05F0D3FE20D256
:1045A0009FED290B53EC102B51EC180B05F068FB19
:1045B00041EC1C0B9FED260B53EC102B05F0FEFE7F
:1045C00041EC1B0B9FED200B53EC102B05F058FB1F
:1045D00041EC1A0B53EC182B05F0F0FE41EC180BD4
:1045E0001FE09FED190B53EC102B51EC180B06F04C
:1045F000E1F941EC1C0B9FED180B53EC102B05F06F
:10460000DDFE41EC1B0B9FED100B53EC102B05F066
:1046100037FB41EC1A0B53EC182B05F0CFFE41ECA5
:10462000180BB0EE480AF0EE680ABDEC0A8B10BD1C
:104630000000000000000000000000602FF0D93FE3
:1046400000000060305FF43F000000000000F03F19
:10465000000000C0CCCCCCBF000000C0CCCCCC3F14
:1046600010B52DED068BB0EE408AF0EE608A9FED1E
:10467000290BB0EE409AF0EE609A9FED280B53ECB8
:10468000102B51EC180B05F0FBFA41EC180B09E06C
:104690009FED240B53EC102B51EC180B06F08AF90C
:1046A00041EC180B9FED1F0B53EC102B51EC180B2A
:1046B00006F023F8ECD39FED1D0B53EC102B51ECBF
:1046C000180B06F01AF80FD89FED1A0BB0EE409AAF
:1046D000F0EE609A9FED150B53EC102B51EC180B7C
:1046E00006F068F941EC180BB0EE480AF0EE680AE3
:1046F00000F024F8B0EE40AAF0EE60AA53EC192BBB
:1047000051EC1A0B05F05AFE41EC100BBDEC068B78
:1047100010BD0000000000000000F03F000000603D
:10472000FB21F93F00000060FB2119400000006000
:10473000FB210940000000000000F0BF10B52DED86
:10474000068BB0EE408AF0EE608A9FED240BB0EE4F
:10475000409AF0EE609A09E09FED220B53EC102B8B
:1047600051EC180B06F026F941EC180B9FED1D0BD0
:1047700053EC102B51EC180B05F0BFFFECD39FED61
:104780001B0B53EC102B51EC180B05F0B6FF0FD898
:104790009FED160B53EC102B51EC180B06F00AF999
:1047A00041EC180B9FED130BB0EE409AF0EE609ABF
:1047B000B0EE480AF0EE680AFFF7A8FEB0EE40AA95
:1047C000F0EE60AA53EC192B51EC1A0B05F0F6FD34
:1047D00041EC100BBDEC068B10BD0000000000008A
:1047E0000000F03F00000060FB2119400000006065
:1047F000FB210940000000000000F0BFFDF72AFD8A
:10480000794908604FF47A7000F01AF9F5F7E4FC82
:10481000F5F788FC642408E0F5F792FC10B10D2050
:10482000FDF764F90A2000F00BF9201EA4F1010144
:10483000CCB2F1D1D6E0F5F783FC10B10D20FDF735
:1048400055F90D2001F0B4FE6849087068480078F9
:10485000012804D10846007808B9F5F7BDFC634883
:10486000007800287ED163480078401C61490870B8
:10487000084600780A2875D900200870F5F730FD41
:104880005D4A01210020F5F7EBFDFDF787FC0A28C2
:1048900009DAFDF783FC07463B4658A202210920AE
:1048A000F5F748FD16E0FDF779FC642809DAFDF715
:1048B00075FC07463B4651A202210620F5F73AFD5A
:1048C00008E0FDF76BFC07463B464CA202210320A3
:1048D000F5F730FD4AA21B215A20F5F706FE4248A3
:1048E0000068C07CC0F34010474901EBC0021B21A7
:1048F0007320F5F7B5FD012436E0611E4801C117AC
:1049000000EB5161C911A0EBC111CDB2601EC117FE
:1049100000EB9171891001EB41010F2202EB810143
:10492000CEB24D2231462846F5F754FD04F1300150
:10493000CAB2A91DC8B23146F5F74CFD04EBC4015B
:10494000294B1B6803EB8101C97CC1F340112E4B3D
:1049500003EBC10205F10C01C8B23146F5F780FD49
:10496000601C00E037E0C4B2082CC6DB08242EE04F
:104970006001C11700EB5161C911A0EBC111CDB2AB
:104980002046E11704EB9171891001EB41010F22E0
:1049900002EB8101CEB208381C4901EB800231469E
:1049A0002846F5F7A2FD04EBC4010F4B1B6803EB8F
:1049B0008101C97CC1F34011134B03EBC10205F126
:1049C0001201C8B23146F5F74BFD601CC4B20C2C85
:1049D000CEDBF5F7CFFC05480078054908700A20C2
:1049E00000F02EF827E7000070020020850200206A
:1049F00084020020860200208CC201082564000089
:104A000044425553000000004CC2010874020020CB
:104A100070B504460D461DB900200749087002E034
:104A2000402005490870044844700223024678215A
:104A30000248FBF75DF970BD5603002000580040A6
:104A400070B5044625460DB1294600E0012108460F
:104A500003F070FE002070BD10B503F05FFF002072
:104A600010BD10B5FFF7B6F910B104F011FD10BD7F
:104A700004F008FDFBE77FB504460D46606998B178
:104A8000A06988B1B4F90800FFF743FC0646D4E9F1
:104A90000510CDE9006102902B462269D4E900108F
:104AA00004F032FC039013E0B4F90800FFF731FC86
:104AB000064603A8CDE90060238A9AB22B46D4E9C2
:104AC000001004F0EFFB012802D0002004B070BDFC
:104AD0000398FBE7014611B90948006800E0084661
:104AE000024652B900BF502080F31188BFF34F8FA8
:104AF000BFF36F8F00BF00BFFEE702F134007047C5
:104B00009803002010B52DED028B044614B9BDECBE
:104B1000028B10BD94ED490A10EE101A084606F0FB
:104B20004BFA41EC180B9FED220B53EC102B05F0C8
:104B3000E4FD04D29FED200A84ED490A13E094EDD0
:104B4000490A10EE101A084606F036FA41EC180B26
:104B50009FED1A0B53EC102B05F0F4FB03D29FEDE5
:104B6000190A84ED490AD4ED4A1AB0EE611AD4ED5F
:104B7000491AF0EE610AD4ED481AB0EE610A201D20
:104B8000FDF732FC84ED4B0A94ED4B1AF0EE410A2E
:104B900094ED4A1AB0EE410A04F1C400F6F73EF86B
:104BA00084ED4E0A94ED4E0A84ED500A00BFAEE744
:104BB00014AE47E17A14D63FD7A3B03E52B81E8553
:104BC000EB51D8BF5C8FC2BE10B52DED028B0446F1
:104BD00014B9BDEC028B10BD94ED490A10EE101A09
:104BE000084606F0E9F941EC180B9FED230B53EC56
:104BF000102B05F082FD04D29FED210A84ED490AB5
:104C000013E094ED490A10EE101A084606F0D4F9A4
:104C100041EC180B9FED1B0B53EC102B05F092FB96
:104C200003D29FED1A0A84ED490AD4ED4A1AB0EE78
:104C3000611AD4ED491AF0EE610AD4ED481AB0EECB
:104C4000610A04F16400FDF7CFFB84ED4B0A94ED9B
:104C50004B1AF0EE410A94ED4A1AB0EE410A04F103
:104C6000C400F5F7DBFF84ED4E0A94ED4E0A84EDA7
:104C7000500A00BFADE7000014AE47E17A14D63FFA
:104C8000D7A3B03E52B81E85EB51D8BF5C8FC2BED1
:104C90002DE9F04105460E461F48076800201F49D0
:104CA000096881F852001D480068001D03F0AEFB42
:104CB00050B91A48006890F82C1001208840184913
:104CC0000968814316480160681C38B936B1134839
:104CD0000168091D134803F003FC1AE07C190F4812
:104CE00000684460BC4207D20C480168091D0E48A8
:104CF000006803F0DBFB0CE008480168091D0B4865
:104D0000006803F0D3FB0A480068844201D20848D7
:104D10000460BDE8F0810000AC030020980300208F
:104D2000B0030020184F0020A00300209C030020A7
:104D3000C803002010B5044603F0DEFB23480068DA
:104D4000401C224908602248006840B9204804609D
:104D50000846006801280DD100F0F6F90AE01D4868
:104D6000006838B91A480068C06AE16A884201D808
:104D70001748046018480068401C1749086094F8F8
:104D80002C10012088401549096808431349086020
:104D9000E16A01EB8101124A02EB8100211D03F05F
:104DA0009FFB03F0D3FB0B48006868B1084800681C
:104DB000C06AE16A884207D24FF080500949086012
:104DC000BFF34F8FBFF36F8F10BD0000A80300200B
:104DD00098030020B4030020C4030020B003002087
:104DE0003C4E002004ED00E008B503F085FB1248BE
:104DF0000068E8B9114803F049FB114803F046FB8D
:104E00000E48104908600E480F49086000200F4BFB
:104E10000F4A102100900A2003F030FF0649086075
:104E20000846006820B10BA10348006803F046FC67
:104E300003F08CFB08BD0000DC0300202C4F002099
:104E4000404F0020D4030020D8030020544F0020FE
:104E50009C4F0020546D72510000000010B516E008
:104E600003F04AFB0C48C068C468201D03F0CEFA6A
:104E70000A480068401E0949086009480068401E49
:104E80000749086003F062FB204600F05EF8044822
:104E900000680028E4D110BD044F0020A8030020C2
:104EA000A403002070B504460D46206C70B1216C3F
:104EB000E0680844E0606168E068884201D32068E7
:104EC000E0602846226CE168EBF7A3FD70BD2DE998
:104ED000F04104460F4615464FF00008A66B206CC3
:104EE00040B9206860BB606804F080FB8046002009
:104EF000606025E07DB93946226CA068EBF789FD3A
:104F0000216CA0680844A060D4E90110884217D33E
:104F10002068A06014E03946226CE068EBF779FD68
:104F2000216CE068401AE0602168E068884203D2A2
:104F3000216C6068401AE060022D01D106B1761E36
:104F4000701CA0634046BDE8F08110B5044694F89B
:104F5000510030B9206B03F017FB204603F014FB1F
:104F60001AE094F85100012803D1204603F00CFB0D
:104F700012E094F85100022801D1012000E0002045
:104F800050B900BF502080F31188BFF34F8FBFF39B
:104F90006F8F00BF00BFFEE710BD00000146084A4A
:104FA000126812680AB9012200E000220A600A6849
:104FB00022B9034A1268D268106800E000207047E6
:104FC000D403002030B54FF4C043174800F0070465
:104FD0002CB1C01D20F00700134C041B1B1B024604
:104FE000124C22600024114D6C60D018083820F05B
:104FF00007000F4C206000240D4D2D686C600C4D97
:105000002D682C601146441A4C60094C24680C60D1
:10501000084D4C682C60084D4C682C604FF00044E3
:10502000064D2C6030BD00003C500020E8030020FD
:10503000F0030020F8030020F4030020FC0300200C
:1050400000BFFFF70BFF064800680128F9D94FF0B1
:10505000805004490860BFF34F8FBFF36F8FF0E7B4
:105060003C4E002004ED00E02DE9F04106460D46DF
:1050700017469846069C0DB9246000E02760E66359
:1050800025640121204603F069FEBDE8F0812DE989
:10509000F05F82460F4690469B460A9E0C9C4FEA64
:1050A0008801A522206BEBF72BFDA8F10100216BF5
:1050B00001EB800929F0070909F0070008B9012070
:1050C00000E0002050B900BF502080F31188BFF3EA
:1050D0004F8FBFF36F8F00BF00BFFEE7002507E0D3
:1050E000795D04F134004155785D00B902E06D1C32
:1050F000102DF5D300BF002143200155072E00D30A
:105100000626E66266640020A064201D03F0CBF949
:1051100004F1180003F0C7F92461C6F10700A0618B
:1051200064620020E06484F8500084F852005A461B
:105130005146484600F09EFB20600B9808B10B9842
:105140000460BDE8F09F000010B5002407E004EB08
:1051500084010F4A02EB810003F098F9641C072CCC
:10516000F5D30C4803F092F90B4803F08FF90B4884
:1051700003F08CF90A4803F089F90A4803F086F92C
:1051800004480949086004480849086010BD000047
:105190003C4E0020C84E0020DC4E0020F04E002087
:1051A000044F0020184F00209C030020A003002083
:1051B00010B50146164800E0006803688B42FBD337
:1051C0000246436813448B4204D143684C6823442D
:1051D000436001460A464B6813440468A34211D158
:1051E0000C4C03682468A34208D04B6804686468C8
:1051F00023444B6003681B680B6005E0054B1B688C
:105200000B6001E003680B60884200D0016010BDB4
:10521000E8030020F00300202DE9F04104460D468C
:1052200016461F464FF0000865602461B5420CD851
:10523000F01BA169884202D34FF0010811E0211D43
:105240000948006803F032F90BE0BE4204D2BD42C7
:1052500002D34FF0010804E0211D0448006803F068
:1052600025F94046BDE8F081D8030020D403002092
:1052700070B5054603F040F9A86B08B9012400E0B9
:10528000002403F063F9204670BD70B5054603F0B5
:1052900033F9A86BE96B884201D1012400E00024B6
:1052A00003F054F9204670BDF8B505460F46164880
:1052B0000068C068C468201D03F0A8F8E0690128F0
:1052C0001DD1A06941192B463A462046FFF7A4FF9D
:1052D000A8B1002003462A4601460090204604F06B
:1052E000F3FA064656B900BF502080F31188BFF389
:1052F0004F8FBFF36F8F00BF00BFFEE700BF204698
:10530000616A8847F8BD0000D4030020F0B587B07B
:1053100082E00398002811DA04AE56B900BF50208D
:1053200080F31188BFF34F8FBFF36F8F00BF00BFB3
:10533000FEE7D6E90020B168904700BF0398002837
:105340006ADB059C606908B9012000E0002010B903
:10535000201D03F05BF802A800F0C0F80546039892
:105360000A2857D2DFE800F009050731334F060855
:10537000323400BF00BF00BF00BF0498A26981188B
:1053800003462A462046FFF747FFE8B12046616AF8
:105390008847E069012817D1002000900498A1698E
:1053A000421800231946204604F08EFA074657B9E2
:1053B00000BF502080F31188BFF34F8FBFF36F8F72
:1053C00000BF00BFFEE700BF25E000BF23E000BF35
:1053D0000498A061A06908B1012000E0002050B944
:1053E00000BF502080F31188BFF34F8FBFF36F8F42
:1053F00000BF00BFFEE7A06941192B462A462046A0
:10540000FFF70AFF07E094F8280010B9204603F0E0
:10541000BBF800E000BF00BF002203A904480068F9
:1054200003F038FE00287FF474AF07B0F0BD000031
:10543000DC030020F8B505460C4603F0CBFA6846BD
:1054400000F04CF80646009820BB44B9B54206D897
:1054500004F07CF931462846FFF726FF1CE03CB1FA
:105460000E480068006808B9012000E000200446EA
:10547000A91B22460A48006803F036F904F066F9D1
:1054800050B94FF0805007490860BFF34F8FBFF30A
:105490006F8F01E004F05AF9F8BD0000D803002036
:1054A000DC03002004ED00E00A490968096809B935
:1054B000012100E0002121B14FF0FF31064A1160C7
:1054C00006E004490968C968C868034A4168116070
:1054D000704700009C030020C803002070B50446FC
:1054E00003F0D0FF054607480068854204D200F06B
:1054F0005BF80120206001E0002020600148056089
:10550000284670BDE40300202DE9F04102460D4617
:1055100000271068002843D01046D0F804C0DCF8FB
:1055200004C0C0F804C000F1080CD0F80480E045C5
:1055300005D1D0F804C0DCF804C0C0F804C0D0F82D
:1055400004C0DCF80C6000BF1046D0F804C0DCF8E2
:1055500004C0C0F804C000F1080CD0F80480E04595
:1055600005D1D0F804C0DCF804C0C0F804C0D0F8FD
:1055700004C0DCF80C1000230AE001F13400C45C24
:10558000E85CA04200D005E00CB90F4602E05B1CCD
:10559000102BF2D300BF07B101E0B142D4D100BF5C
:1055A0003846BDE8F08100002DE9F84332E0244898
:1055B0000068C068056822480068C068C468201D8B
:1055C00002F024FF2046616A8847E069012821D162
:1055D000A0694619AE4207D966602461211D1848AA
:1055E000006802F063FF15E0002003462A460146EA
:1055F0000090204604F068F9074657B900BF5020D4
:1056000080F31188BFF34F8FBFF36F8F00BF00BFD0
:10561000FEE700BF0A480068006808B9012000E002
:1056200000200028C3D00648D0F800800548006854
:10563000034908600348C0F80080BDE8F883000013
:10564000D4030020D80300200246002101E0521CB0
:10565000491C1078A528FAD0890888B27047000044
:105660000E480068401C08B9012000E0002050B935
:1056700000BF502080F31188BFF34F8FBFF36F8FAF
:1056800000BF00BFFEE700BF502080F31188BFF3CA
:105690004F8FBFF36F8F00BF00BFFEE700040020F5
:1056A00008B500BF6846FFF779FC0446204600991C
:1056B000FFF7C0FEFFF72AFEF4E770B5044602F0DC
:1056C0001BFF94F9455010E0606A08B9012000E022
:1056D000002038B904F1240003F0ECFF18B103F006
:1056E00063F800E003E0681E45B2002DECDC00BF6B
:1056F000FF2084F8450002F029FF02F0FDFE94F936
:10570000445010E0206908B9012000E0002048B9A9
:1057100004F1100003F0CEFF08B103F045F8681E55
:1057200045B200E001E0002DECDC00BFFF2084F872
:10573000440002F00BFF70BD2DE9F04104464FF02C
:10574000000803F047F94648006808B9FFF73AFC3B
:1057500044480068204000286BD1D4B1083404F0DC
:105760000700B0B104F00700C0F10800044404F0E1
:10577000070008B9012000E0002050B900BF502008
:1057800080F31188BFF34F8FBFF36F8F00BF00BF4F
:10579000FEE7002C4DD034480068844249D8334E8F
:1057A0003046056801E02E462D686868A04202D2A6
:1057B00028680028F7D12A480068854239D0306827
:1057C00000F10808286830606868001B102819D9A3
:1057D0002F1907F0070008B9012000E0002050B998
:1057E00000BF502080F31188BFF34F8FBFF36F8F3E
:1057F00000BF00BFFEE76868001B78606C60384639
:10580000FFF7D6FC184968680968081A1649086045
:105810000846006816490968884203D212480068A1
:10582000134908600F4968680968084368600020E8
:10583000286003F08BFF08F0070008B9012000E0A2
:10584000002050B900BF502080F31188BFF34F8F64
:10585000BFF36F8F00BF00BFFEE74046BDE8F08199
:10586000F0030020FC030020F4030020E8030020E4
:10587000F8030020001F4FF080730360001F21F029
:1058800001030360001F054B036014380260001F12
:105890006FF0020303602038704700006156010872
:1058A00010B52DED028B04469FED1D0AB0EE408A27
:1058B000D4ED000A60EEA00A94ED011AD4ED011AAD
:1058C00041EE210A94ED021AD4ED021A41EE210AAA
:1058D00094ED031AD4ED031A41EE210AB0EE600AEA
:1058E000ECF7CEFFB0EE408A94ED000A20EE080AF5
:1058F00084ED000A94ED010A20EE080A84ED010A05
:1059000094ED020A20EE080A84ED020A94ED030ADF
:1059100020EE080A84ED030ABDEC028B10BD0000E6
:105920000000000038B504460020009000255448CF
:1059300021680160217901716D1D60190088009056
:10594000AD1CBDF8000040F20222811A90425CD0EA
:1059500016DCB0F5817F3FD00ADC012821D0022877
:105960002AD003282CD0A0F20110002875D12DE0F8
:10597000A0F2031078B301283AD0FE287CD13EE093
:1059800004295DD006DC012945D002294CD0032929
:1059900072D150E0052957D006295FD0FF296BD17D
:1059A00063E06019374902680A6042684A60028908
:1059B0000A81807A887260E03348615D01705CE042
:1059C000611920223148EBF724F856E0611930487C
:1059D0000968016051E004E061192E48096801601E
:1059E0004BE060192C4902880A808078887044E076
:1059F00061192A480A880280897881703DE061191E
:105A00000D222748EBF705F837E0611910222548E9
:105A1000EAF7FFFF31E0611923480A6802604A682B
:105A200042608968816028E0611920480A68026044
:105A30008988818021E061191D48098801801CE066
:105A40001C48615D017018E060191B4902680A601A
:105A500082888A80807988710FE00DE0601917498B
:105A600002680A608088888007E06019144902682B
:105A70000A608088888000E000BF00BF38BD000059
:105A800087020020F037002091020020FB37002021
:105A900092020020960200209A0200209D0200201F
:105AA0001B3800202838002038380020A0020020B1
:105AB000A6020020A8020020A9020020B0020020B7
:105AC000B602002070B50025A5264F4C95E04F4842
:105AD000FCF7EEF8054694F8860006287ED2DFE84B
:105AE00000F003142038445FB5420AD10120873406
:105AF00004F8010C2188481C24F88709A01D45548E
:105B000002E00020A4F8870076E0A580B4F88710B2
:105B1000481CA4F88700A01D4554022084F8860084
:105B20006AE0A08840EA0520A080B4F88710481CED
:105B3000A4F88700A01D4554A088772803D203202D
:105B400084F8860004E0002084F88600A4F887002A
:105B500052E034F8871F2088401C24F88709A01DD4
:105B60004554042084F8860046E034F8871F2088D6
:105B7000401C24F88709A01D4554B4F88700052867
:105B80000DD10521A01D02F093FF18B1052084F866
:105B9000860004E0002084F88600A4F887002BE04B
:105BA000B4F88710A0880930814207D234F8871FE3
:105BB0002088401C24F88709A01D4554B4F887109C
:105BC000A0880930814210D3002084F88600A4F810
:105BD0008700A08800F10901A01D00E006E002F0A6
:105BE00047FF10B1A01DFFF79DFE05E0002084F8DF
:105BF0008600A4F8870000BF00BF0448FCF7D0F877
:105C000000287FF464AF70BD6C400020543C00203D
:105C1000FEF70AF94FF4806208490948FCF765F875
:105C20004FF400720749A1F5007002F087FA04E012
:105C3000FFF748FF0A20FEF703FFF9E76C3C00205E
:105C4000543C0020543A002010B524220249A1F10E
:105C50002400F5F731F910BD3141002000B101B940
:105C600070470278437842EA0322C2F30A020A80AC
:105C70004278D210837842EA4312C2F30A024A8081
:105C800082789211C37842EA8302037942EA83223E
:105C9000C2F30A028A8002795210437942EAC3129F
:105CA000C2F30A02CA804279C2F301128A724279AF
:105CB00012119308CB728279C37942EA032212B29D
:105CC0008A81027A437A42EA032213B201F10C027A
:105CD000CB81827AC37A42EA032213B201F10C0229
:105CE0000B82037B8B74437BCB74827BC37B42EA46
:105CF00003228A82027C437C42EA032212B20A8196
:105D00000A88A2F5806212B20A804A88A2F58062EF
:105D100012B24A808A88A2F5806212B28A80CA884A
:105D2000A2F5806212B2CA800A89A2F5806212B21C
:105D30000A8100BF94E7000031B1012908D002298F
:105D40000AD0032910D10BE0084A126890630BE0D7
:105D5000064A1268506307E0054A1268106403E0BF
:105D6000034A1268D06300BF00BF7047B410002020
:105D7000B40F0020FCF7FAFA1B490860012532E055
:105D8000681C05B2002429E017480068B0F9080033
:105D9000C8280ADD4FF41660144921F8140031F8C0
:105DA00014002146FFF7C8FF10E00F480068B0F963
:105DB000080010F1C80F09DA40F2D6600B4921F84B
:105DC000140031F814002146FFF7B6FF074931F8F7
:105DD00014002146FFF7B0FF601CC4B2042CD3DBD3
:105DE0000A20FEF72DFECBE7080300200C0300205D
:105DF000034AA2F81E0182ED480AC2ED490A704723
:105E0000EC33002010B5224890F87201A8B9204860
:105E1000D0ED530A9FED1F1A70EE810AB0EE600AB2
:105E20009FED1D1ADFED1D0AFEF7FEF9184880ED03
:105E3000540A0120164981F87201154890F873013F
:105E4000012802D10620124908701148D0ED540AE9
:105E500090ED531A70EEC10AB0EE600A9FED0E1A73
:105E6000DFED0E0AFEF7E0F9DFED0D0AB4EEE00A11
:105E7000F1EE10FA07DDB3EE020A054880ED4D0A97
:105E800000F0A2FB03E00020014981F8720110BD7F
:105E9000584100209CC4A03EDB0F4940DB0F49C0A5
:105EA000CDCC4C3D10B500F08BFA00F031F99048A4
:105EB000007807286CD2DFE800F0046B183F4C6BC9
:105EC0005F009FED8C0A8A4880ED4F0AFEF7C4F808
:105ED00000208749A1F854019FED860A084680ED0D
:105EE000520A002081F8730153E0814890F8730151
:105EF000012807D1B3EE020A7D4880ED4D0A00F07B
:105F000063FB08E09FED7B0A794880ED4D0A9FED29
:105F1000790A80ED4F0A9FED780A754880ED090AED
:105F20009FED760A80ED0A0AFEF79EF8B3EE040AAA
:105F30006F4880ED520A2CE09FED6E0A6C4880EDB0
:105F40004F0AFEF791F8B3EE040A694880ED520A51
:105F50001FE09FED690A664880ED090A9FED680A17
:105F600080ED0A0AFFF74EFFFEF77EF8B3EE040A53
:105F70005F4880ED520A0CE09FED5E0A5C4880EDC0
:105F80004F0A9FED5C0A80ED520AFEF76DF800E0C3
:105F900000BF00BF564890ED4F1AF0EE410A90ED59
:105FA0004E1AB0EE410A1430F4F738FE504890ED26
:105FB0000D0ABDEEC00A10EE100A00B24C49A1F85D
:105FC000540108460078022802DA0020A1F85401A2
:105FD00047484068C07A032834D145484068007D6E
:105FE00000F0400048B1424890F85C0100F04000E9
:105FF00018B901203E4981F85B013D484068007DA9
:1060000000F0800048B13A4890F85C0100F0800050
:1060100018B90020364981F85B0135484068007D99
:10602000334981F85C01084690F85B0128B1B3EE72
:10603000040A084680ED520A04E09FED2E0A2C481F
:1060400080ED520A2A4890ED521AB1EE411AF0EE54
:10605000410A90ED501AB0EE410A5C30F4F7DEFDD3
:10606000234890ED521AF0EE410A90ED511AB0EE2D
:10607000410AA430F4F7D2FD1D4890ED1F0ABDEE91
:10608000C00A10EE100A00B21949A1F856010846DC
:1060900090ED310ABDEEC00A10EE100A00B2A1F870
:1060A0005801184840891F3017490989884203DD83
:1060B00000200F49A1F8540114484068012809D173
:1060C0000B4AB2F95811B2F9560100231A46ECF7FF
:1060D000E3FE08E00D48406828B900231A46194637
:1060E0001846ECF7D9FE0248B0F9540110BD000083
:1060F000584100200000000000401C460000C8433A
:106100000000FA43283800201B3800202C2F0020E4
:1061100010B5644890ED000A634880ED000A6348BA
:1061200090ED000A5F4880ED000A614890ED000A9A
:106130005C48D0ED000A20EE200A5D48D0ED010A4F
:10614000594890ED001A01EE200A5A488068B0F9CB
:10615000020000EE900AF8EEE00A9FED571A60EE9A
:10616000810A534890ED021A00EE810A4F4880EDF3
:10617000000A90ED000A4F4880ED4E0AC068B0F961
:10618000020000EE100AB8EEC00ADFED4C0A20EE65
:10619000200A484880ED500A0069B0F9020000EE7C
:1061A000100AB8EEC00ADFED450A20EE200A414889
:1061B00080ED510A806800883E498968B1F908106D
:1061C000401AB0F5805F08DD3A4890F85A01401E49
:1061D00040B2384981F85A0112E036488068008898
:1061E00034498968B1F90810401A10F5805F07DA60
:1061F000304890F85A01401C40B22E4981F85A01AB
:106200002C4890F85A01122804D1EF20294981F82E
:106210005A0108E0274890F95A01123018B91120A4
:10622000244981F85A01234890F95A01C0EB4030C3
:10623000204989680988084400EE100AB8EEC00AAF
:10624000DFED1F0A20EE200A1A4880ED530A802154
:106250001C48EEF78DFF174981F87301084690F846
:10626000650181F8660108464068807C81F8650117
:106270000846007888B108464068C07A02280CD1E8
:106280000846B0F86C01B0F5FA6F0ADA0846B0F8C3
:106290006C01401CA1F86C0103E000200549A1F845
:1062A0006C0110BDC4020020C0020020C802002002
:1062B0002CC7010858410020F1A23E3B2EE34D3B84
:1062C000C2B8B2370020024010B50020344908702F
:1062D000FCF74CF832494860FCF77AF8304988609E
:1062E000FBF7BCFF2E49C860FBF7BCFF2C490861D7
:1062F000DFED2C0A9FED2C0A2C4A0021284814308F
:10630000F4F7AAFDDFED280A9FED290A294A0021AA
:1063100023485C30F4F7A0FDDFED230A9FED240A4B
:10632000244A0C3200211E48A430F4F795FD0020C9
:106330001B4981F85A0108468068008800EE100A5F
:10634000B8EE400ADFED1C0A20EE200A084680ED78
:10635000530A0020A1F8540181F87201084690ED1B
:10636000530A80ED540A9FED150A80ED4E0A9FED09
:10637000130A80ED4F0A002081F87401A1F868012A
:10638000A1F86C01A1F86E01A1F8700181F8730108
:10639000A1F87601A1F8780181F85B0110BD000039
:1063A000584100200000C84300401C4608C70108AF
:1063B00000B07E4614C70108C2B8B2370000000022
:1063C00010B5FBF743FE044643484068C07A0128F5
:1063D00016D16078012808D102203F490870B3EE39
:1063E000040A084680ED520A0AE0607840B90020AD
:1063F0003949A1F854019FED390A084680ED520A47
:1064000035484068C07A03282CD1B3EE040A3248DC
:1064100080ED520A90F8730118B903202E490870D4
:106420000BE02D480078032807D12B4890F8730122
:10643000012802D1022028490870274890F86501F8
:1064400018B102202449087007E000202249087092
:10645000B3EE040A084680ED520AB3EE040A1E4861
:1064600080ED520A1C484068C07A022806D11A49B9
:106470000870B3EE040A084680ED520A1648007808
:1064800006281CD1144890F87301012811D1124834
:1064900090F87401401C104981F87401084690F886
:1064A00074010F280BDD002081F8740102200870B0
:1064B00005E00020084981F8740104200870FCF709
:1064C0008DFD10B100200449087003484068C07A6F
:1064D00040B20349087010BD584100200000000080
:1064E000CC02002010B500EE100A2DED028BB1EEAB
:1064F000C08A18EE100A20F00040C0F1FF40C00F23
:106500000AD010EE100A20F00040C0F1FF40C00F8A
:1065100004BF0120EAF79FFB18EE100ABDEC028BC6
:1065200010BD0000FBF796FE1D49086037E0002013
:106530001C4908701C49087014E01B48007800EBE7
:10654000C0001749096801EB8000C07CC0F340100F
:1065500018B101201349087008E013480078401C66
:1065600011490870104800780B28E6DB00BF0D4881
:10657000007820B90D48007808B1F9F7DFFB094829
:10658000007828B108490978491CC8B2F9F7E8FB36
:1065900004480078054908700A20FEF751FAC6E75A
:1065A000D0020020D4020020D6020020D502002014
:1065B000014601EBC100034A02EB8000C07CC0F33E
:1065C00040107047D031002010B52DED048B2E48BF
:1065D000B0F86E01B0F52F7F05DA2B4890ED4D0A2B
:1065E00080ED4F0A06E0284890ED4D0AB1EE400AD2
:1065F00080ED4F0A244890ED4E0A10EE101A08461E
:1066000004F0DAFC41EC190BB0EE490AF0EE690A2D
:10661000F8F7F0FAB0EE408AF0EE608A9FED1B0BBF
:1066200053EC102B51EC180B03F08CFE10D21648D3
:10663000B0F86E01B0F52F7F0ADA1348B0F86E019A
:10664000401C1149A1F86E010020A1F8700117E06B
:106650000D48B0F86E01B0F52F7F0DD10A48B0F8A3
:106660007001B0F5FA7F07DA0748B0F87001401CF6
:106670000549A1F8700103E000200349A1F86E016B
:10668000BDEC048B10BD000058410020000000004C
:106690000000F03F30B52DED068B83B0FBF762FEB6
:1066A000FE490860FE48C07820F03800FC49C870F8
:1066B0000846C07820F00700401CC8700846B0F8B3
:1066C000030020F470704030A1F803000846007900
:1066D00020F03C002030087140F24521F04800894C
:1066E00061F38C00EE4908810B21ED48B0F80900F8
:1066F00061F34F10EA49A1F809000846B0F8070015
:106700006FF30900C01CA1F807004FF44E71E44874
:10671000808961F38C00E24988814FF4A071E048E0
:10672000B0F80D0061F34F10DD49A1F80D000846E7
:10673000807C20F03801DA488174807C20F00700EA
:10674000401CD74988740846408A20F47070403055
:1067500048820846C07C20F03C002030C87440F2DB
:106760005751CF48B0F8170061F38C00CC49A1F81D
:1067700017000B21CA48008B61F34F10C8490883EA
:106780000846C08A6FF30900C01CC88240F262410B
:10679000C348B0F81B0061F38C00C149A1F81B008D
:1067A0004FF4A071BE48808B61F34F10BC498883C1
:1067B000084690F8210020F03800303081F82100A0
:1067C000084690F8210020F00700801C81F8210085
:1067D0000846B0F8210020F470704030A1F8210084
:1067E000084690F8220020F03C000C3081F822008E
:1067F00040F22651AA48C08C61F38C00A849C88495
:1068000040F22131A648B0F8270061F34F10A449A7
:10681000A1F827000846B0F825006FF30900C01C56
:10682000A1F825001A219E48408C61F38E109C49E6
:1068300048849A48006890ED480A10EE101A0846FD
:1068400004F0BAFB41EC1A0B9FED960B53EC102BA6
:1068500003F0B4FD41EC190B03F0A4F841EC180B64
:1068600003F0FEFC8E49C1F82900084690F830007C
:1068700020F038018A4880F8301090F8300020F07D
:106880000700401C864981F830000846008E20F43D
:10689000707080300886084690F8310020F03C0087
:1068A000203081F8310040F244517D48B0F8350085
:1068B00061F38C007A49A1F8350040F21A2178483A
:1068C000C08E61F34F107649C8860846808E6FF3FC
:1068D0000900001D888640F227517148B0F8390040
:1068E00061F38C006E49A1F8390040F21A216C481E
:1068F000408F61F34F106A494887084690F83F007F
:1069000020F03801664880F83F1090F83F0020F0F2
:106910000700401C624981F83F000846B0F83F007C
:1069200020F470715E48A0F83F1090F8400020F00D
:106930003C0014305A4981F8400040F20551584853
:10694000B0F8440061F38C005549A1F8440040F2CE
:10695000F3215348B0F8450061F34F105049A1F8B6
:1069600045000846B0F843006FF30900001DA1F888
:10697000430040F2E9414A48B0F8480061F38C0016
:106980004749A1F8480040F2E3214548B0F84900E2
:1069900061F34F104249A1F84900084690F84E00B3
:1069A00020F038013E4880F84E1090F84E0020F05C
:1069B0000700401C3A4981F84E000846B0F84E00E6
:1069C00020F470713648A0F84E1090F84F0020F077
:1069D0003C001430324981F84F0040F23F513048BA
:1069E000B0F8530061F38C002D49A1F853004FF427
:1069F000EE712B48B0F8540061F34F102849A1F80C
:106A000054000846B0F852006FF30900001DA1F8C9
:106A1000520040F222512248B0F8570061F38C0036
:106A20001F49A1F8570040F2E1111D48B0F8580085
:106A300061F34F101A49A1F85800084690F85D001C
:106A400020F03800303081F85D00084690F85D0095
:106A500020F00700401C81F85D000846B0F85D009A
:106A600020F470710E48A0F85D1090F85E0020F0E0
:106A70003C0020300A4981F85E0040F2D4410848C9
:106A8000B0F8620061F38C000549A1F862004FF490
:106A900031710348B0F8630008E0000034030020BF
:106AA000EB4500206666666666A64C4061F34F10B3
:106AB000FE49A1F863000846B0F861006FF30900D1
:106AC000401CA1F861000C21F848B0F85E0061F3A9
:106AD0008E10F649A1F85E001E21F448C0F865103A
:106AE00090F86C0020F038003030F04981F86C00EC
:106AF000084690F86C0020F00700401C81F86C00FC
:106B00000846B0F86C0020F47071E848A0F86C10EA
:106B100090F86D0020F03C002030E44981F86D00D1
:106B200040F2F741E148B0F8710061F38C00DF49B1
:106B3000A1F8710040F2DD11DC48B0F8720061F399
:106B40004F10DA49A1F872000846B0F870006FF3F0
:106B50000900401CA1F870000C21D448B0F86D0069
:106B600061F38E10D149A1F86D000A21CF48416729
:106B700090F87B0020F03801CC4880F87B1090F82A
:106B80007B0020F00700401CC84981F87B000846C4
:106B9000B0F87B0020F47071C448A0F87B1090F826
:106BA0007C0020F03C002030C04981F87C0040F29D
:106BB0003E51BE48B0F8800061F38C00BB49A1F89B
:106BC000800040F25D21B948B0F8810061F34F10B8
:106BD000B649A1F881000846B0F87F006FF30900BC
:106BE000001DA1F87F0040F22151B048B0F88400A8
:106BF00061F38C00AD49A1F884004FF41671AB48E5
:106C0000B0F8850061F34F10A849A1F88500084647
:106C100090F88A0020F03801A44880F88A1090F893
:106C20008A0020F00700401CA04981F88A0008462D
:106C3000B0F88A0020F470719C48A0F88A1090F88F
:106C40008B0020F03C002030984981F88B0040F206
:106C50002D519648B0F88F0061F38C009349A1F84C
:106C60008F0040F29F219148B0F8900061F34F10DF
:106C70008E49A1F890000846B0F88E006FF3090025
:106C8000001DA1F88E0040F211518848B0F8930021
:106C900061F38C008549A1F8930040F29621834866
:106CA000B0F8940061F34F108049A1F894000846B1
:106CB00090F8990020F038017C4880F8991090F8FD
:106CC000990020F00700401C784981F89900084697
:106CD000B0F8990020F470704030A1F8990008468F
:106CE00090F89A0020F03C00203081F89A0040F2A1
:106CF0000F516E48B0F89E0061F38C006B49A1F80B
:106D00009E0040F2DF216948B0F89F0061F34F1008
:106D10006649A1F89F000846B0F89D006FF309008E
:106D2000001DA1F89D0040F2F7416048B0F8A200B4
:106D300061F38C005D49A1F8A20040F2CF215B48CD
:106D4000B0F8A30061F34F105849A1F8A30008461A
:106D500090F8A80020F03800303081F8A8000846EC
:106D600090F8A80020F00700401C81F8A800084611
:106D7000B0F8A80020F470704030A1F8A8000846D0
:106D800090F8A90020F03C00203081F8A9004FF4D1
:106D9000A0614648B0F8AD0061F38C004349A1F80A
:106DA000AD0040F252214148B0F8AE0061F34F10FF
:106DB0003E49A1F8AE000846B0F8AC006FF30900F8
:106DC000401CA1F8AC000C213848B0F8A90061F3D0
:106DD0008E103649A1F8A9000A213448C0F8B01035
:106DE00090F8B70020F038002030304981F8B70023
:106DF000084690F8B70020F00700801C81F8B70023
:106E00000846B0F8B70020F470704030A1F8B70021
:106E1000084690F8B80020F03C00083081F8B8002F
:106E200040F2A3412148B0F8BC0061F38C001F4937
:106E3000A1F8BC0040F216211C48B0F8BD0061F377
:106E40004F101A49A1F8BD000846B0F8BB006FF317
:106E50000900401DA1F8BB001E211448B0F8B8007D
:106E600061F38E101149A1F8B80096210F48B0F8CF
:106E7000B90061F3CF100D49A1F8B9009E210B486C
:106E8000B0F8C00061F38C000849A1F8C00040F2DE
:106E90001B110648B0F8C10061F34F100349A1F877
:106EA000C100084690F8C60002E00000EB45002053
:106EB00020F03800103081F8C600084690F8C6006F
:106EC00020F00700401C81F8C6000846B0F8C60054
:106ED00020F47071FE48A0F8C61090F8C70020F0AA
:106EE0003C001430FA4981F8C70040F2D911F84843
:106EF000B0F8CB0061F38C00F549A1F8CB004FF45A
:106F00009671F348B0F8CC0061F34F10F049A1F846
:106F1000CC000846B0F8CA006FF309001030A1F8A1
:106F2000CA000846B0F8CE006FF309001330A1F88C
:106F3000CE00084690F8D50020F03801E44880F8EB
:106F4000D51090F8D50020F00700801CE04981F8AA
:106F5000D5000846B0F8D50020F470708030A1F854
:106F6000D500084690F8D60020F03C00001D81F8BE
:106F7000D600D8480188D648B0F8DA0061F38C0012
:106F8000D349A1F8DA00D4480188D148B0F8DB0031
:106F900061F34F10CE49A1F8DB000846B0F8D900E4
:106FA0006FF309000C30A1F8D900CC480088B1F883
:106FB000DE1060F38C01C648A0F8DE10C8480088D7
:106FC000C349B1F8DF1060F34F11C148A0F8DF10DA
:106FD00090F8E40020F03801BD4880F8E41090F803
:106FE000E40020F00700401CB94981F8E40008469D
:106FF000B0F8E40020F47071B548A0F8E41090F8FF
:10700000E50020F03C002030B14981F8E5004FF464
:107010007071AF48B0F8E90061F38C00AC49A1F899
:10702000E9004FF41B71AA48B0F8EA0061F34F1071
:10703000A749A1F8EA000846B0F8E8006FF3090094
:10704000C01CA1F8E8004FF47071A148B0F8ED0041
:1070500061F38C009E49A1F8ED004FF4E6719C4865
:10706000B0F8EE0061F34F109949A1F8EE00084620
:1070700090F8F30020F03801954880F8F31090F86C
:10708000F30020F00700401C914981F8F300084606
:10709000B0F8F30020F470718D48A0F8F31090F868
:1070A000F40020F03C002030894981F8F4004FF4CE
:1070B0005C718748B0F8F80061F38C008449A1F84E
:1070C000F8004FF407718248B0F8F90061F34F10EF
:1070D0007F49A1F8F9000846B0F8F7006FF30900FE
:1070E000C01CA1F8F7004FF482617948B0F8FC00A9
:1070F00061F38C007649A1F8FC004FF407717448E5
:10710000B0F8FD0061F34F107149A1F8FD00084689
:1071100090F8020120F038016D4880F8021190F8D3
:10712000020120F00700401C694981F8020108466D
:10713000B0F8020120F470716548A0F8021190F8CF
:10714000030120F03C002030614981F803014FF435
:1071500061715F48B0F8070161F38C005C49A1F8E8
:1071600007014FF402715A48B0F8080161F34F105B
:107170005749A1F808010846B0F806016FF3090065
:10718000C01CA1F806014FF47F715148B0F80B0103
:1071900061F38C004E49A1F80B014FF402714C4889
:1071A000B0F80C0161F34F104949A1F80C010846F1
:1071B00090F8110120F03801454880F8111190F83D
:1071C000110120F00700401C414981F811010846D7
:1071D000B0F8110120F470713D48A0F8111190F839
:1071E000120120F03C002030394981F8120140F2B0
:1071F000A2313748B0F8160161F38C003449A1F888
:1072000016014FF4FA713248B0F8170161F34F10CC
:107210002F49A1F817010846B0F815016FF30900CE
:10722000C01CA1F8150140F2DF312948B0F81A015D
:1072300061F38C002649A1F81A014FF4FA71244831
:10724000B0F81B0161F34F102149A1F81B0108465A
:1072500090F8200120F03800303081F820010846F5
:1072600090F8200120F00700801C81F820010846DA
:10727000B0F8200120F470711548A0F8201190F8A2
:10728000210120F03C01124880F821114FF4D871FF
:10729000B0F8250161F38C000D49A1F8250140F2F9
:1072A0001B310B48B0F8260161F34F100849A1F8D3
:1072B00026010846B0F824016FF30900C01CA1F8AC
:1072C00024011A210248B0F8210161F38E1009E06F
:1072D000EB4500203C030020400300204403002035
:1072E00048030020FE49A1F8210143F23901FC487E
:1072F000C0F8281190F82F0120F038003030F849FC
:1073000081F82F01084690F82F0120F00700801C1B
:1073100081F82F010846B0F82F0120F47071F04871
:10732000A0F82F1190F8300120F03C000830EC4913
:1073300081F8300140F2B111E948B0F8340161F34D
:107340008C00E749A1F834014FF43771E448B0F8F4
:10735000350161F34F10E249A1F835010846B0F854
:1073600033016FF30900C01CA1F833011A21DC4876
:10737000B0F8300161F38E10D949A1F8300143F221
:107380003901D748C0F8371190F83E0120F0380095
:107390002030D34981F83E01084690F83E0120F0A4
:1073A0000700801C81F83E010846B0F83E0120F439
:1073B0007071CB48A0F83E1190F83F0120F03C00DE
:1073C0001830C74981F83F014FF43571C448B0F80F
:1073D000430161F38C00C249A1F8430140F213213B
:1073E000BF48B0F8440161F34F10BD49A1F8440112
:1073F0000846B0F842016FF30900401DA1F84201B0
:10740000D221B748B0F83F0161F38E10B449A1F81A
:107410003F01FA21B248B0F8400161F3CF10B04902
:10742000A1F840019D21AE48B0F8470161F38C00FE
:10743000AB49A1F8470140F21B11A948B0F8480137
:1074400061F34F10A649A1F84801084690F84D0194
:1074500020F03800203081F84D01084690F84D01A9
:1074600020F00700801C81F84D010846B0F84D015E
:1074700020F470719A48A0F84D1190F84E0120F058
:107480003C001830964981F84E014FF4357194480C
:10749000B0F8520161F38C009149A1F8520140F219
:1074A00013218F48B0F8530161F34F108C49A1F8B4
:1074B00053010846B0F851016FF30900401DA1F8CF
:1074C00051014FF491718648B0F84E0161F38E106E
:1074D0008349A1F84E014FF4A5718148B0F84F01DE
:1074E00061F3CF107E49A1F84F019D217C48B0F88F
:1074F000560161F38C007A49A1F8560140F21B1144
:107500007748B0F8570161F34F107549A1F857015A
:107510007448C07820F0380038307249C870084686
:10752000C07820F00700401CC8700846B0F803007F
:1075300020F470704030A1F803000846007920F074
:107540003C00143008714FF498716648008961F36B
:107550008C006449088140F247116248B0F8090084
:1075600061F34F105F49A1F809000846B0F8070021
:107570006FF30900C01CA1F8070021215948808839
:1075800061F38E105749888004215648B0F80500F1
:1075900061F3CF105349A1F8050053A151480F30B2
:1075A000E9F7F4F94F4890F8300020F0380038300F
:1075B0004C4981F83000084690F8300020F0070070
:1075C000401C81F830000846008E20F47070403076
:1075D0000886084690F8310020F03C01414880F8C8
:1075E0003110A521B0F8350061F38C003D49A1F8B8
:1075F000350040F21A313B48C08E61F34F103949D3
:10760000C8860846808E6FF30900C01C88861E213C
:107610003448B0F8310061F38E103249A1F83100DE
:1076200008213048408E61F3CF102E49488630A1A2
:107630002C483C30E9F7AAF92A4890F85D0020F080
:1076400038003830274981F85D00084690F85D0021
:1076500020F00700401C81F85D000846B0F85D008E
:1076600020F470704030A1F85D00084690F85E008C
:1076700020F03C00083081F85E00A5211948B0F8E0
:10768000620061F38C001749A1F8620040F2DF212B
:107690001448B0F8630061F34F101249A1F8630079
:1076A0000846B0F861006FF30900C01CA1F8610042
:1076B0001E210C48B0F85E0061F38E100949A1F854
:1076C0005E0005210748B0F85F0061F3CF1005495F
:1076D000A1F85F0009A103486930E9F757F911E003
:1076E000EB4500205B4700206672696300000000E4
:1076F00064697374616E636500000000706974638F
:1077000068000000002500242AE0C4EB04114F4A61
:1077100011448D70280AC4EB041111444870C5F35C
:107720000740C4EB04115054C4EB04101146084444
:10773000C07820F00700401CC4EB04111144C8704D
:10774000C4EB0412414BD118C4EB0412404BD018C7
:107750000F22E9F75EF901203E4908556D1C641CB3
:10776000172CD2DB002438E0C4EB041101EB4101FB
:10777000394A11448D70280AC4EB041101EB410110
:1077800011444870C5F30740C4EB041101EB4101FB
:107790005054C4EB041000EB400011460844C0787C
:1077A00020F00700401CC4EB041101EB410111441F
:1077B000C870C4EB041202EB4202274BD118C4EB91
:1077C000041202EB4202254BD0182D22E9F721F9D1
:1077D0000120234908556D1C641C032CC4DB0320C5
:1077E00017211F4B1C4ACDE900101A49174800F019
:1077F00033F900200DE0C0EB0011144A1144C978A0
:1078000021F00701891CC0EB0012104B1A44D17003
:10781000401C1728EFDB002011E0C0EB001101EB4A
:1078200041010D4A1144C97821F00701891CC0EBC0
:10783000001202EB4202084B1A44D170401C03288C
:10784000EBDB03B0BDEC068B30BD0000EB45002048
:10785000E2470020444700205B4700203B490020CE
:107860003003002010B50446A52020701520A4F890
:10787000010012480078E07010480078401C0F4961
:10788000087004212046F8F747FB641D04F8010C3A
:1078900040F20130208040F20110608008480088EA
:1078A000A0800748008800F58070E080641F1C21DC
:1078B0002046F8F707FBA08310BD00002803002036
:1078C0002C03002010B50446A52020702420A4F825
:1078D000010012480078E07010480078401C0F4901
:1078E000087004212046F8F717FB641D04F8010C0A
:1078F00040F2013020804FF4817060800848008899
:10790000A0800748008800F58070E080641F2B216C
:107910002046F8F7D7FAA4F82B0010BD2803002062
:107920002C03002010B50446A52020705120A4F897
:10793000010012480078E07010480078401C0F49A0
:10794000087004212046F8F7E7FA641D04F8010CDA
:1079500040F20130208040F2031060800848008827
:10796000A0800748008800F58070E080641F5821DF
:107970002046F8F7A7FAA4F8580010BD2803002005
:107980002C03002010B50446A52020706F20A4F819
:10799000010012480078E07010480078401C0F4940
:1079A000087004212046F8F7B7FA641D04F8010CAA
:1079B00040F2013020804FF48270608008480088D7
:1079C000A0800748008800F58070E080641F762161
:1079D0002046F8F777FAA4F8760010BD28030020B7
:1079E0002C03002010B50446A52020703320A4F8F5
:1079F000010017480078E07015480078401C1449D1
:107A0000087004212046F8F787FA641D04F8010C79
:107A100040F2013020804FF4887060800D4800886B
:107A2000A0800C48008800F58070E080641F04F19D
:107A30001C00E8F7CFFF618A60F3CF1104F10D005D
:107A400061823A212046F8F73DFA608710BD0000B8
:107A5000280300202C0300202DE9FF4F81B00746AA
:107A600088469A46DDF838B0BBF1000F76DD00207D
:107A7000009000BF07E018F80010012902D100991A
:107A8000491C0091401C5845F5DB0025A9460024FF
:107A9000C8E018F80500012870D1072099FBF0F123
:107AA00000FB119686B90099A1EB0900052801DDBC
:107AB000072408E0022801DD052404E0012801DD97
:107AC000022400E0012400BF072C0AD1C5EB0512F7
:107AD000D119C6EB0613684A98180F22E8F799FFE8
:107AE00023E0052C0AD1C5EB0512D119C6EB06130C
:107AF000624A98180F22E8F78CFF16E0022C0AD190
:107B0000C5EB0512D119C6EB06135D4A98180F2272
:107B1000E8F77FFF09E0C5EB0512D119C6EB0613A4
:107B2000584A98180F22E8F774FF701CA04204D03E
:107B300009F10100009988426DD1701C3BE0072CCF
:107B40000DD1C0EB00124C491144C97821F0070255
:107B5000C0EB001348491944CA702BE066E0052CBD
:107B60000DD1C0EB001245491144C97821F007023C
:107B7000C0EB001341491944CA701BE051E0022CCC
:107B80000CD1C0EB00123E491144C97821F0070224
:107B9000C0EB00133A491944CA700BE0C0EB001265
:107BA00038491144C97821F00702C0EB0013354968
:107BB0001944CA70401C611C8842C0DB072C09D1E3
:107BC0002D480D38FFF7DEFE78212B480D38F1F7F0
:107BD00021FC20E0052C09D128480D38FFF7A2FE32
:107BE0005A2126480D38F1F715FC14E0022C09D172
:107BF00023480D38FFF766FE2D2121480D38F1F797
:107C000009FC08E01F480D38FFF72CFE1E211D4817
:107C10000D38F1F7FFFB09F10109002008F8050014
:107C200000BF6D1C5D45FFF634AF00BF0F98002804
:107C30001FDD00241AE01AF80400012815D1C4EB56
:107C4000041000EB4002039811182D220E48E8F7AB
:107C5000E0FE0D480D38FFF7C5FE3C210A480D38FF
:107C6000F1F7D8FB00200AF80400641C0F98844246
:107C7000E1DB05B0BDE8F08F6F4500201545002021
:107C8000E8440020CA4400208E44002010B52DEDA9
:107C90000C8B82B0D348006890ED480AB1EE400AE0
:107CA00010EE101A084603F087F941EC1C0B9FED0B
:107CB000CE0B53EC102B02F081FB41EC1B0B02F0BE
:107CC000CFFACB49C1F829000120CA4988700021A8
:107CD000C748C0F828110120C649C874C1480068C7
:107CE00090ED480AB1EE400A10EE101A084603F073
:107CF00063F941EC1C0B9FEDBC0B53EC102B02F015
:107D00005DFB41EC1B0B02F0ABFAB949C1F837013E
:107D10000120B8490875B348006890ED480AB1EEF3
:107D2000400AB0EE40DA4FF4C27008EE100A6FF06D
:107D3000020008EE900A40F2671009EE100A6FF098
:107D4000020009EE900AB0EE4D0AF6F7ABFEB0EE77
:107D500040AAB0EE4D0AF6F757FFF0EE40AAB8EE93
:107D6000C80A2AEE000AF8EEE80A0AEEE00ABDEEBA
:107D7000C00A10EE100A00F570709D49B1F8DA10D3
:107D800060F38C019A48A0F8DA10B8EEC80A2AEE1F
:107D9000800AF8EEE80A0AEE200ABDEEC00A10EEEC
:107DA000100A00F507709249B1F8DB1060F34F112B
:107DB0008F48A0F8DB10B8EEC90A2AEE000AF8EEE8
:107DC000E90A0AEEE00ABDEEC00A10EE100A00F55C
:107DD00070718748B0F8DE0061F38C008449A1F827
:107DE000DE00B8EEC90A2AEE800AF8EEE90A0AEEC9
:107DF000200ABDEEC00A10EE100A00F507717C489B
:107E0000B0F8DF0061F34F107949A1F8DF000120DD
:107E10007849887378480078042824D1EDF7B6F9BA
:107E200076490968401AC82829D9EDF7AFF973498E
:107E300008607348007808B9012000E0002070490C
:107E400008700846007808B1072100E0082168485A
:107E500090F83F0161F38500654981F83F010120F9
:107E6000644948750BE0624890F83F0120F03C00FF
:107E700018305F4981F83F0101205E494875FAF7E3
:107E800075FA6049086008460068C07C20B3EDF7C9
:107E90007DF95A490968401AC82829D9EDF776F9B9
:107EA000564908605648007808B9012000E00020D3
:107EB000534908700846007808B1072100E00821FE
:107EC0004B4890F84E0161F38500494981F84E0115
:107ED0000120484988750BE0454890F84E0120F094
:107EE0003C001830424981F84E0101204149887513
:107EF00044480068007D00F0400060B13C4890F8C4
:107F0000B80020F03C001830394981F8B800012051
:107F10003849087311E03B480068007D00F080009C
:107F200058B1334890F8B80020F03C000830304990
:107F300081F8B80001202F49087300241AE0C4EB2F
:107F40000412314BD118C4EB0412294BD0180F2264
:107F5000E8F7F0FC68B1012026490855C4EB04128B
:107F6000234BD118C4EB0412274BD0180F22E8F78B
:107F700050FD641C172CE2DB002422E0C4EB041249
:107F800002EB4202214BD118C4EB041202EB420275
:107F90001F4BD0182D22E8F7CDFC88B101201D49D8
:107FA0000855C4EB041202EB4202194BD118C4EB82
:107FB000041202EB4202154BD0182D22E8F729FDDE
:107FC000641C032CDADB03201721124B104ACDE985
:107FD000001008490648FFF73FFD02B0BDEC0C8BCE
:107FE00010BD0000340300206666666666A64C403D
:107FF000EB45002044470020500100204C030020A6
:108000005003002038030020E24700203B490020B5
:108010005B47002030030020B0EE401A30EEC10A6A
:10802000F0EE401AB0EE412A00EE100AB8EEC00A97
:1080300060EE212A01228A40521E00EE102AB8EE7C
:10804000C03A82EE830A30EE020A704770B50646E7
:108050000D4600F051FA18480068C06C88B901203C
:108060001549096881F850005DB101212846FCF7E7
:108070000FFE4FF0805011490860BFF34F8FBFF3E0
:108080006F8F00F063FA00F037FA0B480068C46C99
:108090004CB126B1002008490968C86403E0601E9D
:1080A00005490968C86400200349096881F850003F
:1080B00000F04CFA204670BD9803002004ED00E06B
:1080C00091ED000AB1EE400A80ED010A91ED010A3E
:1080D000B1EE400A80ED020A91ED020AB1EE400ACB
:1080E00080ED030A91ED000A80ED040A91ED020A89
:1080F00080ED060A91ED010AB1EE400A80ED070A13
:1081000091ED010A80ED080A91ED020AB1EE400AF4
:1081100080ED090A91ED000A80ED0B0A91ED020A4B
:1081200080ED0C0A91ED010A80ED0D0A91ED000A37
:10813000B1EE400A80ED0E0A7047000010B5474BC3
:108140001B685B6943F04003444C24686361434B04
:108150001B685B6943F08003404C246863613F4BBC
:108160001B68DB6843F010033C4C2468E3603C4B25
:108170001B681B6823F00103394C2468236007E067
:10818000374B1B681B6823F00103354C24682360C0
:10819000334B1B681B6803F00103002BF0D1304BFD
:1081A0001B68304CA34204D9E3142E4C4C3C236092
:1081B00019E02B4B1B682C4CA34204D9E314294C27
:1081C000503C23600FE0264B1B68274C603CA342C9
:1081D00004D9E314244CB83CE36004E04FF400639A
:1081E000214CB83CA360214B1D4C2468A3601C4B60
:1081F0001B68D8601A4B1B681961194B1B685A60C1
:10820000174B1B681B6843F48023154C24682360BC
:10821000134B1B681B6843F00103114C2468236057
:10822000134B1B681B6823F00103114C2468236067
:1082300007E00F4B1B681B6823F001030C4C2468FC
:1082400023600B4B1B681B6803F00103002BF0D16C
:10825000064B074C2468A36010BD0000B411002039
:108260001413002058640240B86002400414014016
:10827000741300200FB410B5002403A80949086046
:108280000846026808480299E8F70CFA84B2002010
:108290000449086021460448EAF7A6FE10BC5DF8D0
:1082A00014FB0000E0020020D44200208AB0F1F765
:1082B0000FFFF9F7CFFF4749086089E04FF47A7064
:1082C000FCF7BEFBF9F76AFF04464248006890F8E5
:1082D0009F01C0F34010C0EBC0003F4908443D4936
:1082E000096891F87B11C1F34011C1EBC1013A4A11
:1082F0001144384A126892F85721C2F34012C2EB77
:10830000C202354B1A44334B1B6893F83331C3F325
:108310004013C3EBC303304D2B44CDE90632CDE906
:1083200008102C48006890F80F01C0F34010C0EB13
:10833000C000294608442749096891F8EB10C1F3A9
:108340004011C1EBC1012A460A442249096891F84B
:10835000C710C1F34011C1EBC1012B4619441D4B9D
:108360001B6893F8A330C3F34013C3EBC3032B4440
:10837000CDE90231CDE904201648006890F87F006D
:10838000C0F34010C0EBC0002946084411490968F9
:1083900091F85B10C1F34011C1EBC1012A461144B1
:1083A000CDE900100B48006890F83700C0F340108A
:1083B000C0EBC0001146431806480068C07CC0F3FB
:1083C0004010C0EBC000421821460448FFF752FF9E
:1083D00074E70000DC02002038C7010864E80108E7
:1083E00011E0F9F7C3FF0849086008460068808A71
:1083F00000F4806010B1FEF74DF901E0FFF746FC94
:108400000120FCF71DFBECE72403002001460A696C
:10841000D1E901309860D1E9010358605068884281
:1084200001D188685060002008611068401E10600B
:10843000106870472DE9F041044614B906480068F9
:1084400000E0204607463D6B2846FDF7FDF806464E
:108450003046BDE8F081000098030020034B036024
:10846000034B0B6080231360704700001006002050
:1084700064060020034B0360034B0B604FF48073D2
:108480001360704764080020B808002000F108015C
:1084900041604FF0FF31816000F10801C16001616E
:1084A00000210160704700210161704710B502464C
:1084B0000B685C1C0CB9106907E002F1080000E0D1
:1084C0004068446824689C42FAD944684C604C680F
:1084D000A160886041600A611468641C146010BD6A
:1084E00042684A6093688B60936859609160086144
:1084F00003685B1C0360704700BF502080F3118845
:10850000BFF34F8FBFF36F8F00BF0E480068401C52
:108510000C49086008460068012812D10A48006822
:10852000C0B208B9012000E0002050B900BF5020BF
:1085300080F31188BFF34F8FBFF36F8F00BF00BF71
:10854000FEE770470004002004ED00E00D480068DD
:1085500050B900BF502080F31188BFF34F8FBFF395
:108560006F8F00BF00BFFEE706480068401E054948
:1085700008600846006820B9002080F3118800BF19
:1085800000BF70470004002070B506463546002E37
:108590003FD0083D2C461F4960680968084008B173
:1085A000012000E0002050B900BF502080F3118866
:1085B000BFF34F8FBFF36F8F00BF00BFFEE7206890
:1085C00008B9012000E0002050B900BF502080F31E
:1085D0001188BFF34F8FBFF36F8F00BF00BFFEE75F
:1085E0000C4960680968084098B1206888B9094951
:1085F000606809688843606000F0ECF906496068CB
:1086000009680844044908602046FCF7D1FD01F0E0
:108610009DF870BDFC030020F403002000204FF003
:10862000E02108618861064800684FF47A71B0FB68
:10863000F1F0401E4FF0E0214861072008617047CB
:10864000A000002070B5E7F7C5FE0446102C16D335
:1086500004F1E02090F8F05315480078854201DBE2
:10866000012000E0002050B900BF502080F31188A5
:10867000BFF34F8FBFF36F8F00BF00BFFEE70D4802
:10868000006800F4E0600C490968884201D80120C4
:1086900000E0002050B900BF502080F31188BFF3E4
:1086A0004F8FBFF36F8F00BF00BFFEE770BD0000AC
:1086B000040400200CED00E0080400200246002025
:1086C0000BE0084B53F8303033B9064B43F8301009
:1086D00003EBC0035A6002E0401C0828F1D300BF3E
:1086E00070470000FC4D00202DE9F04105460E4684
:1086F00017462C46FFF700FF94F94400401C10B9C0
:10870000002084F8440094F94500401C10B9002072
:1087100084F84500FFF71AFFA06B28B93A463146A6
:1087200004F1240000F0DAF82046FCF7C6FFBDE8AB
:10873000F081000070B504460025D4B112480068ED
:1087400008B9012000E0002050B900BF502080F39C
:108750001188BFF34F8FBFF36F8F00BF00BFFEE7DD
:1087600000F038F900212046FCF792FA00F0EEFF05
:1087700005463DB94FF0805004490860BFF34F8F64
:10878000BFF36F8F70BD0000D003002004ED00E048
:1087900003490968016003490968416070470000A6
:1087A000C0030020AC03002001200149086070478D
:1087B000BC0300202DE9F04105460F4655B900BF26
:1087C000502080F31188BFF34F8FBFF36F8F00BF2E
:1087D00000BFFEE7FFF736FF2C4600BF5021EFF346
:1087E000118081F31188BFF34F8FBFF36F8F00BFEC
:1087F000064694F85080022084F85000E06C401C3B
:10880000E064B8F1010F3BD1A06A08B9012000E093
:10881000002050B900BF502080F31188BFF34F8F64
:10882000BFF36F8F00BF00BFFEE718480068A8B90C
:10883000201DFFF7EBFD94F82C100120884014490F
:108840000968084312490860E16A01EB8101114A95
:1088500002EB8100211DFFF743FE04E004F1180143
:108860000D48FFF73DFE0D49E06A0968C96A884274
:1088700006D917B10120386002E0012008490860DC
:1088800000BF86F3118800BFBDE8F081D00300204F
:10889000B00300203C4E0020F04E00209803002042
:1088A000BC03002070B504460D4654B900BF5020EB
:1088B00080F31188BFF34F8FBFF36F8F00BF00BFEE
:1088C000FEE70548016818312046FFF7EFFD01215A
:1088D0002846FCF7DDF970BD9803002070B5054609
:1088E0000E46144655B900BF502080F31188BFF3DF
:1088F0004F8FBFF36F8F00BF00BFFEE706480168D0
:1089000018312846FFF7ECFD0CB14FF0FF36214639
:108910003046FCF7BDF970BD9803002010B586B055
:1089200000200590049003AA04A905A8FFF796FD6E
:108930000022DDE904101346CDE9002102901EA1BA
:108940001F48039A00F0E0FC1E49086008460068D2
:1089500008B1012400E00024012C02D100F078FFCE
:108960000446012C15D100BF502080F31188BFF3BD
:108970004F8FBFF36F8F00BF4FF0FF301249086079
:1089800001201249086000201149086000F0A8F891
:1089900010E0601C08B1012000E0002050B900BFC9
:1089A000502080F31188BFF34F8FBFF36F8F00BF4C
:1089B00000BFFEE706B010BD49444C450000000072
:1089C00041500108CC030020C8030020B40300205C
:1089D000AC03002002480068401C01490860704751
:1089E000D00300201D48006818B101201C49086010
:1089F00032E000201A4908601A480068B0FA80F096
:108A0000C0F11F0101EB8100174A52F8200008B1A4
:108A1000012000E0002050B900BF502080F31188F1
:108A2000BFF34F8FBFF36F8F00BF00BFFEE701EBB7
:108A300081020D4B03EB820042685268426000F1F4
:108A400008024368934202D1426852684260426819
:108A5000D268064B1A6000BF70470000D0030020A8
:108A6000BC030020B00300203C4E002098030020EF
:108A700070B505460C4600260DB1022C01D8002029
:108A800070BDA11E094802882846F9F7E3FA064698
:108A9000F1B2A01E285C814206D1601E285CB0EBBA
:108AA000162F01D10120EBE70020E9E78803002021
:108AB00070B505460C4600260DB1022C01D80020E9
:108AC00070BD611EFF222846F9F7DEFA0646601ED9
:108AD000285CB04201D10120F2E70020F0E700005D
:108AE0001CB5524800685249884201D0012000E07C
:108AF000002050B900BF502080F31188BFF34F8F82
:108B0000BFF36F8F00BF00BFFEE7484800684849C9
:108B1000491E884201D0012000E0002050B900BF6A
:108B2000502080F31188BFF34F8FBFF36F8F00BFCA
:108B300000BFFEE73F49084600780190FF200A4643
:108B400010700846007800909DF8000000F0F000DA
:108B50009DF80020904201D1012000E0002050B992
:108B600000BF502080F31188BFF34F8FBFF36F8F8A
:108B700000BF00BFFEE79DF8000000F050002E4A45
:108B8000107007202D4A106009E02C480068401E34
:108B90002A4A10609DF800004006000E00909DF8E3
:108BA000000000F080008028EFD024480068C0F169
:108BB0000700042801D1012000E0002050B900BFC7
:108BC000502080F31188BFF34F8FBFF36F8F00BF2A
:108BD00000BFFEE7194800680002184A10601046FE
:108BE000008800F4E0601060124A019810700F488D
:108BF0002030006840F470000C49203108600846BD
:108C0000006840F070400860FFF708FD00200C4944
:108C10000860E7F7A7FB0B48006840F040400949AF
:108C20000860E7F78BFB00201CBD000000ED00E0B2
:108C300071C20F4100E400E0040400200804002099
:108C40000004002034EF00E010B500BF502080F396
:108C50001188BFF34F8FBFF36F8F00BF00F022FC6E
:108C600018B14FF080500449086000BF002080F325
:108C7000118800BF10BD000004ED00E02DE9F843AD
:108C800080460E4617461D46DDF82090B8F1000FCD
:108C900001D0012000E0002050B900BF502080F337
:108CA0001188BFF34F8FBFF36F8F00BF00BFFEE788
:108CB0000DB1012000E0002050B900BF502080F32A
:108CC0001188BFF34F8FBFF36F8F00BF00BFFEE768
:108CD00007B10EB1012000E0002050B900BF5020C4
:108CE00080F31188BFF34F8FBFF36F8F00BF00BFBA
:108CF000FEE707B90EB9012000E0002050B900BF1F
:108D0000502080F31188BFF34F8FBFF36F8F00BFE8
:108D100000BFFEE7482000900098482801D10120BC
:108D200000E0002050B900BF502080F31188BFF34D
:108D30004F8FBFF36F8F00BF00BFFEE72C464CB1D3
:108D4000012084F846004B463A463146404600949E
:108D5000FCF78AF92046BDE8F883000070B50546A7
:108D60000E462C4654B900BF502080F31188BFF343
:108D70004F8FBFF36F8F00BF00BFFEE7FFF7BCFB55
:108D8000D4E90F12206801FB020060600020A0639C
:108D90002068A060E06B401E226C216800FB02107E
:108DA000E060FF2084F8440084F845009EB9206903
:108DB00008B9012000E00020A8B904F1100000F07B
:108DC00079FC80B14FF0805009490860BFF34F8FA4
:108DD000BFF36F8F07E004F11000FFF757FB04F1BA
:108DE0002400FFF753FBFFF7B1FB012070BD00002B
:108DF00004ED00E02DE9FF4383B0064688461D469A
:108E00004FF00009344654B900BF502080F3118858
:108E1000BFF34F8FBFF36F8F00BF00BFFEE7B8F106
:108E2000000F01D1206C08B9012000E0002050B9EA
:108E300000BF502080F31188BFF34F8FBFF36F8FB7
:108E400000BF00BFFEE7022D02D1E06B012801D177
:108E5000012000E0002050B900BF502080F31188AD
:108E6000BFF34F8FBFF36F8F00BF00BFFEE700F06F
:108E7000F9FA08B9059808B9012000E0002050B9B6
:108E800000BF502080F31188BFF34F8FBFF36F8F67
:108E900000BF00BFFEE700BFFFF72EFBA06BE16B3A
:108EA000884201D3022D28D12A4641462046FCF7AC
:108EB0000EF80746606A08B9012000E0002068B992
:108EC00004F1240000F0F6FB88B14FF080503249E5
:108ED0000860BFF34F8FBFF36F8F08E03FB14FF0D3
:108EE00080502D490860BFF34F8FBFF36F8FFFF79E
:108EF0002DFB012007B0BDE8F083059818B9FFF7F6
:108F000025FB0020F6E7B9F1000F04D101A8FFF717
:108F10003FFC4FF00109FFF719FBFFF75BFDFFF77F
:108F2000EBFA94F94400401C10B9002084F8440086
:108F300094F94500401C10B9002084F84500FFF763
:108F400005FB05A901A800F059F9F0B92046FCF786
:108F50009CF9A0B104F110000599FFF7A3FC20468D
:108F6000FCF7ABFB00F0F2FB002895D14FF08050EE
:108F700009490860BFF34F8FBFF36F8F8CE720461E
:108F8000FCF79BFB00F0E2FB86E72046FCF795FB35
:108F900000F0DCFB0020ADE704ED00E02DE9F05F20
:108FA00007468A4690461E463C4654B900BF5020AC
:108FB00080F31188BFF34F8FBFF36F8F00BF00BFE7
:108FC000FEE7BAF1000F01D1206C08B9012000E0E2
:108FD000002050B900BF502080F31188BFF34F8F9D
:108FE000BFF36F8F00BF00BFFEE7022E02D1E06B20
:108FF000012801D1012000E0002050B900BF50201D
:1090000080F31188BFF34F8FBFF36F8F00BF00BF96
:10901000FEE7FFF717FB00BF5021EFF3118081F34C
:109020001188BFF34F8FBFF36F8F00BF0546A06B52
:10903000E16B884201D3022E23D194F945B0324628
:1090400051462046FBF743FF0BF1010088B9606AE7
:1090500008B9012000E0002080B904F1240000F0EC
:1090600029FB58B1B8F1000F08D00120C8F8000062
:1090700004E00BF1010040B284F845004FF0010913
:1090800001E04FF0000900BF85F3118800BF48469A
:10909000BDE8F09F2DE9F74183B005460E464FF03D
:1090A00000082C4654B900BF502080F31188BFF34C
:1090B0004F8FBFF36F8F00BF00BFFEE70EB9206C6C
:1090C00008B9012000E0002050B900BF502080F313
:1090D0001188BFF34F8FBFF36F8F00BF00BFFEE754
:1090E00000F0C0F908B9059808B9012000E0002097
:1090F00050B900BF502080F31188BFF34F8FBFF3EA
:109100006F8F00BF00BFFEE700BFFFF7F5F9A76B49
:10911000F7B131462046FBF7C5FE781EA0632069F3
:1091200008B9012000E0002060B904F1100000F04F
:10913000C1FA38B14FF080502F490860BFF34F8F0C
:10914000BFF36F8FFFF702FA012006B0BDE8F08190
:10915000059818B9FFF7FAF90020F6E7B8F1000F03
:1091600004D101A8FFF714FB4FF00108FFF7EEF957
:10917000FFF730FCFFF7C0F994F94400401C10B928
:10918000002084F8440094F94500401C10B90020E8
:1091900084F84500FFF7DAF905A901A800F02EF8D8
:1091A000F0B92046FCF764F8A0B104F12400059959
:1091B000FFF778FB2046FCF780FA00F0C7FA00289A
:1091C000A3D14FF080500C490860BFF34F8FBFF31D
:1091D0006F8F9AE72046FCF770FA00F0B7FA94E731
:1091E0002046FCF76AFA00F0B1FA2046FCF740F896
:1091F00000288AD00020A8E704ED00E070B50646FC
:109200000C4656B900BF502080F31188BFF34F8F32
:10921000BFF36F8F00BF00BFFEE754B900BF5020FF
:1092200080F31188BFF34F8FBFF36F8F00BF00BF74
:10923000FEE7FFF761F9184802687068131A1748CB
:10924000006890F8520030B100201449096881F894
:10925000520001251CE02068401C08B9002517E0D9
:109260000F4930680968884204D07068904201D87C
:1092700001250DE02068984207D92068C01A2060B7
:109280003046FFF785FA002502E000202060012526
:10929000FFF75CF9284670BDAC030020980300205E
:1092A000C00300202DE9FF4F85B080468946174650
:1092B000DDE912ABB800FCF73FFA064656B1542080
:1092C000FCF73AFA04460CB1266304E03046FFF797
:1092D0005BF900E000248CB1002084F85100CDE956
:1092E00000ABCDE902403A4649464046089BFBF7B1
:1092F000CEFE2046FBF71EFD012501E04FF0FF35B5
:10930000284609B0BDE8F08F2DE9F04F85B007463B
:10931000884691469A46DDE90EB6109C0EB10120B2
:1093200000E0002050B900BF502080F31188BFF347
:109330004F8FBFF36F8F00BF00BFFEE70CB101205E
:1093400000E0002050B900BF502080F31188BFF327
:109350004F8FBFF36F8F00BF00BFFEE75420039015
:109360000398542801D1012000E0002050B900BF2B
:10937000502080F31188BFF34F8FBFF36F8F00BF72
:1093800000BFFEE7B4B1AEB125462C462E630220E5
:1093900085F85100002004A953464A46CDE900B1A2
:1093A000CDE9025041463846FBF771FE2846FBF7EF
:1093B000C1FC01E000200490049805B0BDE8F08FE6
:1093C00070B5064607253046E7F704FB102801D2A2
:1093D000012000E0002050B900BF502080F3118828
:1093E000BFF34F8FBFF36F8F00BF00BFFEE7FFF7E4
:1093F000F1FA00BF6D1E05EB8501154A02EB8100F5
:109400003146FCF781F8044604B101E0002DF1D1AA
:1094100000BF2CB931460F480068FCF775F80446C8
:109420002CB931460C480068FCF76EF8044624B9A4
:1094300031460A48FCF768F8044624B93146084822
:10944000FCF762F8044600F081F9204670BD000088
:109450003C4E00209C030020A0030020184F002059
:10946000044F00200549096809B9012005E00449B5
:10947000096809B9022000E000207047B403002009
:10948000D00300200149086870470000AC030020A9
:1094900070B5FFF7D7F8002501480468204670BD75
:1094A000AC0300202DE9F0414FF00008444800686B
:1094B000002877D143480068451C4248056015BB29
:1094C00041480068006808B9012000E0002050B958
:1094D00000BF502080F31188BFF34F8FBFF36F8F11
:1094E00000BF00BFFEE738480768384800683649C3
:1094F00008603648076036480068401C34490860F8
:10950000FBF7D2FF00BF3348006885423CD300BF61
:109510002D480068006808B9012000E0002020B153
:109520004FF0FF302B4908602DE027480068C068E5
:10953000C4686668B54202D22648066023E0201D52
:10954000FEF764FFA06A18B104F11800FEF75EFF91
:1095500094F82C10012088401F49096808431E49CF
:109560000860E16A01EB81011C4A02EB8100211DC8
:10957000FEF7B6FF1A49E06A0968C96A8842C7D38C
:109580004FF00108C4E700BF15480068C06A00EB4F
:109590008000124951F82000012801D94FF001083C
:1095A00005E0FFE70F480068401C0E4908600E48C0
:1095B000006808B14FF001084046BDE8F0810000A6
:1095C000D0030020AC0300209C030020A003002057
:1095D000C0030020C8030020B00300203C4E002040
:1095E00098030020B8030020BC03002070B5054696
:1095F0002C460026002D55D02B480068844201D10E
:10960000012000E0002050B900BF502080F31188F5
:10961000BFF34F8FBFF36F8F00BF00BFFEE7A06C9B
:1096200050B900BF502080F31188BFF34F8FBFF3B4
:109630006F8F00BF00BFFEE7A06C401EA064616C8E
:10964000E06A88422ED0A06C60BB201DFEF7DEFED3
:1096500078B9E06A00EB8000144951F8200040B965
:1096600094F82C1001208840114909688143104862
:109670000160606CE062E06AC0F10700A06194F8EC
:109680002C10012088400A490968084308490860ED
:10969000E16A01EB8101054A02EB8100211DFEF721
:1096A0001FFF0126304670BD980300203C4E00206D
:1096B000B003002070B50646F068C46854B900BF16
:1096C000502080F31188BFF34F8FBFF36F8F00BF1F
:1096D00000BFFEE704F11800FEF798FE1548006889
:1096E000A8B9201DFEF792FE94F82C1001208840A6
:1096F00011490968084310490860E16A01EB8101DA
:109700000E4A02EB8100211DFEF7EAFE04E004F19F
:1097100018010B48FEF7E4FE0A49E06A0968C96AC5
:10972000884204D9012501200749086000E000258E
:10973000284670BDD0030020B00300203C4E00201E
:10974000F04E002098030020BC03002070B50024D8
:1097500000263648006850B900BF502080F31188B9
:10976000BFF34F8FBFF36F8F00BF00BFFEE7FEF761
:10977000C3FE2E480068401E2C4908600846006859
:1097800000284FD12A48006800284BD024E02948FF
:10979000C068C46804F11800FEF738FE201DFEF70B
:1097A00035FE94F82C1001208840234909680843AD
:1097B00021490860E16A01EB8101204A02EB810046
:1097C000211DFEF78DFE1E49E06A0968C96A8842BC
:1097D00002D301201B4908601648006808B901201F
:1097E00000E000200028D2D00CB1FBF75DFE164847
:1097F000056865B100BFFFF755FE10B101201149A2
:1098000008606D1E002DF6D100200F4908600D483C
:10981000006838B1012630070C490860BFF34F8F4C
:10982000BFF36F8FFEF792FE304670BDD00300206D
:10983000A8030020F04E0020B00300203C4E002082
:1098400098030020BC030020B803002004ED00E0D2
:1098500010B586B00024FBF7C7FA16480068D0B1EF
:1098600000200590049003AA04A905A8FEF702FEB3
:109870000222DDE904100023CDE9002102900EA1AF
:109880000F48039AFFF740FD0E490860084600683C
:1098900000B1012400BF54B900BF502080F31188EB
:1098A000BFF34F8FBFF36F8F00BF00BFFEE72046AF
:1098B00006B010BDDC030020546D722053766300A7
:1098C000A1560108E00300202DE9FF4704460D469C
:1098D00016461F46DDF830804FF0000954B900BF2E
:1098E000502080F31188BFF34F8FBFF36F8F00BFFD
:1098F00000BFFEE71448006810B30095019602947B
:10990000062D15DAFFF7AEFD022808D100234246E6
:1099100069460D480068FFF76DFA814610E00023A4
:109920001A46694608480068FFF764FA814607E06E
:1099300000233A46694604480068FFF72FFB81463A
:10994000484604B0BDE8F087DC03002010B50029CC
:109950000AD00878002807D005487844E8F74CF981
:10996000002801D0002010BD0248784410BD00003E
:109970004E5000004650000010B500290AD008786B
:10998000002807D005487844E8F736F9002801D0C8
:10999000002010BD0248784410BD00003E50000079
:1099A0003650000081F00041704780F00040704761
:1099B00021F00041704720F00040704721F0004244
:1099C000A2F16052B2F5801F01F0004328BFD2F12E
:1099D0007E6C51D9F1EE10CA1CF4400F14D15FEA2D
:1099E000C00C43EAC20202EB507008BF70475FEA46
:1099F0004C0C40F10000DFF880C241F0E78128BF45
:109A000020F0010001F0E2B9C30001F0004343EA95
:109A1000C20202EB507008BF70471B4248BF4FEABA
:109A20004C0C1CF4000F08BF401CDFF84CC201F0C6
:109A3000CDB9C30001F0004343EAC20202EB507209
:109A400004BF104670471B4248BF4FEA4C0C1CF441
:109A5000000FDFF824C218BF104641F0B78108BFDD
:109A6000521C12F4000F08BF104601F0AF8121F024
:109A7000004201F0004330E050EA410C04BF0846C8
:109A800070475FEA125CBCF1FE0F1ED1F1EE10CA06
:109A90001CF4400FCDD15FEAC00C9BD05FEA001CE4
:109AA0004FEAC20C4CEB507C04BFC2002CEAD27CC3
:109AB0001CF4000F04BF4CEA0300DFF8BCC101F046
:109AC000858121F00042A2F16052B2F5801F4FEA79
:109AD000410C2ADB1CF5001F16D2F1EE10CA1CF453
:109AE000806F06D02CF0005C4CF0805CA1F14061EE
:109AF0002AE04FF07F40DFF884C143EA500001F0D4
:109B000065B9084601F013BB70B500F037FD00BF22
:109B1000000000B988000004FFF7F3BF21F0704295
:109B200043EA507040EAC2007047F1EE10CA2CF0D0
:109B3000805C4CF0005C1CF4006F25D04B00B3F54A
:109B4000001F51D301F140611CF4400F40F07E80B2
:109B50000CF0405CC3004CF0880C11D05CF0404C21
:109B600010F0805F0CD0034610F1005041F100016D
:109B7000020108BF20F00050834218BF2CF0004CB7
:109B800000F0604001F0E3BB1CF4400F1AD01B4210
:109B900048BF4FEA4C0C1CF4000F13D112F1406285
:109BA00048BF22F07F424FEAC00CBCF1010F43EAEC
:109BB000C20242EB50704FF0880228BF42F0804250
:109BC00001F0BABA12F1406248BF22F07F425FEA68
:109BD000C00C43EAC20242EA50704FF0880218BF3C
:109BE00042F0404201F0A8BA01F0004321F00041E8
:109BF000094214D0B1FA81FCACF10B0CCCF120027B
:109C000001FA0CF120FA02F241EA02014FEA0C5289
:109C100000FA0CF0A1EB020181EA03010FE0B0FAB7
:109C200080F200FA02F002F115024FEAD0214FEA69
:109C30000252A1EB02014FEA405081EA0301F1EE2A
:109C400010CA2CF0805C4CF0005C7BE762460CF0A4
:109C5000405CC3004CF0880C92D05CF0404C094250
:109C600048BF520012F4000F8AD110F1005041F1A8
:109C700000012CF0004C83D18800004088000010C7
:109C800010B5DFF840E211F5801C13F580141EEAD0
:109C90004C0F18BF1EEA440F00F0C88091EA030F72
:109CA00048BF83F0004300F19A86841A71EB030CDD
:109CB00005D2121943EB0C03001B61EB0C014FEAB8
:109CC0001154A4EB135C23EA6E0321EA045143F41C
:109CD0008013DCF1200E53D322FA0CFE10EB0E00A1
:109CE00023FA0CFE41EB0E01CCF1200E03FA0EFE1E
:109CF00010EB0E0051F10001B1F5801FCCF1200EE8
:109D000053D201EB045112FA0EF2BDE8104008BF25
:109D10007047F1EE10CA1CF4400F1ED14FF0110C29
:109D200092F0000F4CF0804C41F15080401C38BF45
:109D30005FEA420241F04A80002814BF20F001008F
:109D400041F100014FEA410313F5001F24BF4CF01D
:109D5000805CA1F1C04101F039B811F0004F54BF4F
:109D60001CF4000F1CF4800F4FF0110C4CF0804CD1
:109D700041F02C80401CC1F0298041F10001E1E755
:109D8000012A43EB0302ACF1200CDCF11F0E32BFC1
:109D90004FF0000E23FA0CF310EB030041EB0451DB
:109DA000B4EB115FAFD0A1EB045101F5801149086C
:109DB0005FEA300002FA0EF242EA420201EB04517D
:109DC0005FEA320213D0BDE81040F1EE10CA1CF475
:109DD000400F1AD14FF0110C92F0000F4CF0804C54
:109DE000B0D5401C38BF5FEA4202ABD1A4E7BDE862
:109DF00010404FEA410313F5001F38BF7047DFF8EA
:109E0000C8C0A1F1C04100F0E1BF11F0004F54BF44
:109E10001CF4000F1CF4800F4FF0110C4CF0804C20
:109E200090D1401C8ED341F100018BE74EF4001E0F
:109E30003EEA410418BF3EEA430439D091EA030FD9
:109E400048BF83F0004300F1C586841A71EB030C10
:109E500005D2121943EB0C03001B61EB0C0152EA13
:109E6000430E4FEA1154A4EB135C13D05FEA445E37
:109E700021EA04511CBF23F00043ACF1010C7FF434
:109E800028AFBDE810404FF0110C801841EB0301E2
:109E900000F087BE5FEA445EBDE8104018BF70471F
:109EA00050EA410C08BF70474FF0110C00F079BE2A
:109EB000BDE8104070B500F061FB00BF64FBBE3E22
:109EC000110000040000C0FF11000010491058BF2D
:109ED000C1F140415B1058BFC3F140438B42EFF3E7
:109EE000008070472DE9C04130B4DFF864C33CEA1C
:109EF000111418BF3CEA131400F04B8181EA0305EA
:109F00001CEA111444EAD57418BF1CEA131500F0BA
:109F10001D81A4EB05044FF0004545EAC12145EA47
:109F2000C32341EA505143EA525304F17F749942EA
:109F300004F500344FEAC0204FEAC22208BF904225
:109F400000F0D0804FEA13650FF20426765D4FEAE9
:109F5000134506FB05F7C7F1807706FB07F74FEAC5
:109F6000D737A7FB03687642C8F58038A7FB06CE33
:109F700038BFA8F1010807FB08E64FF0000EA6FB6A
:109F8000028CE6FB03CEDCF1000CCEF1004E38BFB4
:109F9000AEF1010EA6FB0C584FF000074FF0000584
:109FA000E6FB0E87A1FB08C6A0FB07CE16EB0E064C
:109FB00045F10005E1FB076515F1E04E7EBFA4F514
:109FC00080345FEA46066D4116F18007F1EE10CA53
:109FD00045F100054FEA172747EA05671CF4400FD3
:109FE0004FEA152536D14FEA4666A6F15E46B6F130
:109FF000085F2FD9B4F1FE6F2CD8384624F0010C3D
:10A0000005EBC471BCF1FE6F01EB0C11DFF844C22B
:10A0100002D8F0BCBDE8004140F2D88624425CBFC3
:10A0200001F5801E9EEAC47F02D4F0BCBDE8004169
:10A0300040F1CC86244277D4DFF81CC256EA080EE1
:10A04000A1F1C04118BF4CF0804CF0BCBDE800410C
:10A0500000F0BCBE4FEAD22242EA43524FEAD32379
:10A06000A7FB02864FEAD02040EA415007FB036677
:10A070001EEA0E0F4FEAD12105FB026658BFA6EB80
:10A080000056B6EB00564FEA520E4EEAC37E18EB6E
:10A090000E0E56EB530E05D518EB02085E417F1CE1
:10A0A00055F1000556EA080E24D01CF4400FA4D048
:10A0B00014F0010F18BF4FEA4C0C1CF4000F08D02D
:10A0C00036429AD4B8EB02089E417F1E75F1000516
:10A0D00093E7364291D518EB02085E417F1C55F19B
:10A0E00000058AE74FF480154FF000074FF0000697
:10A0F0004FF0000824F0010C384605EBC471BCF1A8
:10A10000FE6F01EB0C1102D8F0BCBDE800811CEA27
:10A110000C0F5CBF01F5801E9EEAC47F02D4F0BC28
:10A12000BDE80081244287D556EA080C01F1C04100
:10A130001CBF06F0004C4CF0804C4CF0005CF0BCB6
:10A140004CF0140CBDE8004100F082BD50EA410E15
:10A150000CEA13150BD052EA430E13D000F08FFA1D
:10A16000641B86EA4606240444EAD674D3E652EA1F
:10A17000430E00F02680F0BC81EA030101F00041AB
:10A18000BDE80081F0BCBDE80041DFF8D0C000F0C0
:10A190001DBEF0BCBDE8004170B500F0EFF900BF96
:10A1A000097EFC3E1400000400F007B881EA0301B8
:10A1B0004FF0000001F00041704781EA030100F018
:10A1C00096BAF0BCBDE800415FF828C000F0FEBDC3
:10A1D000FFFDFBF9F7F5F4F2F0EEEDEBE9E8E6E46C
:10A1E000E3E1E0DEDDDBDAD8D7D5D4D3D1D0CFCDF3
:10A1F000CCCBCAC8C7C6C5C4C2C1C0BFBEBDBCBB2C
:10A20000BAB9B8B7B6B5B4B3B2B1B0AFAEADACAB26
:10A21000AAA9A8A8A7A6A5A4A3A3A2A1A09F9F9E00
:10A220009D9C9C9B9A9999989797969595949393B2
:10A23000929191908F8F8E8E8D8C8C8B8B8A898949
:10A2400088888787868585848483838282818180CC
:10A250000000FF0714000040140000101400000864
:10A260004FEA410380B54FEA5353A3F58063D3F11E
:10A270001E03C8BFD3F1210C1FDD4FF0004242EA9C
:10A28000C12242EA505232FA03FC62FA03F787EA2B
:10A290000C0757EAC0270BD032FA03FC8CEAE17CAA
:10A2A000ACEBE170BDE88040DFF874C000F08EBD1B
:10A2B0008CEAE17CACEBE17080BD50EA410C00D14E
:10A2C00080BD102B07DD4FF00000BDE88040DFF8B7
:10A2D00050C000F07BBD03F5787CBCF1FF3F14D08B
:10A2E000002B02BF7FEA210C5FEA013C5FEA505C71
:10A2F00005D100284FF00040D4D100D180BDBDE889
:10A300008040DFF820C000F061BDBDE8804070B53E
:10A3100000F034F9000000BFC800030480B5DFE797
:10A32000C8000240C8000204B1FA81F201FA02F149
:10A33000C2F11D024FEA415003EB025303EBD1215E
:10A340007047000051EA030C11D41CF5801F00F186
:10A350000680994218BF704708BF9042704711F5B8
:10A36000801F58BF13F5801F18D4994270471CF501
:10A37000801F09D550EA410C0EBF52EA430C8B42B4
:10A38000704708BF824270474FF4001C1CEB410F1E
:10A3900038BF1CEB430F01D28B42704770B500F001
:10A3A000EDF800BF0000003F19001604FFF78EBD56
:10A3B0004FF000514FF08053FFF788BDDFF8B4C174
:10A3C00070B51CEA111E1EBF1CEA13159EEA0C0F85
:10A3D00095EA0C0F00F0948081EA030421EA4C1105
:10A3E0004EEAD47E23EA4C13AE4441F4801143F488
:10A3F0008013A1FB024CA0FB0365AEF17F7E3619F2
:10A4000055EB0C05A1FB034C4CF10003A0FB021C17
:10A4100016EB0C06654153F10003094218BF46F0E4
:10A42000010613F4007F0BD14FEA03314FEA0530E8
:10A43000340341EA155140EA16506FF003020AE076
:10A440004FEAC3214FEAC520F40241EA555140EAE0
:10A4500056506FF00202264602EB2E4201EB0255E7
:10A4600085EACE7127D0F1EE10CA05461CF4400CE7
:10A4700014D15FEA440C18BF24F0004450F10000EE
:10A4800041F1000120EAD47040F2FD7C624517D210
:10A49000BDE87040DFF8E0C000F098BC5FEACE7421
:10A4A00054BF1CF4000F1CF4800F08BF10F1010012
:10A4B00041F10001E8E740F2FE7C624504D270BD44
:10A4C00008BF11F4801FE3D0A84214BF4FF08044AE
:10A4D0004FF04044002E08BF0024BEF1806FD8BF6B
:10A4E00001F1C041A8BFA1F1C04144F0130CA8BFC5
:10A4F0004CF0805CBDE8704040F3AA8300F066BC7D
:10A500009EEA0C0F0CEA131518BF95EA0C0F19D030
:10A5100091EA030F48BF4EF0010E50EA410418BF04
:10A5200052EA430409D000F0AAF8641986EA460604
:10A530004FEA044E4EEAD67E5BE74FEACE714FF00B
:10A54000000070BD00F01AF88900013E13000004FD
:10A5500000F005B800F007B852EA430C06D081EAD3
:10A56000030100F0C4B850EA410CF8D15FF824C0F0
:10A5700000F02CBC0000FF07130000400EF1020E9B
:10A580002EF0030E01285EF8086B41EB010414F570
:10A59000001418BFB4F5801F23D3364208D4012A13
:10A5A00043EB030515F5001518BFB5F5801F18D34B
:10A5B00001EB010C1CF5801F16D2364204D403EBCC
:10A5C000030C1CF5801F0FD2002C10D14FEAD17C58
:10A5D000002D0CEB4C0C0CF1020C08BF4CEBD37CA7
:10A5E00007E04FF0090C04E04FF0080C01E04FEADF
:10A5F000D37C0CEB4C0526FA05F606F00706B6F1FF
:10A60000040C06D20EEB860CBDE870404CF0010C39
:10A610006047DFE80CF0222413025EF804CC1B2D07
:10A6200008D1002C88BFB4F5801F34BF4CF4804C97
:10A630004CF4004CBDE8704000F0C8BB002C88BF53
:10A64000B4F5001F24BF1946104670BD4FF000003E
:10A650004FF00041A1F5002170BD194610460128B8
:10A6600051EB010418BFD4F5001484BF5EF804CC8C
:10A670002CF0806CBDE8704000F28783704780B595
:10A680004FF003065C004FEA03334FEA3606640DD1
:10A690004FEA133318BF43F480131CD153EA125E00
:10A6A00004F1010402BF13460022203C1B4202BFFA
:10A6B000130B1205143CB3FA83FEAEF10B0ECEF170
:10A6C000200C03FA0EF322FA0CFC02FA0EF2A4EBB1
:10A6D0000E0443EA0C030FB416F0010F0CBC03BCCC
:10A6E00018BF2546CED180BD80B50126F3E7080806
:10A6F000A0F500114FEA3101704753EA010C11D463
:10A700001CF5801F00F106808B4218BF704708BF00
:10A710008242704713F5801F58BF11F5801F18D46F
:10A720008B4270471CF5801F09D552EA430C0EBFBF
:10A7300050EA410C9942704708BF904270474FF46D
:10A74000001C1CEB430F38BF1CEB410F01D2994298
:10A7500070470FB40CBC03BCFFF720BE10B5DFF888
:10A7600048E011F5801C13F580141EEA4C0F18BF49
:10A770001EEA440F09D091EA030F81F000413FF532
:10A7800094AA83F0004300F02AB981EA030180EA29
:10A79000020083EA010382EA000281EA030180EAFF
:10A7A000020000F008BA00BF0000C0FF2DE9F04130
:10A7B00001F5801CBCF5001FC0F2DC804FEA115C83
:10A7C00021EA0C5141F480110CF1FD0C5FEA5C0CA4
:10A7D0000CF5C07C01D34000494135A4890241EA0F
:10A7E000905187028E0E0A0CA45D04FB04F602FB56
:10A7F00006F6C6F14046A4FB0662F60D46EA42267E
:10A8000006FB06F4A4FB01235242C3F1404338BFC8
:10A810005B1EA6FB02420024E6FB0324D20B42EAA5
:10A820004446A6FB0623A1FB02E2A3FB07E4E3FBED
:10A8300061426442C2F1404E38BFAEF1010EA6FB48
:10A8400004234FF00002E6FB0E32A2FB0346340065
:10A85000E2FB6264A1FB06E6A4FB07E8E4FB616897
:10A860007642C8F1405838BFA8F10108A2FB06E4BF
:10A87000A3FB08E5E2FB6854A1FB05E6A7FB04E89F
:10A88000E1FB648618F12005F1EE104A56F100064E
:10A89000A809B10914F4400F40EA866028D1A8F154
:10A8A0001B0808F01F08B8F10A0F21D9BDE8F041D4
:10A8B00001EB0C514FF0170C4CF0804C00F086BAB5
:10A8C000FCF5EEE8E2DDD8D3CFCBC7C3C0BDB9B647
:10A8D000B4B1AEACA9A7A5A3A19F9D9B9A9896954C
:10A8E0009392908F8D8C8B898887868584838281D3
:10A8F000A0FB006800FB01F208EB4208B8EB8728D8
:10A9000058EA060215D014F4400F16D118EA080FC1
:10A9100007D5341858EB0104C8D5401C51F100018B
:10A92000C4E7341A78EB0104C0D4401E71F1000171
:10A93000BCE701EB0C51BDE8F08114F4000F0CD121
:10A9400018EA080FB2D5361858EB0108401C51F12F
:10A950000001361858EB0108F2E718EA080FA5D4F1
:10A96000361A78EB0108401E71F10001361A78EBB7
:10A970000108F2E75FEA4C0C5FEA9C5C14D10AD351
:10A9800050EA013C01D1BDE8F08109420CD4FFF747
:10A99000ABFEA44618E7BDE8F04170B5FFF7EEFD49
:10A9A0006DDBFFBE17000004BDE8F0415FF80CC08E
:10A9B00000F00CBA10B5DFF894E211F5801C13F525
:10A9C00080141EEA4C0F18BF1EEA440F00F0F380FB
:10A9D00091EA030F48BF83F000433FF566A9841A4C
:10A9E00071EB030C07D212198CF0004C43EB0C03F3
:10A9F000001B61EB0C0152424FEA1154A4EB135CB3
:10AA000023EAAE0321EA0451C3EBAE0338BF5B1E59
:10AA1000DCF1200E48D322FA0CFE10EB0E0043FAB4
:10AA20000CFE41EB0E01CCF1200E03FA0EFE10EBF2
:10AA30000E0051F10001CCF1200E4CD412FA0EF2AE
:10AA400001EB0451BDE8104008BF7047F1EE10CA99
:10AA50001CF4400F14D14FF0120C92F0000F4CF088
:10AA6000804C40F1B381401C18BFB2F1004F40F060
:10AA7000AD8100280CBF491C20F0010000F0A6B9F0
:10AA800011F0004F54BF1CF4000F1CF4800F4FF066
:10AA9000120C4CF0804C40F09981401C40F09681A3
:10AAA00041F1000100F092B912EB020E43EB0302F8
:10AAB00018BF4FF0010E4EEA4202ACF1200CDCF15F
:10AAC0001E0E4BD943FA0CFE10EB0E0051F1FF3174
:10AAD000CCF11E0EB2D50EF1010E12FA0EFE40415F
:10AAE00041EB010101EB445C5FEA5C5C06D95FEA83
:10AAF0000E0201EB0451BDE81040A5E73BD24FEA3E
:10AB0000D42C11F5001124F400641AD0B1FA81F2AA
:10AB10000B3AA41AA41ED2F12003914030FA03F399
:10AB20001943904001EBCC71002C01EB0451BDE8BE
:10AB30001040A8BF704701F1C0414FF0120C00F067
:10AB400087B8B0FA80F310FA03F101D1BDE81040E4
:10AB500019D0E41A173C4805C90AE3E701EB045190
:10AB6000BDE81040401E61F100015FF0FF326BE76D
:10AB700001EB045110BD491001EB0451BDE8104038
:10AB80004FEA30000BE0F1EE10CA4FF000010CF478
:10AB9000400CBCF5000F08BF4FF0004170474FF06C
:10ABA000120C4A0008BF0042EDD0B2F5001F28BFCA
:10ABB000704700F0EAB84EF4001E3EEA410418BFA8
:10ABC0003EEA430434D091EA030F48BF83F00043C8
:10ABD0003FF53BA9841A71EB030C07D212198CF0D4
:10ABE000004C43EB0C03001B61EB0C0152EA033EEB
:10ABF0004FEA1154A4EB135C14D05FEA445E21EADF
:10AC0000045109D023F000435242ACF1010CC3F1CE
:10AC1000000338BF5B1EFBE6BDE81040801A61EB05
:10AC20000301BCE7BDE8104050EA410CB7D1AAE7E8
:10AC3000BDE8104070B5FFF7A1FC00BF40DFF63E55
:10AC40001100000483F00041104670470000C0FF6F
:10AC5000F1EE103A13F0807F1EBF01F0004100209A
:10AC6000704713F4006F40F0AA80094248BF4CF4CB
:10AC7000803C4FF4C0634FEA115203F1010321EA13
:10AC8000025122F400629A1A48BF6FF0FE0241F4AA
:10AC90008011352A3CD830D0152A1ED3203A0CD941
:10ACA0000028C2F1200321FA02F001FA03F218BFD2
:10ACB00042F001024FF0000130E0C2F1000302F166
:10ACC000200201FA03F120FA02F241EA020100FA3D
:10ACD00003F208464FF0000120E0C2F1200310B457
:10ACE00000FA03F401FA03F320FA02F021FA02F168
:10ACF000224610BC43EA000010E050EA01324FF057
:10AD000000004FF000014FF0004218BF521C05E058
:10AD10004FF001024FF000014FF000001CF4803FA3
:10AD20002CF4803C18BF41F0004112421ED0F1EEDD
:10AD3000103A13F4400F20D1520003D30CD0401C22
:10AD400041F10001F1EE103A4CF0804C43F0080361
:10AD5000E1EE103A00F03AB85FEAAC72EFD4F1D10C
:10AD6000401C41F1000120F00100EBE71CF0804F96
:10AD700008BF70472CF0004CE4E7094254BF13F4BD
:10AD8000000F13F4800FDDD1D9E7F1EE103A13F084
:10AD9000807F1EBF01F000410020704713F4006F58
:10ADA00008BF70472DE9F050FFF79EFC04F5C06422
:10ADB000A4F10104314301EB0451BDE8F0504CF023
:10ADC000005C4CF0800C00F0C2BA00001CF0700F68
:10ADD00008BF0A460FB4F1EE101A0CF0405030EAEA
:10ADE000814318BF4CF0804C4FEA4C0310EA814F6E
:10ADF0004FEAD36323EA112318BF23F0100341EA7B
:10AE0000030101F0E073E1EE101A4CEA030C0CF0C0
:10AE10000F030A2B1DBF082B0CF070034CEAC30C68
:10AE20004FF4003304BF33EA0C034CF4400C1CF025
:10AE3000005F14D11CF0805F0BD11CF0804F31D12A
:10AE40001CF0006F12D111F4807F0FBC62D000F0B3
:10AE50007EBA11F4806F0FBC2BD000F078BA11F4D9
:10AE6000006F0FBC08BF704700F071BA11F4007F8B
:10AE70000FBC40F06C821CF0400F1EBF4FF0004032
:10AE800040F0010070471CF0100F14BF81EA03026C
:10AE900042400CF00F000A2808BF4FF0FF324FF07D
:10AEA000000326E011F4805F0FBC08BF704700F07C
:10AEB0004EBAF1EE103A2CF0805C1CF0800F14BFFB
:10AEC00001F0004200F0004212420CBF12EA336F60
:10AED00012EAF35F0DD31CF0100F1DBF30A003C8A2
:10AEE0001143314808BF104313F4805F40F02F82B4
:10AEF00070471CF0100F02F000421DBF0FF29400CB
:10AF000003C81143254808BF104313F4805F40F085
:10AF10001E8270471CF0400F40F028801CF4404F08
:10AF20001BD01CF4004F1CBF194610460CF4807255
:10AF300018BF8CEA520C1CF0800F0CBF40F480004C
:10AF400041F400218CEADC0313F0100F1CBF2CF03D
:10AF50000F0C4CF0080C00F0A1B91CF0100F1ABF38
:10AF600012A393E80300134800F098B91CF0800F77
:10AF700014BF01F0004200F000421CF0100F1BBF94
:10AF80000AA393E803000B48114308BF104300F0E5
:10AF900085B900BF000000000000F07F0000807F46
:10AFA000FFFFFFFFFFFFEF7FFFFF7F7F000000003D
:10AFB0000000F87F0000C07F43004FEAD30C4FEA47
:10AFC0003C0C43401FBF40070CF1605113F0FE4F93
:10AFD00070471CF0006F14D133F0004004BF1946D5
:10AFE000704783EA830383EA430303F0070343EADA
:10AFF000CC010CF0004303F15A5303F54013FFF763
:10B0000093B90CF0004343EA507010B540EACC000D
:10B0100000F00FF8000000BA180000044FEA000129
:10B02000FFF765BB4FEAE0024FEA407042F0E041B3
:10B0300070470EF1020E2EF0030E4FEA40025EF84A
:10B04000084B12F1807218BFB2F5000F22D32442D0
:10B0500007D44FEA410313F1807318BFB3F5000F13
:10B0600018D34FEA400C1CF5000F16D2244204D42A
:10B070004FEA410C1CF5000F0FD2002A10D14FEA05
:10B08000D07C002B0CEB4C0C0CF1020C08BF4CEBF1
:10B09000D17C07E04FF0090C04E04FF0080C01E010
:10B0A0004FEAD17C0CEB4C0324FA03F404F00704C0
:10B0B000B4F1040C06D20EEB840CBDE810404CF049
:10B0C000010C6047DFE80CF01F2013025EF804CC8F
:10B0D0001B2B08D1002A88BFB2F5000F34BF4CF4F7
:10B0E000804C4CF4004CBDE81040FFF76FBE002AC6
:10B0F00088BFB2F1807F28BF084610BD4FF00040E6
:10B10000A0F5800010BD0846420018BFD2F1807241
:10B1100084BF5EF8042C22F08062BDE8104000F28B
:10B120008A8070474FF00000E1EE100A7047FF215F
:10B1300041EAD050C0057047F1EE101A11F0807F3F
:10B140001CBF00F00040704711F4006F40F08E808B
:10B1500000F0004343EAD05323F48073C3F1C103EA
:10B1600023F00041172941D8C3F1200310FA03F15D
:10B17000C3F1200320F07F4040F4000020FA03F0E8
:10B1800003F0004340EA030019D00B46F1EE101A19
:10B1900041F00801E1EE101A11F4400F1CD15900E2
:10B1A00009D318BF401C06D17FEAE27398BF401C48
:10B1B00038BF20F0010042F0804CFFF707BE12F0CC
:10B1C000804F08BF7047F1EE101A944641F0080115
:10B1D000E1EE101AFFF7FABD10F0004F14BF5FEA5E
:10B1E000F1535FEA316338BF401CE4E7182903EBF1
:10B1F000912318BF6FF000410131F1EE101A41F0B8
:10B200000801E1EE101A11F4400F18BF03F00040DE
:10B21000E2D168BF03F0004009D6400203F00040CD
:10B2200000F1010004BF12F0004F20F001004FF0C8
:10B23000804CFFF7CBBDF1EE101A11F0807F1CBFE0
:10B2400000F00040704711F4006F08BF704700F035
:10B25000004120F00040B0FA80F3A3F1080341F070
:10B26000C04100FA03F0A1EBC351084442F0005C76
:10B2700000F06DB8064A21EA020120EA0202F1EE6E
:10B28000100A20EA020282EA0102E1EE102A704767
:10B2900060603FF6E6F713B8E6F748B90CF00F0325
:10B2A000092B08BF082000F064800A2B32D0082B3D
:10B2B00018BF704708BF1CF0400F31D01CF4803F0E
:10B2C00023D11CF0200F11D11CF0100F0BBF024630
:10B2D0000A466FF000406FF0004118BF4FF0FF309A
:10B2E00012F0004F1CBFC043C94370471CF0100F41
:10B2F0000CBF02460A4612F0004F4FF0FF304FF0ED
:10B30000FF311CBFC043C94370474FF000004FF0EE
:10B31000000170471CF0400F18BF4FF0004070470D
:10B320001CF0100F08D020F0704300F07F4242EA7A
:10B33000D3014FEA4370704700F0604021F07F4234
:10B3400042EA000201F07F4040EA727070472DE946
:10B3500000502DE90050E5F7C3FEBDE80050BDE800
:10B3600000500CF00F0393F0090F18BF7047AFF3B4
:10B3700000801CF4801F24D01CF4E02F09D010F0B2
:10B38000080F02D1D0F1020070476FEACC314900BA
:10B3900070474FF0604111EA407028BF40F04050C4
:10B3A000F1EE103A23F0704343EA0003E1EE103A65
:10B3B000EFF3008222F0704242EA000282F300883A
:10B3C00070471CEA004018BF012070475CE8010884
:10B3D000256501080000000000000000800000005A
:10B3E00000000000000000002CE80108190401081A
:10B3F000000000000000000000020000000000004B
:10B400000000000048E8010875180108010000006C
:10B41000000000000002000000000000000000002A
:10B420003CE80108C13801080200000000000000EB
:10B4300000020000000000000000000054E80108C5
:10B44000D19000080300000000000000000400008C
:10B45000000000000000000028E801087940010811
:10B4600000000000000000000001000000000000DB
:10B4700000000000FCE70108FD470108FEFF000096
:10B4800000000000000100000000000000000000BB
:10B4900004E80108115C0108000000000000000041
:10B4A00080000000000000000000000034E80108F7
:10B4B000AD820108000000000000000080000000D4
:10B4C00000000000000000000CE801087DF5000805
:10B4D00000000000000000008000000000000000EC
:10B4E0000000000020E80108755D01080000000070
:10B4F00000000000800000000000000000000000CC
:10B500001CE80108E18301080000000000000000C1
:10B5100080000000000000000000000000000000AB
:10B5200000000000010203040607080900000000F3
:10B5300001020304484400474D0047595241434328
:10B540004D41470000A08C46000020410000000053
:10B55000CDCC2C4100000000000000BF00001041D5
:10B560006F12833A0AD7A3BDABAA2A3EABAAAA3E62
:10B57000ABAAAA3E3333733F6F12833A0000000038
:10B5800000102446000000BF000000000000C84476
:10B59000CDCC4C3E000000005AF8F63F5D896EBFEE
:10B5A000D5A9183B000000000000000000000000CA
:10B5B000000000000000000000000000000000008B
:10B5C0000000000700000000000000CF00000000A5
:10B5D000000000CF00000000000000CC00000000D0
:10B5E000000000CC00000000000000CC00000000C3
:10B5F000000000CC00000000000000CE00000000B1
:10B60000000000CF00000000000000FF000000006C
:10B61000000000F9000000000000007000000000C1
:10B6200000000000000000000000003E00000000DC
:10B630000000007E00000000000000E700000000A5
:10B64000000000C300000000000000C30000000074
:10B65000000000C300000000000000C70000000060
:10B66000000000FE00000000000000FE00000000DE
:10B670000000007C0000000000000003000000004B
:10B68000000000DF00000000000000DF00000000FC
:10B69000000000DB00000000000000DB00000000F4
:10B6A000000000DB00000000000000DB00000000E4
:10B6B000000000DB00000000000000DF00000000D0
:10B6C000000000FE00000000000000FE000000007E
:10B6D0000004000080000000003C001CC0000000CE
:10B6E00001FC007EF00000001FFC00FFF8000001DC
:10B6F000FFFC00E7FE00000FFFFC00C3FF0000FF9F
:10B70000FFFC00C3FFC007FFFFFC00C3FFE01FFFFB
:10B71000FFFC00C7FFF01FFFFFFC00FEFFF81FFF4C
:10B72000FFFC007CFFFC1FFFFFFC0039FFFE1FFF3A
:10B73000FFFC0007FFFF1FFFFFFC001FFFFF9FFF35
:10B74000FFE000FCFFFF9FFFFF0000F0FFFF9FFFF7
:10B75000F00000FCFFFF9FFF8000007FFFFF9FF8CD
:10B760000000000FFFFF9FF80000000FFFFF9FF891
:10B770000000001CFFFF9FF800000038FFFF9FF84B
:10B78000000000F0FFDF9FF8000000FFFFCF9FF8F0
:10B79000008000FFFFC79FF800800007FFC39FF8ED
:10B7A00000C00000FFC09FFB00C00001FFC01FFBE6
:10B7B00080E00003FFC01FFBC0E00007FFC01FFBCD
:10B7C000E0F0001EFFC01FFBF0F0003DFFC01FFBBC
:10B7D000F8F80073FFC01FFBFCF800E3FFC01FFB7D
:10B7E000FFFC00E3FFC01FFBFFFC00FFFFC01FFBCF
:10B7F000FFFE007FFFC01FFBFFFE001FFFE01FFBDF
:10B80000FFFF0007FFE03FFBFFFF0001FFF07FFBB2
:10B81000FFFF80007FF8FFF1FFFF80017FFFFFF057
:10B82000FFEFC0737FFFFFF07FE7C0FB3FFFFFE04C
:10B830003FE3E0FB3FFFFFE01FE1E0DB1FFFFFC056
:10B840000FE0F0DB0FFFFF8007E070DB07FFFF007A
:10B8500003E038DB03FFFE0001E018DF00FFF80023
:10B8600000E00CDE003FE0000060048E00000000FD
:10B870000020004000000000000000C000000000A8
:10B88000000000C000000000000000FF00000000F9
:10B89000000000FF00000000000000FC00000000AD
:10B8A000000000C000000000000000C00000000018
:10B8B000000000C000000000000000810000000047
:10B8C0000000000B00000000000000DB0000000092
:10B8D000000000DB00000000000000DB00000000B2
:10B8E000000000DB00000000000000DB00000000A2
:10B8F000000000DB00000000000000DB0000000092
:10B90000000000DB00000000000000D2000000008A
:10B9100000000080000000000000000F0000000098
:10B92000000000CF00000000000000CC000000007C
:10B93000000000CC00000000000000CC000000006F
:10B94000000000CC00000000000000CC000000005F
:10B95000000000CF00000000000000DF0000000039
:10B96000000000FB0000000000000071000000006B
:10B9700000000000000000000000000000000000C7
:10B9800000000000000000000000000000000000B7
:10B9900000000000000000000000000000000000A7
:10B9A0000000000000000000000000000000000097
:10B9B0000000000000000000000000000000000087
:10B9C00000000000000002060E1E3E7EFEFEFEFE8F
:10B9D000FEFEFEFEFEFEFEFEFEFEFEFEFEFEFEFE87
:10B9E000FEFEFEFEFEFEFEFEFEFEFEFEFEFEFEFE77
:10B9F000FEFCFCF8F8F0E0C0800000000000000051
:10BA00000000000000000000000000000000000036
:10BA10000000000000000000000000000000000026
:10BA20000000000000000000000000000000000016
:10BA30000000000000000000000000000000000006
:10BA400000000000000000000000000000010307EB
:10BA50000F1F3F7FFFFFFFFFFFFFFFFFFFFFF7E726
:10BA6000C7870707070707070707070707070F1F06
:10BA7000FFFFFFFFFFFFFFFFFFFEF00000000000E1
:10BA800000000000000000000000000000000000B6
:10BA900000000000000000000000000000000000A6
:10BAA0000000000000000000000000000000000096
:10BAB0000000000000000000000000000000000086
:10BAC000000000000000000000000000000000C0B6
:10BAD000FCFCFCFCFCFDFFFFFFFFFFFFFFFFFFFF87
:10BAE000FFFFFFFEFCFCFCFCFCFCFCFCFCFCFEFF86
:10BAF000FFFFFFFFFFFFFF7F3F0F0100000000007F
:10BB00000000000000000000000000000000000035
:10BB10000000000000000000000000000000000025
:10BB20000000000000000000000000000000000015
:10BB30000000000000000000000000000000000005
:10BB400000000000000000000000000080F0FEFF88
:10BB5000FFFFFFFFFFFFFFFFFF1F0F0F0F0F0F0F75
:10BB60000F1F3F7FFFFFFFFFFFFFFFFFFFFFFFEF05
:10BB7000CF87070303010000000000000000000061
:10BB800000000000000000000000000000000000B5
:10BB900000000000000000000000000000000000A5
:10BBA0000000000000000000000000000000000095
:10BBB0000000000000000000000000000000000085
:10BBC00000000000000000000000E0FCFFFFFFFF9D
:10BBD000FFFFFFFFFFFF3F070000000000004040A5
:10BBE00040C0C0C0C0C1C3C7CFDFFFFFFFFFFFFF22
:10BBF000FFFFFFFEFCF8F0E0C08000000000000046
:10BC00000000000000000000000000000000000034
:10BC10000000000000000000000000000000000024
:10BC20000000000000000000000000000000000014
:10BC30000000000000000000000000000000000004
:10BC400000000000000000080C0F0F0F0F0F0F0F77
:10BC50000F0F0F0F0F010000000000000000000098
:10BC60000000000101030307070F0F1F1F3F3F7F65
:10BC70007FFFF3E3C3830303030303020000000019
:10BC800000000000000000000000000000000000B4
:10BC900000000000000000000000000000000000A4
:10BCA0000000000000000000000000000000000094
:10BCB0000000000000000000000000000000000084
:10BCC0000000000000000000000000000000000074
:10BCD0000000000000000000000000000000000064
:10BCE0000000000000000000000000000000000054
:10BCF0000000000101030306040000000000000032
:10BD00000000000000000000000000000000000033
:10BD10000000000000000000000000000000000023
:10BD200000000000000000000000000060787B1BA5
:10BD30001B1B7B7F6F4E003E7F6363637F3E0078FB
:10BD40007B6B6B6B6B7B7F36003E7F6363637F3EF9
:10BD50004060783D071F7C701D077F784000607051
:10BD6000385D6F676F7C70400040666F6B6B6B6B0C
:10BD70007B310203037F7F030361686B6B6B6B6B2B
:10BD80000B0360787B1B1B1B7B7B6F4E00466F6F2A
:10BD90006B6B6B7B310000000000000000000000B6
:10BDA0000000000000000000408000000000408013
:10BDB0000000000040800000000040800000000003
:10BDC00040000000000040000000000044000000AF
:10BDD0000000440000000000440000000000440097
:10BDE0000003FFC040000003FFC0400000003FE030
:10BDF000400000003FF0400000000FF840800000CD
:10BE00000FFC4080000003FE0000000003FF000064
:10BE1000000003FF8000000007FFC00000000FFFCC
:10BE2000FF8000003FFFF98000003FFFF980000025
:10BE30003FFFE0000000FFFFE0000000FFFF800088
:10BE40000000FFFF80000003FFFFE0000003FFFF92
:10BE5000E0003FFFFFFFFF803FFFFFFFFF80FFFF8E
:10BE6000FFFE0180FFFFFFFE0180CFFFFFF8000013
:10BE7000CFFFFFF80000FFFFFFC04000FFFFFFE023
:10BE80004000FFFC30004000FFFC30004000FFCCD1
:10BE90003C004000FFCC3C004100FFCC00004000D3
:10BEA000FFCC00004000FFCC00004000FFCC0000B1
:10BEB0004000FFC000004000FFC0000040003FC045
:10BEC000000040803FC00000408000000000408033
:10BED0000000000040800000000040000000000062
:10BEE0004000000000004800000000004800000082
:10BEF000000048000000000040000000000040007A
:10BF000000000000400000000000400000000000B1
:10BF10004000000000004000000000007000000031
:10BF2000000000F80000000000019C800000001FDD
:10BF3000FF8F800000007FFFE300000000F000FEA4
:10BF400000000001C0001F00000001800007C000C9
:10BF50000703000000F00007E30600007C000C7BF4
:10BF60000600001E007C0F0000000780FFE60000B6
:10BF70000001C0C0FE00200000E0C00E003C000038
:10BF800070C0020026000030C002003E000030C039
:10BF90003E0026000030FFF2003C0000707E0600EC
:10BFA000200000E00C1F00000003C00CFB06000096
:10BFB000078007E30600001E00070300000078006A
:10BFC0000001800003E0000001C0000F80000000BD
:10BFD000F000FF000000007FFFFF000000001FFFD7
:10BFE0000D800000000003B8000000000000F00019
:10BFF00000000000006000000000000080800000E1
:10C000000380C000001F80F00003FF80FC003FFFA2
:10C0100080FE01FFFF80FF07FFFF80FF87FFFF809B
:10C02000FFC7FFFF80FFE7FFFF80FFE7FFFC00FF88
:10C03000E7FF8000FFE7F80000FFE7F80000FFE7F8
:10C04000F80000FFE7F80000FEE7F80000FE67F8E0
:10C050000000FE27FA0000FE07FB0400FE07FB8637
:10C0600000FE07FBC600FE07FBE700FE07FBF7002C
:10C07000FE07FBFF80FE07FBFF80FE07FBFFC0FF04
:10C0800007FBFFE0FF9FFBFFE0FFFFF9FFF07FFFF3
:10C09000F0FEF07FFFF07E783FFFE03E383FFFC0CC
:10C0A0001E1C1FFF800E0C0FFF00060407FC000281
:10C0B0000000000000008244281028448200000094
:10C0C0007800FEC0FEC078000000400070007800DC
:10C0D0004FE04FE0780070004000000000000000DA
:10C0E0000000000000000000000000000000000050
:10C0F0000000000000000000000040007000780018
:10C100004FE04FE0780070604060000000000000E9
:10C11000000000000000000000000000000000001F
:10C1200000000000000000000000400070007800E7
:10C130004FE04FE07800706040600000000001E0D8
:10C1400001E000000000000000000000000000000E
:10C1500000000000000000000000400070007800B7
:10C160004FE04FE07800706040600000000001E0A8
:10C1700001E00000000007E007E000000000000010
:10C180000000000000000000000040007000780087
:10C190004FE04FE07800706040600000000001E078
:10C1A00001E00000000007E007E0000000001FE0E1
:10C1B0001FE0000000000000000040007000780058
:10C1C0004FE04FE07800706040600000000001E048
:10C1D00001E00000000007E007E0000000001FE0B1
:10C1E0001FE0000000007FE07FE0000018000C006E
:10C1F000CAC0010818000C00FAC0010818000C00A1
:10C200002AC1010818000C005AC1010818000C00CE
:10C210008AC1010818000C00BAC1010800007FE0C3
:10C220004020432041A040E043A04F205C207020EC
:10C230007FE0000000007FE04020402040204020C0
:10C2400040204020402040207FE000000C000C00F7
:10C250001CC201080C000C0034C20108FFFC800461
:10C2600080048004800480048004800480048004AE
:10C27000800480048004800480048004800480049E
:10C280008004800480048004FFFC078018000E00F6
:10C290005CC2010800000000000000000000000077
:10C2A000000000003F4000000000000000003000DF
:10C2B000400030004000000009000BC03D000BC0F2
:10C2C0003D00090018C024407FE02240318000007A
:10C2D000180024C01B000D803240018003801C40E8
:10C2E00027401C8007400040100060000000000054
:10C2F000000000000000000000001F8020404020DF
:10C300000000402020401F800000000009000600BF
:10C310001F80060009000000040004003F800400A4
:10C320000400000000100060000000000000000099
:10C3300004000400040004000400000000000040A9
:10C340000000000000000000002001C006003800CE
:10C35000400000001F802040204020401F8000003F
:10C36000000010403FC000400000000018C0214005
:10C3700022402440184000001080204024402440E7
:10C380001B80000002000D0011003FC001400000B2
:10C390003C80244024402440238000001F8024400F
:10C3A00024403440038000003000200027C03800C3
:10C3B000200000001B802440244024401B800000FB
:10C3C0001C0022C0224022401F800000000000000C
:10C3D00008400000000000000000000004600000B1
:10C3E00000000000000004000A001100208040400E
:10C3F0000900090009000900090000000000404090
:10C40000208011000A0004001800200023402400AE
:10C41000180000001F802040274029401F400000D6
:10C42000004007C039000F0001C0004020403FC05D
:10C43000244024401B8000001F80204020402040DA
:10C440003080000020403FC0204020401F8000007E
:10C4500020403FC024402E4030C0000020403FC05C
:10C4600024402E00300000000F00108020402240A9
:10C470003380020020403FC0040004003FC0204041
:10C48000204020403FC0204020400000006020208D
:10C4900020203FC02000200020403FC024400B004F
:10C4A00030C0204020403FC020400040004000C03D
:10C4B0003FC03C0003C03C003FC0000020403FC0E4
:10C4C0000C4023003FC020001F802040204020401F
:10C4D0001F80000020403FC02440240018000000BE
:10C4E0001F802140214020E01FA0000020403FC0CD
:10C4F0002440260019C0004018C024402440224097
:10C5000031800000300020403FC02040300000005B
:10C5100020003F80004000403F80200020003E007F
:10C5200001C0070038002000380007C03C0007C0E9
:10C5300038000000204039C0060039C0204000000B
:10C540002000384007C0384020000000304021C0A3
:10C550002640384020C00000000000007FE040205E
:10C5600040200000000070000C000380004000002C
:10C570000000402040207FE000000000000020007C
:10C58000400020000000000000100010001000100B
:10C59000001000100000000040000000000000003B
:10C5A000000002800540054003C0004020003FC05D
:10C5B0000440044003800000000003800440044065
:10C5C0000640000000000380044024403FC00040BB
:10C5D00000000380054005400340000000000440C7
:10C5E0001FC0244024402000000002E005500550F8
:10C5F0000650042020403FC00440040003C0004017
:10C600000000044027C0004000000000001000109F
:10C61000041027E00000000020403FC00140070058
:10C6200004C00440204020403FC0004000400000C3
:10C6300007C0040007C0040003C00000044007C096
:10C640000440040003C00040000003800440044094
:10C6500003800000041007F0045004400380000031
:10C66000000003800440045007F00010044007C09D
:10C6700002400400040000000000064005400540A0
:10C6800004C00000000004001F80044000400000BF
:10C69000040007800040044007C000400400070079
:10C6A00004C0018006000400060001C0070001C0AC
:10C6B00006000000044006C0010006C0044000005F
:10C6C0000410071004E0018006000400000004408C
:10C6D00005C00640044000000000000004007BE0AC
:10C6E00040200000000000000000FFF000000000FB
:10C6F000000040207BE004000000000040008000BB
:10C7000040002000200040000000FA438FC2F53CAA
:10C71000000000000080BB4500009041000080BF89
:10C720000080BB4500009041000080BF10E4DC3F6A
:10C73000CB8541BF7FB5F73C4F4B00000000004563
:10C7400052524F522100005EBCE2613FDD83C29C29
:10C750007E20A3FD1F419DC3217FFCA2401E5F01DF
:10C76000E3BD3E6082DC237D9FC1421CFEA0E1BF91
:10C770005D0380DE3C62BEE0025CDF81633D7C22C3
:10C78000C09E1D43A1FF4618FAA427799BC584DAF1
:10C790003866E5BB5907DB856739BAE4065819479F
:10C7A000A5FB7826C49A653BD987045AB8E6A7F951
:10C7B0001B45C6987A24F8A6441A99C7257B3A6483
:10C7C00086D85B05E7B98CD2306EEDB3510F4E10B1
:10C7D000F2AC2F7193CD114FADF3702ECC92D38D5F
:10C7E0006F31B2EC0E50AFF1134DCE90722C6D3311
:10C7F000D18F0C52B0EE326C8ED0530DEFB1F0AE43
:10C800004C1291CF2D73CA947628ABF51749085670
:10C81000B4EA6937D58B5709EBB536688AD495CB1E
:10C820002977F4AA4816E9B7550B88D6346A2B75D0
:10C8300097C94A14F6A8742AC896154BA9F7B6E802
:10C840000A54D7896B350000891112239B32244684
:10C85000AD573665BF74488CC19D5AAFD3BE6CCA04
:10C86000E5DB7EE9F7F88110080193331A22A5561B
:10C870002C47B7753E64C99C408DDBBF52AEEDDAE4
:10C8800064CBFFF976E802218B30100299132667FA
:10C89000AF763444BD554AADC3BC588ED19F6EEBC4
:10C8A000E7FA7CC8F5D983310A2091121803A777DB
:10C8B0002E66B5543C45CBBD42ACD99E508FEFFBA4
:10C8C00066EAFDD874C904428D5316619F70200436
:10C8D000A9153227BB364CCEC5DF5EEDD7FC688884
:10C8E000E1997AABF3BA85520C4397711E60A1149B
:10C8F0002805B3373A26CDDE44CFDFFD56ECE99864
:10C900006089FBBB72AA06638F7214409D51222579
:10C91000AB343006B9174EEFC7FE5CCCD5DD6AA943
:10C92000E3B8788AF19B87730E6295501C41A3355A
:10C930002A24B1163807CFFF46EEDDDC54CDEBB923
:10C9400062A8F99A708B088481951AA793B62CC2B5
:10C95000A5D33EE1B7F04008C919522BDB3A644E2B
:10C96000ED5F766DFF7C899400859BB712A6ADD2F2
:10C9700024C3BFF136E0C1184809D33B5A2AE55E0B
:10C980006C4FF77D7E6C0AA583B4188691972EE3D1
:10C99000A7F23CC0B5D14229CB38500AD91B666FEB
:10C9A000EF7E744CFD5D8BB502A499961087AFF3B2
:10C9B00026E2BDD034C1C3394A28D11A580BE77FCB
:10C9C0006E6EF55C7C4D0CC685D71EE597F428800D
:10C9D000A1913AA3B3B2444ACD5B5669DF78600CAB
:10C9E000E91D722FFB3E8DD604C79FF516E4A99072
:10C9F0002081BBB332A2C55A4C4BD7795E68E11C8B
:10CA0000680DF33F7A2E0EE787F61CC495D52AA150
:10CA1000A3B03882B193466BCF7A5448DD59622D6A
:10CA2000EB3C700EF91F8FF706E69DD414C5ABB131
:10CA300022A0B9923083C77B4E6AD5585C49E33D4A
:10CA40006A2CF11E780F00000000000000000000BA
:10CA500000000000000000000000000000000000D6
:10CA6000000000000000000700000000000000CFF0
:10CA700000000000000000CF00000000000000CC1B
:10CA800000000000000000CC00000000000000CC0E
:10CA900000000000000000CC00000000000000CEFC
:10CAA00000000000000000CF00000000000000FFB8
:10CAB00000000000000000F900000000000000700D
:10CAC0000000000000000000000000000000003E28
:10CAD000000000000000007E00000000000000E7F1
:10CAE00000000000000000C300000000000000C3C0
:10CAF00000000000000000C300000000000000C7AC
:10CB000000000000000000FE00000000000000FE29
:10CB1000000000000000007C000000000000000396
:10CB200000000000000000DF00000000000000DF47
:10CB300000000000000000DB00000000000000DB3F
:10CB400000000000000000DB00000000000000DB2F
:10CB500000000000000000DB00000000000000DF1B
:10CB600000000000000000FE00000000000000FEC9
:10CB7000000000000004000080000000003C001CD9
:10CB8000C000000001FC007EF00000001FFC00FF60
:10CB9000F8000001FFFC00E7FE00000FFFFC00C3EF
:10CBA000FF0000FFFFFC00C3FFC007FFFFFC00C346
:10CBB000FFE01FFFFFFC00C7FFF01FFFFFFC00FEB0
:10CBC000FFF81FFFFFFC007CFFFC1FFFFFFC00398C
:10CBD000FFFE1FFFFFFC0007FFFF1FFFFFFC001F02
:10CBE000FFFF9FFFFFE000FCFFFF9FFFFF0000F043
:10CBF000FFFF9FFFF00000FCFFFF9FFF8000007F12
:10CC0000FFFF9FF80000000FFFFF9FF80000000FDC
:10CC1000FFFF9FF80000001CFFFF9FF80000003896
:10CC2000FFFF9FF8000000F0FFDF9FF8000000FF0B
:10CC3000FFCF9FF8008000FFFFC79FF8008000072C
:10CC4000FFC39FF800C00000FFC09FFB00C00001B1
:10CC5000FFC01FFB80E00003FFC01FFBC0E0000718
:10CC6000FFC01FFBE0F0001EFFC01FFBF0F0003D07
:10CC7000FFC01FFBF8F80073FFC01FFBFCF800E3C8
:10CC8000FFC01FFBFFFC00E3FFC01FFBFFFC00FF1A
:10CC9000FFC01FFBFFFE007FFFC01FFBFFFE001F4A
:10CCA000FFE01FFBFFFF0007FFE03FFBFFFF00016E
:10CCB000FFF07FFBFFFF80007FF8FFF1FFFF8001A7
:10CCC0007FFFFFF0FFEFC0737FFFFFF07FE7C0FB48
:10CCD0003FFFFFE03FE3E0FB3FFFFFE01FE1E0DB62
:10CCE0001FFFFFC00FE0F0DB0FFFFF8007E070DBEE
:10CCF00007FFFF0003E038DB03FFFE0001E018DF61
:10CD000000FFF80000E00CDE003FE0000060048E51
:10CD1000000000000020004000000000000000C0F3
:10CD200000000000000000C000000000000000FF44
:10CD300000000000000000FF00000000000000FCF8
:10CD400000000000000000C000000000000000C063
:10CD500000000000000000C0000000000000008192
:10CD6000000000000000000B00000000000000DBDD
:10CD700000000000000000DB00000000000000DBFD
:10CD800000000000000000DB00000000000000DBED
:10CD900000000000000000DB00000000000000DBDD
:10CDA00000000000000000DB00000000000000D2D6
:10CDB0000000000000000080000000000000000FE4
:10CDC00000000000000000CF00000000000000CCC8
:10CDD00000000000000000CC00000000000000CCBB
:10CDE00000000000000000CC00000000000000CCAB
:10CDF00000000000000000CF00000000000000DF85
:10CE000000000000000000FB0000000000000071B6
:10CE10000000000000000000000000000000000012
:10CE20000000000000000000000000000000000002
:10CE300000000000000000000000000000000000F2
:10CE400000000000000000000000000000000000E2
:10CE500000000000000000000000000000000000D2
:10CE60000000000000000000000002060E1E3E7ED2
:10CE7000FEFEFEFEFEFEFEFEFEFEFEFEFEFEFEFED2
:10CE8000FEFEFEFEFEFEFEFEFEFEFEFEFEFEFEFEC2
:10CE9000FEFEFEFEFEFCFCF8F8F0E0C080000000A4
:10CEA0000000000000000000000000000000000082
:10CEB0000000000000000000000000000000000072
:10CEC0000000000000000000000000000000000062
:10CED0000000000000000000000000000000000052
:10CEE0000000000000000000000000000000000042
:10CEF000000103070F1F3F7FFFFFFFFFFFFFFFFF43
:10CF0000FFFFF7E7C78707070707070707070707B1
:10CF100007070F1FFFFFFFFFFFFFFFFFFFFEF000F0
:10CF20000000000000000000000000000000000001
:10CF300000000000000000000000000000000000F1
:10CF400000000000000000000000000000000000E1
:10CF500000000000000000000000000000000000D1
:10CF600000000000000000000000000000000000C1
:10CF7000000000C0FCFCFCFCFCFDFFFFFFFFFFFF0E
:10CF8000FFFFFFFFFFFFFFFEFCFCFCFCFCFCFCFCCA
:10CF9000FCFCFEFFFFFFFFFFFFFFFF7F3F0F0100D5
:10CFA0000000000000000000000000000000000081
:10CFB0000000000000000000000000000000000071
:10CFC0000000000000000000000000000000000061
:10CFD0000000000000000000000000000000000051
:10CFE0000000000000000000000000000000000041
:10CFF00080F0FEFFFFFFFFFFFFFFFFFFFF1F0F0F90
:10D000000F0F0F0F0F1F3F7FFFFFFFFFFFFFFFFF00
:10D01000FFFFFFEFCF8707030301000000000000C0
:10D020000000000000000000000000000000000000
:10D0300000000000000000000000000000000000F0
:10D0400000000000000000000000000000000000E0
:10D0500000000000000000000000000000000000D0
:10D060000000000000000000000000000000E0FCE4
:10D07000FFFFFFFFFFFFFFFFFFFF3F070000000074
:10D080000000404040C0C0C0C0C1C3C7CFDFFFFFE9
:10D09000FFFFFFFFFFFFFFFEFCF8F0E0C080000095
:10D0A0000000000000000000000000000000000080
:10D0B0000000000000000000000000000000000070
:10D0C0000000000000000000000000000000000060
:10D0D0000000000000000000000000000000000050
:10D0E0000000000000000000000000080C0F0F0FFF
:10D0F0000F0F0F0F0F0F0F0F0F01000000000000A8
:10D10000000000000000000101030307070F0F1FCC
:10D110001F3F3F7F7FFFF3E3C38303030303030248
:10D1200000000000000000000000000000000000FF
:10D1300000000000000000000000000000000000EF
:10D1400000000000000000000000000000000000DF
:10D1500000000000000000000000000000000000CF
:10D1600000000000000000000000000000000000BF
:10D1700000000000000000000000000000000000AF
:10D18000000000000000000000000000000000009F
:10D19000000000000000000101030306040000007D
:10D1A000000000000000000000000000000000007F
:10D1B000000000000000000000000000000000006F
:10D1C000000000000000000000000000000000005F
:10D1D00060787B1B1B1B7B7F6F4E003E7F6363630E
:10D1E0007F3E00787B6B6B6B6B7B7F36003E7F6393
:10D1F00063637F3E4060783D071F7C701D077F782A
:10D2000040006070385D6F676F7C70400040666FF3
:10D210006B6B6B6B7B310203037F7F030361686B76
:10D220006B6B6B6B0B0360787B1B1B1B7B7B6F4EED
:10D2300000466F6F6B6B6B7B3100000000000000DD
:10D24000000000000000000000000000408000001E
:10D25000000040800000000040800000000040808E
:10D26000000000004000000000004000000000003E
:10D2700044000000000044000000000044000000E2
:10D28000000044000003FFC040000003FFC0400056
:10D2900000003FE0400000003FF0400000000FF8B9
:10D2A000408000000FFC4080000003FE00000000F2
:10D2B00003FF0000000003FF8000000007FFC00024
:10D2C00000000FFFFF8000003FFFF98000003FFFDC
:10D2D000F98000003FFFE0000000FFFFE0000000D9
:10D2E000FFFF80000000FFFF80000003FFFFE00061
:10D2F0000003FFFFE0003FFFFFFFFF803FFFFFFF56
:10D30000FF80FFFFFFFE0180FFFFFFFE0180CFFFD8
:10D31000FFF80000CFFFFFF80000FFFFFFC0400054
:10D32000FFFFFFE04000FFFC30004000FFFC30004A
:10D330004000FFCC3C004000FFCC3C004100FFCC53
:10D3400000004000FFCC00004000FFCC0000400087
:10D35000FFCC00004000FFC000004000FFC0000004
:10D3600040003FC0000040803FC0000040800000FF
:10D3700000004080000000004080000000004000ED
:10D380000000000040000000000048000000000015
:10D3900048000000000048000000000040000000BD
:10D3A00000004000000000004000000000004000BD
:10D3B00000000000400000000000400000000000ED
:10D3C00070000000000000F80000000000019C80D8
:10D3D0000000001FFF8F800000007FFFE3000000BF
:10D3E00000F000FE00000001C0001F0000000180EE
:10D3F0000007C0000703000000F00007E30600007C
:10D400007C000C7B0600001E007C0F0000000780E3
:10D41000FFE600000001C0C0FE00200000E0C00EDA
:10D42000003C000070C0020026000030C002003E38
:10D43000000030C03E0026000030FFF2003C00003B
:10D44000707E0600200000E00C1F00000003C00CEE
:10D45000FB060000078007E30600001E000703002C
:10D46000000078000001800003E0000001C0000F10
:10D4700080000000F000FF000000007FFFFF0000C0
:10D4800000001FFF0D800000000003B80000000036
:10D490000000F0000000000000600000000000003C
:10D4A000808000000380C000001F80F00003FF8028
:10D4B000FC003FFF80FE01FFFF80FF07FFFF80FFB2
:10D4C00087FFFF80FFC7FFFF80FFE7FFFF80FFE7C9
:10D4D000FFFC00FFE7FF8000FFE7F80000FFE7F830
:10D4E0000000FFE7F80000FFE7F80000FEE7F800A3
:10D4F00000FE67F80000FE27FA0000FE07FB0400AC
:10D50000FE07FB8600FE07FBC600FE07FBE700FEEA
:10D5100007FBF700FE07FBFF80FE07FBFF80FE070F
:10D52000FBFFC0FF07FBFFE0FF9FFBFFE0FFFFF9F2
:10D53000FFF07FFFF0FEF07FFFF07E783FFFE03EE0
:10D54000383FFFC01E1C1FFF800E0C0FFF0006049B
:10D5500007FC00020000000000008244281028445C
:10D56000820000007800FEC0FEC07800000040008D
:10D57000700078004FE04FE078007000400000003D
:10D58000000000000000000000000000000000009B
:10D59000000000000000000000000000000040004B
:10D5A000700078004FE04FE078007060406000004D
:10D5B000000000000000000000000000000000006B
:10D5C000000000000000000000000000000040001B
:10D5D000700078004FE04FE078007060406000001D
:10D5E000000001E001E00000000000000000000079
:10D5F00000000000000000000000000000004000EB
:10D60000700078004FE04FE07800706040600000EC
:10D61000000001E001E00000000007E007E000007A
:10D6200000000000000000000000000000004000BA
:10D63000700078004FE04FE07800706040600000BC
:10D64000000001E001E00000000007E007E000004A
:10D6500000001FE01FE0000000000000000040008C
:10D66000700078004FE04FE078007060406000008C
:10D67000000001E001E00000000007E007E000001A
:10D6800000001FE01FE0000000007FE07FE00000DE
:10D6900018000C006ED5010818000C009ED501087A
:10D6A00018000C00CED5010818000C00FED50108AA
:10D6B00018000C002ED6010818000C005ED60108D8
:10D6C00000007FE04020432041A040E043A04F20E5
:10D6D0005C2070207FE0000000007FE040204020C0
:10D6E0004020402040204020402040207FE000009B
:10D6F0000C000C00C0D601080C000C00D8D60108A4
:10D70000FFFC800480048004800480048004800482
:10D7100080048004800480048004800480048004E9
:10D72000800480048004800480048004FFFC07805F
:10D7300000000000000000000000000000000000E9
:10D740003F400000000000000000300040003000BA
:10D750004000000009000BC03D000BC03D00090067
:10D7600018C024407FE0224031800000180024C00F
:10D770001B000D803240018003801C4027401C802C
:10D7800007400040100060000000000000000000A2
:10D790000000000000001F802040402000004020CA
:10D7A00020401F8000000000090006001F800600C6
:10D7B00009000000040004003F8004000400000091
:10D7C00000100060000000000000000004000400E1
:10D7D00004000400040000000000004000000000FD
:10D7E00000000000002001C00600380040000000DA
:10D7F0001F802040204020401F800000000010407B
:10D800003FC000400000000018C0214022402440DA
:10D810001840000010802040244024401B8000005D
:10D8200002000D0011003FC0014000003C80244078
:10D8300024402440238000001F80244024403440A2
:10D84000038000003000200027C0380020000000C6
:10D850001B802440244024401B8000001C0022C068
:10D86000224022401F80000000000000084000000D
:10D870000000000000000000046000000000000044
:10D88000000004000A001100208040400900090047
:10D89000090009000900000000004040208011003C
:10D8A0000A00040018002000234024001800000093
:10D8B0001F802040274029401F400000004007C033
:10D8C00039000F0001C0004020403FC024402440E8
:10D8D0001B8000001F80204020402040308000003E
:10D8E00020403FC0204020401F80000020403FC01B
:10D8F00024402E4030C0000020403FC024402E0075
:10D90000300000000F0010802040224033800200D1
:10D9100020403FC0040004003FC020402040204081
:10D920003FC02040204000000060202020203FC059
:10D930002000200020403FC024400B0030C0204089
:10D9400020403FC020400040004000C03FC03C009D
:10D9500003C03C003FC0000020403FC00C402300FB
:10D960003FC020001F802040204020401F8000003A
:10D9700020403FC024402400180000001F802140A8
:10D98000214020E01FA0000020403FC0244026008E
:10D9900019C0004018C024402440224031800000BB
:10D9A000300020403FC020403000000020003F8079
:10D9B000004000403F80200020003E0001C00700E2
:10D9C00038002000380007C03C0007C038000000C5
:10D9D000204039C0060039C02040000020003840F7
:10D9E00007C0384020000000304021C026403840A9
:10D9F00020C00000000000007FE040204020000028
:10DA0000000070000C000380004000000000402077
:10DA100040207FE0000000000000200040002000C7
:10DA20000000000000100010001000100010001096
:10DA30000000000040000000000000000000028024
:10DA40000540054003C0004020003FC004400440A2
:10DA500003800000000003800440044006400000F2
:10DA600000000380044024403FC0004000000380C9
:10DA70000540054003400000000004401FC0244052
:10DA800024402000000002E005500550065004200C
:10DA900020403FC00440040003C000400000044098
:10DAA00027C000400000000000100010041027E014
:10DAB0000000000020403FC00140070004C00440B7
:10DAC000204020403FC000400040000007C004004C
:10DAD00007C0040003C00000044007C00440040065
:10DAE00003C00040000003800440044003800000A5
:10DAF000041007F00450044003800000000003807D
:10DB00000440045007F00010044007C00240040025
:10DB100004000000000006400540054004C000006D
:10DB2000000004001F800440004000000400078043
:10DB30000040044007C000400400070004C001800A
:10DB400006000400060001C0070001C00600000036
:10DB5000044006C0010006C0044000000410071085
:10DB600004E00180060004000000044005C00640F7
:10DB7000044000000000000004007BE040200000A2
:10DB8000000000000000FFF0000000000000402046
:10DB90007BE0040000000000400080004000200006
:10DBA0002000400040AC037D04014103057C0002DD
:10DBB0006D0D026D09020B080141090242C0030A02
:10DBC0000B04FF005EBCE2613FDD83C29C7E20A3AC
:10DBD000FD1F419DC3217FFCA2401E5F01E3BD3EAE
:10DBE0006082DC237D9FC1421CFEA0E1BF5D0380FB
:10DBF000DE3C62BEE0025CDF81633D7C22C09E1D94
:10DC000043A1FF4618FAA427799BC584DA3866E554
:10DC1000BB5907DB856739BAE406581947A5FB7875
:10DC200026C49A653BD987045AB8E6A7F91B45C6AE
:10DC3000987A24F8A6441A99C7257B3A6486D85B5B
:10DC400005E7B98CD2306EEDB3510F4E10F2AC2F08
:10DC50007193CD114FADF3702ECC92D38D6F31B245
:10DC6000EC0E50AFF1134DCE90722C6D33D18F0C62
:10DC700052B0EE326C8ED0530DEFB1F0AE4C12912B
:10DC8000CF2D73CA947628ABF517490856B4EA69C4
:10DC900037D58B5709EBB536688AD495CB2977F4FD
:10DCA000AA4816E9B7550B88D6346A2B7597C94A26
:10DCB00014F6A8742AC896154BA9F7B6E80A54D7E3
:10DCC000896B35000000891112239B322446AD5721
:10DCD0003665BF74488CC19D5AAFD3BE6CCAE5DBB4
:10DCE0007EE9F7F88110080193331A22A5562C47D4
:10DCF000B7753E64C99C408DDBBF52AEEDDA64CB94
:10DD0000FFF976E802218B30100299132667AF766F
:10DD10003444BD554AADC3BC588ED19F6EEBE7FA73
:10DD20007CC8F5D983310A2091121803A7772E6693
:10DD3000B5543C45CBBD42ACD99E508FEFFB66EA53
:10DD4000FDD874C904428D5316619F702004A91533
:10DD50003227BB364CCEC5DF5EEDD7FC6888E19933
:10DD60007AABF3BA85520C4397711E60A114280553
:10DD7000B3373A26CDDE44CFDFFD56ECE998608913
:10DD8000FBBB72AA06638F7214409D512225AB34EF
:10DD90003006B9174EEFC7FE5CCCD5DD6AA9E3B8F3
:10DDA000788AF19B87730E6295501C41A3352A2413
:10DDB000B1163807CFFF46EEDDDC54CDEBB962A8D3
:10DDC000F99A708B088481951AA793B62CC2A5D3B3
:10DDD0003EE1B7F04008C919522BDB3A644EED5FC3
:10DDE000766DFF7C899400859BB712A6ADD224C3C3
:10DDF000BFF136E0C1184809D33B5A2AE55E6C4FA3
:10DE0000F77D7E6C0AA583B4188691972EE3A7F25E
:10DE10003CC0B5D14229CB38500AD91B666FEF7E82
:10DE2000744CFD5D8BB502A499961087AFF326E282
:10DE3000BDD034C1C3394A28D11A580BE77F6E6E62
:10DE4000F55C7C4D0CC685D71EE597F42880A19122
:10DE50003AA3B3B2444ACD5B5669DF78600CE91D42
:10DE6000722FFB3E8DD604C79FF516E4A990208142
:10DE7000BBB332A2C55A4C4BD7795E68E11C680D22
:10DE8000F33F7A2E0EE787F61CC495D52AA1A3B0DE
:10DE90003882B193466BCF7A5448DD59622DEB3C02
:10DEA000700EF91F8FF706E69DD414C5ABB122A002
:10DEB000B9923083C77B4E6AD5585C49E33D6A2CE2
:10DEC000F11E780F0006101600061016CDCC4C3E41
:10DED000CDCC4C3ECDCC4C3E00000000920E493CD7
:10DEE000B10AC93C2BC3163D2EFB483D752B7B3D2B
:10DEF00004A9963D80B6AF3D36BDC83D2FBCE13D7F
:10DF000073B2FA3D87CF093E8340163EB5AB223E41
:10DF1000A2102F3ECF6E3B3EC2C5473E0115543E78
:10DF2000135C603E7F9A6C3ECCCF783EC07D823ED3
:10DF3000938E883E229A8E3E32A0943E86A09A3ED0
:10DF4000E59AA03E128FA63ED47CAC3EEF63B23E73
:10DF50002A44B83E491DBE3E15EFC33E53B9C93EE3
:10DF6000CA7BCF3E4136D53E80E8DA3E4F92E03E56
:10DF70007533E63EBBCBEB3EEA5AF13ECBE0F63ED4
:10DF8000275DFC3EE4E7003F3D9C033F824B063F9C
:10DF90009BF5083F6B9A0B3FDA390E3FCDD3103F0C
:10DFA0002A68133FD9F6153FC07F183FC6021B3FB2
:10DFB000D17F1D3FCBF61F3F9967223F25D2243FDB
:10DFC0005636273F1594293F4AEB2B3FDE3B2E3F29
:10DFD000BB85303FC9C8323FF304353F233A373F52
:10DFE0004268393F3B8F3B3FF9AE3D3F67C73F3FFC
:10DFF00070D8413F01E2433F03E4453F65DE473FC0
:10E0000012D1493FF8BB4B3F029F4D3F207A4F3F13
:10E010003D4D513F4918533F31DB543FE595563F45
:10E020005348583F6AF2593F1A945B3F532D5D3F66
:10E0300005BE5E3F2146603F97C5613F5A3C633F46
:10E0400059AA643F880F663FD86B673F3CBF683F63
:10E05000A7096A3F0C4B6B3F5E836C3F93B26D3FE9
:10E060009ED86E3F73F56F3F0809713F5213723FA0
:10E070004714733FDD0B743F0BFA743FC6DE753FE8
:10E0800007BA763FC58B773FF853783F9812793FB0
:10E090009DC7793F02737A3FBE147B3FCDAC7B3F77
:10E0A000283B7C3FC9BF7C3FAC3A7D3FCCAB7D3F3A
:10E0B00023137E3FB0707E3F6DC47E3F580E7F3F7E
:10E0C0006D4E7F3FAB847F3F0FB17F3F97D37F3F44
:10E0D00043EC7F3F11FB7F3F0000803F11FB7F3F00
:10E0E00043EC7F3F97D37F3F0FB17F3FAB847F3FB0
:10E0F0006D4E7F3F580E7F3F6DC47E3FB0707E3FB8
:10E1000023137E3FCCAB7D3FAC3A7D3FC9BF7C3F04
:10E11000283B7C3FCDAC7B3FBE147B3F02737A3FF4
:10E120009DC7793F9812793FF853783FC58B773F69
:10E1300007BA763FC6DE753F0BFA743FDD0B743FBE
:10E140004714733F5213723F0809713F73F56F3FD5
:10E150009ED86E3F93B26D3F5E836C3F0C4B6B3F1E
:10E16000A7096A3F3CBF683FD86B673F880F663F8F
:10E1700059AA643F5A3C633F97C5613F2146603FBF
:10E1800005BE5E3F532D5D3F1A945B3F6AF2593FD7
:10E190005348583FE595563F31DB543F4918533FAC
:10E1A0003D4D513F207A4F3F029F4D3FF8BB4B3FC3
:10E1B00012D1493F65DE473F03E4453F01E2433F5B
:10E1C00070D8413F67C73F3FF9AE3D3F3B8F3B3F74
:10E1D0004268393F233A373FF304353FC9C8323FDD
:10E1E000BB85303FDE3B2E3F4AEB2B3F1594293F4A
:10E1F0005636273F25D2243F9967223FCBF61F3F53
:10E20000D17F1D3FC6021B3FC07F183FD9F6153F87
:10E210002A68133FCDD3103FDA390E3F6B9A0B3F7C
:10E220009BF5083F824B063F3D9C033FE4E7003FE0
:10E23000275DFC3ECBE0F63EEA5AF13EBBCBEB3E1F
:10E240007533E63E4F92E03E80E8DA3E4136D53EF9
:10E25000CA7BCF3E53B9C93E15EFC33E491DBE3EF2
:10E260002A44B83EEF63B23ED47CAC3E128FA63E49
:10E27000E59AA03E86A09A3E32A0943E229A8E3E17
:10E28000938E883EC07D823ECCCF783E7F9A6C3E96
:10E29000135C603E0115543EC2C5473ECF6E3B3E07
:10E2A000A2102F3EB5AB223E8340163E87CF093EDB
:10E2B00073B2FA3D2FBCE13D36BDC83D80B6AF3DDF
:10E2C00004A9963D752B7B3D2EFB483D2BC3163D87
:10E2D000B10AC93C920E493C00000000920E49BCB4
:10E2E000B10AC9BC2BC316BD2EFB48BD752B7BBD27
:10E2F00004A996BD80B6AFBD36BDC8BD2FBCE1BD7B
:10E3000073B2FABD87CF09BE834016BEB5AB22BE3D
:10E31000A2102FBECF6E3BBEC2C547BE011554BE74
:10E32000135C60BE7F9A6CBECCCF78BEC07D82BECF
:10E33000938E88BE229A8EBE32A094BE86A09ABECC
:10E34000E59AA0BE128FA6BED47CACBEEF63B2BE6F
:10E350002A44B8BE491DBEBE15EFC3BE53B9C9BEDF
:10E36000CA7BCFBE4136D5BE80E8DABE4F92E0BE52
:10E370007533E6BEBBCBEBBEEA5AF1BECBE0F6BED0
:10E38000275DFCBEE4E700BF3D9C03BF824B06BF98
:10E390009BF508BF6B9A0BBFDA390EBFCDD310BF08
:10E3A0002A6813BFD9F615BFC07F18BFC6021BBFAE
:10E3B000D17F1DBFCBF61FBF996722BF25D224BFD7
:10E3C000563627BF159429BF4AEB2BBFDE3B2EBF25
:10E3D000BB8530BFC9C832BFF30435BF233A37BF4E
:10E3E000426839BF3B8F3BBFF9AE3DBF67C73FBFF8
:10E3F00070D841BF01E243BF03E445BF65DE47BFBC
:10E4000012D149BFF8BB4BBF029F4DBF207A4FBF0F
:10E410003D4D51BF491853BF31DB54BFE59556BF41
:10E42000534858BF6AF259BF1A945BBF532D5DBF62
:10E4300005BE5EBF214660BF97C561BF5A3C63BF42
:10E4400059AA64BF880F66BFD86B67BF3CBF68BF5F
:10E45000A7096ABF0C4B6BBF5E836CBF93B26DBFE5
:10E460009ED86EBF73F56FBF080971BF521372BF9C
:10E47000471473BFDD0B74BF0BFA74BFC6DE75BFE4
:10E4800007BA76BFC58B77BFF85378BF981279BFAC
:10E490009DC779BF02737ABFBE147BBFCDAC7BBF73
:10E4A000283B7CBFC9BF7CBFAC3A7DBFCCAB7DBF36
:10E4B00023137EBFB0707EBF6DC47EBF580E7FBF7A
:10E4C0006D4E7FBFAB847FBF0FB17FBF97D37FBF40
:10E4D00043EC7FBF11FB7FBF000080BF11FB7FBFFC
:10E4E00043EC7FBF97D37FBF0FB17FBFAB847FBFAC
:10E4F0006D4E7FBF580E7FBF6DC47EBFB0707EBFB4
:10E5000023137EBFCCAB7DBFAC3A7DBFC9BF7CBF00
:10E51000283B7CBFCDAC7BBFBE147BBF02737ABFF0
:10E520009DC779BF981279BFF85378BFC58B77BF65
:10E5300007BA76BFC6DE75BF0BFA74BFDD0B74BFBA
:10E54000471473BF521372BF080971BF73F56FBFD1
:10E550009ED86EBF93B26DBF5E836CBF0C4B6BBF1A
:10E56000A7096ABF3CBF68BFD86B67BF880F66BF8B
:10E5700059AA64BF5A3C63BF97C561BF214660BFBB
:10E5800005BE5EBF532D5DBF1A945BBF6AF259BFD3
:10E59000534858BFE59556BF31DB54BF491853BFA8
:10E5A0003D4D51BF207A4FBF029F4DBFF8BB4BBFBF
:10E5B00012D149BF65DE47BF03E445BF01E243BF57
:10E5C00070D841BF67C73FBFF9AE3DBF3B8F3BBF70
:10E5D000426839BF233A37BFF30435BFC9C832BFD9
:10E5E000BB8530BFDE3B2EBF4AEB2BBF159429BF46
:10E5F000563627BF25D224BF996722BFCBF61FBF4F
:10E60000D17F1DBFC6021BBFC07F18BFD9F615BF83
:10E610002A6813BFCDD310BFDA390EBF6B9A0BBF78
:10E620009BF508BF824B06BF3D9C03BFE4E700BFDC
:10E63000275DFCBECBE0F6BEEA5AF1BEBBCBEBBE1B
:10E640007533E6BE4F92E0BE80E8DABE4136D5BEF5
:10E65000CA7BCFBE53B9C9BE15EFC3BE491DBEBEEE
:10E660002A44B8BEEF63B2BED47CACBE128FA6BE45
:10E67000E59AA0BE86A09ABE32A094BE229A8EBE13
:10E68000938E88BEC07D82BECCCF78BE7F9A6CBE92
:10E69000135C60BE011554BEC2C547BECF6E3BBE03
:10E6A000A2102FBEB5AB22BE834016BE87CF09BED7
:10E6B00073B2FABD2FBCE1BD36BDC8BD80B6AFBDDB
:10E6C00004A996BD752B7BBD2EFB48BD2BC316BD83
:10E6D000B10AC9BC920E49BC00000080303132330F
:10E6E0003435363738394142434445464030580086
:10E6F00030313233343536373839616263646566B8
:10E700004030780004000008000000000000000213
:10E7100000010000100000000000000000000000E8
:10E72000000000006E83F9A22915444ED15727FC42
:10E73000C0DD34F5999562DB4190433CAB6351FEFB
:10E740003031323334353637383961626364656667
:10E7500078700030313233343536373839414243FE
:10E76000444546585000000002400000000000A050
:10E770000000000005400000000000C8000000008C
:10E780000C4000000000409C000000001940000008
:10E790000020BCBE0000000034400000BFC91B8E3A
:10E7A00000000004B5400000504BCFD06607E2CF18
:10E7B000010000006C4100003E8251AADFEEA73448
:10E7C00001000000D9420000DCB5A0E23A301F97FA
:10E7D000FFFFFFFFB4450000FD25A0C8E9A3C14F1E
:10E7E000FFFFFFFFFF3F000000000080000000006F
:10E7F000FF3F000000000080000000004F4C454437
:10E8000000000000524546455245450042415454DF
:10E810004552595F564F4C544147450055490000F9
:10E82000534552564F0000006C65640063616C698B
:10E83000000000005553425461736B0067696D62BC
:10E84000616C5461736B0000436861737369735446
:10E8500061736B00696D755461736B0074657374DB
:10E86000000000002A2A2A2A2A2A2A2A2A2A2A2AB0
:10E870002A2A2A2A2A2A2A2A2A2A2A2A2A2A2A2AF8
:10E880002A2A0D0A766F6C74616765207065726361
:10E89000656E746167653A25642525200D0A44423A
:10E8A00055533A25730D0A63686173736973206D5C
:10E8B0006F746F72313A25730D0A636861737369FF
:10E8C00073206D6F746F72323A25730D0A6368613D
:10E8D00073736973206D6F746F72333A25730D0A09
:10E8E00063686173736973206D6F746F72343A2556
:10E8F000730D0A796177206D6F746F723A25730D0D
:10E900000A7069746368206D6F746F723A25730DB5
:10E910000A74726967676572206D6F746F723A2549
:10E92000730D0A6779726F2073656E736F723A2583
:10E93000730D0A616363656C2073656E736F723A61
:10E9400025730D0A6D61672073656E736F723A25CA
:10E95000730D0A7265666572656520757361727400
:10E960003A25730D0A2A2A2A2A2A2A2A2A2A2A2AF0
:10E970002A2A2A2A2A2A2A2A2A2A2A2A2A2A2A2AF7
:10E980002A2A2A0D0A000000D4EA0108000000200B
:10E9900030050000C401000854EC010830050020D7
:10E9A00070EB0000200200081C0000004300000083
:10E9B000F8FFFFFF0C0000000E0000000F00000039
:10E9C0002E0000001001000043000000F8FFFFFFD0
:10E9D0000040404040404040404041414141414072
:10E9E0004040404040404040404040404040404027
:10E9F00040050202020202020202020202020202B6
:10EA000002202020202020202020200202020202BA
:10EA10000202909090909090101010101010101012
:10EA2000101010101010101010101010020202021E
:10EA30000202888888888888080808080808080862
:10EA4000080808080808080808080808020202025E
:10EA50004000000000000000000000000000000076
:10EA600000000000000000000000000000000000A6
:10EA70000000000000000000000000000000000096
:10EA80000000000000000000000000000000000086
:10EA90000000000000000000000000000000000076
:10EAA0000000000000000000000000000000000066
:10EAB0000000000000000000000000000000000056
:10EAC0000000000000000000000000000000000046
:10EAD0000000000001401319CA1B0861041A7104E8
:10EAE0001A9D041ADD0413E5C91B08290813120135
:10EAF0001402020216408304405726020102030159
:10EB0000071A040309041A0313A92F1B08A5041AE2
:10EB100061041ACD04111324F405306740533A22DE
:10EB2000D01420882C1B20B4041A9C041ACC042E68
:10EB30000205060606B4180903010849020108B5D2
:10EB400004016005783333333F4B82FF015A92084A
:10EB500042FF5AA208915A80A0031280BF791C0973
:10EB60001D246920E93809141014475952144143EF
:10EB700043144D41470449524546B20102136419FA
:10EB8000F82AFF0519074AFF077913390F4BD606F4
:10EB900002B949012FB207100DE7416B3A58A08B1B
:10EBA0003A7D04017C160240AB034110090553086D
:10EBB000065804070F160810820911160A15800B53
:10EBC000164D0C18010D9121DA10C801601AAA0126
:10EBD000C1130A0632022A40841375C61408B5C54B
:10EBE000140897C742081A03101A05101A8104C1A5
:10EBF0001A55181A45041A65041A350414090243F3
:10EC00001302011DC0320904CD1A020B130524168C
:10EC1000100105240110090104240202052406172D
:10EC2000010705820308151009040133020A1D07B4
:10EC30000501027B2C07058107110937442A40078B
:10EC40002A8107112B0907440A3B0444812DCDCCAE
:04EC50001C4104005F
:040000050800018965
:00000001FF
