:020000040800F2
:1000000030E90020DD03000811A00008F985000890
:100010000DA000083D2D000829E1000800000000A7
:100020000000000000000000000000001D030008A8
:100030006732000800000000790300083DB20008A4
:10004000F7030008F7030008F7030008F7030008A8
:10005000F7030008F703000869320008F7030008F7
:10006000F7030008733200087D320008F703000828
:10007000F7030008F7030008F7030008F703000878
:10008000F7030008F7030008F7030008F703000868
:10009000412D0008F7030008F70300088732000825
:1000A000F7030008F7030008F7030008F703000848
:1000B000F7030008F7030008F7030008F703000838
:1000C000F7030008F7030008F7030008F703000828
:1000D000F703000865BD0008F70300089DBD000890
:1000E000F7030008F7030008F7030008F703000808
:1000F000F7030008F7030008F7030008BD2F000806
:10010000F7030008F7030008F7030008F7030008E7
:10011000F7030008F7030008F7030008F7030008D7
:10012000F70300083930000849300008F7030008D9
:10013000F7030008F7030008F7030008F7030008B7
:10014000512D0008F7030008F703000839A4000840
:100150001931000829310008F7030008CDBE000856
:10016000F7030008F7030008F7030008F703000887
:10017000F7030008F7030008F70300080000000079
:10018000F7030008F703000800F002F800F0B6F8E3
:100190000AA090E8000C82448344AAF10107DA45E2
:1001A00001D100F0ABF8AFF2090EBAE80F0013F07E
:1001B000010F18BFFB1A43F00103184718B30100E1
:1001C00038B301000A444FF0000C10F8013B13F063
:1001D000070408BF10F8014B1D1108BF10F8015BA0
:1001E000641E05D010F8016B641E01F8016BF9D193
:1001F00013F0080F1EBF10F8014BAD1C0C1B09D1EA
:100200006D1E58BF01F801CBFAD505E014F8016B5B
:1002100001F8016B6D1EF9D59142D6D370470000ED
:100220000023002400250026103A28BF78C1FBD8FF
:10023000520728BF30C148BF0B6070476E2900F0DD
:100240002984702900F06B85662917F027876529B6
:1002500017F02487672917F02187612917F0208775
:1002600003681B0A28BF41F08001692900F0D6838A
:10027000642900F0D383752900F0D0836F2900F042
:10028000F984782900F03785E92900F09384E4297E
:1002900000F09084F52900F08D84EF2900F0F684B9
:1002A000F82900F036850368DB0928BF41F080019A
:1002B000632901F07182732901F07682E32901F04C
:1002C0008182F32901F08682002070471FB517F064
:1002D0002DFE9DE8030000F0FDFA01F0D5FA0400C0
:1002E0000020002116F0A6FD401C606000200021C7
:1002F00016F08AFDE0601FBD10B510BD01F096FA42
:100300001146FFF7E3FF12F0FDFF01F06FFB03B4AE
:10031000FFF7F2FF03BC01F0A7FB00002C4B1968AC
:100320000868B0E8F04F80F30988BFF36F8F4FF093
:10033000000080F311887047000000000848006842
:10034000006880F308884FF0000080F3148862B6DC
:1003500061B6BFF34F8FBFF36F8F00DF00BF00BFE9
:1003600008ED00E0DFF80C00016841F47001016065
:10037000704700BF88ED00E0EFF30980BFF36F8F97
:10038000134B1A681EF0100F08BF20ED108A20E9E9
:10039000F04F106009B44FF0500080F31188BFF3A4
:1003A0004F8FBFF36F8F15F085FD4FF0000080F386
:1003B000118809BC19680868B0E8F04F1EF0100FEA
:1003C00008BFB0EC108A80F30988BFF36F8F7047C5
:1003D00044030020EFF30580704700000948804780
:1003E00009480047FEE7FEE7FEE7FEE7FEE7FEE717
:1003F000FEE7FEE7FEE7FEE704480549054A064B2F
:100400007047000025B300088901000830A90020CA
:1004100030E9002030C9002030C900209FED1A1AB1
:10042000F5EE000A40EE010ABDEEE00AF5EEC00A64
:1004300010EE100AF1EE10FA38BF401E00EE100A5E
:100440001349F7EE001AB8EEC00A30EEC00ADFED2D
:100450000F0A20EE200AFCEEC00A10EE900AC0F34C
:10046000080000EE900A01EB8000F8EE600A90EDC3
:10047000011A70EE600A90ED000A71EEE01A21EEAA
:10048000800A00EE810A704783F9223E0000004492
:1004900040AA0108DFED190AB5EEC00A60EE200A95
:1004A000BDEEE01A11EE100AF1EE10FA38BF401E50
:1004B00000EE100A1349F7EE001AB8EEC00A30EE4B
:1004C000C00ADFED0F0A60EE200ABCEEE00A10EE73
:1004D000100AC0F3080000EE100A01EB8000B8EE2D
:1004E000400A90ED011A70EEC00A90ED000A71EE1C
:1004F000E01A21EE800A00EE810A704783F9223E5D
:100500000000004440AA010870B5064600F0C6F994
:10051000056806F10B0020F00704B4429CBF0020E0
:1005200070BD2B466A68BAB11068A04210D304F1BE
:10053000080188423CBF5068586007D351681019C1
:1005400041601168091B016058601460101D70BD86
:1005500013465268002AE7D12146284600F0A6F942
:100560000028DED170BD70B50446051F00F096F975
:100570000068002C14BF446870BD002C18BFAC424A
:100580003CBF20466468F8D301680A18AA4218BF25
:10059000456003D12A680546114401602868411965
:1005A000A1421CBF6C6070BD61686960216808442D
:1005B000286070BD53EA020C00F069802DE9F04B11
:1005C0004FF00006002B1FBFB3FA83F503FA05F4C2
:1005D00024FA05F65E4012BF1643B2FA82F502FA1B
:1005E00005F4C5F120051EBF22FA05FC44EA0C04FF
:1005F000203556EA044C4FEA144418BF641C4FF0EF
:1006000000084FF00009904271EB030C39D3002928
:1006100019BFB1FA81F701FA07F6B0FA80F700FACC
:1006200007F6C7F120071EBF20FA07FC46EA0C06B2
:100630002037B6FBF4FCA7EB0507103F07F01F0BB4
:10064000CBF120060CFA0BFB2CFA06F644BFB3469E
:100650000026202FA4BF5E464FF0000B5BEA060C7D
:1006600008BF4FF0010B19EB0B09ABFB027C48EB09
:100670000608C01B06FB02CC0BFB03CC71EB0C0184
:10068000C1E70B46024641464846BDE8F08B13B52C
:100690004FF000004FF00001AFF30080BDE81C40B8
:1006A000704700001CB50C46064B7B446946009021
:1006B000204600F008FA04460020694600F016FAC9
:1006C00020461CBD3F04000010B5431C02E010F89A
:1006D000011B71B18107FAD14FF0013202C88C1AA7
:1006E0008C4314EAC211F9D0C01A0A0603D0C01E06
:1006F00010BDC01A10BD0A0401D0801E10BD090231
:10070000FCD0401E10BD032A40F2308010F0030CD4
:1007100000F0158011F8013BBCF1020F624498BF54
:1007200011F801CB00F8013B38BF11F8013BA2F1F1
:10073000040298BF00F801CB38BF00F8013B11F06C
:10074000030300F02580083AC0F0088051F8043B0C
:10075000083A51F804CBA0E80810F5E7121D5CBF79
:1007600051F8043B40F8043BAFF30080D20724BFAC
:1007700011F8013B11F801CB48BF11F8012B24BF40
:1007800000F8013B00F801CB48BF00F8012B70478F
:1007900010B5203AC0F00B80B1E81850203AA0E81C
:1007A0001850B1E81850A0E81850BFF4F5AF5FEA50
:1007B000027C24BFB1E81850A0E8185044BF18C903
:1007C00018C0BDE810405FEA827C24BF51F8043BAA
:1007D00040F8043B08BF7047D20728BF31F8023BFE
:1007E00048BF11F8012B28BF20F8023B48BF00F892
:1007F000012B704702F0FF0343EA032242EA024260
:1008000000F002B84FF000020429C0F0128010F08E
:10081000030C00F01B80CCF1040CBCF1020F18BFDC
:1008200000F8012BA8BF20F8022BA1EB0C0100F06F
:100830000DB85FEAC17C24BF00F8012B00F8012B42
:1008400048BF00F8012B70474FF0000200B5134677
:1008500094469646203922BFA0E80C50A0E80C50E0
:10086000B1F12001BFF4F7AF090728BFA0E80C5091
:1008700048BF0CC05DF804EB890028BF40F8042B8A
:1008800008BF704748BF20F8022B11F0804F18BFF7
:1008900000F8012B70477047704770470048704759
:1008A000D4A80020704770477047704738B5044699
:1008B0000A4600206946AFF30080002808BF38BD13
:1008C00002460099204600F001FB012038BD0120BE
:1008D00000F0A4BFF8B5AFF30080054600200C4639
:1008E000102000BF0646A819A0420DD9324669461D
:1008F0000020AFF30080070008BF00F08FFF0098D2
:10090000A04218BF0546C419FFF7C8FF0560074697
:10091000F01D20F007004619284600F00AF8B442FE
:1009200008BFF8BDA21B31463868BDE8F84000F0AA
:10093000CDBA00210160C0E9011070471020704756
:1009400010B500F0BFFA006810BD10B5044600F005
:10095000B9FA046010BD70B5044685690068C10627
:1009600001D5302600E02026C00707D070BDD4E9AD
:10097000012130469047206A401C20626D1EF6D54A
:1009800070BD70B5044685690078C00707D170BD99
:10099000D4E9012120209047206A401C20626D1E6E
:1009A000F6D570BD09684A0501D540B27047C90542
:1009B000FCD500B2704709684A0501D5C0B270473E
:1009C000C905FCD580B2704770B50C460546012AB2
:1009D00005D02878800600D5EA69002302E00123CB
:1009E00005E05B1C934202D2E05C0028F9D1A869C3
:1009F000E618C01AA861286A184428622846FFF73A
:100A0000AAFF04E0D5E9012114F8010B9047B44294
:100A1000F8D32846FFF7B5FF70BD00002DE9F0417F
:100A20000646002410687529314616A510D0FFF738
:100A3000B9FF002802DA404213A507E031688A07AF
:100A400001D512A502E0490704D511A5012401E052
:100A5000FFF7B1FF00210A2206F1240709E0B0FBED
:100A6000F2FCB0FBF2F302FB1C0030307854184665
:100A7000491C0028F3D123462A463046BDE8F04100
:100A800000F09CBA000000002D0000002B000000C8
:100A90002000000011680268006A530501D5087043
:100AA0000AE0D30501D5088006E0130603D5C21776
:100AB000C1E9000200E008600120704701694A1C9A
:100AC00002610878704700B58FB0CDE9013100218F
:100AD000059105497944CDE903101146684600F0B7
:100AE00029F90FB000BD0000E5FFFFFF0A6802F81A
:100AF000010B0A60704700002DE9FF5F15468A462A
:100B00000446DFF8AC80F8440027D8E900103E46E0
:100B1000CDE9001010E03AF816106A4602A800F07D
:100B20005DFE411C07D02178890603D5E26939189A
:100B300091420DD80744761C2078800602D5E069E2
:100B4000B84205DDAE42E6DB3AF816000028E2D1F5
:100B5000A069C01BA0612046FFF7FDFED8E9001088
:100B6000CDE90010002017E03AF818106A4602A8F4
:100B700000F034FEB0F1FF3F81460BD000250DF1AF
:100B8000080B05E0D4E901211BF8050090476D1C16
:100B90004D45F7D308F10100B0428046E4DB206AFE
:100BA000384420622046FFF7ECFEBDE8FF9F0000BE
:100BB0003AA701002DE9F0418046D21D22F007023C
:100BC0000025D2E90002F52915A614D0011E72F104
:100BD000000106DA0023D0EB030063EB020211A64A
:100BE00008E0D8F800108B0701D50FA602E04907EE
:100BF00001D50EA601251146002408F1240704E0C2
:100C000000F07EF930323A55641C50EA0102F7D107
:100C10002B46324621464046BDE8F04100F0CEB9B1
:100C2000000000002D0000002B000000200000004C
:100C300030B4002100F1240408E002F00705D208D6
:100C4000303542EA4372DB086554491C52EA030519
:100C5000F3D10468002310A2250708D504F020046E
:100C60000C4304D0C46901230CA2641EC46130BCCF
:100C700000F0A4B910B5044621461068FFF79BFEAA
:100C800002462046BDE810400023D1E7D21D22F0E5
:100C90000701D1E90023CBE700000000300000008D
:100CA000F0B40D460188090502D5214C7C4402E0D0
:100CB0001F4C7C440E34002100F1240608E002F0B1
:100CC0000F071209E75D42EA03721B097754491CBA
:100CD00052EA0307F3D102780023120704D5702DDE
:100CE00006D009B1022311342246F0BC00F066B9E7
:100CF00001231034F8E770B504460D46214610680C
:100D0000FFF759FE024629462046BDE87040002301
:100D1000C6E7D21D22F00703D3E90023C0E703682A
:100D2000126843F0200303600823C3610023B7E780
:100D30009CA501002DE9F05F894604464FF0000AAA
:100D4000DFF874B1FB44C0F820A02046E168884772
:100D5000002874D0252806D0D4E901219047206AC4
:100D6000401C2062F1E700265F462046E168884784
:100D70002028054607DB312D05D2781910F8200C04
:100D800008B10643F1E7B00701D526F00406C4F820
:100D90001CA00027C4F818A02A2D09D028460DF061
:100DA00034FC38B304EB8708303DC8F8185019E01C
:100DB00059F8041B204604EB87029161E1688847DB
:100DC000012F054618D1E069002820DA26F0200618
:100DD0001DE0D8F8180000EB800005EB400030382B
:100DE000C8F818002046E168884705460DF00DFC5C
:100DF0000028EED1012F0AD02E2D08D12046E1681F
:100E000088477F1C0546022F46F02006C4DBA069F8
:100E1000002803DA404246F00106A061F00701D045
:100E200026F010066C2D0BD0682D09D04C2D39D032
:100E30006A2D35D0742D35D07A2D33D016E038E0B8
:100E4000E1682F4620468847B842054609D16C2FF5
:100E500026D04FF48060E168064320468847054667
:100E600004E06C2F1AD04FF4807006430DB3A5F147
:100E70004100192802D8203546F400664A46294622
:100E8000204626604E46FFF7D9F980B101280BD0E5
:100E9000F61D26F0070000F1080956E74020E4E7B8
:100EA0008020D8E70020D6E706F104094DE7284660
:100EB00052E7206ABDE8F09F2CA50100004870476A
:100EC000CCA8002000487047CCA80020034640680A
:100ED0008C46002818BF88423CBF03464068F8D3C0
:100EE00018681844884207D00CF1030020F007006E
:100EF000001D411A521A0146081D0A60FFF733BB54
:100F000030B5B0F10A024FEA900E71F100034EEADB
:100F1000817EB0EB0E0061EB91014FEA101E4EEAAC
:100F2000017E10EB0E0041EB11114FEA102E4EEA3C
:100F3000016E10EB0E0041EB11214FEA104E4EEA0C
:100F4000014E10EB0E0041EB1141401841F1000140
:100F50004FEAD00040EA41704FEAD10110EB800522
:100F60004FEA810444EA907444EB01046D1944EBA8
:100F70000404521BA3414FF0000348BF0A3200D5BE
:100F800030BD401C41F1000130BD00001FB584B0F0
:100F900000200A9C06AB04AA02A90094AFF30080CB
:100FA00018B1DDE9020108B010BD0348204000F08F
:100FB0002BFD00200146F6E70000207C2DE9F047DC
:100FC0000D4699469246044600F1240801688806B9
:100FD00004D5E06921F01001216000E00120A84261
:100FE00001DD471B00E00027A1697A1902EB090027
:100FF000081AA0612078C00602D42046FFF7ABFC97
:10100000002608E0D4E901211AF806009047206A7A
:10101000401C761C20624E45F4DB2078C0060AD5C1
:101020002046FFF798FC06E0D4E9012130209047E4
:10103000206A401C2062381EA7F10107F4DC07E09B
:10104000D4E9012118F805009047206A401C20626D
:10105000281EA5F10105F3DC2046FFF792FC20785D
:10106000000602D50220BDE8F0870120FBE77047AB
:101070002DE9FF4F0C461E464FF0FF378BB0D2E9EB
:101080000001DDF860800A908A46C1F30A5505B96F
:101090003D460021084616F0F1FFBAF1000F00F4BA
:1010A000400005DA00EB80004FF4400101EA5000F7
:1010B0004FEA9059B9F1010F00DDB9460A9850EA9C
:1010C0004A000ED044F61050A5F2FF3545432F14C8
:1010D000B8F1000F1ED07542291E1EDDC9F10002B5
:1010E0001CE0B8F1010F4FF0000001D0302103E007
:1010F000F24305E02154401CB042FBDB30460022A5
:10110000002121540B99C1F80880C1E900200FB0DB
:10111000BDE8F08FBD1B6D1CDEE74A4600DA694270
:1011200006A800F0F5FB06AB93E8070003AB83E8E5
:10113000070050460A9900F054FD8DE80700A0F51D
:1011400000501F3800900398002D09DD42F21F0166
:101150004A46084403A90390684600F0B3FF08E03C
:10116000A0F500504A461F3803A90390684600F0D6
:10117000BDFF8DE807000004000C03D04FF0FF30E6
:10118000410800E01046B8F1000F03D000220092A1
:1011900015461EE0751E05D4FFF7B2FE30326255CB
:1011A0006D1EF9D5B3460122084302D000227F1CF0
:1011B00004E02078302801D100227F1E002A099700
:1011C00086D01DE0112D07DAFFF79AFE3032625506
:1011D0006D1C50EA0102F5D1084302D00098C8B155
:1011E0000EE00021681E05E0235C625C635422541B
:1011F000401E491C8142F7DBAB46A81B401E0990EC
:10120000002004F80B000B98099AC0F80880C0E988
:10121000002B7CE711264FF0000859E72DE9F04F2D
:1012200088460446D21D22F0070191B0D1E90001A1
:10123000CDE90A010CF09EFF02460B98C00F01D0C9
:101240002D2007E02068810701D52B2002E0202116
:1012500001EAC000032A099001D0072A05DB0346F2
:101260004146204600F014FB0BE12078800601D5B2
:10127000E06900E00620B8F1650F814606D0B8F1BC
:10128000660F18D0B8F1670F70D131E00020B9F1C6
:10129000110F009001DB112301E009F101030AAAFB
:1012A00001A90CA8FFF7E4FEDDE90C70002609F1A6
:1012B0000105834647E001204B4600904FF0004770
:1012C0000AAA01A90CA8FFF7D3FEDDE90DB00C991D
:1012D0005D46002610B909F101000D18B9EB0500B3
:1012E00003D4C0F1FF3609F10105A5EB09002BE09D
:1012F000B9F1010F01DA4FF001090020B9F1110F26
:101300000090484601DD112300E003460AAA01A926
:101310000CA8FFF7ADFEDDE90C704D4600268346B4
:10132000207800070AD4AB4500DA5D4601A8012DFC
:1013300004DD411911F8011C302907D04F4502DAAC
:1013400017F1040F04DA012082460FE06D1EEEE76C
:10135000002F02DCED1B3E4403E0781CA84200DDB8
:101360007D1CB81B00F1010A4FF0004720780007F0
:1013700003D4AA4501DB4FF0FF3A0021B7F1004F3B
:101380000DF143088DF8431024D002202B23002FA9
:1013900001DA7F422D230A21021EA0F1010000DCA8
:1013A0005FB197FBF1FC97FBF1F201FB1C7C174648
:1013B0000CF1300C08F801CDEEE7A8F10100037044
:1013C0002188090501D5452100E06521A0F101082A
:1013D00000F8011C09980FA9A1EB0807FF1D00B137
:1013E0000120411901EBEA70A1693844081A401E36
:1013F000A0612078C00602D42046FFF7ACFA099815
:1014000028B1D4E901219047206A401C206220784D
:10141000C00622D52046FFF79EFA1EE0002E04DB10
:10142000B34502DD01A8805D00E03020D4E9012150
:101430009047206A401C2062761CAAF101005FEAF6
:10144000000A0AD100F020FAC0680168405CD4E9C3
:1014500001219047206A401C2062281EA5F1010549
:10146000DCDC07E0D4E9012118F8010B9047206A81
:10147000401C2062381EA7F10107F3DC2046FFF76D
:1014800080FA032011B043E62DE9F04F04460D46E3
:10149000D21D22F0070089B0D0E9009248461746D5
:1014A00039460CF067FE0246F80F01D02D2307E005
:1014B0002068810701D52B2302E0202101EAC00327
:1014C0008DF820300BB1012000E00020032A824675
:1014D00001D0072A04DB2946204600F0D9F93DE176
:1014E0002078800601D40D2500E0E569C7F30A568F
:1014F0000D2D49DA00214FEA175B084616F0BEFDB4
:10150000002F00F4400007DA00EB80004FF44001A8
:1015100000EBD07001EA60008115012901DD4FF078
:10152000FF3100224FEA850CBCF1180F06D3134699
:10153000ACF118004FF08052C24003E04FF480132A
:1015400023FA0CF30CF10C0CBCF1200F04D3ACF11A
:10155000200C09FA0CF001E007FA0CF000294FF01A
:10156000004801DD18B90FE00ED140450CD319EB4E
:1015700002095F4121B9404502D19F4329EA02098E
:10158000BBEB175F00D0761C2088000502D57B4896
:10159000784402E079487844193808AA302302F8E0
:1015A0000A30037C0AF10101002E0AF1020A5354A9
:1015B0006A4602DC4FF0300101E04FF031014FF09C
:1015C00001088DF8001002D0A6F2FF3603E059EAB8
:1015D000470100D06A4E002D02DC2178090704D5AE
:1015E0004FF002082E218DF80110C44600210BE0B7
:1015F000C7F303433F01C35C491C6D1E02F808306A
:10160000052908F1010801DA002DF1DC00210CE0C8
:1016100000EB1973491C1B786D1E082902F808306D
:101620004FEA091908F1010801DA002DF0DC2178F0
:10163000890602D514E0A8F10108E04505DD02EBBA
:10164000080111F8011C3029F5D0B8F1000F07DDB1
:1016500002EB080111F8011C2E2901D1A8F10108A3
:10166000002D05DD3E2102F808106D1E08F101086D
:10167000407C002E02F8080008F1010804DA2D2051
:10168000764202F8080002E02B2002F808000A2146
:101690004FF47A70864208F101080BDB96FBF0F3F9
:1016A000303302F8083096FBF0F308F1010800FB34
:1016B000136601E0642E0CDB642096FBF0F33033FC
:1016C00002F8083096FBF0F308F1010800FB1366FE
:1016D00001E00A2E06DB96FBF1F0303002F808003C
:1016E00008F1010896FBF1F001FB1060303002F8C0
:1016F0000800A16908F1010808EB050202EB0A00E5
:10170000081AA0612078C00602D42046FFF723F90A
:10171000216A08AE01EB0A00206204E0D4E901214D
:1017200016F8010B9047BAF1010AF7D22078C006EB
:1017300002D52046FFF70FF96E4609E016F8010BB7
:101740003E280FD0D4E901219047206A401C206236
:10175000B8F10108F2D22046FFF713F909B00320CF
:10176000BDE8F08F206A2844206203E0D4E901211B
:10177000302090476D1EEBD3F8E70000049D010078
:1017800002FCFFFF10B5436913B1AFF3008001E025
:10179000FFF71AF9012010BD127800F124010A7038
:1017A00000224A700122EDE711684FF0FF32E9E7AD
:1017B00010B5436913B1AFF3008001E0FFF79CF966
:1017C000012010BD128800F1240182840022C2840D
:1017D0000122EDE711684FF0FF32E9E770B51646D8
:1017E0000C46054600F048F8036893F8010101280B
:1017F00006D0FF2C0FD8185D68B101202C7070BD89
:10180000D3F807013246214603F207130344284662
:10181000BDE8704018474FF0FF3070BD10B500F0C4
:10182000FBF8BDE8104000F0EAB870477546FFF7D6
:1018300045FBAE4605006946534620F00700854645
:1018400018B020B5FEF7D8FDBDE820404FF00006E7
:101850004FF000074FF000084FF0000B21F0070198
:10186000AC46ACE8C009ACE8C009ACE8C009ACE8DB
:10187000C0098D467047000010B500F005F8001D46
:1018800010BD00BFB155010000487047ECA8002012
:101890002DE9F0411F46044603260168072A01F49A
:1018A000006004DB08B116A505E016A503E008B149
:1018B00015A500E015A521F010002060A069C01E4C
:1018C000A0610FB1401EA0612046FFF744F84FB160
:1018D000D4E9012138469047206A401C2062C01C90
:1018E000206206E0206AFAE7D4E9012115F8010B2D
:1018F0009047761EF8D22046FFF743F8BDE8F08106
:101900004E414E006E616E00494E4600696E6600A3
:101910002DE9F047814616468AB0334878440DC811
:101920008DE80D0030487844801C03AC0DC884E875
:101930000D0041F69B300844372190FBF1F290FBFB
:10194000F1F5A5F1800501FB12041B3C02D56442B0
:10195000012000E00020DFF890A080460027FA4434
:10196000AAF1BE0A0DE0E00709D03246684607EB4F
:1019700047010AEB810100F0B9FB8DE80700641014
:101980007F1C002CEFD1184F7F44AC3F18E0E807D4
:1019900014D007EB04100DF1180A90E80E008AE845
:1019A0000E00C068F04201D198190890324606A98D
:1019B00003A800F09BFB03AB83E807006D10641CD9
:1019C000002DE4D132466946B8F1000F03A802D0D9
:1019D00000F078FB01E000F089FBC9E90001C9F8DB
:1019E00008200AB0BDE8F087089A010010B5044647
:1019F000AFF300802046BDE81040FEF788BC002809
:101A000001D000F031B8704710B500F04DF8BDE8D6
:101A10001040FFF7F4BF000010B5012805D00021E9
:101A200003A000F027F8012010BD09A1F8E700008D
:101A300053494752544D454D3A204F7574206F66B7
:101A40002068656170206D656D6F7279000000001F
:101A50003A2048656170206D656D6F727920636F03
:101A6000727275707465640001491820ABBEFEE7A0
:101A70002600020070B505460C460A2000E06D1CE9
:101A800000F0A8F835B128780028F8D102E0641CED
:101A900000F0A0F814B120780028F8D1BDE870401B
:101AA0000A2000F097B8000010B5022803D04101C9
:101AB00003D50DA112E0002010BD010101D50FA139
:101AC0000CE0C10001D511A108E0810001D512A1EF
:101AD00004E0400001D513A100E0002115A0FFF7AC
:101AE000C9FF012010BD0000496E76616C69642059
:101AF0004F7065726174696F6E00000044697669A9
:101B00006465204279205A65726F00004F766572D5
:101B1000666C6F7700000000556E646572666C6FCE
:101B200077000000496E65786163742052657375B3
:101B30006C7400005349474650453A20417269741D
:101B4000686D6574696320657863657074696F6E2C
:101B50003A2000004FF0013C50F8042B51F8043BB0
:101B60009A4221D1A2EB0C03934313EACC1317D171
:101B700050F8042B51F8043B9A4215D1A2EB0C0308
:101B8000934313EACC130BD150F8042B51F8043BC8
:101B90009A4209D1A2EB0C03934313EACC13DBD096
:101BA0004FF00000704700BFD01A01BAB1FA81F1BE
:101BB00001F0180122FA01F0CB40C1F12001DBB2A3
:101BC000C0B2C01A2CFA01F3D11A914311EAC31121
:101BD000E6D1704708B569468DF800000320ABBE1A
:101BE00008BD5FEA400C08BF91F0000F4FEA8C235C
:101BF0004FEAC12243EA51514FEA1C5018BF00F589
:101C0000F0404FEA300018BF41F000415FEA6C5CE1
:101C100000F02980BCF1FF3F08BF40F080407047D2
:101C2000130C06BF12044FF0100C4FF0000C130EF3
:101C300004BF12020CF1080C130F04BF12010CF1C7
:101C4000040C930F04BF92000CF1020CD30F04BFDD
:101C500052000CF1010C11464FF00002A0F11F00E0
:101C6000A0EB0C00704711F0004F08BF704731F037
:101C700000413FF4D5AF0B0C06BF09044FF0100C28
:101C80004FF0000C0B0E04BF09020CF1080C0B0FF7
:101C900004BF09010CF1040C8B0F04BF89000CF187
:101CA000020CCB0F04BF49000CF1010CCCF1200356
:101CB000A0EB0C0022FA03F302FA0CF241EA030152
:101CC00000F10100704720F07F4C80EA030023F010
:101CD0007F47ACEB070303F57C5300F0004003F1B2
:101CE000FF032DE980494FEA154B09B44FEA14432D
:101CF00025EA0B4E24EA03480FF2042606EB1327CD
:101D000049083E785FEA320203FB0667C7F5000721
:101D100007FB06F64FEA54374FEAD64606F10206AD
:101D200007FB066CCCF1005C4FEA1C472CEA074C21
:101D300007FB06F40CFB06F504EB15464FEA961676
:101D400034BF00204FF000404FEAD13706FB07FCBC
:101D50004FEA1C4C0CFB0BF7D21B03FB0CF761EB9F
:101D600007010CFB0EF7B0EB074072EB17420CFBC0
:101D700008F734BFA2EB0742B2EB074261EB174111
:101D80004FEA0C444FEA910706FB07FC4FEA1C4C54
:101D90000CFB0BF7B0EBC74072EB573203FB0CF7B1
:101DA00034BFA2EBC742B2EBC74261EB57310CFB29
:101DB0000EF7B0EBC70072EB57720CFB08F734BF9D
:101DC000A2EBC702B2EBC70261EB5771039F4FEA68
:101DD000816141EA921104EBCC044FEAD1374FEA1A
:101DE000826206FB07FC42EA90124FEA80604FEAEB
:101DF0001C4C0CFB0BF7D21B03FB0CF761EB070130
:101E00000CFB0EF7B0EB074072EB17420CFB08F728
:101E100034BFA2EB0742B2EB074261EB17414FEA36
:101E20008C554FEA910704EB9C2406FB07FC4FEA14
:101E30001C4C0CFB0BF7B0EBC74072EB573203FBAB
:101E40000CF734BFA2EBC742B2EBC74261EB57318C
:101E50000CFB0EF7B0EBC70072EB57720CFB08F7E8
:101E600034BFA2EBC702B2EBC70261EB577115EBAF
:101E70004C254FEA816141EA92114FEA82624FEAB2
:101E8000D13742EA901206FB07FC44F100044FEA06
:101E900080604FEA1C4C0CFB0BF7D21B03FB0CF7CA
:101EA00061EB07010CFB0EF7B0EB074072EB17423A
:101EB0000CFB08F734BFA2EB0742B2EB074261EB21
:101EC000174115EB1C154FEA813141EA92414FEA67
:101ED000823242EA90424FEA80304FEA0C7644F177
:101EE000000448EA03434EEA0B484FF0000EB2EB01
:101EF000080C71EB030724BF624639464EEB0E0E09
:101F00004FF0000B0018524149414BEB0B0BB2EB69
:101F1000080C71EB03077BF1000B24BF62463946C6
:101F20004EEB0E0E4FF0000B0018524149414BEBA7
:101F30000B0BB2EB080C71EB03077BF1000B24BF1A
:101F4000624639464EEB0E0E51EA020718BF46F0C4
:101F5000010616EB0E7655F1000254F1000103D58F
:101F6000BDE88901BDE80088BDE88901BDE80048F9
:101F7000B619524141EB0101A3F101037047808082
:101F80007F7E7D7C7B7A79787776767574737271D3
:101F900071706F6E6E6D6C6C6B6A6A69686867668B
:101FA00066656464636362616160605F5F5E5E5D1D
:101FB0005D5C5C5B5B5A5A59595858575756565591
:101FC00055555454535352525251515050504F4FF3
:101FD0004F4E4E4D4D4D4C4C4C4B4B4B4A4A4A4943
:101FE0004949484848474747474646464545454486
:101FF0004444444343434342424242414141002B13
:1020000026D4770021D01CB54FEA370703B44FF030
:1020100010004FF0100116F031F80FBCBDE8104071
:102020000BF1010BBBF1010F08BF5FEA170722BFDD
:1020300012F1010211F101014FF0004143F10003DF
:1020400000F0004043EA00007047F9D35708DAE790
:1020500046EA064613F1400F4FEA16461FDD13F11C
:10206000200FDFBF16430A46002120335B42C8D051
:10207000C3F1200746EA064602FA07F74FEA16467A
:1020800046EA0706C3F1200722FA03F201FA07F72E
:1020900021FA03F14FF0000342EA0702B1E746EAF2
:1020A000020646EA06464FEA164646EA0106BCBF65
:1020B00046EA0646360C4FF000034FF000024FF0A0
:1020C00000019EE72DE9C048934630B491E83800FE
:1020D00007C831EA400C48BF34EA430C03D5FFF788
:1020E000F2FDFFF78CFFF0BCBDE800882DE9C04889
:1020F000934630B491E8380007C810F0804F08BF0D
:1021000013F0804F03D100F005F8FFF778FFF0BC23
:10211000BDE8008820F07F4780EA030023F07F4C71
:1021200007EB0C03A3F57C5300F00040A3F1FE0382
:1021300092F0000F00F0B38095F0000F00F0778070
:102140002DE901494FEA11404FEA144621EA0048BF
:1021500000FB06FC24EA064708FB06F607FB08F826
:1021600000FB07F718EB06484CEB164C4FEA124BF6
:1021700018EB07484FEA15464CEB174022EA0B4E86
:102180000BFB06FC25EA06470EFB06F607FB0EFED8
:102190000BFB07F71EEB064E4CEB164C4FF0000600
:1021A0001EEB074E4CEB174B18EB0B0840F10000F1
:1021B00018EB0E0B58EB000840F100008F1A4FF09F
:1021C00000013CBFC943661B14BFB5EB040C0021E2
:1021D0003CBFC943F61B4FEA17444EEA8E0E27EA6E
:1021E00004454FEA1C4704FB07622CEA074C05FB39
:1021F00007F70CFB05F604FB0CFC16EB074642EB5D
:10220000174216EB0C4642EB1C421BEB060658EB42
:102210000202414146EA9E0601D5BDE80189B61990
:10222000524141EB0101A3F10103BDE801894FEAED
:1022300014454FEA114724EA054621EA074C05FBFD
:1022400007F406FB07F70CFB06F105FB0CFC11EB92
:10225000074144EB17444FEA124711EB0C4144EBA2
:102260001C4422EA074C05FB07F206FB07F70CFBB0
:1022700006F605FB0CFC16EB074642EB174216EB85
:102280000C4642EB1C456A1854F1000148BF7047E8
:10229000B619524141EB0101A3F10103704795F0DA
:1022A000000F37D04FEA11424FEA144721EA0246A5
:1022B00024EA074C02FB07F106FB07F70CFB06F4C8
:1022C00002FB0CFC14EB074441EB17414FEA1547A6
:1022D00014EB0C4441EB1C4125EA074C02FB07F5CB
:1022E00006FB07F70CFB06F602FB0CFC16EB074699
:1022F00045EB174516EB0C4645EB1C42121951F104
:10230000000148BF7047B619524141EB0101A3F1EA
:10231000010370474FEA14454FEA114724EA054686
:1023200021EA074C05FB07F106FB07F70CFB06F259
:102330004FF0000605FB0CFC12EB074241EB174186
:1023400012EB0C4251EB1C4148BF7047921841EB15
:102350000101A3F10103704755494A6822F4403254
:102360004A604A6843681A434A600268526822F425
:10237000807203685A6002685368026943EA022265
:1023800003685A600268526822F0407203685A601B
:102390000268526883681A4303685A600268926848
:1023A00022F4006203689A6002689268C3681A4364
:1023B00003689A603F4B826A9A4218D0026892681A
:1023C00022F0706203689A6002689268836A1A4316
:1023D00003689A600268926822F0405203689A602B
:1023E00002689268C36A1A4303689A600BE0026845
:1023F000926822F0706203689A600268926822F024
:10240000405203689A600268926822F002020368F0
:102410009A6002689368027E43EA420203689A6007
:102420002022125CA2B10268526842F40062036882
:102430005A600268526822F4604203685A60026877
:102440005368426A521E43EA423203685A6005E00A
:102450000268526822F4006203685A600268D26A15
:1024600022F470020368DA620268D36A828B521E19
:1024700043EA02520368DA620268926822F4007248
:1024800003689A600268936890F8302043EA422219
:1024900003689A600268926822F4806203689A6016
:1024A00002689368426943EA822203689A6070472F
:1024B000002301400100000F10B52DED028BB0EE9E
:1024C000408AB0EE480A0BF0A1FEBDEC028B10BDB5
:1024D00010B52DED028BB0EE408AF0EE608AF0EE82
:1024E000680AB0EE480A0BF027FFBDEC028B10BD66
:1024F00010B52DED028BB0EE408AB0EE480AFDF724
:102500008DFFBDEC028B10BDF0EE400AF5EEC00A67
:10251000F1EE10FA02DDB0EE600A7047B1EE600A2B
:10252000FBE7000018B19FED020A80ED000A70473A
:102530000000000018B1B3EE060A80ED000A7047F3
:1025400070B52DED0C8B84B006460C4615469FEDFC
:10255000990AF0EE408A9FED970AB0EE409A9FEDFF
:10256000950AF0EE40BA9FED930AF0EE409A9FED87
:10257000910AB0EE40AA0EB104B11DB904B0BDEC91
:102580000C8B70BD8C48FFF7CDFF8C48FFF7D2FF56
:102590008A48D0ED000A9FED8A1A60EE810AB0EEFB
:1025A000600A00F02DF9F0EE408A28EEA80AF0EE5D
:1025B000408A8248D0ED000AB0EE001A60EE810A2F
:1025C0009FED7F1A60EE810AB0EE600A00F018F904
:1025D000B0EE409A29EE090AB0EE409ADFED790A92
:1025E000B7EE000A00EEA80ADFED770A00EEC90A8E
:1025F000DFED760A20EE200A754880ED000A6E486D
:1026000090ED000ADFED730A80EE201AB7EE000AA3
:1026100031EE000A20EE000A6D48D0ED000A80EE8F
:10262000801A6D4880ED001A94ED000AB5EEC00ADC
:10263000F1EE10FA0DD194ED010AB5EEC00AF1EEFB
:1026400010FA06D194ED020AB5EEC00AF1EE10FAC6
:1026500046D09FED580AB0EE408A002001900290CB
:102660000390D4ED000A60EEA00A94ED011AD4EDB7
:10267000011A41EE210A94ED021AD4ED021A41EE3C
:10268000210AB0EE600A00F0A9F8B0EE408A94ED9D
:10269000000A20EE080A8DED010A94ED010A20EEF1
:1026A000080A8DED020A94ED020A20EE080A8DED6B
:1026B000030ADDED010AF1EE600AB0EE600AFFF7F1
:1026C000FBFEF0EE409A9DED031AF0EE410A9DEDFF
:1026D000021AB0EE410AFFF7FBFEB0EE40AA07E097
:1026E0009FED340AF0EE409A9FED320AB0EE40AA18
:1026F00095ED000AB5EEC00AF1EE10FA0DD195ED98
:10270000010AB5EEC00AF1EE10FA06D195ED020A03
:10271000B5EEC00AF1EE10FA3CD0B0EE690A00F056
:102720006FF8B0EE408AB0EE690AFFF7E1FEB0EE56
:1027300040DAB0EE4A0A00F063F8F0EE40AAB0EEDC
:102740004A0AFFF7D5FEB0EE40BA28EE2A0AD5EDC8
:10275000010A20EE200AD5ED000A0DEE200A68EEEF
:102760000B0A95ED021A00EE810AB0EE40CA95ED13
:10277000010A20EE0B0AD5ED020A0AEEE00AF0EE9D
:1027800040CAF0EE6C0AB0EE4C0AFFF7A1FEF0EE84
:1027900040BA03E09FED070AF0EE40BAB0EE4A1AE5
:1027A000F0EE690AB0EE6B0A30460CF04DF900BF4E
:1027B000E4E6000000000000CC040020D00400206B
:1027C00035FA8E3CC1BFAD3B9DF8C5362F7C1C4110
:1027D000D4040020506CC24AD804002010B52DED5E
:1027E000028BB0EE408AB0EE480A0BF0D7FEB7EE8F
:1027F000001AC1EE000AB0EE600ABDEC028B10BDFB
:1028000010B52DED028BB0EE408AB0EE480AFDF710
:1028100041FEBDEC028B10BD2DE9F0412DED028B88
:102820009AB00546B0EE408A0E46174698460020FC
:102830001790189019901490159016904DB146B1BC
:102840003FB1B8F1000F04D0B5EEC08AF1EE10FA36
:1028500005D100201AB0BDEC028BBDE8F08196EDE9
:10286000000A8DED170A96ED010A8DED180A96ED16
:10287000020A8DED190A97ED000A8DED140A97ED05
:10288000010A8DED150A97ED020A8DED160A17AAB9
:1028900014A928460BF00CFF402104A8FDF7D4FF33
:1028A00000200090019002900390002417A904A832
:1028B00012F09CFC00BF30E004A800EB041090ED87
:1028C000000AD5ED000A20EE200A04A800EB04104F
:1028D000D0ED010A95ED011A00EE810A04A800EB83
:1028E0000410D0ED020A95ED021A00EE810A04A848
:1028F00000EB0410D0ED030A95ED031A00EE810AF7
:1029000020EE080AF0EE000A80EE201A684600EB7E
:10291000840080ED001A601CC4B2042CCCDB0024BF
:1029200010E005EB840090ED000A684600EB84009F
:10293000D0ED000A30EE200A05EB840080ED000A9D
:10294000601CC4B2042CECDB284611F0C1FC012051
:1029500080E7000010B507480068C06840F010002C
:1029600004490968C86080220349024805F024FD33
:1029700010BD0000E01000206041002010B50122D1
:102980001021024802F04EFB10BD00000000024082
:1029900010B500221021024802F044FB10BD0000D7
:1029A000000002407047000010B5012211460248A5
:1029B00002F038FB10BD00000004024010B50022F8
:1029C0000121024802F02EFB10BD0000000402406D
:1029D00010B543781B021BB20478234300EE103A73
:1029E000B8EEC01A1C4BD3ED001A21EE211A81ED6E
:1029F000001AC3781B021BB28478234300EE103AFE
:102A0000B8EEC01A144BD3ED001A21EE211A81ED55
:102A1000011A43791B021BB20479234300EE103ADA
:102A2000B8EEC01A0C4BD3ED001A21EE211A81ED3D
:102A3000021A037A1B04C47943EA042384792343EA
:102A400000EE903AB8EE601ADFED041A21EE211A7A
:102A500082ED001A10BD00000803002000401C4257
:102A6000704710B50446204610F0D2FD10BD10B5D9
:102A7000044620460EF0F0F810BD00004278120225
:102A800012B203781A4300EE102AF8EEC00A144A74
:102A900092ED001A60EE810AC1ED000AC2781202BE
:102AA00012B283781A4300EE102AF8EEC00A0C4ADC
:102AB00092ED001A60EE810AC1ED010A427912021C
:102AC00012B203791A4300EE102AF8EEC00A044A43
:102AD00092ED001A60EE810AC1ED020A7047000013
:102AE0000C03002010B50024FFF75CFFFFF7B8FFD0
:102AF0000CF046F910B144F0800402E00CF0A6F8A6
:102B000004430CF035FB10B144F0400402E00CF03B
:102B1000B5FA0443204610BD2DE9FC4105460E469A
:102B20001746002000900190FFF732FF922000F03E
:102B3000D1F806226946122000F0ACF8FFF71EFF1C
:102B40009DF80100000200B29DF8001040EA010467
:102B500000EE104AB8EEC00A4C48D0ED000A20EE54
:102B6000200A86ED000A9DF80300000200B29DF8DD
:102B7000021040EA010400EE104AB8EEC00A4348D1
:102B8000D0ED000A20EE200A86ED010A9DF805002E
:102B9000000200B29DF8041040EA010400EE104A61
:102BA000B8EEC00A3948D0ED000A20EE200A86EDC2
:102BB000020AFFF703FF08226946002000F06AF8C6
:102BC000FFF7F2FE9DF800000F2838D19DF80300B2
:102BD000000200B29DF8021040EA010400EE104A23
:102BE000B8EEC00A2A48D0ED000A20EE200A85ED92
:102BF000000A9DF80500000200B29DF8041040EAAA
:102C0000010400EE104AB8EEC00A2148D0ED000AD7
:102C100020EE200A85ED010A9DF80700000200B2AF
:102C20009DF8061040EA010400EE104AB8EEC00A12
:102C30001748D0ED000A20EE200A85ED020AFFF7C2
:102C4000A7FEA22000F046F802226946222000F0EA
:102C500021F8FFF793FE9DF80000C0009DF80110D9
:102C600040EA6114B4F5806F02DBA4F5006004B2A1
:102C700000EE104AF8EEC00AB4EE001AB3EE070AEE
:102C800000EE810A87ED000ABDE8FC810803002000
:102C90000C03002070B506460C46154646F0800031
:102CA00000F018F806E0552000F014F82070641CBD
:102CB000681EC5B2002DF6D170BD70B504460D4634
:102CC00044F0800000F006F8552000F003F828706A
:102CD00070BD000001B582B04FF47A70012301AAE3
:102CE00002A90090024804F09FFB9DF804000EBD6D
:102CF000F00D002010B502461378DB00547843EA4B
:102D00006410B0F5806F02DBA0F5006318B200EE2E
:102D1000100AF8EEC00AB4EE001AB3EE070A00EE8D
:102D2000810A81ED000A10BD70B505460C462846A3
:102D3000FFF7D0FF2046FFF7CDFF70BD00BFFEE7D5
:102D400010B5024801F07CF810BD00006C050020B1
:102D500010B5024801F074F810BD00009405002081
:102D600038B504464FF404700849086000208860B4
:102D7000C860022008612012054908704C706B463B
:102D80000A460249034800F060FE38BD882D002045
:102D90002C01002094050020F8B507460C46154686
:102DA0001E464FF400700D49086000208860C8601E
:102DB00008200861380A0A4908704F70200A887094
:102DC000CC70280A08714D71300A8871CE716B463B
:102DD0000A460249034800F038FEF8BD702D002075
:102DE000240100206C05002008B54FF4E0600C4978
:102DF000086000208860C860082008610020094938
:102E0000087048708870C870087148718871C871FE
:102E10006B460A460249044800F017FE08BD000050
:102E2000702D0020240100206C050020F8B5074615
:102E30000C4615461E464FF400700D4908600020F0
:102E40008860C86008200861380A0A4908704F7015
:102E5000200A8870CC70280A08714D71300A887178
:102E6000CE716B460A460249034800F0EEFDF8BDFC
:102E7000A02D00203401002094050020F8B506465E
:102E80000C46154640F2FF100B4908600020886090
:102E9000C86008200861300A08498870CE70200A8E
:102EA00008714C71280A8871CD716B460A46024937
:102EB000034800F0CAFDF8BD582D00201C01002079
:102EC0009405002038B5044640F2FF100849086018
:102ED00000208860C86008200861200A0549087041
:102EE0004C706B460A460249034800F0AEFD38BDFF
:102EF000582D00201C0100206C0500200346042BE7
:102F000015D007DC7BB1012B0ED0022B0DD0032B8B
:102F100012D10BE0202B0BD0212B0AD0222B09D071
:102F2000232B09D107E008E007E006E005E004E014
:102F300003E002E001E000E000BF00BF00207047B6
:102F40000020704710B500220449054809F091F9A6
:102F50000449034809F086F9002010BDC42300206D
:102F600020130020C41B002070B504460D462146E6
:102F7000034809F077F9024809F050F9002070BDC4
:102F8000201300202DE9F04104460D4600260A4892
:102F9000D0F89072D7F8140210B10120BDE8F0818A
:102FA0002A462146044809F064F9034809F0E5F986
:102FB00006463046F2E70000201300201B48406818
:102FC00000F0006080B31A48406B006819498842DD
:102FD00005D94FF0006017494C3908601CE01448CF
:102FE000406B00681149B831884205D94FF0006044
:102FF0001049503908600FE00D48406B00680B49DC
:103000005831884204D94FF000600849C86003E095
:103010004FF000600549886005480068006840F48A
:1030200000700349096808607047000000600240B2
:10303000B80C00205864024010B5024801F0C6FBED
:1030400010BD00006012002010B52C48006800F48C
:103050000010002850D04FF0F46028490831086073
:103060002748007800F0020078B12548007820F069
:103070000200234908700846007840F004000870F8
:10308000012211461F4801F0CDFF1F48007800F0D3
:10309000020078B11C48007820F002001A4908703C
:1030A0000846007840F004000870012210211748FB
:1030B00001F0B8FF1648007800F0020078B114481B
:1030C000007820F00200124908700846007840F0AD
:1030D00004000870012210210C4801F0A3FF0FF03A
:1030E000CBFD0748007800F0040028B109480068CB
:1030F00040F001000749086010BD00000064024074
:10310000CD01002000040240CE010020000002405A
:10311000CF010020103C014010B5024801F056FBE1
:1031200010BD0000A011002008B500BF00200090D5
:1031300008480068006800900648006840680090F1
:1031400000BF00BF034804F0A1FE034801F03EFBAE
:1031500008BD000060110020C01200200146087860
:1031600010381823B0FBF3F20848805CC865032AC6
:1031700005D908686FF30900001D886503E0086839
:103180006FF309008865886D704700002CAA01085C
:10319000014600208A6A8B69CBB932B1012A0DD071
:1031A000022A03D0032A10D10EE000BFCB6A03F03D
:1031B0008073B3F1807F00D1012007E0CB6AB3F1C7
:1031C000C07F00D1012001E000E000BF34E08B6946
:1031D000B3F5005F1AD132B1012A07D0022A03D019
:1031E000032A11D10AE000BF01200EE0CB6A03F0F0
:1031F0008073B3F1807F00D1012006E0CB6AB3F188
:10320000C07F00D1012000E000BF15E032B1012AEB
:1032100005D0022A04D0032A0CD103E000BF00BF6E
:10322000012008E0CB6A03F08073B3F1807F00D106
:10323000012000E000BF00BF704730B5046824687B
:1032400024F4802405682C60046863608468402C42
:1032500004D10468A2600468E16003E00468A1602E
:103260000468E26030BD704710B5012001F0C4FD74
:1032700010BD10B5082001F0BFFD10BD10B5102025
:1032800001F0BAFD10BD10B5202001F0B5FD10BD54
:103290007047000010B5002201B909E0012901D1F1
:1032A0000A0205E0022901D10A0201E04FF440724E
:1032B0000E4B1B6823F440730C4C236023461B68A1
:1032C0001343236023461B6823F0F803236023463F
:1032D0001B68022444EAC0042343044C23602346B1
:1032E0001B6843F48033236010BD0000103C024093
:1032F0001C48006800F40070B0B11A48006820F45F
:1033000000701849086000BF0846006840F400607B
:1033100008600846006820F40060086000BF0846A6
:10332000006840F4007008600E48006800F4806097
:10333000B0B10C48006820F480600A49086000BF02
:103340000846006840F4805008600846006820F491
:103350008050086000BF0846006840F48060086044
:1033600070470000003C02400A4A126822F4407292
:10337000084B1A601A46126842F004021A601A4694
:1033800012684FF4803343EA00231A43014B1A605A
:1033900070470000103C0240074A126822F4407255
:1033A000054B1A601A4612681A601A46126842F0F3
:1033B00001021A6001707047103C024010B50D49BF
:1033C000096821F440710B4C21602146096841F4E1
:1033D000407121602146096841F0010121600260CD
:1033E00000BF00BF00BFBFF36F8F00BF00BF00BFB3
:1033F000436010BD103C0240084A126822F440723B
:10340000064B1A601A46126842F480721A601A4615
:10341000126842F001021A6001807047103C0240BD
:10342000084A126822F44072064B1A601A46126863
:1034300042F400721A601A46126842F001021A60E1
:1034400001607047103C02402348006800F0100003
:1034500040B12248C06940F010002049C8611020E6
:103460001D4908601C48006800F0200040B11B485E
:10347000C06940F008001949C86120201649086059
:103480001548006800F0400040B11448C06940F0A1
:1034900004001249C86140200F4908600E480068C6
:1034A00000F0800040B10D48C06940F002000B49B7
:1034B000C8618020084908600748006800F00200E1
:1034C00040B10648C06940F020000449C8610220AC
:1034D00001490860704700000C3C02406C46002027
:1034E00070B50446002500201449C86101F0A0FD14
:1034F000054609E0601C38B124B101F099FD401B7C
:10350000A04201D9032070BD0D48006800F480304E
:103510000028EFD10A48006800F0010010B1012036
:10352000074908600648006800F0F20018B1FFF78C
:103530008BFF0120E7E70020E5E700006C46002054
:103540000C3C024070B50A480468001D0568001D67
:103550000668344454B108220649204605F05AFE54
:10356000042204491031284605F054FE70BD0000C5
:10357000107AFF1F7600002038B502460020009028
:1035800000BF92F83C00012801D1022038BD012083
:1035900082F83C0000BF0868092816D91068C06886
:1035A0000C780A3C04EB44050724AC40A0431468A3
:1035B000E0600C780A3C04EB44048868A04014687E
:1035C000E46820431468E06013E0106800690C7838
:1035D00004EB44050724AC40A043146820610C7838
:1035E00004EB44048868A0401468246920431468EC
:1035F00020614868072817D21068406B0C79641E58
:1036000004EB84051F24AC40A04314686063088861
:1036100080B20C79641E04EB8404A0401468646BCF
:1036200020431468606331E048680D2817D21068A1
:10363000006B0C79E41F04EB84051F24AC40A0430D
:1036400014682063088880B20C79E41F04EB8404BA
:10365000A0401468246B20431468206316E01068AF
:10366000C06A0C790D3C04EB84051F24AC40A043D8
:103670001468E062088880B20C790D3C04EB840485
:10368000A0401468E46A20431468E062194B1A4CA5
:103690001068A04206D10868122803D1586840F487
:1036A00080005860144C1068A0421CD10868102893
:1036B00002D00868112816D1586840F400005860FC
:1036C000086810280FD10D4800680D4CB0FBF4F0CD
:1036D00000EB80004000009002E00098401E009047
:1036E00000980028F9D100BF002082F83C0000BFFC
:1036F00000BF4BE70023014000200140A000002054
:1037000040420F0001460868C06C704770B504461F
:1037100000250CB9012070BD1549A06A884200D06F
:1037200000BF206C30B9204600F024F8002060640F
:1037300084F83C00206C00F0100088B9206C20F464
:10374000885040F0020020642046FEF705FE00206D
:103750006064206C20F0020040F00100206400E072
:10376000012500BF002084F83C0000BF2846D2E7B6
:103770000100000F10B586B00446142101A8FDF722
:1037800063F82349206888420FD100BF00200090D1
:103790002048006840F480701E49086008460068B0
:1037A00000F48070009000BF2FE01B492068884221
:1037B0002BD100BF002000901648006840F48060C4
:1037C000144908600846006800F48060009000BF5B
:1037D00000BF00BF002000900E481438006840F081
:1037E00020000C49143908600846006800F02000E9
:1037F000009000BF00BF0815019003200290002038
:10380000039001A9054801F005FB06B010BD0000BA
:1038100000200140443802400022014000140240D0
:1038200070B504460D4600262068806800F480606C
:10383000B0F5806F11D12068806800F48070B0F519
:10384000807F0AD1206C40F02000206400BF00205F
:1038500084F83C0000BF012070BD01F0E9FB064682
:1038600012E0681C80B125B101F0E2FB801BA84288
:103870000AD9206C40F00400206400BF002084F8C6
:103880003C0000BF0320E7E72068006800F002006A
:103890000228E6D16FF0120021680860206C40F425
:1038A000007020642068806800F04050B8B9207E25
:1038B000A8B92068C06A00F4700020B12068806850
:1038C00000F4806058B9206C20F480702064206C73
:1038D00000F4805018B9206C40F0010020640020F2
:1038E000BAE7000008B501460020009000BF91F83B
:1038F0003C00012801D1022008BD012081F83C00D4
:1039000000BF0868806800F00100A0B908688068FE
:1039100040F001000B6898603B4800683B4BB0FBEF
:10392000F3F000EB4000009002E00098401E009091
:1039300000980028F9D10868806800F0010000288C
:103940005FD0086C40F20163984340F480700864D3
:103950000868406800F4806028B1086C20F40050CA
:1039600040F480500864086C00F48050B0F5805F2B
:1039700004D1486C20F00600486401E0002048644F
:1039800000BF002081F83C0000BF214A6FF02200F8
:103990000B681860506800F01F0018BB1D4B0868CA
:1039A000984213D01C4B0868984204D1101D00683F
:1039B00000F01F0050B1194B0868984221D11448FB
:1039C000001D006800F01F0010281AD208688068E7
:1039D00000F0405028B90868806840F080400B68CB
:1039E00098600EE00B4B086898420AD1086880681E
:1039F00000F0405028B90868806840F080400B68AB
:103A00009860002078E70000A000002040420F00EE
:103A1000002301400020014000210140002201401C
:103A200010B5024692F82030012B01D0022B06D1AE
:103A300010684069084314686061002010BD506A36
:103A400040F4802050620120F8E7F0B504460D46AE
:103A50001E4694F8207020688368A86800B900E0CA
:103A600000BF012F01D0022F7CD103F0806030B95C
:103A700003F0006018B903F08050002873D0C3F33E
:103A80000161022905D9606A40F4000060620120EA
:103A9000F0BD012088403060A86860B9B5F800C06A
:103AA000E86840EA4C5C206800F5C07000EB01104B
:103AB000C0F800C00FE0D5E901C040EACC00D5F85D
:103AC0000CC040EA0C00D4F800C00CF5C07C0CEB34
:103AD000011CCCF80000D5F810C0206800F5C070BB
:103AE00000EB0110C0F804C0287D01280ED1206829
:103AF00000F5C07000EB0110406840F4807C206845
:103B000000F5C07000EB0110C0F804C0D0790006C9
:103B100092F806C040EA0C4092F805C040EA0C2C2E
:103B200010794CEA000C206800F5C07000EB011021
:103B3000C0F80CC0D078000692F802C040EA0C40F1
:103B400092F801C040EA0C2092F800C040EA0C0054
:103B5000D4F800C00CF5C07C0CEB011CCCF80800BC
:103B6000206801E016E00FE000F5C07000EB0110E6
:103B7000006840F0010C206800F5C07000EB0110F7
:103B8000C0F800C0002083E7606A40F40010606263
:103B900001207DE7606A40F480206062012077E7C1
:103BA000F0B504460A46216894F82050012D01D052
:103BB000022D7ED1424901F50071086840F00100F4
:103BC0000860086820F47C5008600868566A40EA7B
:103BD00006200860107D00F01F06012000FA06F3A1
:103BE000C8699843C861A1F50071D069C8B9D1F816
:103BF0000C029843C1F80C02908880B2968940EA82
:103C0000064601F51070576940F83760108880B299
:103C1000168940EA064601F51070576900EBC700A7
:103C20004660D069012819D1D1F80C021843C1F8B7
:103C30000C02908880B2168840EA064601F51070A2
:103C4000576940F83760908980B2168940EA064685
:103C500001F51070576900EBC7004660906928B9FC
:103C6000D1F804029843C1F8040204E0D1F8040238
:103C70001843C1F80402106928B9D1F81402984316
:103C8000C1F8140204E0D1F814021843C1F8140278
:103C9000106A012804D1D1F81C021843C1F81C0293
:103CA000D1F8000220F00100C1F800020020F0BDB0
:103CB000FFE7606A40F4802060620120F7E70000BF
:103CC00000640040704770B5044694F82050012D00
:103CD00001D0022D7DD151B92068C06800F00300E9
:103CE00080B9606A40F400106062012070BD2068F5
:103CF000006900F0030028B9606A40F400106062B7
:103D00000120F3E7206800F5D87000EB011000688F
:103D100000F004009060906840B9206800F5D87009
:103D200000EB01100068400D106007E0206800F50E
:103D3000D87000EB01100068C0085060206800F5E2
:103D4000D87000EB0110006800F00200D06020681D
:103D500000F5D87000EB0110406800F00F00106112
:103D6000206800F5D87000EB0110406800F47F4037
:103D7000000A9061206800F5D87000EB01104068DF
:103D8000000C5061206800F5D87000EB01108068CD
:103D90001870206800F5D87000EB0110806800F4FE
:103DA0007F40000A5870206800F5D87000EB0110C1
:103DB000806800F47F00000C9870206800F5D870CF
:103DC00000EB01108068000ED870206800F5D870F4
:103DD00000E02FE000EB0110C0681871206800F5CA
:103DE000D87000EB0110C06800F47F40000A5871E1
:103DF000206800F5D87000EB0110C06800F47F0067
:103E0000000C9871206800F5D87000EB0110C068B4
:103E1000000ED87131B92068C06840F020002668D3
:103E2000F06005E02068006940F0200026683061FD
:103E300000205BE7606A40F480206062012055E763
:103E40002DE9F05F04460025206846692068D0F817
:103E50000490206887682068D0F80CA02068D0F80B
:103E600010B02068D0F8188006F00100002855D066
:103E700007F00100C0B101202168886007F002004E
:103E800018B1204600F007FC0EE007F0040010B166
:103E900045F4006508E007F0080010B145F48055CE
:103EA00002E0204600F0F6FB07F48070C8B14FF442
:103EB00080702168886007F4007018B1204600F017
:103EC000ECFB0EE007F4806010B145F4005508E00B
:103ED00007F4006010B145F4804502E0204600F090
:103EE000DBFB07F48030C8B14FF480302168886074
:103EF00007F4003018B1204600F0D1FB0EE007F4C3
:103F0000802010B145F4004508E007F4002010B10E
:103F100045F4803502E0204600F0C0FB06F00800C2
:103F200038B10AF0100020B145F400751020216866
:103F3000C86006F0040040B10AF0080028B108206B
:103F40002168C860204600F00DFA06F0020038B182
:103F50002068C06800F0030010B1204600F004FAA9
:103F600006F0400038B10BF0100020B145F4806538
:103F700010202168086106F0200040B10BF0080015
:103F800028B1082021680861204600F051FB06F0A6
:103F9000100038B12068006900F0030010B120461D
:103FA00000F047FB06F4003040B109F0100028B1E2
:103FB000102021684860204600F03CFB06F4803069
:103FC00040B109F0080028B1082021684860204667
:103FD00000F066FB06F4004088B309F0040078B3F3
:103FE00006F4807020B108F0010008B145F0010529
:103FF00006F4007020B108F0020008B145F0020597
:1040000006F4806020B108F0040008B145F0040512
:1040100006F40060A0B108F0700088B108F07000EC
:10402000402817D006DC10280BD020280CD03028D0
:1040300019D10CE0502810D0602814D110E01DE0F8
:1040400019E045F008050FE045F010050CE045F0DB
:10405000200509E045F0400506E045F0800503E055
:1040600045F4807500E000BF00BF2068806920F043
:104070007000216888610420216848602DB1606A61
:10408000284360622046FFF71DFEBDE8F09F70B533
:1040900004460CB9012070BD94F8200010B92046E8
:1040A00000F0B0F82068006820F002002168086085
:1040B00000F0BEFF05460DE000F0BAFF401B0A28E5
:1040C00008D9606A40F400306062052084F820005E
:1040D0000120E0E72068406800F002000028EBD1F2
:1040E0002068006840F001002168086000F0A0FF2F
:1040F00005460DE000F09CFF401B0A2808D9606AC5
:1041000040F400306062052084F820000120C2E7FE
:104110002068406800F001000028EBD0207E0128D4
:1041200006D12068006840F080002168086005E042
:104130002068006820F0800021680860607E012807
:1041400006D12068006840F040002168086005E062
:104150002068006820F0400021680860A07E0128E7
:1041600006D12068006840F020002168086005E062
:104170002068006820F0200021680860E07E0128A7
:1041800006D12068006820F010002168086005E072
:104190002068006840F0100021680860207F012836
:1041A00006D12068006840F008002168086005E03A
:1041B0002068006820F0080021680860607F0128FE
:1041C00006D12068006840F004002168086005E01E
:1041D0002068006820F0040021680860D4E902012A
:1041E000084321690843616908436168491E08431F
:1041F0002168C86100206062012084F8200000204E
:1042000049E7000010B586B00446142101A8FCF768
:104210001BFB4E492068884241D14D480068401C34
:104220004B4908600846006801280FD100BF0020F4
:1042300000904848006840F0007046490860084611
:10424000006800F00070009000BF00BF00BF0020B9
:10425000009040481038006840F008003D4910398F
:1042600008600846006800F00800009000BF00BF2A
:10427000032001900220029000200390032004906C
:104280000920059001A9344800F0C4FD0022062150
:10429000142001F02DFC142001F01AFC54E02F49E9
:1042A0002068884250D100BF002000902948006853
:1042B00040F08060274908600846006800F0806090
:1042C000009000BF00BF22480068401C20490860E1
:1042D0000846006801280FD100BF002000901D484B
:1042E000006840F000701B4908600846006800F054
:1042F0000070009000BF00BF00BF00200090154874
:104300001038006840F00200124910390860084671
:10431000006800F00200009000BF00BF6020019024
:1043200002200290002003900320049009200590B1
:1043300001A90B4800F06EFD00220621402001F08B
:10434000D7FB402001F0C4FB06B010BD0064004064
:104350000000002040380240000C0240006800408D
:10436000000402407047000010B58AB0044601AB5B
:1043700003AA00212046FFF7A6FCA54884427DD170
:104380000398B0F5017F11D007DCA0F2012050B1F5
:10439000012809D0022872D107E0A0F2052030B12F
:1043A0000C286CD14FE000BF00BF00BF00BF0398D6
:1043B000401E984908700846007800EB8000964936
:1043C00031F8100000B29349097801EB8101924A5B
:1043D00002EB410108819DF805009DF8041040EAB8
:1043E00001208C49097801EB810122F811009DF828
:1043F00007009DF8061040EA012000B285490978BF
:1044000001EB810102EB410148809DF809009DF814
:10441000081040EA012000B27E49097801EB8101D1
:1044200002EB410188809DF80A007A49097801EB86
:10443000810102EB4101887176490978491CC8B2B3
:104440000CF032FC35E001A8018800EE101AB8EE3D
:10445000400ADFED720A80EE201A714981ED001AE0
:10446000418800EE101AB8EE400ADFED6C0A80EECB
:10447000201A6B4981ED011A818801E01AE017E0EA
:1044800000EE101AB8EE400ADFED640A80EE201A42
:10449000634981ED021AC18800EE101AB8EE400A95
:1044A000DFED5E0A80EE201A5D4981ED031A00E01F
:1044B00000BFABE05B488442FBD10398A0F201202F
:1044C000F0B3012855D0052802D006284FD100E0CE
:1044D00000BF0398401E544908700846007800EB5E
:1044E00080004D4931F8100000B24F49097801EBC6
:1044F0008101494A02EB410108819DF805009DF8C0
:10450000041040EA01204849097801EB810122F8B2
:1045100011009DF807009DF8061040EA012000B246
:104520004149097801EB810102EB410148809DF886
:1045300009009DF8081040EA012000B23A4900E065
:1045400016E0097801EB810102EB410188809DF8BA
:104550000A003549097801EB810102EB41018871BC
:1045600031490978491CC8B20CF09EFB4DE04CE083
:1045700000BF0398801D2D4908700846007800EBA5
:104580008000254931F8100000B22849097801EB74
:104590008101214A02EB410108819DF805009DF847
:1045A000041040EA01202149097801EB810122F839
:1045B00011009DF807009DF8061040EA012000B2A6
:1045C0001A49097801EB810102EB410148809DF80D
:1045D00009009DF8081040EA012000B2134909784B
:1045E00001EB810102EB410188809DF80A000F492F
:1045F000097801EB810102EB410188710B490978CF
:10460000891FC8B20CF050FB00BF00BF0AB010BD3C
:104610006C0500203C010020FC2C00200000C8425A
:10462000EC2C0020940500203D0100203E010020DC
:1046300070477047704770B5044694F82000012811
:1046400022D1022084F820002068006820F00100B8
:104650002168086000F0ECFC05460DE000F0E8FC85
:10466000401B0A2808D9606A40F4003060620520C7
:1046700084F82000012070BD2068406800F001002F
:104680000028EBD16062F6E7606A40F400206062C7
:104690000120F0E7704770477047704770477047D8
:1046A000704710B504460CB9012010BD607920B9DF
:1046B00000202071204600F005F8012060710020E4
:1046C000F3E7000008B50A4A016891420FD100BF24
:1046D000002100910749096841F48051054A1160A1
:1046E0001146096801F48051009100BF00BF08BD68
:1046F000003002403038024070B50446A56D00F02D
:1047000097FC064694F83500022808D080206065A2
:1047100000BF002084F8340000BF012070BD206875
:10472000006820F01600216808602068406920F0C9
:10473000800021684861206C08B9A06C28B120680D
:10474000006820F00800216808602068006820F0F8
:104750000100216808600FE000F06AFC801B05285A
:104760000AD92020606500BF002084F8340000BF13
:10477000032084F83500D1E72068006800F00100CC
:104780000028E9D194F85C103F208840A86000BF61
:10479000002084F8340000BF012084F83500002098
:1047A000BCE7014691F83500022803D08020486517
:1047B00001207047052081F835000868006820F066
:1047C00001000A6810600020F3E70000F8B5044615
:1047D000002000908C4800684FF41651B0FBF1F7B0
:1047E000A56D2E6894F85C1008208840304098B180
:1047F0002068006800F0040070B12068006820F0B4
:1048000004002168086094F85C1008208840A860C3
:10481000606D40F00100606594F85C1001208840F4
:10482000304068B12068406900F0800040B194F8E1
:104830005C1001208840A860606D40F00200606557
:1048400094F85C1004208840304068B1206800680B
:1048500000F0020040B194F85C1004208840A86089
:10486000606D40F00400606594F85C101020884092
:10487000304078B32068006800F0080050B394F826
:104880005C1010208840A8602068006800F4802038
:1048900080B12068006800F4002028B9206CC8B1FD
:1048A0002046216C884715E0A06C98B12046A16C89
:1048B00088470FE02068006800F4807028B92068FD
:1048C000006820F0080021680860206C10B12046C4
:1048D000216C884794F85C102020884030400028E4
:1048E00065D02068006800F0100000285FD094F8C0
:1048F0005C1020208840A86094F83500052828D155
:104900002068006820F0160021680860206840696F
:1049100020F0800021684861206C08B9A06C28B1A3
:104920002068006820F008002168086094F85C1096
:104930003F208840A86000BF002084F8340000BFFA
:10494000012084F83500206D10B12046216D884784
:10495000F8BD2068006800F4802080B120680068FD
:1049600000F4002028B9606C10B12046616C8847C3
:104970001DE0E06BD8B12046E16B884717E0206866
:10498000006800F4807068B92068006820F01000AA
:104990002168086000BF002084F8340000BF0120B7
:1049A00084F83500E06B10B12046E16B8847606DFC
:1049B00038B3606D00F00100F0B1052084F83500D7
:1049C0002068006820F001002168086000BF00989E
:1049D000401C0090B84200D905E02068006800F053
:1049E00001000028F3D100BF00BF002084F834008C
:1049F00000BF012084F83500E06C10B12046E16C66
:104A0000884700BFA4E70000A00000202DE9F04186
:104A10000446002500F00CFB074614B90120BDE850
:104A2000F081606A00B100BF00BF002084F834004C
:104A300000BF022084F835002068006820F00100E3
:104A4000216808600AE000F0F3FAC01B052805D9C8
:104A500020206065032084F83500E0E720680068C6
:104A600000F001000028EED12068056821480540CB
:104A7000D4E901010843E1680843216908436169F9
:104A80000843A1690843E1690843216A08430543D3
:104A9000606A042803D1D4E90B0108430543206868
:104AA00005602068456925F00705606A0543606A6E
:104AB00004280DD1A06A0543E06A48B12046FEF7FC
:104AC00067FB28B140206065012084F83500A6E727
:104AD000206845612046FEF741FB064694F85C10CD
:104AE0003F208840B06000206065012084F83500D8
:104AF000002094E73F8010F02DE9F04704460D4672
:104B000016461F464FF00008D4F8589000BF94F89E
:104B10003400012802D10220BDE8F087012084F88A
:104B2000340000BF94F83500012825D1022084F814
:104B30003500002060653B46324629462046FEF798
:104B40007CFB94F85C103F208840C9F8080020687E
:104B5000006840F0160021680860206C28B12068C9
:104B6000006840F00800216808602068006840F094
:104B700001002168086006E000BF002084F83400CE
:104B800000BF4FF002084046C6E7000070B504467B
:104B900000F04EFA06462546681C10B1044800781D
:104BA000054400BF00F044FA801BA842FAD370BD50
:104BB000400300202DE9F04104460E460127002560
:104BC00000BF2548007E012802D10220BDE8F08107
:104BD00001202149087600BF4CF25030FEF780FCDE
:104BE0000746002F31D1401E3060206801280FD1C8
:104BF000207C6168FEF7B8FB4CF25030FEF770FC89
:104C000007461648006820F00400144908601AE0BE
:104C1000A56812E0217C2846FEF73CFB4CF25030A0
:104C2000FEF75EFC07460D48006820F0FA000B49CD
:104C300008600FB1356005E06D1CD4E9021008442E
:104C4000A842E7D800BFFEF753FB00BF002002498F
:104C5000087600BF3846B9E76C460020103C024099
:104C60000348006840F00040014908600020704798
:104C7000103C02402DE9F04106460F4614461D4601
:104C80004FF0010800BF1F48007E012802D102201A
:104C9000BDE8F08101201B49087600BF4CF250307E
:104CA000FEF71EFC8046B8F1000F23D126B9E1B211
:104CB0003846FEF771FB12E0012E04D1A1B238464E
:104CC000FEF79AFB0BE0022E04D121463846FEF790
:104CD000A7FB04E022462B463846FEF76FFB4CF25A
:104CE0005030FEF7FDFB80460748006820F00100C9
:104CF0000549086000BF00200249087600BF404611
:104D0000C6E700006C460020103C02400020094924
:104D1000096801F0004159B10749064A0C3A11608F
:104D2000064911600349096801F0004101B1012001
:104D300070470000103C024023016745AB89EFCD6E
:104D400010B50446102C14D109200BF0ADFF2248F9
:104D5000007840F00100204908702048007840F0B9
:104D600001001E4908701E480078A0B30DF084FFB2
:104D700031E0202C0ED108200BF096FF1948007866
:104D800040F00100174908701548007818B30DF07D
:104D900073FF20E0082C09D10A200BF085FF124890
:104DA000007840F001001049087014E0012C12D185
:104DB00011F0C0FD01280ED00C490D48006810F01C
:104DC00061FF0A48006830B120070A490860BFF354
:104DD0004F8FBFF36F8F10BDCE010020CF01002099
:104DE000D1010020CD010020D0010020440200208C
:104DF000A801002004ED00E010B504460448006856
:104E0000204020B1024804602046FFF799FF10BD02
:104E1000143C0140F8B502460B4600250024002052
:104E20000021DCE0012606FA01F51E6806EA050409
:104E3000AC4273D15E68012E08D05E68022E05D0A8
:104E40005E68112E02D05E68122E13D190684F005A
:104E50000326BE40B0434F00DE68BE403043906042
:104E6000506801268E40B0431E79C6F300168E406E
:104E700030435060D0684F000326BE40B0434F001F
:104E80009E68BE403043D0605E68022E02D05E68ED
:104E9000122E13D1CF0802F1200656F827004E0734
:104EA000F70E0F26BE40B0434F07FF0E1E69BE40EF
:104EB0003043CF0802F1200646F8270010684F0063
:104EC0000326BE40B0431E7906F003064F00BE40E5
:104ED000304310605E6806F08056B6F1805F7DD189
:104EE00000BF00260096404E366846F480463E4F8E
:104EF0003E603E46366806F48046009600BF00BF1E
:104F00003A4E8F0856F827008E07370F0F26BE40FF
:104F1000B043374EB24202D1002624E05EE0354E67
:104F2000B24201D101261EE0334EB24201D1022627
:104F300019E0324EB24201D1032614E0304EB242A3
:104F400001D104260FE02F4EB24201D105260AE01E
:104F50002D4EB24201D1062605E02C4EB24201D1BF
:104F6000072600E008268F073F0FBE4030431F4E44
:104F70008F0846F82700264E3068A0435E6806F486
:104F80008036B6F5803F00D12043214E3060361D7B
:104F90003068A0435E6806F40036B6F5003F00D1E5
:104FA00020431B4E361D3060361D3068A0435E68BE
:104FB00006F48016B6F5801F00D12043144E083643
:104FC0003060361D3068A0435E6806F40016B6F502
:104FD000001F00D120430E4E0C363060491C1029B2
:104FE000FFF420AFF8BD000044380240083801400B
:104FF000000002400004024000080240000C024091
:10500000001002400014024000180240001C024040
:10501000003C0140024613690B400BB1012000E047
:10502000002070470AB1816101E00B048361704781
:1050300001480068704700003803002070B504463E
:105040000CB9012070BD94F83D0028B9002084F807
:105050003C00204600F0BEFB242084F83D00206880
:10506000006820F00100216808602068006840F4B2
:105070000040216808602068006820F40040216832
:10508000086001F01FFD05465C496068884206D84B
:105090005B48854201D2012007E0002005E0594825
:1050A000854201D2012000E00020012800D1C9E79B
:1050B0005548B5FBF0F62068406820F03F003043CB
:1050C000216848604D496068884201D8701C07E03B
:1050D0004FF4967070434FF47A71B0FBF1F0401CBE
:1050E0002168096A21F03F010843216808624349A9
:1050F0006068884214D8681E61684900B0FBF1F00E
:10510000401CC0F30B00042801D204203DE0681EBF
:1051100061684900B0FBF1F0401CC0F30B0034E0C3
:10512000A06838B9681E616801EB4101B0FBF1F07D
:10513000401C0AE0681E616801EBC10202EB01112C
:10514000B0FBF1F0401C40F48040C0F30B0008B904
:1051500001201AE0A06848B9681E616801EB4101AE
:10516000B0FBF1F0401CC0F30B000CE0681E61685E
:1051700001EBC10202EB0111B0FBF1F0401CC0F3E6
:105180000B0040F4804040F400402168C9694CF6AF
:10519000FF72914308432168C861D4E907010843BD
:1051A0002168096821F0C001084321680860D4E93A
:1051B000031008432168896848F2FF32914308438D
:1051C00021688860D4E9050108432168C96821F095
:1051D000FF0108432168C8602068006840F00100B2
:1051E0002168086000202064202084F83D00002011
:1051F000206384F83E0000BF24E70000A086010081
:1052000080841E0000093D0040420F002DE9F84354
:105210000446894616461F46DDF82080FFF708FF42
:10522000054694F83D0020287ED1192301225149DA
:105230002046009503F0F6FC10B10220BDE8F8838B
:1052400000BF94F83C00012801D10220F6E70120BC
:1052500084F83C0000BF2068006800F0010028B915
:105260002068006840F0010021680860206800683C
:1052700020F4006021680860212084F83D0010209F
:1052800084F83E000020206466626785608D20857A
:105290003948E0622B4642464946204603F09EFAD2
:1052A00008B10120CAE700BF0020009020684069D3
:1052B000009020688069009000BF00BF44E02A464B
:1052C0004146204603F093FD50B1206C042805D1DF
:1052D0002068006840F40070216808600120ADE794
:1052E000606A007821680861606A401C6062608DB5
:1052F000401E6085208D401E208520684069C0F3D7
:10530000800070B1208D60B1606A0078216808610A
:10531000606A401C6062608D401E6085208D401E6A
:1053200020852A46414600E022E0204603F04CFC5E
:1053300050B1206C042805D12068006840F400704A
:1053400021680860012079E7208D0028B7D1206806
:10535000006840F4007021680860202084F83D0057
:10536000002084F83E0000BF84F83C0000BF65E7E1
:10537000022063E7020010000000FFFF2DE9FC5F40
:1053800004460F4690469946DDE90CAB0E9EFFF7AA
:105390004FFE054694F83D00202870D119230122C4
:1053A000B0492046009503F03DFC10B10220BDE855
:1053B000FC9F00BF94F83C00012801D10220F6E7D1
:1053C000012084F83C0000BF2068006800F0010064
:1053D00028B92068006840F0010021680860206852
:1053E000006820F4006021680860222084F83D00F5
:1053F000402084F83E0000202064C4F824A0A4F8D3
:105400002AB0608D20859848E0624B464246394676
:105410002046CDE9006503F03FFA08B10120C6E758
:10542000208D88B900BF002001902068406901905C
:1054300020688069019000BF00BF2068006840F4C8
:1054400000702168086040E0208D012818D1206894
:10545000006820F480602168086000BF002001908F
:1054600020684069019020688069019000BF00BFFA
:105470002068006840F400702168086025E0EFE0D3
:10548000208D022816D12068006820F480602168F1
:1054900008602068006840F400602168086000BF70
:1054A0000020019020684069019020688069019087
:1054B00000BF0AE000BF0020019020684069019011
:1054C00020688069019000BF00BFBAE0208D0328EA
:1054D0007ED8208D012815D12A463146204603F07A
:1054E00046FC08B1012062E720680069616A087023
:1054F000606A401C6062208D401E2085608D401EC9
:1055000060859EE0208D02282AD13346002257492B
:105510002046009503F086FB08B1012047E720688C
:10552000006840F400702168086020680069616AC2
:105530000870606A401C6062208D401E2085608D6E
:10554000401E608520680069616A0870606A401CBE
:105550006062208D401E2085608D401E608570E059
:105560003346002241492046009503F05BFB08B119
:1055700001201CE72068006820F480602168086032
:1055800020680069616A0870606A401C6062208D52
:10559000401E2085608D401E6085334600223349C1
:1055A0002046009503F03EFB08B10120FFE620688D
:1055B000006840F400702168086020680069616A32
:1055C0000870606A401C6062208D401E208500E0EB
:1055D00010E0608D401E608520680069616A087077
:1055E000606A401C6062208D401E2085608D401ED8
:1055F000608526E02A463146204603F0B8FB08B114
:105600000120D4E620680069616A0870606A401C65
:105610006062208D401E2085608D401E6085206860
:105620004069C0F3800060B120680069616A087059
:10563000606A401C6062208D401E2085608D401E87
:105640006085208D00287FF441AF202084F83D0044
:10565000002084F83E0000BF84F83C0000BFA6E6AE
:105660000220A4E6020010000000FFFF0400010079
:105670002DE9FC5F04460F4690469946DDE90CABE8
:105680000E9EFFF7D5FC054694F83D0020287DD1FD
:10569000192301224D492046009503F0C3FA10B1A9
:1056A0000220BDE8FC9F00BF94F83C00012801D116
:1056B0000220F6E7012084F83C0000BF2068006863
:1056C00000F0010028B92068006840F0010021685E
:1056D00008602068006820F40060216808602120CC
:1056E00084F83D00402084F83E0000202064C4F887
:1056F00024A0A4F82AB0608D20853548E0624B468E
:10570000424639462046CDE9006503F071F908B1FB
:105710000120C6E731E02A463146204603F067FB08
:1057200050B1206C042805D12068006840F4007056
:10573000216808600120B4E7606A00782168086188
:10574000606A401C6062208D401E2085608D401E76
:10575000608520684069C0F3800070B1208D60B121
:10576000606A007821680861606A401C6062208D70
:10577000401E2085608D401E6085208D0028CAD186
:105780002A463146204603F01FFA00E01CE050B1E3
:10579000206C042805D12068006840F4007021685E
:1057A000086001207DE72068006840F400702168EF
:1057B0000860202084F83D00002084F83E0000BFEF
:1057C00084F83C0000BF6CE702206AE7020010008A
:1057D0000000FFFF10B586B00446142101A8FBF7B6
:1057E00033F873492068884230D100BF0020009010
:1057F0007048006840F002006E4908600846006882
:1058000000F00200009000BF00BF4FF44070019014
:1058100012200290012003900320049004200590A0
:1058200001A96548FFF7F6FA00BF00200090614823
:105830001030006840F400105E49103108600846DE
:10584000006800F40010009000BFAFE05B492068E2
:10585000884259D100BF002000905648006840F0AF
:105860002000544908600846006800F020000090BD
:1058700000BF00BF0320019012200290012003907E
:10588000032004900420059001A94D48FFF7C2FAB7
:1058900000BF0020009047481030006840F48000AE
:1058A0004449103108600846006800F48000009008
:1058B00000BF00BF4348444908604FF06060486043
:1058C0004021414881600021C1604FF48061016145
:1058D000002141618161C1614FF400310162002109
:1058E0004162FFF793F808B1FDF7D2FC00BF3648DC
:1058F0006063846300BF35480068406840F400601E
:1059000032490968486051E03149206888424DD1E8
:1059100000BF002000902748006840F0040025499F
:1059200008600846006800F00400009000BF00BF57
:1059300000BF002000900846006840F001000860A9
:105940000846006800F00100009000BF00BF481545
:105950000190122002900120039003200490042063
:10596000059001A91B48FFF755FA4FF4807001908C
:10597000122002900120039003200490042005903F
:1059800001A91548FFF746FA00BF0020009009481A
:105990001030006840F400000649103108600846E5
:1059A000006800F40000009000BF00BF06B010BD0A
:1059B00000540040303802400004024000580040CB
:1059C00000140240B8600240600D0020B80C0020B6
:1059D000005C0040000802400000024003480068EC
:1059E00003490978084401490860704738030020DA
:1059F0004003002010B50D48006840F400700B49CA
:105A000008600846006840F4806008600846006846
:105A100040F480700860032000F0A8F80F2000F028
:105A200007F800F02BF8002010BD0000003C0240F9
:105A300070B504460E4800784FF47A71B1FBF0F06F
:105A40000C490968B1FBF0F5284601F002FE08B1E7
:105A5000012070BD102C07D200222146501E00F0FC
:105A600047F80548046001E00120F2E70020F0E774
:105A700040030020A00000203C03002008B500BF28
:105A8000002000901148006840F480400F490860F1
:105A90000846006800F48040009000BF00BF00BFCF
:105AA00000200090081F006840F08050091F086027
:105AB0000846006800F08050009000BF00BF002240
:105AC0000F21901E00F014F808BD00004438024079
:105AD00001460846002809DB00F01F0301229A4016
:105AE00043099B0003F1E023C3F8002100BF704786
:105AF0002DE9F05F80460D461646002708F066FB4C
:105B0000074639462A46334601F00700C0F1070A26
:105B1000BAF1040F02D94FF0040A01E0C0F1070AFC
:105B2000D14600F1040ABAF1070F02D24FF0000A81
:105B300001E0A0F1030AD4464FF0010A0AFA09FA7B
:105B4000AAF1010A0AEA020A0AFA0CFA4FF0010B5A
:105B50000BFA0CFBABF1010B0BEA030B4AEA0B044B
:105B60002146404608F03AFBBDE8F09F00BF00F038
:105B70000702064B19684FF6FF031940044B0B430D
:105B800043EA0221014B196000BF70470CED00E0B1
:105B90000000FA0570470246106841620020704715
:105BA000F0B5034615461868446A21B944EA054031
:105BB0001E68B06219E01868806A04EB1044002285
:105BC00008E0186800F5827050F8220004EB1044D9
:105BD000501CC2B2481E9042F3D844EA05471868E8
:105BE00000F582704E1E40F826700020F0BD10B502
:105BF0000446D4F8040406F051FF10BD70B5044605
:105C00000D46C5EBC50304F13C0101EB8301CA68F5
:105C10002946D4F8040406F06EFE70BD70B5044643
:105C20000D46C5EBC50304F5FE7101EB8301CA689F
:105C30002946D4F8040406F0DEFE70BD10B5044613
:105C4000D4F8040406F02DFF10BD70B504460E46CE
:105C500006F0800080280AD106F00F00C0EBC001DA
:105C600004F13C0000EB81050120687009E006F0BA
:105C70000F00C0EBC00104F5FE7000EB81050020B1
:105C8000687006F00F00287000BF94F8BC0301286C
:105C900001D1022070BD012084F8BC0300BF294659
:105CA000206807F0F9FB00BF002084F8BC0300BFA8
:105CB00000BFEFE770B504460E4606F00F006168BE
:105CC000884201D9012070BD06F0800080280AD1E9
:105CD00006F00F00C0EBC00104F13C0000EB8105B1
:105CE0000120687009E006F00F00C0EBC00104F568
:105CF000FE7000EB8105002068700020A87006F09F
:105D00000F00287000BF94F8BC03012801D10220C5
:105D1000D9E7012084F8BC0300BF2946206807F0BA
:105D200063FE00BF002084F8BC0300BF00BFCAE7C9
:105D3000024601F00F00C0EBC00302F5FE7000EB5D
:105D40008300806970472DE9F04705460E4690466E
:105D50001F464FF0000906F0800080280AD106F0A7
:105D60000F00C0EBC00105F13C0000EB81040120F5
:105D7000607009E006F00F00C0EBC00105F5FE7091
:105D800000EB81040020607006F00F002070C4F862
:105D90000880E770607808B12078E080022F01D198
:105DA0000020207100BF95F8BC03012802D1022019
:105DB000BDE8F087012085F8BC0300BF21462868B4
:105DC00007F076FA00BF002085F8BC0300BF484604
:105DD000EEE72DE9F04104460E461746984606F0D8
:105DE0000F00C0EBC00104F5FE7000EB8105EF6011
:105DF000C5F814800020A861687006F00F002870B4
:105E00002069012800D12F6106F00F0028B9227CFB
:105E10002946206807F0C4FC04E0227C294620685B
:105E200007F076FE0020BDE8F08170B504460D460F
:105E300005F00F006168884201D9012070BD05F0AE
:105E4000800080280AD105F00F00C0EBC00104F1EA
:105E50003C0000EB81060120707007E0C5EBC50136
:105E600004F5FE7000EB8106002070700120B07018
:105E700005F00F00307000BF94F8BC03012801D179
:105E80000220DBE7012084F8BC0300BF3146206814
:105E900007F0F1FD05F00F0028B9217C04F57172BF
:105EA000206807F069FD00BF002084F8BC0300BF34
:105EB00000BFC3E72DE9F04104460E461746984659
:105EC00006F00F00C0EBC00104F13C0000EB8105BF
:105ED000EF60C5F814800020A8610120687006F00A
:105EE0000F0028702069012800D12F6106F00F00F3
:105EF00028B9227C2946206807F052FC04E0227C65
:105F00002946206807F004FE0020BDE8F0812DE955
:105F1000FE4F044620680290029E206807F0E3FFCF
:105F200000287DD1206808F01DF808B9BDE8FE8F73
:105F3000206808F017F800F00200022805D1206858
:105F4000406900F0020021684861206808F00AF802
:105F500000F40020B0F5002F58D10025206807F08C
:105F6000D1FF82464FE00AF00100002848D0E9B294
:105F7000206807F0EAFF804608F0010048B10121DF
:105F800006F5306000EB451081602946204604F09C
:105F9000A1FA08F00800082809D12946204604F093
:105FA00053FA082106F5306000EB4510816008F0D7
:105FB0001000102805D1102106F5306000EB4510C7
:105FC000816008F0200020280ED12069012805D129
:105FD00004F571720121206807F0CEFC202106F53E
:105FE000306000EB4510816008F40050B0F5005FB0
:105FF00006D14FF4005106F5306000EB451081608A
:106000006D1C4FEA5A0ABAF1000FACD1206807F0B4
:10601000A9FF00F48020B0F5802F7ED1206800E039
:1060200012E207F065FF8246002586E00AF00100D3
:1060300000287FD0E9B2206807F06EFF804608F0A4
:106040000100E8B305F00F0101208840019040F6FF
:1060500034008159019821EA000040F6340188514A
:10606000012106F5106000EB4510816020690128D0
:1060700015D1C5EBC50104F13C0000EB8100C5EB77
:10608000C502C16804F13C0000EB82008068014455
:10609000C5EBC50204F13C0000EB8200C160E9B22F
:1060A0002046FFF7ABFD2069012810D145B9C5EBAB
:1060B000C50104F13C0000EB8100406900B900E03B
:1060C00005E004F571720121206807F055FC08F025
:1060D0000800082805D1082106F5106000EB4510DE
:1060E000816008F01000102805D1102106F510601D
:1060F00000EB4510816008F04000402805D14021A8
:1061000006F5106000EB4510816008F002000228DF
:1061100008D1022106F5106001E012E00AE000EB70
:106120004510816008F08000802803D12946204670
:1061300004F090FA6D1C4FEA5A0ABAF1000F7FF48E
:1061400075AF206807F00EFF00F00040B0F1004F7F
:106150001CD140F60400805920F0010140F60400F3
:10616000815194F8F403012807D1002084F8F40346
:1061700000212046FFF70EFD02E0204600F098FACD
:106180002068406900F0004021684861206807F0FD
:10619000E9FE00F40060B0F5006F0ED140F6080093
:1061A000805900F0010010B1204600F0D9FA2068B3
:1061B000406900F4006021684861206807F0D2FE61
:1061C00000F48050B0F5805F72D140F60400805931
:1061D00020F0010140F6040081511021206807F0F1
:1061E00057FE002726E04FF67F3106F5106000EBE2
:1061F0004710816006F5106000EB4710006820F43E
:10620000001106F5106000EB471001604FF67F317A
:1062100006F5306000EB4710816006F5306000EB5A
:106220004710006820F4001106F5306000EB4710BD
:1062300001607F1C6068B842D5D840F61C008059C8
:1062400040F0011140F61C008151206B70B1D6F86E
:10625000840840F00B01C6F8841840F644008059C9
:1062600040F00B0140F6440081510FE040F614006D
:10627000805942F22B01084340F614018851081F4F
:10628000805940F00B014FF401608151D6F80008AD
:1062900020F4FE60C6F80008217C04F571722068C5
:1062A00007F06AFB2068406900F48050216848616B
:1062B000206807F057FE00F40050B0F5005F17D1DA
:1062C000206807F05DF8206807F0FAFDE06000F054
:1062D000F3FB0090227B2068009907F093FE204694
:1062E00000F0CEF92068406900F400502168486150
:1062F000206807F037FE00F01000102846D1206813
:10630000806920F01000216888610298D0F8209000
:1063100009F00F00C0EBC00104F5FE7000EB810B2B
:10632000C9F3434002281AD147F6F07009EA000089
:1063300030B3C9F30A12DBF80C10029807F017FE0D
:10634000C9F30A11DBF80C000844CBF80C00C9F3C0
:106350000A11DBF818000844CBF8180010E0C9F364
:10636000434006280CD1082204F57171029807F009
:10637000FEFDC9F30A11DBF818000844CBF8180039
:106380002068806940F0100021688861206807F06B
:10639000E9FD00F00800082808D1204600F08FF938
:1063A0002068406900F0080021684861206807F013
:1063B000D9FD00F48010B0F5801F0AD100252946D0
:1063C000204600F043F82068406900F480102168FE
:1063D0004861206807F0C6FD00F40010B0F5001F0A
:1063E0000AD100252946204600F039F82068406986
:1063F00000F4001021684861206807F0B3FD00F048
:106400008040B0F1804F08D12046FFF7F0FB2068B4
:10641000406900F0804021684861206807F0A2FDD3
:1064200000F0040004280FD12068D0F8049009F08F
:106430000400042802D12046FFF700FC20684068D1
:1064400040EA09002168486000BF6FE570B5044666
:106450000D462946D4F8040406F08AFB70BD70B5D9
:1064600004460D462946D4F8040406F084FB70BDAA
:1064700070B58AB0044614B901200AB070BD266810
:1064800094F8BD0328B9002084F8BC03204600F02E
:10649000A3F8032084F8BD03F06B00F4807008B902
:1064A00000212161206807F073F9282204F110010E
:1064B0006846FAF76DF994E80F0006F085FF20B101
:1064C000022084F8BD030120D7E70021206807F0EF
:1064D0005FFD002531E00121C5EBC50204F13C0060
:1064E00000EB82004170C5EBC50104F13C0000F8EF
:1064F0002150C5EBC50100EB8100C5800021C5EB33
:10650000C50204F13C0000EB8200C170C5EBC5027E
:1065100004F13C0000EB82008160C5EBC50204F190
:106520003C0000EB8200C160C5EBC50204F13C00F9
:1065300000EB82004161681CC5B26068A842CAD8FD
:1065400000252AE00021C5EBC50204F5FE7000EB32
:1065500082004170C5EBC50104F5FE7000F82150C2
:106560000021C5EBC50200EB8200C170C5EBC5027E
:1065700004F5FE7000EB82008160C5EBC50204F5F6
:10658000FE7000EB8200C160C5EBC50204F5FE7031
:1065900000EB82004161681CC5B26068A842D1D896
:1065A000282204F110016846FAF7F2F894E80F0087
:1065B00006F0F4FF20B1022084F8BD0301205CE75F
:1065C000002084F83800012084F8BD03206806F01C
:1065D000D5FF002051E7000010B586B00446142115
:1065E00001A8FAF731F92068B0F1A04F42D100BFFD
:1065F000002000902048006840F001001E4908601B
:106600000846006800F00100009000BF00BF4FF492
:10661000C0500190022002900020039003200490BB
:106620000A20059001A91548FEF7F4FB00BF1248A7
:10663000001D006840F080000F49091D086000BF80
:10664000002000900C481430006840F480400A4953
:10665000143108600846006800F48040009000BFD4
:1066600000BF00BF002205214320FFF741FA43206D
:10667000FFF72EFA06B010BD30380240000002408D
:1066800070B504460125E06808B9002506E0E06819
:10669000022801D1012501E0FCF7FAFD2946D4F8D2
:1066A000040406F0E1FAD4F8040406F097FA70BD89
:1066B00010B50446D4F8040406F0BEFA10BD10B5B7
:1066C0000446D4F8040406F0BEFA10BD70B50446C2
:1066D0000D4600BF94F8BC03012801D1022070BD13
:1066E000012084F8BC0300BF84F838502946206894
:1066F00007F069FC00BF002084F8BC0300BF00BFA6
:10670000EDE710B5044604F57171D4F8040406F001
:10671000C2FA10BD70B50446256800BF94F8BC03EA
:10672000012801D1022070BD012084F8BC0300BF04
:10673000A06A012806D1A069012803D0A86B40F403
:106740008030A863206806F009FF206807F082FB0C
:1067500000BF002084F8BC0300BF00BFE3E70000D7
:1067600010B50446D4F8040406F0EEFA2068D0F818
:10677000000E40F001002168C1F8000E206A28B127
:106780000348006840F006000149086010BD0000A1
:1067900010ED00E0F8B5044600250026207800F052
:1067A000010020B9207800F0040004282FD1002037
:1067B0005B498866FEF73CFC054606E0FEF738FCC0
:1067C000401B022801D90320F8BD56480068C0F3D9
:1067D000C0600028F2D160688101207A41EA00702F
:1067E00050498431086001204D498866FEF720FC3D
:1067F000054606E0FEF71CFC401B022801D90320D9
:10680000E2E748480068C0F3C0600028F2D0207872
:1068100000F0020002287DD100BF00200090414816
:106820004030006840F080503E49403108600846E2
:10683000006800F08050009000BF00BF3A48006838
:1068400040F4807038490860FEF7F2FB054606E028
:10685000FEF7EEFB401B022801D90320B4E73248C3
:10686000006800F480700028F2D02E487030006874
:1068700000F440764EB3A08900F44070B04224D0BA
:1068800028487030006820F44076012027490860CD
:1068900000200860234870300660006800F00100A6
:1068A00098B1FEF7C5FB054608E0FEF7C1FB401BAB
:1068B00041F28831884201D9032085E719487030B8
:1068C0000068C0F340000028EFD000BFA08900F4AA
:1068D0004070B0F5407F0CD112480830006820F4B9
:1068E000F810134AE168114008430E490831086066
:1068F00007E00C480830006820F4F8100949083116
:106900000860084870300068A189C1F30B01084392
:10691000044900E002E07031086000BF002053E746
:10692000000047420038024000700040400E4742DD
:10693000FFFCFF0F70B504460D460CB9012070BD79
:106940005848006800F00F00A84209D255490D7060
:106950000846006800F00F00A84201D00120EEE7D1
:10696000207800F0020002281DD1207800F00400F9
:10697000042805D14C48006840F4E0504A490860BA
:10698000207800F00800082805D14748006840F446
:106990006040454908604448006820F0F000A16864
:1069A000084341490860207800F00100A8B36068FE
:1069B000012807D13C4808380068C0F34040B8B906
:1069C0000120BCE76068022802D06068032807D174
:1069D000354808380068C0F3406048B90120AEE788
:1069E000314808380068C0F3400008B90120A6E724
:1069F0002D48006820F00300616808432A490860B8
:106A0000FEF716FB064609E0FEF712FB801B41F27B
:106A10008831884202D9032091E707E022480068C4
:106A200000F00C006168B0EB810FEDD11D480068EB
:106A300000F00F00A84209D91A490D7008460068F5
:106A400000F00F00A84201D0012078E7207800F084
:106A50000400042807D11448006820F4E050E168DD
:106A6000084311490860207800F00800082808D180
:106A70000D48006820F46040216940EAC1000A49DD
:106A8000086000F03FF808490968C1F30311074A9C
:106A9000515CC8400649086006480068FEF7C8FF18
:106AA00000204CE7003C02400838024040830108C7
:106AB000A00000203C03002001480068704700004F
:106AC000A000002000B5FFF7F7FF04490968C1F3F3
:106AD0008221034A515CC84000BD000008380240D2
:106AE0005083010800B5FFF7E7FF04490968C1F3C7
:106AF0004231034A515CC84000BD000008380240E2
:106B0000508301082DE9F047002400250026A14606
:106B10002548006800F00C0020B1042805D00828A2
:106B20003AD105E0DFF8849039E0DFF8849036E070
:106B30001D48001F006800F03F041B48001F00684C
:106B400000F4800078B11A481749091F0968C1F399
:106B50008811A0FB01700146224600233846F9F750
:106B600029FD05460EE011480F49091F0968C1F3C8
:106B70008811A0FB01700146224600233846F9F730
:106B800019FD05460848001F0068C0F30140401C7D
:106B90004600B5FBF6F902E0DFF8109000BF00BF39
:106BA0004846BDE8F0870000083802400024F400A1
:106BB000001BB700F8B504460CB90120F8BD2078D9
:106BC00000F00100002874D0F948006800F00C00C3
:106BD00004280DD0F648006800F00C00082813D1F6
:106BE000F348001F006800F48000B0F5800F0BD15F
:106BF000EF4808380068C0F34040002859D060686A
:106C0000002856D10120D9E700BF6068B0F5803F69
:106C100008D1E7480838006840F48030E449083972
:106C200008601EE06068B0F5A02F0DD1E04808387C
:106C3000006840F48020DE49083908600846006892
:106C400040F4803008600CE0D9480838006820F42F
:106C50008030D749083908600846006820F4802051
:106C6000086000BF606890B1FEF7E2F9054606E0F3
:106C7000FEF7DEF9401B642801D903209EE7CC48CB
:106C800008380068C0F340400028F1D011E0FEF75A
:106C9000CFF9054606E0FEF7CBF9401B642801D981
:106CA00003208BE7C24808380068C0F34040002842
:106CB000F1D1207800F0020002285FD1BC480068C2
:106CC00000F00C0058B1BA48006800F00C00082829
:106CD0001CD1B748001F006800F48000B0B9B44868
:106CE00008380068C0F3400020B1E068012801D0F6
:106CF000012063E7AE480838006820F0F8002169F9
:106D000040EAC100AA490839086037E0E06800B3EA
:106D10000120A8490860FEF78BF9054606E0FEF75A
:106D200087F9401B022801D9032047E7A04808380B
:106D30000068C0F340000028F1D09D480838006882
:106D400020F0F800216940EAC1009949083908603B
:106D500014E0002097490860FEF76AF9054606E04E
:106D6000FEF766F9401B022801D9032026E7904868
:106D700008380068C0F340000028F1D1207800F006
:106D8000080008282CD16069A8B101208A49086050
:106D9000FEF74EF9054606E0FEF74AF9401B0228C9
:106DA00001D903200AE782486C300068C0F3400034
:106DB0000028F1D014E000207F490860FEF738F980
:106DC000054606E0FEF734F9401B022801D90320EE
:106DD000F4E677486C300068C0F340000028F1D139
:106DE000207800F00400042870D100277048383063
:106DF000006800F0805090B900BF002000906C48FF
:106E00003830006840F080506949383108600846E1
:106E1000006800F08050009000BF00BF0127674865
:106E2000006800F48070B0B96448006840F4807075
:106E300062490860FEF7FCF8054606E0FEF7F8F840
:106E4000401B022801D90320B8E65C48006800F422
:106E500080700028F2D000BFA068012808D15448F3
:106E60006830006840F001005149683108601DE059
:106E7000A06805280DD14E486830006840F0040035
:106E80004B49683108600846006840F0010008601E
:106E90000CE047486830006820F001004449683140
:106EA00008600846006820F00400086000BFA06881
:106EB000A8B1FEF7BDF8054609E0FEF7B9F8401B9A
:106EC00041F28831884202D9032077E626E038482B
:106ED00068300068C0F340000028EED013E0FEF7F1
:106EE000A7F8054608E0FEF7A3F8401B41F28831F9
:106EF000884201D9032061E62D4868300068C0F35C
:106F000040000028EFD1012F07D129483830006810
:106F100020F0805026493831086000BFA069002861
:106F200045D02348006800F00C0008285DD0A06917
:106F3000022845D100201F490866FEF779F805466A
:106F400006E0FEF775F8401B022801D9032035E65C
:106F5000174808380068C0F340600028F1D1D4E930
:106F600007010843616A40EA81110122A06AC2EB6D
:106F7000500041EA00412C20005D41EA00600C49CC
:106F8000091F086001200B490866FEF751F8054605
:106F900006E0FEF74DF8401B022801D903200DE65C
:106FA000034808380068C0F340600028F1D03FE093
:106FB0000838024000004742800E474200700040FF
:106FC00000201C490866FEF733F8054606E0FEF788
:106FD0002FF8401B022801D90320EFE5164800686E
:106FE000C0F340600028F2D122E0A069012800D15E
:106FF000E4E511480830066806F48001E069814242
:1070000014D106F03F01206A81420FD147F6C070CB
:107010003040616A884209D106F44031A06A814259
:1070200004D106F07061E06A814201D00120C5E51B
:107030000020C3E5000047420038024010B5044676
:107040000CB9012010BD607920B9002020712046C4
:1070500000F00EF8022060712068006840F0040023
:1070600021680860012060710020A06000BFE9E78E
:1070700008B50A4A016891420FD100BF0021009172
:107080000749096841F04001054A11601146096845
:1070900001F04001009100BF00BF08BD000806508C
:1070A0003438024010B504460CB9012010BD607F91
:1070B00020B900202077204600F060F80220607799
:1070C00000BFCA202168486253202168486200BF7F
:1070D000204603F0A5FE40B100BFFF2021684862B2
:1070E00000BF042060770120E0E720688068224923
:1070F0000840216888602169606808436169084325
:10710000216889680843216888602168E06808610F
:1071100020680169208941EA0040216808612068EF
:10712000C06820F080002168C8602068806800F096
:10713000200060B9204600F02DF840B100BFFF20CC
:107140002168486200BF042060770120AEE7206814
:10715000006C20F48020216808642068006CA1691C
:1071600008432168086400BFFF202168486200BF0F
:1071700001206077002099E7BFFF8FFF034A016875
:10718000914202D10121024A11607047002800405B
:107190003C0E474270B5044600252068C06820F0C8
:1071A000A0002168C860FDF743FF054607E0FDF732
:1071B0003FFF401BB0F57A7F01D9032070BD2068E6
:1071C000C06800F020000028F1D00020F6E710B5DC
:1071D00004460CB9012010BD606A00B900BF00214F
:1071E000A16294F8510028B9002084F8500020468C
:1071F00000F034F8022084F851002068006820F084
:10720000400021680860D4E901010843E1680843AF
:107210002169084361690843218B01F40071084327
:10722000E1690843216A0843A16A084321680860AC
:107230000421A06901EA1040616A0843216848609E
:107240002068C06920F400602168C8610020606582
:10725000012084F851000020BDE7000010B586B081
:107260000446142101A8F9F7EFFA6749206888421B
:107270007ED100BF002000906448006840F4805038
:10728000624908600846006800F48050009000BF22
:1072900000BF00BF002000905C481438006840F038
:1072A00002005A49143908600846006800F00200DC
:1072B000009000BF00BF00BF00200090084600689B
:1072C00040F0010008600846006800F001000090EE
:1072D00000BF00BF182001900220029001200390FF
:1072E000032004900520059001A94948FDF792FD6F
:1072F000802001900220029001200390032004903E
:107300000520059001A94348FDF784FD4248434903
:1073100008604FF0C0604860002140488160C16053
:107320004FF480610161002141618161C1614FF4CD
:107330004031016200214162FDF768FB08B1FBF7B3
:10734000A7FF00BF3548E064846300BF32481830AF
:10735000334908604FF0C060486040213048816088
:107360000021C1604FF4806101610021416100E0B2
:1073700010E08161C1614FF400310162002141627E
:10738000FDF744FB08B1FBF783FF00BF2448A0646E
:10739000846336E023492068884232D100BF002050
:1073A00000901A48001F006840F480401749091FE8
:1073B00008600846006800F48040009000BF00BFED
:1073C00000BF0020009011481438006840F002000F
:1073D0000E49143908600846006800F00200009069
:1073E00000BF00BF4FF460400190022002900120D6
:1073F0000390032004900520059001A90448FDF79F
:1074000009FD06B010BD00000030014044380240C4
:10741000000402400000024040640240A00E002030
:10742000000F0020003800402DE9FF5F0446884629
:1074300091461D460E9E012002900020019000BF43
:1074400094F85000012803D1022004B0BDE8F09F59
:10745000012084F8500000BFFDF7EAFD074694F8CC
:1074600051B060680390AA46BBF1010F0BD003989E
:10747000B0F5827F04D1A06810B9BBF1040F02D02F
:1074800002200190DBE0B8F1000F03D0B9F1000F4A
:1074900000D015B901200190D1E094F851000428E2
:1074A00002D0052084F8510000206065C4F83890AF
:1074B000E587A587C4F83080E586A58620646064EA
:1074C0002068006800F04000402805D0206800686F
:1074D00040F0400021680860E068B0F5006F4AD1D4
:1074E000606810B1BAF1010F09D1206B00882168E2
:1074F000C860206B801C2063E08E401EE08633E075
:107500002068806800F00200022810D1E08E70B17F
:10751000029801280BD1206B00882168C860206B7D
:10752000801C2063E08E401EE086002002902068D0
:10753000806800F0010068B1E08F58B12068C06831
:10754000A16B0880A06B801CA063E08F401EE087C9
:1075500001200290FDF76CFDC01BB04204D3701CEB
:1075600010B1032001906AE0E08E0028C8D1E08FBE
:107570000028C5D14AE0606810B1BAF1010F09D105
:10758000206B007821680873206B401C2063E08E1C
:10759000401EE08634E02068806800F00200022887
:1075A00010D1E08E70B1029801280BD1206B0078C9
:1075B00021680873206B401C2063E08E401EE0862B
:1075C000002002902068806800F0010068B1E08F20
:1075D00058B12068C068A16B0870A06B401CA06304
:1075E000E08F401EE08701200290FDF721FDC01BC7
:1075F000B04201D3701C00B916B9032001901EE0FF
:10760000E08E0028C7D1E08F0028C4D13A46314629
:10761000204603F089FD20B1012001902020606503
:107620000DE0A06850B900BF002000902068C0683D
:10763000009020688068009000BF00BF00BF01205C
:1076400084F8510000BF002084F8500000BF01986A
:10765000FBE670B504462546681EB0F1807F01D375
:1076600001200FE0681E4FF0E02148610F214FF02C
:10767000FF3006F0B3FD00204FF0E02188610720C5
:107680000861002070BD10B50346002200BF93F8CA
:107690003C00012801D1022010BD012083F83C00EC
:1076A00000BF22F0FF00CC6840EA040222F44070E0
:1076B0008C6840EA040222F480604C6840EA0402CC
:1076C00022F400600C6840EA040222F480500C6945
:1076D00040EA040222F400504C6940EA040222F419
:1076E0008040CC6940EA04021868426400BF002070
:1076F00083F83C0000BF00BFCEE7000030B5024673
:107700000B4600BF92F83C00012801D1022030BD99
:10771000012082F83C0000BF022082F83D00106882
:1077200044681068816824F0700418680443106885
:107730004460184D1068A8421BD01068B0F1804F0B
:1077400017D0154D1068A84213D0144D1068A842E8
:107750000FD0134D1068A8420BD0124D1068A842EC
:1077600007D0114D1068A84203D0104D1068A842F0
:1077700005D121F080015868014310688160012023
:1077800082F83D0000BF002082F83C0000BF00BF2F
:10779000BDE7000000000140000400400008004078
:1077A000000C00400004014000400140001800406F
:1077B00010B504460CB9012010BD94F83D0028B95D
:1077C000002084F83C00204600F00CF8022084F8E9
:1077D0003D00211D206803F0D7FD012084F83D0005
:1077E0000020E9E708B53F4A016891420FD100BF88
:1077F000002100913C49096841F001013A4A1160B9
:107800001146096801F00101009100BF69E0374AA3
:107810000168914211D100BF002100913249091F36
:10782000096841F00201304A121F116011460968CF
:1078300001F00201009100BF53E02D4A016891421E
:1078400011D100BF002100912749091F096841F0AB
:107850000401254A121F11601146096801F0040154
:10786000009100BF3DE0234A0168914211D100BF61
:10787000002100911C49091F096841F008011A4ABA
:10788000121F11601146096801F00801009100BF44
:1078900027E0194A016891420FD100BF00210091F1
:1078A0001149096841F002010F4A11601146096847
:1078B00001F00201009100BF13E0104A01689142FB
:1078C0000FD100BF002100910749096841F4003140
:1078D000054A11601146096801F40031009100BFAA
:1078E00000BF08BD000001404438024000040040D1
:1078F00000080040000C004000040140004401402A
:107900000146022081F83D000868806800F0070207
:10791000062A05D00868006840F001000B6818606E
:10792000012081F83D00002070472DE9F041044618
:107930000D4600BF94F83C00012802D10220BDE8AA
:10794000F081012084F83C0000BF022084F83D0053
:107950002068866826F0770626F47F4620688660D1
:107960002868502833D00CDC202850D004DC0028B4
:107970004BD0102851D149E0302849D040284CD173
:1079800039E060282DD0702807D0B0F5805F03D093
:10799000B0F5005F41D10DE040E0D5E902136A681F
:1079A000206803F06EFD2068866846F07706206840
:1079B000866033E0D5E902136A68206803F061FD50
:1079C0002068806840F480402168886026E0EA688A
:1079D0006968206803F046FE5021206803F05CFDD2
:1079E0001CE0EA686968206803F04FFE60212068A7
:1079F00003F052FD12E0EA686968206803F032FE85
:107A00004021206803F048FD08E000BF00BF00BF30
:107A10002968206803F040FD00E000BF00BF01209E
:107A200084F83D0000BF002084F83C0000BF00BF88
:107A300085E7000010B586B00446142101A8F8F7C8
:107A400003FF99492068884232D100BF002000908E
:107A50009648006840F010009449086008460068A5
:107A600000F01000009000BF00BF4FF4D440019020
:107A70000220029001200390022004900120059032
:107A800001A98B48FDF7C6F98A48FFF739FF0021A5
:107A9000884800F0CFF90421864800F0CBF908218E
:107AA000844800F0C7F90C21824800F0C3F9F9E0DE
:107AB00081492068884224D100BF002000907B4883
:107AC000006840F00400794908600846006800F04A
:107AD0000400009000BF00BF8815019002200290B2
:107AE0000120039002200490059001A97348FDF73E
:107AF00091F97348FFF704FF0821714800F09AF9E3
:107B0000D0E070492068884226D100BF0020009054
:107B10006648006840F0080064490860084600684C
:107B200000F00800009000BF00BF4FF480400190BB
:107B3000022002900120039003200490022005906F
:107B400001A96148FDF766F96048FFF7D9FE0821F1
:107B50005E4800F06FF9A5E05D49206888422DD1AC
:107B600000BF002000905148006840F080004F495D
:107B700008600846006800F08000009000BF00BF69
:107B80004FF4E05001900220029001200390022067
:107B90000490059001A94F48FDF73CF94E48FFF7C6
:107BA000AFFE00214C4800F045F904214A4800F09E
:107BB00041F90821484800F03DF973E04749206841
:107BC000884246D100BF002000903848006840F449
:107BD0008070364908600846006800F480700090A4
:107BE00000BF00BF00BF002000900846006840F0C2
:107BF000040008600846006800F00400009000BF20
:107C000000BF40200190022002900120039002203A
:107C100004900320059001A93148FDF7FBF84020AE
:107C20000190022002900120039002200490032082
:107C3000059001A92148FDF7EDF82A48FFF760FEFD
:107C40000021284800F0F6F80421264800F0F2F858
:107C500028E025492068884224D100BF00200090F8
:107C60001248006840F0200010490860084600688B
:107C700000F02000009000BF00BF402001900220D3
:107C8000029001200390022004900320059001A996
:107C90001648FDF7BFF81648FFF732FE00211448DA
:107CA00000F0C8F806B010BD0000014030380240B6
:107CB00000100240600F0020000400400008024055
:107CC000A00F002000080040000C0240E00F002040
:107CD000000C0040001C0240201000200004014065
:107CE00000200240601000200044014000140240C7
:107CF000A010002070B504460D46164600BF94F84B
:107D00003C00012801D1022070BD012084F83C0014
:107D100000BF022084F83D0036B1042E1BD0082E8F
:107D200031D00C2E5ED145E02946206803F0BEFB21
:107D30002068806940F008002168886120688069B7
:107D400020F004002168886120688069296908435F
:107D50002168886147E02946206803F0DFFB20683E
:107D6000806940F40060216888612068806920F49F
:107D700080602168886120688069296940EA012063
:107D8000216888612FE02946206803F005FC2068FF
:107D9000C06940F008002168C8612068C06920F00F
:107DA00004002168C8612068C06929690843216806
:107DB000C86118E02946206803F02AFC2068C069E1
:107DC00040F400602168C8612068C06920F48060C8
:107DD0002168C8612068C069296940EA01202168DA
:107DE000C86100E000BF00BF012084F83D0000BF73
:107DF000002084F83C0000BF00BF85E710B50446B2
:107E00000CB9012010BD94F83D0028B9002084F879
:107E10003C00204600F00CF8022084F83D00211DB3
:107E2000206803F0B1FA012084F83D000020E9E762
:107E30007047000070B504460E46012231462068A6
:107E400003F00EFB0F492068884203D00E492068DA
:107E5000884201D1012000E0002028B12068406C58
:107E600040F40040216848642068806800F00705FD
:107E7000062D05D02068006840F0010021680860E8
:107E8000002070BD000001400004014070B50446B0
:107E9000002520684069C0F3C01594F839002128F6
:107EA0000ED16DB12068406920F0800021684861E2
:107EB000206B10B1206BFCF71FFC204603F097FCF1
:107EC00020684069C0F3801594F83A0022280ED14A
:107ED0006DB12068406920F0400021684861606B06
:107EE00010B1606BFCF708FC204603F060FC00203A
:107EF00070BD70472DE9F04704462068056820688A
:107F0000C668206847694FF00008C14605F00F08B1
:107F1000B8F1000F0AD105F0200038B106F02000BA
:107F200020B1204603F06DFCBDE8F087B8F1000FEA
:107F300072D007F0010018B906F4907000286BD0D9
:107F400005F0010030B106F4807018B1E06B40F02C
:107F50000100E06305F0040030B107F0010018B142
:107F6000E06B40F00200E06305F0020030B107F082
:107F7000010018B1E06B40F00400E06305F0080078
:107F800048B106F0200010B907F0010018B1E06B0D
:107F900040F00800E063E06B70B305F0200028B10A
:107FA00006F0200010B1204603F02BFC2068406949
:107FB000C0F38019E06B00F0080010B9B9F1000FB0
:107FC00023D0204603F0F3FB2068406900F0400016
:107FD000402816D12068406920F04000216848619F
:107FE000606B50B11748616B0865606BFCF7D9FB9B
:107FF00010B1606B016D88470CE02046FFF779FFF8
:1080000008E02046FFF775FF04E02046FFF771FF08
:108010000020E06388E7FFE705F0800030B106F05C
:10802000800018B1204603F033FE7DE705F04000E4
:1080300030B106F0400018B1204603F0C8FB73E7EA
:1080400000BF71E7B3B6000810B504460CB90120B3
:1080500010BDA06900B100E000BF94F8390028B954
:10806000002084F83800204600F028F8242084F806
:1080700039002068C06820F400502168C86020469C
:1080800003F012FC2068006920F490402168086128
:108090002068406920F02A00216848612068C06893
:1080A00040F400502168C8600020E063202084F87C
:1080B000390084F83A000020CAE7000010B586B005
:1080C0000446142101A8F8F7BFFBAD492068884297
:1080D00074D100BF00200090AA48006840F0100052
:1080E000A84908600846006800F01000009000BF32
:1080F00000BF00BF00200090A2481438006840F084
:108100000200A049143908600846006800F0020027
:10811000009000BF00BF00BF00200090084600682C
:1081200040F0010008600846006800F0010000907F
:1081300000BF00BF80200190022002900120039028
:10814000032004900720059001A98F48FCF762FEE8
:108150004FF4007001900220029001200390032050
:1081600004900720059001A98848FCF753FE884831
:10817000884908604FF000604860002185488160B0
:10818000C1604FF480610161002141618161C16181
:1081900001624162FCF73AFC08B1FBF779F800BFD5
:1081A0007C486063846300BF002205212520FDF721
:1081B0009FFC2520FDF78CFCDFE0FFE77649206877
:1081C00088425BD100BF002000906E48001F00680D
:1081D00040F480206B49091F08600846006800F4DD
:1081E0008020009000BF00BF00BF002000906548C5
:1081F0001438006840F004006249143908600846E9
:10820000006800F00400009000BF00BF4FF4406021
:108210000190022002900120039003200490072087
:10822000059001A95D48FCF7F5FD5D485D490860D2
:108230004FF00060486000215A488160C1604FF4EF
:1082400080610161002141618161C1614FF40031B0
:10825000016200214162FCF7D9FB08B1FBF718F875
:1082600000BF50486063846300BF002204212720C0
:10827000FDF73EFC2720FDF72BFC7EE04A492068F5
:1082800088427AD100BF002000903E48006840F04C
:1082900020003C4908600846006800F0200000907B
:1082A00000BF00BF00BF00200090364814380068AF
:1082B00040F040003349143908600846006800F077
:1082C0004000009000BF00BF4FF4844001900220A6
:1082D000029001200390032004900820059001A93A
:1082E0003248FCF797FD2A4860383149086080051C
:1082F000486000212E488160C1604FF480610161B7
:10830000002141618161C1614FF4003101620021AE
:108310004162FCF77BFB08B1FAF7BAFF00BF2448C3
:108320006063846300BF1A481830224908604FF028
:108330002060486040211F4881600021C1604FF4E7
:1083400080610161002141618161C1614FF480312F
:10835000016200214162FCF759FB08B1FAF798FF6E
:1083600000BF14482063846300BF0022052147201A
:10837000FDF7BEFB4720FDF7ABFB06B010BD0000CC
:108380000010014044380240000402400000024056
:1083900088640240A011002000480040000802400C
:1083A0002860024000120020001401400018024022
:1083B00060120020C012002077B581B00446154637
:1083C00094F83A00202850D1029800B115B9012044
:1083D00004B070BD00BF94F83800012801D102201C
:1083E000F6E7012084F8380000BF0298A062A58556
:1083F0000020E063222084F83A001D48616BC863C6
:108400001C48616B08641C48616BC8640020616B88
:10841000086502AE32682368191D2B46606BFCF7B5
:108420006BFB00BF0020009020680068009020686F
:108430004068009000BF00BF00BF002084F83800F3
:1084400000BF2068C06840F480702168C860206860
:10845000406940F00100216848612068406940F0AF
:108460004000216848610020B2E70220B0E7000028
:1084700017B700085DB70008C7B600087047704717
:108480002DE9F84304460D4616461F464FF00009F5
:1084900094F8390020285DD105B116B90120BDE856
:1084A000F88300BF94F83800012801D10220F6E7D4
:1084B000012084F8380000BF0020E063212084F808
:1084C0003900FCF7B5FD8146A684E68400BF002094
:1084D00084F8380000BF2BE0E08C401EE084A068E8
:1084E000B0F5805F16D14B460022802120460097D0
:1084F00003F002FC08B10320D1E7A846B8F8000059
:10850000C0F3080021684860206908B9AD1C0FE07D
:108510006D1C0DE04B46002280212046009703F0A1
:10852000EBFB08B10320BAE715F8010B216848609E
:10853000E08C0028D0D14B460022402120460097F5
:1085400003F0DAFB08B10320A9E7202084F8390002
:108550000020A4E70220A2E7F7B50446154694F8E8
:10856000390020283DD1019800B10DB90120FEBD90
:1085700000BF94F83800012801D10220F7E701205C
:1085800084F8380000BF01982062A584E5840020AB
:10859000E063212084F839001348216BC863134835
:1085A000216B08641248216BC8640020216B0865A8
:1085B00001AE23681A1D31682B46206BFCF79CFA2C
:1085C0006FF040002168086000BF002084F8380088
:1085D00000BF2068406940F08000216848610020A9
:1085E000C5E70220C3E700006BB70008A1B7000889
:1085F000C7B600087047704700BFFEE770B5044675
:108600000D4616462146044800F060FA18B9314676
:10861000284600F003F870BDB80C00202C4A526BBD
:108620001268126822F00102294B5B6B1B681A600A
:1086300009E0274A526B1268126822F00102244BAB
:108640005B6B1B681A60224A526B1268126802F058
:108650000102002AEDD11E4A526B12681D4B9A424C
:1086600005D94FF000621B4B4C3B1A601DE0184AC5
:10867000526B1268184B9A4205D94FF00062154BA5
:10868000503B1A6011E0124A526B1268124B603B69
:108690009A4205D94FF000620F4BB83BDA6004E014
:1086A0004FF000620C4BB83B9A60094A526B12685B
:1086B000D060074A526B12685160054A526B1268CB
:1086C000126842F00102024B5B6B1B681A60704734
:1086D000B80C002058640240B86002402B48406B40
:1086E0000068006820F001002849496B09680860AB
:1086F00009E02648406B0068006820F0010023492B
:10870000496B096808602148406B0068006800F008
:1087100001000028EDD11E481C49496B096888609A
:108720001A48406B00681B49884205D94FF0006029
:1087300018494C3908601DE01448406B0068164920
:10874000884205D94FF0006012495039086011E0A5
:108750000E48406B006810496039884205D94FF0D7
:1087600000600D49B839C86004E04FF000600A4964
:10877000B83988600548406B0068006840F0100018
:108780000249496B0968086070470000B80C002076
:108790001058004058640240B86002400146086822
:1087A0004069C0F38020B0B16FF480600A68506106
:1087B00000200863202081F83D00002081F83E0061
:1087C000086C40F00400086400BF002081F83C0001
:1087D00000BF012070470020FCE700002DE9F843AE
:1087E00004460D4617469846E66A082E04D0012E28
:1087F00002D016F5803F06D12068006840F48070F2
:108800002168086008E0206B122805D12068006804
:1088100040F48070216808603B4600224FF001114F
:108820002046CDF8008000F0FDF950B120680068C6
:1088300000F4807010B14FF4007020640320BDE894
:10884000F8832069B0F5804F04D105F0FE0021685F
:10885000086112E005F44070F02141EAE01021685F
:10886000086143463A460B49204600F01EFA08B11B
:108870000120E4E7E8B22168086143463A46054929
:10888000891F204600F011FA08B10120D7E7002027
:10889000D5E70000080001002DE9F84304460F4623
:1088A00015469946DDE908862068006840F4806036
:1088B000216808602068006840F4807021680860C2
:1088C000434600224FF001112046009600F0AAF91D
:1088D00050B12068006800F4807010B14FF400704F
:1088E00020640320BDE8F88307F0FE0021680861DA
:1088F000334642463D49204600F0D7F908B10120F1
:10890000F0E700BF002000902068406900902068D8
:108910008069009000BF00BF32464146204600F00B
:1089200066FA50B1206C042805D12068006840F434
:108930000070216808600120D4E7B9F1010F03D16C
:10894000E8B22168086117E0C5F3072021680861D3
:1089500032464146204600F04AFA50B1206C0428C5
:1089600005D12068006840F400702168086001208B
:10897000B8E7E8B22168086132464146204600F077
:1089800036FA50B1206C042805D12068006840F404
:108990000070216808600120A4E72068006840F4A6
:1089A000807021680860434600224FF00111204684
:1089B000009600F037F948B12068006800F4807034
:1089C00010B14FF40070206403208BE7F8B240F040
:1089D000010021680861334642460449204600F000
:1089E00064F908B101207DE700207BE70200010067
:1089F0002DE9F8430446884615469946DDE908679F
:108A00002068006840F480702168086033460022C6
:108A10004FF001112046009700F004F950B1206892
:108A2000006800F4807010B14FF4007020640320DF
:108A3000BDE8F88308F0FE00216808613B46324635
:108A40002149204600F031F908B10120F0E700BFCC
:108A500000200090206840690090206880690090A4
:108A600000BF00BF3A463146204600F0C0F950B181
:108A7000206C042805D12068006840F4007021684B
:108A800008600120D4E7B9F1010F03D1E8B22168F1
:108A9000086117E0C5F30720216808613A463146AE
:108AA000204600F0A4F950B1206C042805D12068BC
:108AB000006840F40070216808600120B8E7E8B25F
:108AC000216808610020B3E70200010018B50246E2
:108AD0000B4600211068006800F0010028B91068FA
:108AE000006840F001001468206000210BE0481C81
:108AF00081B2642907DD1068006840F400701468D2
:108B00002060022018BD1068806900F00200002873
:108B1000EDD11068006820F40060146820601068CF
:108B2000006840F480701468206000210BE0481C4D
:108B300081B2642907DD1068006840F40070146891
:108B400020600120DEE71068406900F00100002885
:108B5000EDD003F0FE001468206100210CE0481CF9
:108B600081B2B1F5FA7F07DD1068006840F400704B
:108B7000146820600120C5E71068406900F0020019
:108B80000028ECD000BF00200090106840690090E1
:108B900010688069009000BF00BF00210CE0481CF5
:108BA00081B2B1F5FA7F07DD1068006840F400700B
:108BB000146820600120A5E71068406900F080007B
:108BC0000028ECD000209DE770B504460D461646FF
:108BD00020E02046FFF7E2FD08B1012070BD681CCF
:108BE000C0B1FCF725FA801BA84200D895B9002037
:108BF0002063202084F83D00002084F83E00206C93
:108C000040F02000206400BF002084F83C0000BF3A
:108C10000120E3E720684069C0F380000028D8D035
:108C20000020DBE72DE9F04104460D4617461E46BD
:108C3000DDF818801CE0701CD0B1FCF7F9F9A0EB4E
:108C40000800B04200D89EB900202063202084F89C
:108C50003D00002084F83E00206C40F0200020649D
:108C600000BF002084F83C0000BF0120BDE8F08177
:108C7000C5F3074001280AD120684069A9B208401D
:108C8000A9B2884201D101200BE0002009E0206850
:108C90008069A9B20840A9B2884201D1012000E050
:108CA0000020B842C7D00020E0E72DE9F04104469B
:108CB0000D4616461F463DE020684069C0F38020FF
:108CC000E8B12068006840F40070216808606FF423
:108CD00080602168486100202063202084F83D00E6
:108CE000002084F83E00206C40F00400206400BFA7
:108CF000002084F83C0000BF0120BDE8F081701C1A
:108D0000C0B1FCF795F9C01BB04200D896B900205D
:108D10002063202084F83D00002084F83E00206C71
:108D200040F02000206400BF002084F83C0000BF19
:108D30000120E2E7C5F3074001280AD12068406915
:108D4000A9B20840A9B2884201D101200BE000205D
:108D500009E020688069A9B20840A9B2884201D11F
:108D6000012000E000200028A6D00020C5E770B553
:108D700004460D46164632E020684069C0F30010F4
:108D8000A0B16FF01000216848610020206320200E
:108D900084F83D00002084F83E00206C206400BF71
:108DA000002084F83C0000BF012070BDFCF740F9B2
:108DB000801BA84200D895B900202063202084F8A9
:108DC0003D00002084F83E00206C40F0200020642C
:108DD00000BF002084F83C0000BF0120E5E72068C8
:108DE0004069C0F380100028C6D00020DDE770B5D0
:108DF00004460D46164620E02046FFF7CFFC08B19A
:108E0000012070BD681CC0B1FCF712F9801BA8429C
:108E100000D895B900202063202084F83D00002070
:108E200084F83E00206C40F02000206400BF002049
:108E300084F83C0000BF0120E3E720684069C0F3EC
:108E4000C0100028D8D00020DBE7000070B5044631
:108E50000D461646308888B9184890ED000A184823
:108E600080ED000A154890ED010A154880ED010AD1
:108E7000124890ED020A124880ED020A324611496A
:108E80000F4809F039FE0E4890ED000A85ED000A02
:108E900090ED010A85ED010A90ED020A85ED020AC6
:108EA000B7EE000A84ED000AB7EE000A84ED010A6D
:108EB000B7EE000A84ED020A70BD00009034002075
:108EC000843400204835002091ED000A0E4A82EDDE
:108ED000000A91ED010A82ED010A91ED020A82ED8C
:108EE000020A92ED000A094A82ED000A064A92ED52
:108EF000010A064A82ED010A034A92ED020A034A78
:108F000082ED020A70470000903400208434002073
:108F100008B507200AF07CFB02E064200AF078FB29
:108F2000F9F7E0FD0028F8D102E064200AF070FBB8
:108F30000AF086F80028F8D19B4AA2F10C01101D16
:108F4000F9F7EAFD9948984B103B994A99490090E6
:108F5000994809F0FBFDDFED990A9FED990A994ABE
:108F60000021994801F0F0FC914A92499748F9F79D
:108F7000E7FA904890ED000A954880ED000A954880
:108F800080ED000A944880ED000A8A4890ED010ABD
:108F90008F4880ED010A8F4880ED010A8E4880EDF0
:108FA000010A844890ED020A894880ED020A894846
:108FB00080ED020A884880ED020A00200AF068FB72
:108FC00004460DF065FC8549086010218448C161A4
:108FD000FEF7FDF808B1FAF75BF9082281498248EB
:108FE00001F0E2FF012081490870DBE000BF4FF093
:108FF000FF3101200CF0C0F80128F8D17C4800783E
:1090000000F0040058B17A48007820F00400784954
:1090100008706549091D7348401CF9F72FFD754814
:10902000007800F0040060B17248007820F004007D
:10903000704908705C4A1032A2F11C016E48F9F7C1
:10904000C7FC6E48007800F0040088B16B480078D7
:1090500020F004006949087053496948F9F74AFE4D
:1090600051481038D0ED040AB0EE600A09F0BEFE97
:109070004E484D4B103B4E4A4E4900904E4809F029
:1090800065FD544890ED000A534880ED000A5048B1
:1090900090ED000A4F4880ED000A90ED000A594813
:1090A000D0ED000A20EE200A4B48D0ED000A5548CA
:1090B00090ED011A00EE810A3E48D0ED000A5148B9
:1090C00090ED021A00EE810A414880ED000A414805
:1090D00090ED010A404880ED010A3D4890ED010AFB
:1090E0003C4880ED010A90ED010A4648D0ED000AA7
:1090F00020EE200A3848D0ED010A424890ED011ACE
:1091000000EE810A2B48D0ED010A3E4890ED021A8C
:1091100000EE810A2E4880ED010A2E4890ED020AE9
:109120002D4880ED020A2A4890ED020A294880ED78
:10913000020A90ED020A3348D0ED000A20EE200A20
:109140002548D0ED020A2F4890ED011A00EE810A61
:109150001848D0ED020A2B4890ED021A00EE810A61
:109160001B4880ED020A124B024613499FED260A66
:109170001648F9F751FB254B1A1F111F134808F029
:1091800015FA2348007800F001002149087048B121
:109190000846007820F0010008700846007840F08A
:1091A0000200087022E7000070340020B434002070
:1091B0006035002054350020483500200080894566
:1091C00000A08C45F4830108DC3400206C350020BD
:1091D0003C3500203035002024350020A801002037
:1091E000F00D0020AC010020B4010020D1010020CE
:1091F000CD010020CE01002056340020CF010020F8
:10920000C7010020008401086F12833A84350020D2
:10921000D001002030B50B46002100BF16E00A2423
:10922000B4EB107F05D9302404EB107403F811401F
:1092300005E0412404EB10740A3C03F811400001DE
:1092400000254C00641C1D554C1CE1B29142E6DB2C
:1092500030BD000070B504460D462A46214602483E
:10926000FFF77AF970BD0000601100202DE9F04F82
:109270000C4609AD95E8E010DDE90D89002106E016
:1092800014F801A0C1F1020B00F80BA0491C03293E
:1092900004DA14F801A0BAF1000FF1D190F803A09C
:1092A00062F3020A80F803A0B0F803A063F3891AFE
:1092B000A0F803A090F804A065F3850A80F804A044
:1092C000B0F807A066F3090AA0F807A0B0F808A054
:1092D00067F38C0AA0F808A0B0F809A06CF34F1A45
:1092E000A0F809A0B0F80CA068F38C0AA0F80CA0B4
:1092F000B0F80DA069F34F1AA0F80DA0BDE8F08FEB
:109300001FB5002000900190029003901548164967
:1093100008604FF40030486000211348816001610B
:10932000017680F82010C162104981620021C1607D
:109330000121C161002180F8301001214161FAF75B
:10934000E5F908B1F9F7A4FF102000900120019081
:109350000020029069460448FAF70EF908B1F9F7BF
:1093600097FF1FBD00200140DC0400200100000F1A
:109370001FB50020009001900290039015481649F7
:1093800008604FF40030486000211348816001619B
:10939000017680F82010C162104981620021C1600D
:1093A0000121C161002180F8301001214161FAF7EB
:1093B000ADF908B1F9F76CFF082000900120019089
:1093C0000020029069460448FAF7D6F808B1F9F788
:1093D0005FFF1FBD00220140240500200100000F97
:1093E00010B50E480E4908600320486000210C4863
:1093F0008160C1604FF4102101614FF4001141619F
:109400000021017641768176C17601774177FAF7BE
:109410003EFE08B1F9F73CFF10BD000000640040BB
:109420006C05002010B50E480E4908600320486006
:1094300000210C488160C1604FF4102101614FF49C
:10944000001141610021017641768176C176017774
:109450004177FAF71CFE08B1F9F71AFF10BD0000BA
:10946000006800409405002010B5054805490860D3
:109470000846FBF716F908B1F9F70AFF10BD00001E
:10948000003002400400002008B500BF002000901A
:109490002A48006840F480002849086008460068AF
:1094A00000F48000009000BF00BF00BF00200090CB
:1094B0000846006840F4001008600846006800F4A0
:1094C0000010009000BF00BF002205210C20FCF717
:1094D0000FFB0C20FCF7FCFA002205212F20FCF7E3
:1094E00007FB2F20FCF7F4FA002205213920FCF7B6
:1094F000FFFA3920FCF7ECFA002205213A20FCF7AC
:10950000F7FA3A20FCF7E4FA002205213B20FCF7A9
:10951000EFFA3B20FCF7DCFA002205214420FCF79F
:10952000E7FA4420FCF7D4FA002205214520FCF795
:10953000DFFA4520FCF7CCFA08BD000030380240C5
:1095400000B5DBB01C224D4954A8F7F721F90021E2
:1095500054A80AF06EF84A4908601C2247491C3199
:109560004DA8F7F715F900214DA80AF062F8454912
:1095700008601C224149383146A8F7F709F9002153
:1095800046A80AF056F8404908601C223B4954316D
:109590003FA8F7F7FDF800213FA80AF04AF83B4939
:1095A00008601C223549703138A8F7F7F1F800211E
:1095B00038A80AF03EF8364908601C222F498C3141
:1095C00031A8F7F7E5F8002131A80AF032F831495F
:1095D00008601C222949A8312AA8F7F7D9F80021E8
:1095E0002AA80AF026F82C4908601C222349C43115
:1095F00023A8F7F7CDF8002123A80AF01AF8274985
:1096000008601C221D49E0311CA8F7F7C1F80021B1
:109610001CA80AF00EF8224908601C221749FC31E8
:1096200015A8F7F7B5F8002115A80AF002F81D49AA
:1096300008601C221C490EA8F7F7AAF800210EA802
:1096400009F0F7FF194908601C2217491C3107A8C7
:10965000F7F79EF8002107A809F0EBFF144908600E
:109660001C22114938316846F7F792F80021684604
:1096700009F0DFFF0F4908605BB000BDD48101082D
:109680003C0000200C0000201000002014000020EE
:10969000180000201C0000202000002024000020D2
:1096A000280000202C000020EC820108300000205F
:1096B000340000203800002000B587B0142102A833
:1096C000F7F7C2F800BF002001908948006840F019
:1096D0000200874908600846006800F00200019017
:1096E00000BF00BF00BF002001900846006840F0A6
:1096F000400008600846006800F04000019000BF8C
:1097000000BF00BF002001900846006840F0010043
:1097100008600846006800F00100019000BF00BF2B
:1097200000BF002001900846006840F00800086073
:109730000846006800F00800019000BF00BF00BFAD
:10974000002001900846006840F0040008600846C8
:10975000006800F00400019000BF00BF00BF0020BF
:1097600001900846006840F4807008600846006870
:1097700000F48070019000BF00BF00BF0020019086
:109780000846006840F0200008600846006800F0C5
:109790002000019000BF00BF00BF002001900846DC
:1097A000006840F0800008600846006800F0800013
:1097B000019000BF00BF00BF002001900846006874
:1097C00040F0100008600846006800F010000190AA
:1097D00000BF00BF012240214648FBF723FC0122C5
:1097E00010214548FBF71EFC012241F201014348CC
:1097F000FBF718FC802002900020039001200490C9
:1098000002A93F48FBF706FB40200290012003908D
:109810000490059002A93748FBF7FCFA0920029052
:10982000384803900120049002A93248FBF7F2FA6D
:109830000720029000200390049002A93248FBF711
:10984000E9FA01200290002003900120049002A96F
:109850002948FBF7DFFA10200290012003900490C2
:109860000220059002A92448FBF7D4FA3020029088
:10987000244803900120049002A92348FBF7CAFA68
:109880004FF480500290012003900490059002A9AB
:109890001A48FBF7BFFA01200290039004900220BF
:1098A000059002A91548FBF7B5FA002206210846E3
:1098B000FCF71EF90620FCF70BF900220521092010
:1098C000FCF716F90920FCF703F9002205210A200C
:1098D000FCF70EF90A20FCF7FBF8002205211720FF
:1098E000FCF706F91720FCF7F3F807B000BD0000FD
:1098F00030380240001802400000024000040240DC
:1099000000200240000021100008024010B50B4862
:109910000B4908600B484860002109488160C1601C
:109920004FF480410161002141618161C1610162A7
:10993000FBF784FB08B1F9F7ABFC10BD0054004005
:10994000640C0020801A060010B50B480B49086013
:109950000B484860002109488160C1604FF4804194
:109960000161002141618161C1610162FBF766FB18
:1099700008B1F9F78DFC10BD00580040B80C00206C
:10998000801A060010B50B480B4908600B48486068
:10999000002109488160C1604FF4804101610021CC
:1099A00041618161C1610162FBF748FB08B1F9F7D0
:1099B0006FFC10BD005C00400C0D0020801A0600FA
:1099C00010B50548054908600846FDF737FB08B1A2
:1099D000F9F75EFC10BD000000080650C00D002025
:1099E00010B50A480A490860002048607C210848F0
:1099F000816040F67F41C160002101614161816168
:109A0000FDF750FB08B1F9F743FC10BD00280040FA
:109A1000D00D002010B50F480F4908604FF4827038
:109A2000486000210C488160C16002210161012170
:109A30004161490281613821C161002101624162B5
:109A400081620A21C162FDF7C2FB08B1F9F720FC6F
:109A500010BD000000300140F00D002010B50F488F
:109A60000F4908604FF48270486000210C48816003
:109A7000C1600221016101214161490281613821F6
:109A8000C16100210162416281620A21C162FDF768
:109A90009EFB08B1F9F7FCFB10BD00000038004048
:109AA000480E002000B587B01C216846F6F7CCFEB2
:109AB000154816490860002048600021134881605D
:109AC00041F28731C160002101618161FDF770FEC3
:109AD00008B1F9F7DDFB0D48FEF790F908B1F9F789
:109AE000D7FB60200090002001900290049000229B
:109AF00069460648FEF7FEF808B1F9F7C9FB0348C6
:109B0000FDF798FF07B000BD00440140A010002001
:109B100000B595B0002011901290139014900F9002
:109B200010901C2108A8F6F78FFE20216846F6F752
:109B30008BFE384838490860A72048600021364825
:109B4000816044F61F61C160002101614161816152
:109B5000FDF72EFE08B1F9F79BFB4FF480501190F2
:109B600011A92D48FDF7E1FE08B1F9F791FB2A484C
:109B7000FEF744F908B1F9F78BFB00200F90109025
:109B80000FA92548FDF7BAFD08B1F9F781FB602060
:109B900008904FF47A70099000200A900B900C9076
:109BA0000D900E90002208A91B48FEF7A3F808B1FB
:109BB000F9F76EFB042208A91748FEF79BF808B1D5
:109BC000F9F766FB082208A91348FEF793F808B1D5
:109BD000F9F75EFB0C2208A90F48FEF78BF808B1D5
:109BE000F9F756FB0020009001900290039004903A
:109BF0004FF4005005900020079069460648FDF795
:109C000042FD08B1F9F744FB0348FDF713FF15B017
:109C100000BD000000000140600F002000B58DB0C5
:109C2000002009900A900B900C90079008901C213E
:109C30006846F6F709FE2048204908600020486081
:109C400000211E48816042F2CF01C1600021016104
:109C50008161FDF7ADFD08B1F9F71AFB4FF48050B3
:109C6000099009A91548FDF760FE08B1F9F710FB46
:109C70001248FEF7C3F808B1F9F70AFB0020079075
:109C8000089007A90D48FDF739FD08B1F9F700FB69
:109C90006020009000200190029004900822694604
:109CA0000648FEF727F808B1F9F7F2FA0348FDF77E
:109CB000C1FE0DB000BD000000040040A00F002058
:109CC00000B58DB0002009900A900B900C90079081
:109CD00008901C216846F6F7B7FD20482049086027
:109CE000A720486000211E4881604FF6FF71C160C7
:109CF000002101618161FDF75BFD08B1F9F7C8FA48
:109D00004FF48050099009A91548FDF70EFE08B1DF
:109D1000F9F7BEFA1248FEF771F808B1F9F7B8FA88
:109D200000200790089007A90D48FDF7E7FC08B14F
:109D3000F9F7AEFA602000900020019002900490A4
:109D4000082269460648FDF7D5FF08B1F9F7A0FAE1
:109D50000348FDF76FFE0DB000BD00000008004095
:109D6000E00F002000B58DB0002009900A900B9004
:109D70000C90079008901C216846F6F765FD28486E
:109D800028490860002048600021264881604FF67D
:109D9000FF71C160002101618161FDF709FD08B11A
:109DA000F9F776FA4FF48050099009A91D48FDF79C
:109DB000BCFD08B1F9F76CFA1A48FEF71FF808B1B4
:109DC000F9F766FA00200790089007A91548FDF7F3
:109DD00095FC08B1F9F75CFA602000900020019032
:109DE00002900490002269460E48FDF783FF08B1F7
:109DF000F9F74EFA042269460A48FDF77BFF08B1DD
:109E0000F9F746FA082269460648FDF773FF08B1DC
:109E1000F9F73EFA0348FDF70DFE0DB000BD000056
:109E2000000C00402010002000B595B000201190DB
:109E30001290139014900F9010901C2108A8F6F720
:109E400003FD20216846F6F7FFFC304830490860E2
:109E5000A720486000212E48816044F61F61C16040
:109E60000021016141618161FDF7A2FC08B1F9F7B0
:109E70000FFA4FF48050119011A92548FDF755FDB8
:109E800008B1F9F705FA2248FDF7B8FF08B1F9F76C
:109E9000FFF900200F9010900FA91D48FDF72EFC30
:109EA00008B1F9F7F5F9602008904FF47A7009903D
:109EB00000200A900B900C900D900E90002208A9A3
:109EC0001348FDF717FF08B1F9F7E2F9042208A9D2
:109ED0000F48FDF70FFF08B1F9F7DAF900200090FD
:109EE00001900290039004904FF4005005900020E0
:109EF000079069460648FDF7C6FB08B1F9F7C8F9AF
:109F00000348FDF797FD15B000BD000000040140B7
:109F10006010002010B50B480B4908604FF4E13089
:109F20004860002108488160C16001610C214161E5
:109F300000218161C161FEF787F808B1F9F7A8F93E
:109F400010BD000000100140E010002010B50B48CB
:109F50000B4908600B484860002109488160C160D6
:109F60004FF4806101610C21416100218161C16177
:109F7000FEF76AF808B1F9F78BF910BD0048004008
:109F800020110020A086010010B50B480B49086085
:109F90004FF4E1304860002108488160C1600161F0
:109FA0000C21416100218161C161FEF74DF808B1CA
:109FB000F9F76EF910BD0000001401406011002097
:109FC00010B500220D490E4802F056FC08B1F9F711
:109FD0005FF90C490A4802F0EDFE08B1F9F758F9AB
:109FE0000949074802F037F908B1F9F751F904486F
:109FF00002F0AAFF08B1F9F74BF910BD40000020AC
:10A0000020130020C80300209000002000BFFEE7BE
:10A010007047000010B54FF4806203490348F6F71B
:10A0200072FB00F035F910BDB099010856420020CE
:10A0300010B57821014805F003F910BD0058004023
:10A0400010B508480088401C06490880084600886A
:10A05000642805DD044805F0B7F9002001490880AF
:10A0600010BD0000000300200058004070B51346EA
:10A07000002200247F2801DC3F2900DD70BD0D4651
:10A08000CE1701EB5676C6F3C702CE1701EB567614
:10A09000F610A1EBC606F4B2012B0CD1144D05EB62
:10A0A000C2152D5C0126A6403543EEB2104D05EBDE
:10A0B000C2152E5419E0022B0CD10D4D05EBC21523
:10A0C0002D5C0126A6407540EEB2094D05EBC21588
:10A0D0002E540AE0064D05EBC2152D5C0126A64064
:10A0E000B543034E06EBC216355400BFC6E7000069
:10A0F0005642002010B5FEF7F1FA0021AE2009F01B
:10A100006FFA0021402009F06BFA0021812009F04C
:10A1100067FA0021FF2009F063FA0021A42009F06A
:10A120005FFA0021A62009F05BFA0021202009F047
:10A1300057FA0021084609F053FA0021212009F0BE
:10A140004FFA0021084609F04BFA00217F2009F060
:10A1500047FA0021222009F043FA0021084609F0BD
:10A160003FFA0021072009F03BFA00213F2009F0C7
:10A1700037FA0021C82009F033FA0021A12009F0A4
:10A180002FFA0021A82009F02BFA0021084609F037
:10A1900027FA0021D32009F023FA0021084609F00C
:10A1A0001FFA0021D52009F01BFA0021F02009F048
:10A1B00017FA0021D92009F013FA0021222009F012
:10A1C0000FFA0021DA2009F00BFA0021122009F021
:10A1D00007FA0021DB2009F003FA0021202009F012
:10A1E000FFF900218D2009F0FBF90021142009F06E
:10A1F000F7F90021AF2009F0F3F910BD10B50246C0
:10A20000002020E000211AE0012A05D1FF240F4B95
:10A2100003EBC0135C5410E02AB900240B4B03EB92
:10A22000C0135C5409E0094B03EBC0135B5CC3F142
:10A23000FF04064B03EBC0135C544B1CD9B28029BE
:10A24000E2DB431CD8B20828DCDB10BD56420020FC
:10A250000FB470B504460D46002607A80A490860E9
:10A260000846026809480699F6F71CFA86B20020EB
:10A2700005490860054988550A462946204600F0E8
:10A28000C2F870BC5DF814FB0403002056460020A1
:10A2900010B50021084600F00BF840200349087073
:10A2A00040F201427820FEF7A9F910BD5542002086
:10A2B00070B504460D4604F07F0405F00705002143
:10A2C000212009F08DF92046002109F089F90021AB
:10A2D0007F2009F085F90021222009F081F9284624
:10A2E000002109F07DF90021072009F079F970BDFE
:10A2F0002DE9F84F80460D461646CDF800802C46D5
:10A30000A346A6F12000C6B2002731E006EB4600C6
:10A31000194901EB800010F807904FF0000A21E086
:10A3200009F0800028B1012221460098FFF79EFE27
:10A3300004E0002221460098FFF798FE4FEA4960AA
:10A340004FEA1069601CC4B2A4EB0B000C2805D1C5
:10A350005C460098401CC0B2009006E00AF1010083
:10A3600000F0FF0ABAF1080FDADB00BF781CC7B2B1
:10A370000C2FCBDBBDE8F88F98A201082DE9F04F38
:10A380000746884614464FF0000B002636E00025AD
:10A390002FE0606810F80B900BF101001FFA80FBB2
:10A3A0004FF0000A21E009F0800040B108EB0502FF
:10A3B000D1B2BA19D0B20122FFF758FE07E008EB7C
:10A3C0000502D1B2BA19D0B20022FFF74FFE4FEA10
:10A3D00049604FEA1069681CC5B26088A84200D184
:10A3E00006E00AF1010000F0FF0ABAF1080FDADB1B
:10A3F00000BF6088A842CCDC701CC6B22088B04286
:10A40000C5DCBDE8F08FF0B504460F4615460026C2
:10A410000EE0AA5D39462046FFF76AFFA01DC4B2D0
:10A420007A2C03DD002407F10C00C7B2701CC6B201
:10A43000A85D0028EDD1F0BD10B50248FBF767FD1F
:10A4400010BD0000BC1500202DE9F04705460C4664
:10A450002F683E46D7F8408006F5306000EB441088
:10A46000D0F80890286901280FD1184880451BD9D9
:10A4700009F40040B0F5004F16D14FF4004106F545
:10A48000306000EB441081600EE0114880450BD134
:10A4900009F40040B0F5004F06D14FF4004106F535
:10A4A000306000EB441081602846FCF72AF9074829
:10A4B000804508D92869012805D105F57172012167
:10A4C000286803F059FA0020BDE8F0870A30544F9D
:10A4D0000A31544F2DE9F04705460C46D5F8008067
:10A4E0004646D8F8409006F5306000EB4410876887
:10A4F000286901287ED107F0080008281ED153489A
:10A5000081450BD907F40040B0F5004F06D14FF458
:10A51000004106F5306000EB441081602846FCF7EE
:10A52000F0F805F571720121286803F025FA082179
:10A5300006F5306000EB4410816083E007F02000F6
:10A54000202806D1202106F5306000EB4410816000
:10A5500078E007F02800002874D13C4881450CD9E8
:10A5600007F40040B0F5004F07D14FF4004106F565
:10A57000306000EB4410816064E0C4EBC40105F579
:10A58000FE7000EB8100816806F5306000EB44103E
:10A590000069C0F31200091AC4EBC40205F5FE708D
:10A5A00000EB82008161C4EBC40105F5FE7000EB95
:10A5B0008100C4EBC402C16805F5FE7000EB8200A7
:10A5C00080680144C4EBC40205F5FE7000EB820014
:10A5D000C160E1B22846FBF721FBFCB9C4EBC40122
:10A5E00005F5FE7000EB81004069B8B905F57172A0
:10A5F000012100E003E0286803F0BEF922E01448DE
:10A6000081451BD107F40040B0F5004F07D14FF44E
:10A61000004106F5306000EB4410816012E007F065
:10A620002000202805D1202106F5306000EB4410E1
:10A630008160E1B22846FBF7F1FA03E0E1B2284677
:10A64000FBF7ECFA0020BDE8F08700000A30544F19
:10A650000A31544F2DE9F84F07460E46D7F80090BF
:10A66000C846C6EBC60107F13C0000EB8104D4E903
:10A670000510884202D90120BDE8F88FD4E9050110
:10A68000451AA068A84200D2A568E81C4FEA900AC3
:10A6900017E0D4E90501451AA068A84200D2A568D0
:10A6A000E81C4FEA900A387CABB2F2B20090484600
:10A6B000E16803F01BFDE0682844E060A0692844DD
:10A6C000A06108F5106000EB4610806980B250452B
:10A6D00006D3D4E90510884202D260690028D8D197
:10A6E000D4E9050188420ED806F00F01012000FAD6
:10A6F00001FB40F6340050F8080020EA0B0040F659
:10A70000340141F808000020B6E70000B0EE401A1E
:10A7100010B99FED790A704790ED100A80ED110A8B
:10A7200090ED0F0A80ED100AC0ED060A80ED071AC1
:10A7300030EEC10A80ED0F0A0178002975D190ED45
:10A74000010AD0ED0F1A20EE210A80ED090A90EDE2
:10A750000A0AD0ED021A90ED0F2A01EE820A80ED6E
:10A760000A0A90ED0D0A80ED0E0A90ED0C0A80EDBC
:10A770000D0A90ED0F0AD0ED101A30EE610A80ED4F
:10A780000C0A90ED030AD0ED0C1A20EE210A80EDA0
:10A790000B0A90ED0A0AD0ED051AB4EEE10AF1EECB
:10A7A00010FA04DD90ED050A80ED0A0A10E090ED44
:10A7B0000A0AD0ED051AF1EE611AB4EEE10AF1EEE3
:10A7C00010FA05D290ED050AB1EE400A80ED0A0AB2
:10A7D00090ED090AD0ED0A1A30EE210AD0ED0B1ADD
:10A7E00030EE210A80ED080A90ED080AD0ED041A37
:10A7F000B4EEE10AF1EE10FA04DD90ED040A80ED0A
:10A80000080A76E090ED080AD0ED041AF1EE611A1C
:10A81000B4EEE10AF1EE10FA6BD290ED040AB1EE5B
:10A82000400A80ED080A64E0FFE70178012960D161
:10A8300090ED0F0AD0ED101A30EE610AD0ED011A3A
:10A8400020EE210A80ED090A90ED020AD0ED0F1AE0
:10A8500020EE210A80ED0A0A90ED0D0A80ED0E0A25
:10A8600090ED0C0A80ED0D0A90ED0F0AD0ED101A54
:10A87000B0EE002A02EE610AD0ED111A30EE210A84
:10A8800080ED0C0A90ED030AD0ED0C1A20EE210A9F
:10A8900080ED0B0A90ED090AD0ED0A1A30EE210A7C
:10A8A000D0ED0B1A30EE210AD0ED081A30EE210A55
:10A8B00080ED080A90ED080AD0ED041AB4EEE10A22
:10A8C000F1EE10FA04DD90ED040A80ED080A10E0C4
:10A8D00090ED080AD0ED041AF1EE611AB4EEE10A27
:10A8E000F1EE10FA05D290ED040AB1EE400A80EDC7
:10A8F000080A90ED080A0EE70000000000B9704752
:10A900009FED100A80ED110A80ED100A80ED0F0A0C
:10A910009FED0C0A80ED0E0A80ED0D0A80ED0C0A09
:10A920009FED080A80ED0B0A80ED0A0A80ED090A06
:10A9300080ED080A9FED030A80ED060A80ED070A04
:10A9400000BFDCE70000000000B102B970470170F1
:10A9500092ED001A80ED011A92ED011A80ED021AB3
:10A9600092ED021A80ED031A80ED040AC0ED050A8B
:10A970009FED0C1A80ED0E1A80ED0D1A80ED0C1A69
:10A980009FED081A80ED081A80ED0B1A80ED0A1A67
:10A9900080ED091A80ED111A80ED101A80ED0F1A62
:10A9A00000BFD3E70000000010B5234B1B685B69B4
:10A9B00043F04003204C246863611F4B1B68DB6835
:10A9C00043F010031C4C2468E3601C4B1B681B689D
:10A9D00023F00103194C2468236007E0174B1B6820
:10A9E0001B6823F00103154C24682360134B1B687C
:10A9F0001B6803F00103002BF0D1114B0F4C2468AE
:10AA0000A3600E4B1B68D8600C4B1B6819610B4B85
:10AA10001B685A60094B1B681B6843F48023074C72
:10AA200024682360054B1B681B6843F00103034C3B
:10AA30002468236010BD00002011002000120020B7
:10AA40000448004010B50020D249087017E0D148F2
:10AA5000007800EB800101EBC000CF490844007989
:10AA6000C00938B10020CD490880CD490880CD49C2
:10AA7000087010BDC7480078401CC6490870C5481A
:10AA800000780528E3DBC748007878B9C448008817
:10AA9000B0F5FA6F0ADD0BF05DFFC34908600120D5
:10AAA000C04908700020BE49088056E0BD480078C3
:10AAB000022813D1BA480088B0F5FA6F0EDD0020E5
:10AAC000B8490870B6490880B348407C20F080003F
:10AAD0008030B149487404F09DFC3EE0B1480078F4
:10AAE000032824D1AE480088B0F5FA6F1FDD00209E
:10AAF000AC490870AA490880A748807F20F08000F0
:10AB00008030A549887706F0BDFEBDEEC00A10EE84
:10AB1000100A0A3040B2A549C870084690F90300EF
:10AB20002D2801DD2D20C87004F074FC15E09D482F
:10AB30000078042811D19A480088B0F5FA6F0CDD2E
:10AB400000209849087096490880F8F74DF9F8F701
:10AB50004BF9F8F749F904F05DFC95480068B0F945
:10AB6000000010F5167F27DA91480068B0F902005E
:10AB700010F5167F20DA8E480068B0F90400B0F5B1
:10AB8000167F19DD8A480068B0F9060010F5167FB7
:10AB900012DA87480068807A02280DD1844800685C
:10ABA000C07A022808D17F48007828B97C480088FC
:10ABB000401C7B49088098E07D480068B0F900009F
:10ABC000B0F5167F2ADD7A480068B0F90200B0F5CA
:10ABD000167F23DD76480068B0F9040010F5167F73
:10ABE0001CDA73480068B0F90600B0F5167F15DD71
:10ABF0006F480068807A022810D16D480068C07ADA
:10AC000002280BD16748007840B165480088401C95
:10AC10006349088002206349087066E06448006860
:10AC2000B0F90000B0F5167F2ADD61480068B0F980
:10AC3000020010F5167F23DA5D480068B0F90400C1
:10AC400010F5167F1CDA5A480068B0F9060010F5B6
:10AC5000167F15DA56480068807A022810D15448C9
:10AC60000068C07A02280BD14E48007840B14C48A9
:10AC70000088401C4A49088003204A49087034E093
:10AC80004B480068B0F9000010F5167F2ADA4848F2
:10AC90000068B0F90200B0F5167F23DD4448006873
:10ACA000B0F90400B0F5167F1CDD41480068B0F92A
:10ACB0000600B0F5167F15DD3D480068807A022851
:10ACC00010D13B480068C07A02280BD13548007883
:10ACD00040B133480088401C314908800420314984
:10ACE000087002E000202E4908800BF033FE314945
:10ACF0000860084600682C490968401A44F620613B
:10AD0000884203D9002027490870B2E62948006824
:10AD100025490968401A42F2107188420BD922482D
:10AD2000006840B11F48007828B144F61F611F2019
:10AD300004F078FB10E01F4800681B490968401ABE
:10AD40000AD01948006838B11648007820B142F29C
:10AD500010715F2004F066FB1248007820B10F48A4
:10AD60000088401C0D4908800C480088B0F5C87F59
:10AD700005DD0C48007810B100200849088007481C
:10AD80000088C82804DD0748007808B104F042FBB9
:10AD900000BF6EE60D010020A82C00201401002049
:10ADA000160100201801002010010020D000002012
:10ADB000CC0000200801002011490968C96821F46D
:10ADC00000510F4A1268D1600E490968096821F0E4
:10ADD00001010C4A126811600A4909684860094972
:10ADE0000968096841F00101064A126811600449C6
:10ADF0000968C96841F40051014A1268D16070477E
:10AE0000201100200012002004480068C06820F4CF
:10AE1000005002490968C8607047000020110020F6
:10AE200070B5044600252068C06800F04000A0B955
:10AE3000681E2168C860FAF7FBF8054607E0FAF7D4
:10AE4000F7F8401BB0F57A7F01D9032070BD206868
:10AE5000C06800F040000028F1D00020F6E70000B4
:10AE600010B54D4B1B681B6823F001034A4C246846
:10AE700023604A4B1B681B6823F00103474C24687E
:10AE8000236007E0444B1B681B6823F00103424C1E
:10AE900024682360404B1B681B6803F00103002BF0
:10AEA000F0D107E03D4B1B681B6823F001033B4CCE
:10AEB00024682360394B1B681B6803F00103002BD7
:10AEC000F0D1354B1B68364CA34205D94FF4001323
:10AED000334C4C3C23601BE02F4B1B68314CA3428E
:10AEE00005D94FF400132E4C503C236010E02A4B40
:10AEF0001B682C4C603CA34205D94FF40013294C2D
:10AF0000B83CE36004E04FF40013264CB83CA36067
:10AF1000224B1B68224CA34205D94FF00063204C02
:10AF20004C3C23601BE01D4B1B681E4CA34205D903
:10AF30004FF000631A4C503C236010E0174B1B6825
:10AF4000184C603CA34205D94FF00063154CB83C47
:10AF5000E36004E04FF00063124CB83CA3600E4B7A
:10AF60001B68D9600D4B1B68D8600B4B1B685A607F
:10AF70000A4B1B685A60084B1B681B6843F00103AF
:10AF8000054C24682360054B1B681B6843F00103D4
:10AF9000024C2468236010BDA00E0020000F00208A
:10AFA00058640240B860024010B5594B1B685B689A
:10AFB00043F00203564C24686360554B1B685B6882
:10AFC00043F00103524C24686360514B1B681B68BB
:10AFD00043F040034E4C246823604E4B1B681B68B3
:10AFE00023F001034B4C2468236007E0494B1B68A6
:10AFF0001B6823F00103474C24682360454B1B6802
:10B000001B6803F00103002BF0D1424B1B68424C3C
:10B01000A34205D94FF400133F4C4C3C23601BE086
:10B020003C4B1B683D4CA34205D94FF400133A4CEE
:10B03000503C236010E0374B1B68384C603CA34207
:10B0400005D94FF40013354CB83CE36004E04FF4ED
:10B050000013324CB83CA360314B2E4C2468A360E3
:10B060002C4B1B68D9602B4B1B685A60294B1B6803
:10B070001B6843F01003274C24682360294B1B688E
:10B080001B6823F00103274C2468236007E0254B4D
:10B090001B681B6823F00103224C24682360214BAA
:10B0A0001B681B6803F00103002BF0D11D4B1B68CC
:10B0B000194CA34205D94FF00063174C4C3C236058
:10B0C0001BE0184B1B68154CA34205D94FF00063D9
:10B0D000114C503C236010E0124B1B680F4C603C3D
:10B0E000A34205D94FF000630C4CB83CE36004E088
:10B0F0004FF00063094CB83CA360094B094C24682D
:10B10000A360084B1B68D860064B1B685A6010BDD3
:10B11000F00D0020A00E002058640240B8600240EC
:10B120000C300140000F00207CB504460D46164649
:10B13000164800681821B0FBF1F01549B0FBF1F09A
:10B140004FF47A71484301906068B0F5827F0DD169
:10B150002B46002280212046009600F01BF898B173
:10B16000606D40F02000606503207CBD00BF019849
:10B1700000B908E00198401E019020688068C0F383
:10B18000C0100028F3D100BF0020EEE7A00000208F
:10B1900040420F002DE9F04104460E4617461D4679
:10B1A000DDF818803EE0681CD8B3F9F741FFA0EB4A
:10B1B0000800A84200D2A5BB2068406820F0E0004B
:10B1C000216848606068B0F5827F0DD1A068B0F555
:10B1D000004F03D0A068B0F5806F05D120680068EB
:10B1E00020F0400021680860A06AB0F5005F0DD132
:10B1F00000BF2068006820F40050216808602068C3
:10B20000006840F400502168086000BF012084F805
:10B21000510000BF002084F8500000BF0320BDE8AB
:10B22000F081FFE7206880683040B04201D1012002
:10B2300000E00020B842B6D10020F0E710B5FAF7E0
:10B24000CDFB0BF077FB012801D00AF065FF10BDA4
:10B2500000B597B030210BA8F5F7F6FA142106A82F
:10B26000F5F7F2FA0020029003900490059000BFD9
:10B2700001902948006840F080502749086008463E
:10B28000006800F08050019000BF00BF00BF0020A8
:10B2900001902248006840F4804020490860084638
:10B2A000006800F48040019000BF00BF01200B90B7
:10B2B00000040C9002201190410512910621139177
:10B2C000A821149102211591072116910BA8FBF7D3
:10B2D00071FC08B1F7F7DCFF0F2006900220079001
:10B2E000002008904FF4A05009904FF480500A902D
:10B2F000052106A8FBF71EFB08B1F7F7C9FF0220DE
:10B3000002900748059002A8FBF744FA08B1F7F746
:10B31000BFFF17B000BD0000403802400070004081
:10B3200000031E001448006840F4700012490860D1
:10B330001248006840F001001049086000200F49E1
:10B34000083108600D4800680D4908400B49086045
:10B350000C48091D0860081F006820F48020091FA0
:10B360000860002005490C3108604FF00060024978
:10B37000803908607047000088ED00E00038024026
:10B38000FFFFF6FE1030002410B50268294B9842EA
:10B390000ED0B0F1804F0BD0274B984208D0274BEE
:10B3A000984205D0264B984202D0264B984203D1B2
:10B3B00022F070024B681A431E4B984220D0B0F125
:10B3C000804F1DD01C4B98421AD01C4B984217D06E
:10B3D0001B4B984214D01B4B984211D01A4B9842E9
:10B3E0000ED01A4B98420BD0194B984208D0194BEB
:10B3F000984205D0184B984202D0184B984203D17E
:10B4000022F44072CB681A4322F080034C6943EA6D
:10B41000040202608B68C3620B688362054B98422A
:10B4200002D0084B984201D10B69036301234361A9
:10B4300010BD000000000140000400400008004072
:10B44000000C004000040140004001400044014065
:10B450000048014000180040001C0040002000404F
:10B4600030B501F01F05012404FA05F3046A9C437A
:10B470000462046A01F01F0502FA05F52C43046218
:10B4800030BD30B50C46816821F47F4142EA032586
:10B4900025432943816030BD0A46816821F070014F
:10B4A00042F00703194381607047000030B5056A18
:10B4B00025F001050562026A4368846924F070047E
:10B4C00024F003040D682C4322F002028D682A4305
:10B4D000104DA84200D103E00F4DA84206D100BF95
:10B4E00022F00802CD682A4322F00402094DA84246
:10B4F00002D0094DA84207D123F4807323F40073CE
:10B500004D692B438D692B43436084614D684563CE
:10B51000026230BD000001400004014030B5056A00
:10B5200025F010050562026A4368846924F4E0444A
:10B5300024F440740D6844EA052422F020028D684A
:10B5400042EA0512124DA84200D103E0114DA84273
:10B5500007D100BF22F08002CD6842EA051222F036
:10B5600040020B4DA84202D00A4DA84209D123F453
:10B57000806323F400634D6943EA85038D6943EAE0
:10B580008503436084614D688563026230BD0000BD
:10B59000000001400004014030B5056A25F48075C3
:10B5A0000562026A4368C46924F0700424F003044D
:10B5B0000D682C4322F400728D6842EA0522124D78
:10B5C000A84200D103E0114DA84207D100BF22F4E8
:10B5D0000062CD6842EA052222F480620A4DA84248
:10B5E00002D00A4DA84209D123F4805323F400531A
:10B5F0004D6943EA05138D6943EA05134360C4614D
:10B600004D68C563026230BD000001400004014086
:10B6100030B5056A25F480550562036A4468C2693D
:10B6200022F4E04222F440720D6842EA052223F43B
:10B6300000538D6843EA0533084DA84202D0084DF7
:10B64000A84204D124F480444D6944EA851444603E
:10B65000C2614D680564036230BD00000000014016
:10B660000004014030B50B461446026A056A25F015
:10B6700001050562816921F0F00141EA041122F01F
:10B680000A021A438161026230BD30B50B4614468E
:10B69000056A25F0100505628169026A21F470418E
:10B6A00041EA043122F0A00242EA031281610262FF
:10B6B00030BD70B50546AC6B0020E085E0842046C7
:10B6C000FCF717FC70BD70B506460025B46B20680A
:10B6D0004069C0F3C01594F83900212805D125B17F
:10B6E0000020E084204600F082F820684069C0F322
:10B6F000801594F83A00222805D125B10020E08574
:10B70000204600F054F8E06B40F01000E063204663
:10B71000FCF7EFFB70BD70B50546AC6B28680068A0
:10B7200000F48070B0B90020E0852068C06820F483
:10B7300080702168C8602068406920F0010021689D
:10B7400048612068406920F040002168486120205D
:10B7500084F83A002046FCF791FE70BD70B50446AF
:10B76000A56B2846FCF78BFE70BD70B50546AC6B2B
:10B770002868006800F4807070B90020E0842068B8
:10B78000406920F08000216848612068C06840F06E
:10B7900040002168C86002E02046FCF72BFF70BD26
:10B7A00070B50446A56B2846FCF725FF70BD0168FF
:10B7B000C96821F490710268D1600168496921F07B
:10B7C000010102685161202180F83A10704710B5DC
:10B7D00004462068C06820F040002168C86020202E
:10B7E00084F839002046FCF705FF002010BD0168F1
:10B7F000C96821F0C0010268D160202180F83910A9
:10B80000704770B5044694F83A0022284AD1A068DF
:10B81000B0F5805F13D1A56A206940B920684068FF
:10B82000C0F308002880A06A801CA06219E020688C
:10B830004068C0B22880A06A401CA06211E0206964
:10B8400038B920684068C1B2A26A501CA062117069
:10B8500007E02068406800F07F01A26A501CA062E7
:10B860001170E08D401E80B2E085C8B92068C068C4
:10B8700020F020002168C8602068C06820F4807033
:10B880002168C8602068406920F001002168486193
:10B89000202084F83A002046FCF7F0FD002070BD1F
:10B8A0000020FCE70220FAE72DE9F84F0446206863
:10B8B000006920F44050E16808432168086121696B
:10B8C000A068084361690843E16908430090206863
:10B8D000C06849F20C618843009908432168C86038
:10B8E0002068406920F44070A169084321684861DC
:10B8F000E069B0F5004F75D1E3492068884203D074
:10B90000E249206888426FD1FBF7ECF881460220BB
:10B910006168A0FB01510B461920A9FB00712A4662
:10B920003846F4F747FE6421B0FBF1F04FEA001A05
:10B9300002206168A0FB01510B461920A9FB007190
:10B940002A463846F4F736FE074602206168A0FB17
:10B9500001510B461920A9FB00B12A465846F4F7BD
:10B9600029FE6421B0FBF1F000EBC00101EB0010F7
:10B97000A7EB8000322101EBC0006421B0FBF1F0A5
:10B9800000F0F8000AEB400A02206168A0FB0151B8
:10B990000B461920A9FB00712A463846F4F70AFE27
:10B9A000074602206168A0FB01510B461920A9FB44
:10B9B00000B12A465846F4F7FDFD6421B0FBF1F0D2
:10B9C00000EBC00101EB0010A7EB8000322101EB7E
:10B9D000C0006421B0FBF1F000F007005044216882
:10B9E00088604FE16EE0FFE7FBF76CF881460220CC
:10B9F0006168A0FB01510B461920A9FB00712A4682
:10BA00003846F4F7D7FD6421B0FBF1F04FEA001A95
:10BA100002206168A0FB01510B461920A9FB0071AF
:10BA20002A463846F4F7C6FD074602206168A0FBA7
:10BA300001510B461920A9FB00B12A465846F4F7DC
:10BA4000B9FD6421B0FBF1F000EBC00101EB001087
:10BA5000A7EB8000322101EBC0006421B0FBF1F0C4
:10BA600000F0F8000AEB400A02206168A0FB0151D7
:10BA70000B461920A9FB00712A463846F4F79AFDB7
:10BA8000074602206168A0FB015003461920A9FB6C
:10BA900000B12A465846F4F78DFD6421B0FBF1F061
:10BAA00000EBC00101EB0010A7EB8000322101EB9D
:10BAB000C0006421B0FBF1F000F0070050442168A1
:10BAC0008860DFE070492068884203D06F492068B1
:10BAD00088426BD1FBF706F8814604206168A0FB21
:10BAE00001510B461920A9FB00712A463846F4F78C
:10BAF00061FD824604206168A0FB01510B461920BC
:10BB0000A9FB00712A463846F4F754FD6421B0FBC6
:10BB1000F1F000EBC00101EB0010AAEB8000322134
:10BB200001EB00106421B0FBF1F000F0F00A0420FA
:10BB30006168A0FB015003461920A9FB00712A4649
:10BB40003846F4F737FD6421B0FBF1F00AEB001A38
:10BB500004206168A0FB01510B461920A9FB00716C
:10BB60002A463846F4F726FD074604206168A0FB04
:10BB7000015003461920A9FB00B12A465846F4F7A4
:10BB800019FD6421B0FBF1F000EBC00101EB0010E6
:10BB9000A7EB8000322101EB00106421B0FBF1F033
:10BBA00000F00F005044216888606BE0FAF78AFFCC
:10BBB000814604206168A0FB015003461920A9FBBF
:10BBC00000712A463846F4F7F5FC82460420616885
:10BBD000A0FB015003461920A9FB00712A463846F4
:10BBE000F4F7E8FC6421B0FBF1F000EBC00101EBDD
:10BBF0000010AAEB8000322101EB00106421B0FBA1
:10BC0000F1F000F0F00A04206168A0FB0150034647
:10BC10001920A9FB00712A463846F4F7CBFC6421B1
:10BC2000B0FBF1F00AEB001A04206168A0FB017080
:10BC300003461920A9FB005001463A462846F4F76E
:10BC4000B9FC074604206168A0FB01500346192097
:10BC5000A9FB00B12A465846F4F7ACFC6421B0FBBE
:10BC6000F1F000EBC00101EB0010A7EB80003221E6
:10BC700001EB00106421B0FBF1F000F00F00504424
:10BC800021688860BDE8F88F001001400014014071
:10BC9000014691F8390021282CD18868B0F5805FE1
:10BCA0000FD10A6A1088C0F308000B685860086951
:10BCB00018B9086A801C086209E0086A401C08621A
:10BCC00005E00B6A581C086218780B685860C88C2D
:10BCD000401E80B2C88458B90868C06820F080004F
:10BCE0000B68D8600868C06840F040000B68D860F6
:10BCF000002070470220FCE72DE9F04104460D4684
:10BD000017469846069E21E0701CF8B12EB1F9F74F
:10BD10008FF9A0EB0800B04218D92068C06820F461
:10BD2000D0702168C8602068406920F00100216857
:10BD30004861202084F8390084F83A0000BF0020D0
:10BD400084F8380000BF0320BDE8F0812068006857
:10BD50002840A84201D1012000E00020B842D3D001
:10BD60000020F1E708B50C4800680068C0F3001037
:10BD700070B100BF00200090074800680068009084
:10BD8000054800684068009000BF00BF02F0CEF98F
:10BD90000148FCF7AFF808BDE010002008B54448A2
:10BDA0000068006800F0200060B100BF0020009033
:10BDB0003F480068006800903D4800684068009077
:10BDC00000BF74E03B48006800F0100000286ED00F
:10BDD00000BF00200090364800680068009034489A
:10BDE00000684068009000BF00BF334800680068EA
:10BDF00000F4002070BB30480068006820F00100AB
:10BE00002D49096808602C4800684068C0F124008A
:10BE10002A49088024202849096848602648006883
:10BE2000006840F40020244909680860224800683E
:10BE3000006840F001002049096808601F48008838
:10BE4000122834D11E491F4808F020FC002004F0BD
:10BE50002BFF2CE018480068006820F0010016490C
:10BE600009680860144800684068C0F1240013495C
:10BE7000088024201049096848601348806A20F42B
:10BE80000020114988620C480068006840F00100F9
:10BE900009490968086009480088122807D108493B
:10BEA0000848243008F0F2FB002004F0FDFE08BD35
:10BEB00020110020004800400012002096020020BF
:10BEC0008D3E0020A53E00200060024008B543489A
:10BED000006800F0100000287FD000BF0020009014
:10BEE0003F480068006800903D4800684068009046
:10BEF00000BF00BF3A48406B0068006800F40020B3
:10BF0000A8BB3748406B0068006820F00100344946
:10BF1000496B096808603248406B00684068C0F5AA
:10BF20000070304908804FF400702D49496B096852
:10BF300048602B48406B0068006840F400202849A6
:10BF4000496B096808602648406B0068006840F04B
:10BF500001002349496B0968086022480288224988
:10BF6000224805F061F90B2004F09EFE35E0FFE762
:10BF70001B48406B0068006820F001001849496BBD
:10BF8000096808601648406B00684068C0F500709A
:10BF9000144908804FF400701149496B09684860E2
:10BFA0000F48406B0068006820F400200C49496B82
:10BFB000096808600A48406B0068006840F00100AA
:10BFC0000749496B0968086006480288084907481C
:10BFD00005F02AF90B2004F067FE08BD00140140AB
:10BFE0006011002094020020EC350020EC39002084
:10BFF000EC3700202DE9F04104460D46D4F890625C
:10C00000D4F89872D4F8900278B305EB850104F166
:10C01000140000EB8100806808B305EB850104F192
:10C02000140000EB8100C5EBC502816807F13C00FC
:10C0300000EB82008068B1FBF0F200FB121070B9D7
:10C04000002105EB850204F1140000EB8200816001
:10C0500000231A462946204600F080FE02E0002018
:10C06000C6F814020020BDE8F081FFE70220FAE7DD
:10C0700070B504460E46D4F890523146204600F082
:10C080001DFDC5F80C02D4F8900248B1D5F80402A1
:10C09000D4F89412CA6805F503719047002070BD6A
:10C0A0000220FCE770B504460E460025812120469B
:10C0B00000F00EFC0021E1620121204600F008FCA6
:10C0C0000021C4F858118221204600F001FC002113
:10C0D0002164D4F8900250B1D4F894124868804793
:10C0E000D4F89002F4F73FFA0020C4F890022846F2
:10C0F00070BD70B50546D5F89042D5F8940278B178
:10C1000094F80002FF280BD094F8012294F8000262
:10C11000D5F894128B6821469847FF2084F80002D6
:10C12000002070BD01460A200880014870470000C9
:10C13000BC030020014643200880014870470000EE
:10C140004404002001464320088001487047000055
:10C150000004002001464320088001487047000089
:10C16000880400202DE9F04104460F460026207C7B
:10C1700088B94FF4007302228121204600F0FEFCB2
:10C180000121E1624B020222204600F0F7FC01216E
:10C19000C4F858110FE0402302228121204600F00C
:10C1A000EDFC0121E16240230222204600F0E6FC82
:10C1B0000121C4F85811082303228221204600F0EF
:10C1C000DDFC012121644FF40770F4F79DF9C4F8F8
:10C1D0009002D4F8900208B901261CE0D4F89052DD
:10C1E000D4F89412086880470020C5F81402C5F8F6
:10C1F0001802207C40B94FF4007301212046D5F885
:10C20000042200F0D3FC06E0402301212046D5F8AB
:10C21000042200F0CBFC3046BDE8F08170B5044646
:10C22000D4F89052D4F8900298B1207C40B94FF4E1
:10C23000007301212046D5F8042200F0B7FC06E087
:10C24000402301212046D5F8042200F0AFFC002055
:10C2500070BD0220FCE70246022011B1C2F8941220
:10C26000002070470246D2F89032C3F80412002032
:10C27000704710B50346D3F89042C4F80812C4F8CA
:10C280001022002010BD2DE9FC4105460C46D5F8D2
:10C2900090620020019000900027207800F060005C
:10C2A00040B320285FD1E088E0B1207800F0800022
:10C2B00060B1E2886078D5F894128B68314698476F
:10C2C000E2883146284600F0E6F812E0607886F809
:10C2D0000002A07986F80102E2883146284600F083
:10C2E000B9F806E06078D5F8941200228B682146F0
:10C2F00098473EE0607820B10A2812D00B282AD156
:10C300001FE095F87402032805D1022269462846E9
:10C3100000F0C1F804E02146284600F08FF802271B
:10C320001FE095F87402032805D1012201A92846CF
:10C3300000F0B1F804E02146284600F07FF802271B
:10C340000FE095F87402032804D02146284600F037
:10C3500075F8022705E02146284600F06FF802270D
:10C3600000BF00BF05E02146284600F067F802271D
:10C3700000BF00BF3846BDE8FC8170B50546D5F862
:10C380009042D5F89002A8B1D4F8140280B90120E7
:10C39000C4F81402D4F810122963B4F8100283B25E
:10C3A00081212846D4F8082200F0D8FC002070BD76
:10C3B0000120FCE70220FAE770B504460D46D4F8E8
:10C3C0008C022946426820469047002070BD70B517
:10C3D00004460D4694F87402012804D0022803D0C4
:10C3E00003280CD101E000BF00BF6888012805D1F7
:10C3F0000020C4F87C02204600F05EF804E02946E4
:10C40000204600F01BF800BF00BF70BD70B50646A7
:10C410000C4615462B4622460021304600F0C6FB4E
:10C42000002070BD70B506460C4615462B462246C8
:10C430000021304600F092FC002070BD70B504462B
:10C440000D468021204600F05DFC0021204600F0D2
:10C4500059FC70BD70B504460E4615460320C4F85D
:10C460006C024FF4A4700551001D05512B46324655
:10C470000021204600F09AFB002070BD10B5044654
:10C480000520C4F86C0200231A461946204600F025
:10C490008DFB002010BD70B504460E4615460220E7
:10C4A000C4F86C02E56125622B4632460021204625
:10C4B00000F054FC002070BD10B504460420C4F800
:10C4C0006C0200231A461946204600F047FC002063
:10C4D00010BD000070B505460C462DB92246064930
:10C4E00006A000F08AF904E02246034903A000F008
:10C4F00084F9014870BD0000C41900204344432062
:10C50000436F6E666967000002461220088001488A
:10C51000704700005C00002070B505460C462DB940
:10C520002246064906A000F068F904E022460349C5
:10C5300003A000F062F9014870BD0000C41900209A
:10C5400043444320496E7465726661636500000070
:10C550000246042008800148704700007000002057
:10C5600070B505460C462246024903A000F045F985
:10C57000004870BDC419002053544D6963726F6543
:10C580006C656374726F6E696373000070B5054605
:10C590000C462DB92246064906A000F02EF904E00B
:10C5A0002246034903A000F028F9014870BD0000AD
:10C5B000C419002053544D3332205669727475618A
:10C5C0006C20436F6D506F727400000070B50546AB
:10C5D0000C461A202080F6F7B5FF014870BD000018
:10C5E0007400002070B504460D46E888012804D088
:10C5F00029462046FFF722FF1EE094F87402012826
:10C6000004D0022803D0032810D109E000BF002085
:10C61000A060012204F108012046FFF73CFF0AE078
:10C620000122211D2046FFF736FF04E0294620465F
:10C63000FFF704FF00BF00BF70BDF8B504460E460B
:10C640007088001208287FD2DFE800F07E040C20FA
:10C650007E7E5F6D207CD4F888120A686946904718
:10C66000054676E0207C40B9D4F88C02816A6846A1
:10C67000884705460221697007E0D4F88C02C16A38
:10C680006846884705460221697062E0B07806284E
:10C6900034D2DFE800F0030B131B232B207CD4F8EB
:10C6A00088124A686946904705462CE0207CD4F8F9
:10C6B00088128A6869469047054624E0207CD4F8B1
:10C6C0008812CA686946904705461CE0207CD4F869
:10C6D00088120A6969469047054614E0207CD4F820
:10C6E00088124A696946904705460CE0207CD4F8D8
:10C6F00088128A6969469047054604E0314620461B
:10C70000FFF79CFEF8BD00BF23E0207C30B9D4F8D1
:10C710008C02416B6846884705461AE03146204640
:10C72000FFF78CFEEEE7207C48B9D4F88C02016B51
:10C73000684688470546072169700AE004E03146EB
:10C740002046FFF77BFEDDE731462046FFF776FE09
:10C75000D8E700BFBDF8000088B1F08878B1F08854
:10C76000BDF80010884202DDBDF8000000E0F0884E
:10C770000090BDF8002029462046FFF78CFEF08887
:10C7800010B92046FFF798FE00BFBBE70146002026
:10C7900002E0421CD0B2491C0A78002AF9D1704745
:10C7A00070B504460D4694F87402012804D002289E
:10C7B00003D003281AD101E000BF00BFE888022897
:10C7C00004D029462046FFF739FE14E00120E0603E
:10C7D000D4F87C0218B1E06840F00200E060022268
:10C7E00004F10C012046FFF756FE04E029462046DE
:10C7F000FFF724FE00BF00BF70BD2DE9F0410446E5
:10C800000D4617460026FCB12046FFF7BFFF022168
:10C8100001EB400038803A783046711CCEB22A5481
:10C8200003223046711CCEB22A540AE014F8012BC0
:10C830003046711CCEB22A5400223046711CCEB252
:10C840002A5420780028F1D1BDE8F081014600206B
:10C8500031B1012906D0022906D0032908D105E00B
:10C86000002007E0022005E0012003E0022001E0B3
:10C87000022000BF00BF704770B504460D46164643
:10C880000CB9022070BDD4F88C0210B10020C4F89D
:10C890008C020DB1C4F88852012084F8740226700D
:10C8A000204600F015F90020ECE72DE9F0410446A0
:10C8B0000D46002600272946D4F89802F9F7FAF920
:10C8C00006463046FFF7C2FF07463846BDE8F0810E
:10C8D0002DE9F04104460D46002600272946D4F8EC
:10C8E0009802F9F7B2F906463046FFF7AFFF074660
:10C8F0003846BDE8F0812DE9F04104460E46174662
:10C90000002E64D104F11405D4F86C02022848D139
:10C91000D5E90301884210D9D5E90301401AE8603E
:10C92000A88982B239462046FFF77CFD00231A46CB
:10C930001946204600F03AF93EE02969A868B0FBA4
:10C94000F1F201FB1200B8B92969A868884213D333
:10C95000A868D4F8701288420ED2002211462046F0
:10C96000FFF760FD0020C4F8700200231A46194644
:10C97000204600F01BF91FE0D4F88C02C06840B1DB
:10C9800094F87402032804D1D4F88C02C1682046BC
:10C9900088478021204600F0B5F92046FFF76EFD5C
:10C9A0000AE0D4F86C02042802D0D4F86C0218B95A
:10C9B0008021204600F0A6F994F87802012818D1C9
:10C9C000204600F0FFF9002084F8780211E0D4F846
:10C9D0008C02406950B194F87402032806D1D4F84F
:10C9E0008C02314642692046904702E00220BDE8B1
:10C9F000F0810020FBE72DE9F04104460E46174682
:10CA0000BEBB04F5A075D4F86C02032825D1D5E986
:10CA10000301884210D9D5E90301401AE860D5E93D
:10CA20000301884201D2E86800E0286982B23946F1
:10CA30002046FFF7EBFC2FE0D4F88C02006940B1F0
:10CA400094F87402032804D1D4F88C0201692046BA
:10CA500088472046FFF730FD1EE0D4F86C02052819
:10CA60001AD10020C4F86C020021204600F04AF9D7
:10CA700012E0FFE7D4F88C02806950B194F8740298
:10CA8000032806D1D4F88C023146826920469047AB
:10CA900002E00220BDE8F0810020FBE70146002013
:10CAA000704710B50446012084F874022179D4F847
:10CAB0008C02426820469047002010BD70B50446A5
:10CAC0000D462946D4F89802F9F732F970BD0000F6
:10CAD00010B50446207800282AD11648C0F804442E
:10CAE000C4F898024FF0A040124908600420486042
:10CAF00002211048C16000210161022181610021F1
:10CB0000C16101624162C1620163F9F7B1FC08B120
:10CB1000F6F7BEFB80210748F9F73DF840220021D7
:10CB20000448F9F73DF8802201210248F9F738F866
:10CB3000002010BDBC15002010B50246D2F8983276
:10CB400001F08000802809D101F07F00C0EBC00413
:10CB500003F13C0000EB8400807810BD01F07F0001
:10CB6000C0EBC00403F5FE7000EB84008078F4E7AE
:10CB70000246002070470246002070472DE9F0472A
:10CB800004460F4615461E464FF00008C1462B4688
:10CB900032463946D4F89802F9F7D5F8804640462F
:10CBA000FFF754FE81464846BDE8F0872DE9F0477F
:10CBB00004460D4616461F464FF00008C1463B4648
:10CBC00032462946D4F89802F9F703F980464046E0
:10CBD000FFF73CFE81464846BDE8F08710B50446A5
:10CBE0004023002211462046FFF7C8FF01214FF4E1
:10CBF000A270015140214FF4A8700151402300223E
:10CC000080212046FFF7BAFF0121A1614021616226
:10CC1000012084F874020020C4F86C026060C4F83B
:10CC20007C02D4F8900228B12179D4F88C024268B1
:10CC300020469047002010BD014691F8750281F80A
:10CC400074020020704710B5044694F8740203285B
:10CC500008D1D4F88C02C06920B1D4F88C02C16923
:10CC600020468847002010BD0246117400207047FE
:10CC70002DE9F04104460D46002600272946D4F848
:10CC80009802F9F723FD06463046FFF7DFFD074619
:10CC90003846BDE8F08170B504460D46294604F5D6
:10CCA000207000F073F80120C4F86C0240F2862076
:10CCB000005BC4F8700294F8800200F01F0020B1FD
:10CCC000012808D0022812D10BE004F5207120467B
:10CCD00000F041F913E004F52071204600F0A8FAB5
:10CCE0000DE004F52071204600F086F907E094F885
:10CCF000800200F08001204600F004F800BF00BF71
:10CD0000002070BD2DE9F04104460D4600260027A5
:10CD10002946D4F89802F9F788F806463046FFF716
:10CD200095FD07463846BDE8F08170B504460025FC
:10CD30000026D4F89802F9F7EDFC05462846FFF7DF
:10CD400085FD0646304670BD014691F8740281F8B3
:10CD50007502042081F87402002070472DE9F04725
:10CD600004460D4616461F464FF00008C1463B4696
:10CD700032462946D4F89802F9F79CF88046404696
:10CD8000FFF764FD81464846BDE8F0870A780270E7
:10CD90004A7842708B78CA7803EB022242800B7982
:10CDA0004A7903EB022282808B79CA7903EB022253
:10CDB000C28070470246002011B1C2F88C1200E018
:10CDC0000220704701460020704770B504460D46AA
:10CDD000A88810BBE88800BB688880281DD2A87886
:10CDE00000F07F0694F87402032804D129462046F7
:10CDF000FFF724FB15E084F8766231462046FFF702
:10CE000037FF2046FFF758FB1EB1022084F874025A
:10CE100007E0012084F8740203E029462046FFF76A
:10CE20000DFB70BD70B504460D460226D4F88C0289
:10CE300038B1D4F88C02294602682046904700B9E0
:10CE40000026304670BD000070B504460D46A87837
:10CE50003649087008460078012804D9294620463A
:10CE6000FFF7ECFA60E094F87402022802D003287D
:10CE70004FD11CE02D480078A8B12C4800786060A4
:10CE8000032084F87402294801782046FFF7CAFF7E
:10CE9000022804D129462046FFF7D0FA70BD20466B
:10CEA000FFF70AFB02E02046FFF706FB3BE01F48C6
:10CEB000007870B9022084F874021C480078606021
:10CEC0001A4801782046FFF777FA2046FFF7F4FA70
:10CED0001EE0164909786068884216D021792046FC
:10CEE000FFF76AFA11480078606010480178204620
:10CEF000FFF798FF022804D129462046FFF79EFA43
:10CF0000CCE72046FFF7D8FA02E02046FFF7D4FA34
:10CF100009E029462046FFF791FA044801782046A7
:10CF2000FFF74AFA00BF00BF00BFB7E7B803002011
:10CF300070B505460C466088012804D1C5F87C020E
:10CF40002846FFF7B9FA70BD10B504462046FFF732
:10CF5000ECFE002010BD70B505460C46002620787A
:10CF600000F0600060B1202802D040283CD100E0F1
:10CF700000BFD5F88C02214682682846904738E0E9
:10CF800060780A2829D2DFE800F01923281E280A31
:10CF90000528140F21462846FFF74FFB22E02146C3
:10CFA0002846FFF712FF1DE021462846FFF74CFFF9
:10CFB00018E021462846FFF715FB13E021462846D6
:10CFC000FFF7EEFB0EE021462846FFF7B1FF09E030
:10CFD00021462846FFF7FBF904E021462846FFF7E3
:10CFE0002DFA00BF00BF04E021462846FFF726FACD
:10CFF00000BF00BF304670BD2DE9F04105460E462A
:10D000004FF000083479307800F0600060B12028DB
:10D0100002D0402871D100E000BFD5F88C02314623
:10D0200082682846904700E1307800F060002028B0
:10D0300009D1D5F88C02314682682846904780464F
:10D040004046BDE8F081707800285ED001282FD0DE
:10D05000032876D195F87402022802D0032820D143
:10D0600010E054B1802C08D021462846FFF74AFE34
:10D0700080212846FFF746FE03E031462846FFF7A9
:10D08000DDF913E0708840B93CB1802C05D0F08800
:10D0900018B921462846FFF735FE2846FFF70CFA57
:10D0A00004E031462846FFF7C9F900BF00BFB5E0EC
:10D0B00095F87402022802D003281FD110E054B161
:10D0C000802C08D021462846FFF71CFE80212846E8
:10D0D000FFF718FE03E031462846FFF7AFF912E0EC
:10D0E000708848B904F07F0018B121462846FFF740
:10D0F000DCFB2846FFF7E0F905E091E031462846E1
:10D10000FFF79CF900BF00BF88E095F87402022881
:10D1100002D0032876D126E034B1802C04D03146E9
:10D120002846FFF78BF972E004F08000802809D1CF
:10D1300004F07F0000EB800105F1140000EB81009A
:10D1400008E066E004F07F0000EB800105F5A070C8
:10D1500000EB81000746002038600222394628464D
:10D16000FFF799F953E004F0800080280ED104F015
:10D170000F0000EB800105F1140000EB8100406816
:10D1800098B931462846FFF759F940E004F00F00FE
:10D1900000EB800105F5A07000EB8100406820B92C
:10D1A00031462846FFF74AF931E004F08000802834
:10D1B00008D104F07F0000EB800105F1140000EBC2
:10D1C000810007E004F07F0000EB800105F5A0700E
:10D1D00000EB810007460CB1802C02D100203860A2
:10D1E00009E021462846FFF7A7FC10B1012038606E
:10D1F00001E000203860022239462846FFF74BF94B
:10D2000005E0FFE731462846FFF718F900BF00BFE9
:10D2100004E031462846FFF711F900BF00BF04E0E3
:10D2200031462846FFF70AF900BF00BF404608E72D
:10D2300070B505460C460026207800F0600030B13D
:10D24000202802D040282AD100E000BF00BF95F876
:10D250007402012804D0022803D0032818D101E069
:10D2600000BF00BF207901280DD8D5F88C022146D7
:10D270008268284690470646E08840B93EB928466D
:10D28000FFF71AF903E021462846FFF7D7F804E034
:10D2900021462846FFF7D2F800BF00BF04E0214630
:10D2A0002846FFF7CBF800BF00BF002070BD00008C
:10D2B00070B504460B4622461978587801282CD1BF
:10D2C00040F61C0080581D7805F00F060125B5407A
:10D2D000ADB2284340F61C05A85002F5106000EBE3
:10D2E0004110006800F40040F0BB1889C0F30A0048
:10D2F000DD7840EA854040EA815040F0805040F4BB
:10D30000004002F5106505EB41152D68284302F534
:10D31000106505EB411528602DE040F61C00805893
:10D320001D7805F00F060125B540144E06EA0545A7
:10D33000284340F61C05A85002F5306000EB411070
:10D34000006800F4004078B91889C0F30A00DD785D
:10D3500040EA854040F0805040F4004002F53065DE
:10D3600005EB41152D6800E005E0284302F5306526
:10D3700005EB41152860002070BD00000000FFFF94
:10D38000024611464FF410604058C30ADB024FF4C6
:10D390001060435040F60800405800F00600042892
:10D3A00007D14FF41060405840F003034FF4106071
:10D3B000435040F60400405840F4807340F60400A7
:10D3C00043500020704700000FB470B504460A981F
:10D3D000012817D1A06B20F48030A063E0681A49BF
:10D3E0000840E060E06820F44010E06011980128F7
:10D3F00003D1E06840F48010E060204600F026F899
:10D40000054612E0E06840F04000E060204600F091
:10D410001DF805460E9820B9A06B40F48030A0633B
:10D4200003E0A06B20F48030A0630898012807D1A6
:10D43000A06840F00600A060A06840F02000A06056
:10D44000284670BC5DF814FBBFFFBDFF01460022FB
:10D4500000BF501C02460F4B984201D90320704771
:10D46000086900F000400028F3D00022086940F06D
:10D470000100086100BF501C0246064B984201D9CA
:10D480000320ECE7086900F001000028F3D100BF99
:10D49000E5E70000400D030070B504460B46214649
:10D4A0001A785878012826D140F63C0040581D785B
:10D4B00005F00F060125B540ADB2A84340F63C0586
:10D4C000685040F61C0040581D7805F00F060125F5
:10D4D000B540ADB2A84340F61C05685001F5106098
:10D4E00000EB421000681A4D284001F5106505EB6D
:10D4F0004215286029E040F63C0040581D7805F0B0
:10D500000F060125B540134E06EA0545A84340F62F
:10D510003C05685040F61C0040581D7805F00F0689
:10D520000125B5400B4E06EA0545A84340F61C050B
:10D53000685001F5306000EB42100068064D28404D
:10D5400001F5306505EB42152860002070BD000034
:10D55000007833EC0000FFFF0078F3EF70B504466D
:10D56000254640F60400405920F0020140F6040030
:10D5700041510320F7F70AFB002070BD70B5044647
:10D58000254640F60400405940F0020140F60400F0
:10D5900041510320F7F7FAFA002070BD0FB4F0B53F
:10D5A000054600272E46002405E0002105F582707F
:10D5B00040F82410641C0F2CF7D3109860B9A86BA6
:10D5C00040F40010A863A86B20F40020A863A86BA7
:10D5D00020F48020A86307E0286820F40010286069
:10D5E000A86B40F40020A8630020C6F8000ED6F80F
:10D5F0000008C6F800080B9801280BD1089820B93C
:10D600000021284600F0F4FC08E00121284600F043
:10D61000EFFC03E00321284600F0EAFC1021284635
:10D6200000F036FC00B10127284600F01BFC00B1D9
:10D63000012700214FF401608151001D815140F606
:10D640001C00815100242EE006F5106000EB441010
:10D65000006800F00040B0F1004F10D13CB94FF02D
:10D66000006106F5106000EB441001600DE04FF022
:10D67000904106F5106000EB4410016005E00021C8
:10D6800006F5106000EB44100160002106F5106003
:10D6900000EB441001614FF67F3106F5106000EB9E
:10D6A00044108160641C0698A042CDD800242EE06E
:10D6B00006F5306000EB4410006800F00040B0F167
:10D6C000004F10D13CB94FF0006106F5306000EB1F
:10D6D000441001600DE04FF0904106F5306000EB22
:10D6E0004410016005E0002106F5306000EB4410B5
:10D6F0000160002106F5306000EB441001614FF637
:10D700007F3106F5306000EB44108160641C0698A0
:10D71000A042CDD84FF40160805920F480714FF4BD
:10D72000016081510998012809D115494FF403601E
:10D7300081518059134908434FF4036188510020F7
:10D74000A8616FF080406861099818B9A86940F035
:10D750001000A861A8690C490843A8610C9818B189
:10D76000A86940F00800A8611098012803D1A869B1
:10D7700006490843A8613846F0BC5DF814FB000078
:10D78000000180000300010000383C8004000040DC
:10D790000146886820F00100886000207047000082
:10D7A000F0B505460B4614462A46197858780128E4
:10D7B00075D1586920BB02F5106000EB411000697B
:10D7C0006C4E304002F5106606EB4116306102F5F2
:10D7D000106000EB4110006940F4002602F5106073
:10D7E00000EB4110066102F5106000EB411000698A
:10D7F000C60CF60402F5106000EB4110066137E03C
:10D8000002F5106000EB41100069C60CF60402F549
:10D81000106000EB4110066102F5106000EB411052
:10D820000069544E304002F5106606EB4116306137
:10D830009E685869B04201D99868586102F5106035
:10D8400000EB4110006940F4002602F5106000EB87
:10D850004110066102F5106000EB411000695E693D
:10D86000C6F31206304302F5106606EB411630612E
:10D87000012C15D1186928B102F5106000EB411098
:10D880001E69466102F5106000EB4110006840F02F
:10D89000044602F5106000EB4110066068E01BE0F2
:10D8A00002F5106000EB4110006840F0044602F5FC
:10D8B000106000EB411006605869002858D040F60F
:10D8C000340080581E7806F00F070126BE40304312
:10D8D00040F63406B0504BE002F5306000EB4110EA
:10D8E0000069C60CF60402F5306000EB41100661D9
:10D8F00002F5306000EB411000691E4E304002F529
:10D90000306606EB41163061586908B19868586175
:10D9100002F5306000EB4110006940F4002602F58A
:10D92000306000EB4110066102F5306000EB411001
:10D9300000699E68C6F31206304302F5306606EBB6
:10D9400041163061012C07D1D86828B102F530604A
:10D9500000EB4110DE68466102F5306000EB4110DB
:10D96000006840F0044602F5306000EB41100660AC
:10D970000020F0BDFFFF07E070B503460C461946D6
:10D980001D6C1848854209D94FF43060405800F0AA
:10D990000040B0F1004F01D1002070BD0026C1F859
:10D9A000106BD1F8100B40F40026C1F8106BD1F8C1
:10D9B000100B40F01806C1F8106BD1F8100B40F0B6
:10D9C000C046C1F8106B012C09D1C1F8142B4FF4DB
:10D9D0003060405840F080264FF4306046500020C0
:10D9E000DBE700000A30544F30B504460B462246B0
:10D9F0001978587801281ED102F5106000EB41100B
:10DA0000006820F4001502F5106000EB411005607D
:10DA1000D878032802D0D87802282AD102F51060DD
:10DA200000EB4110006840F0805502F5106000EBFB
:10DA3000411005601DE002F5306000EB4110006808
:10DA400020F4001502F5306000EB41100560D87835
:10DA5000032802D0D87802280BD102F5306000EB01
:10DA60004110006840F0805502F5306000EB411035
:10DA70000560002030BD30B504460B4622461978BB
:10DA80005878012821D102F5106000EB41100068A0
:10DA900000F0004060B959B102F5106000EB411090
:10DAA000006820F0804502F5106000EB4110056031
:10DAB00002F5106000EB4110006840F4001502F51B
:10DAC000106000EB4110056020E002F5306000EBD3
:10DAD0004110006800F0004060B959B102F53060B3
:10DAE00000EB4110006820F0804502F5306000EB4B
:10DAF0004110056002F5306000EB4110006840F411
:10DB0000001502F5306000EB41100560002030BDCB
:10DB10002DE9F84381460E4617464D463478707815
:10DB200001287DD1706920BB05F5106000EB441021
:10DB30000069C749084005F5106101EB441108610F
:10DB400005F5106000EB4410006940F4002105F574
:10DB5000106000EB4410016105F5106000EB44100B
:10DB60000069C10CC90405F5106000EB44100161A7
:10DB700055E005F5106000EB44100069C10CC904C4
:10DB800005F5106000EB4410016105F5106000EB35
:10DB900044100069AE49084005F5106101EB4411DD
:10DBA0000861B16870690844401EB0FBF1F0A849F3
:10DBB000C94301EAC04005F5106101EB4411096950
:10DBC000084305F5106101EB4411086105F510608B
:10DBD00000EB441000697169C1F31201084305F5B7
:10DBE000106101EB44110861F078012817D105F5A7
:10DBF000106000EB4410006920F0C04105F5106092
:10DC000000EB4410016105F5106000EB4410006961
:10DC100040F0005105F5106000EB4410016100E098
:10DC20007FE0012F36D1306928B105F5106000EB97
:10DC3000441031694161F07801281ED140F6080096
:10DC4000405900F4807060B905F5106000EB441095
:10DC5000006840F0005105F5106000EB44100160D1
:10DC60000BE005F5106000EB4410006840F08051B7
:10DC700005F5106000EB4410016005F5106000EB45
:10DC80004410006840F0044105F5106000EB4410BA
:10DC90000160DAE005F5106000EB4410006840F028
:10DCA000044105F5106000EB44100160F078012894
:10DCB0000FD070690028ECD040F63400405931781C
:10DCC00001F00F0201219140084340F63401485110
:10DCD000BBE040F60800405900F4807060B905F5DB
:10DCE000106000EB4410006840F0005105F5106032
:10DCF00000EB441001600BE005F5106000EB4410F0
:10DD0000006840F0805105F5106000EB44100160A0
:10DD10000097B08A83B232784846F16800F0E6F99D
:10DD200093E005F5306000EB44100069C10CC904B4
:10DD300005F5306000EB4410016105F5306000EB43
:10DD4000441000694249084005F5306101EB441177
:10DD500008617069D0B905F5306000EB44100069C6
:10DD6000B168C1F31201084305F5306101EB4411BC
:10DD7000086105F5306000EB4410006940F40021B3
:10DD800005F5306000EB4410016126E0B168706970
:10DD90000844401EB0FBF1F01FFA80F805F5306032
:10DDA00000EB441000692A49C94301EAC84108430D
:10DDB00005F5306101EB4411086105F5306000EBB9
:10DDC00044100069B16801FB08F1C1F31201084376
:10DDD00005F5306101EB44110861012F07D1F068AE
:10DDE00028B105F5306000EB4410F1684161F0782E
:10DDF00001281ED140F60800405900F4807060B937
:10DE000005F5306000EB4410006840F0005105F566
:10DE1000306000EB441001600BE005F5306000EB72
:10DE20004410006840F0805105F5306000EB44106C
:10DE3000016005F5306000EB4410006840F00441DB
:10DE400005F5306000EB441001600020BDE8F88368
:10DE5000FFFF07E00146886840F00100886000206D
:10DE600070470000014600221020086100BF501CCE
:10DE70000246064B984201D903207047086900F01A
:10DE800010001028F3D00020F7E70000400D030039
:10DE900010B502460023202040EA8110106100BF27
:10DEA000581C0346054CA04201D9032010BD10693F
:10DEB00000F020002028F3D00020F7E7400D0300F9
:10DEC00010B501460B4640F60804E45804F006027B
:10DED0000AB9002006E0022A01D0062A01D1022058
:10DEE00000E00F2010BD0146486900F001007047B6
:10DEF00001460B4640F61800C258001DC0580240AB
:10DF000090B2704701460B4640F61800C258001DFB
:10DF1000C0580240100C704770B5024613464FF4CB
:10DF20000166F45840F63406F55801F00F0625FA5C
:10DF300006F606F0010644EAC61403F5106606EB81
:10DF40004116B66806EA040070BD10B502461346D5
:10DF500003F5306404EB4114A06840F61404E4585F
:10DF6000204010BD014648698A6910407047F0B5ED
:10DF700003461E460846D71CBD08002405E04FF4A2
:10DF80008057BF590760001D641CAC42F7D3F0BD39
:10DF900070B504460D46E06820F0C040E060012DF9
:10DFA00004D1E06840F00050E06007E025B9E06887
:10DFB00040F08040E06001E0012070BD3220F6F7C3
:10DFC000E5FD0020F9E710B502460B461146D1F8F1
:10DFD000000820F4FE60C1F80008D1F800084FF4F2
:10DFE000FE6404EA03142043C1F80008002010BDB9
:10DFF00002461346D3F800080843C3F8000800207F
:10E000007047000030B503461446022C49D12D4814
:10E01000814204D32C48814201D20F2245E02A4894
:10E02000814204D32948814201D20E223DE0274893
:10E03000814204D32648814201D20D2235E0244892
:10E04000814204D32348814201D20C222DE0214891
:10E05000814204D32048814201D20B2225E01E4890
:10E06000814204D31D48814201D20A221DE01B488F
:10E07000814204D31A48814201D2092215E018488E
:10E08000814204D31748814201D208220DE015488D
:10E09000814204D31448814201D2072205E00622BE
:10E0A00003E00CB9092200E00922D86820F470507E
:10E0B000D860D8684FF4705505EA82252843D860A7
:10E0C000002030BDC0ACD800C0E1E4000024F40062
:10E0D00080730601A0491A01002D310140A44C01B2
:10E0E00000366E0120ABA6010048E8012DE9F0439F
:10E0F00004460D46DDF81CC0A0462E46BCF1000FBC
:10E100000FD1D81C8708002109E008F5805000EBEA
:10E110000230D6F80090C0F80090361D491CB94274
:10E12000F3D30020BDE8F08300BFFEE710B50D4833
:10E13000F9F7ACFE0C4800684068C0F18000C4B23A
:10E140000C2C04D1224609490948F2F721FB802111
:10E150000648F2F779FB802204490248FAF72CF9C5
:10E1600010BD0000E0100020A01100206041002040
:10E17000E041002003B401984100009850EAC1201A
:10E1800018BF04204A0D18BF40F0010040F2FF7292
:10E19000B2EB515F08BF40F00200012808BF052024
:10E1A00002B070474100080218BF04200A0E18BFD1
:10E1B00040F001004FF07F4232EA010108BF40F019
:10E1C0000200012808BF05207047000002480068CF
:10E1D000C0F30220704700000CED00E010B50028ED
:10E1E00004DB0A07130E054A135406E00A07140E4F
:10E1F000034A00F00F031B1FD45410BD00E400E0DD
:10E2000018ED00E0EFF310807047000010B54FF0FC
:10E210000E402DED028BB0EE408A18EE104A00EB56
:10E220004400B0F1506F4AD84FF0FC40B0EB440FBF
:10E2300022D2B0EEC80AF7EE000A30EEC00AF6EEBF
:10E24000000A60EE208A18EE900A06F0BDFE01EE8C
:10E25000100A14F0004F1DBFDFED2D0A9FED2D0AAF
:10E26000B1EE411ADFED2C0A08BF9FED2C0AF8EE43
:10E27000001A21EE218A05E0DFED290A68EE088AFE
:10E28000B0EE600A9FED271ADFED271A30EE080A7C
:10E2900048EE811A9FED251A08EEA11ADFED241A27
:10E2A00048EE811A9FED231A08EEA11A68EE281A8B
:10E2B000BDEC028B01EE810A30EE200A10BD4FF05A
:10E2C000E440B0EB440F0CD918EE100AFFF76AFFD8
:10E2D000042808BF00F08EF9B0EE480ABDEC028BAE
:10E2E00010BD4FF07F40B0EB440F07D2B0EE480AAC
:10E2F000BDEC028BBDE8104000F06DB90120F2F7D3
:10E3000024FBBDEC028BBDE8104000F06BB90000AF
:10E310000000C9BF22AAFDB90000C93F22AAFD39E9
:10E320000000000024FE1C3DC78AD83C1E67383D13
:10E330001B93993DAFAA2A3E10EE100A10B510EEBD
:10E34000901A4FF0684202EB40032DED028BB3F1BF
:10E35000654F3CBF02EB4102B2F1654F7CD200BF7A
:10E36000C0F3C753C1F3C7529A1A1B2A09DD10F034
:10E37000004F14BF9FED6E0A9FED6E0ABDEC028B3D
:10E3800010BD12F11A0F1BDA11F0004F09D010F076
:10E39000004F0CBF9FED680A9FED680ABDEC028B31
:10E3A00010BD80EE208A18EE100AFFF7FBFE04284D
:10E3B00008BF00F01FF9B0EE480ABDEC028B10BD9B
:10E3C0004200B2EB410F37D910F0004F19BFDFED1B
:10E3D0005C1A9FED5C1ADFED5C1A9FED5C1AB0EEE3
:10E3E000602A0A46F1EE400A80F00041B0EE420A8F
:10E3F00010460A1A5200B2F1807F34D2484010F021
:10E40000004FDFED532A9FED533A1DBFBEEE002AA9
:10E4100071EEE21A31EE431AB6EE002A04BF71EE35
:10E42000A21A31EE031AF0EE402A42EE602A40EEC4
:10E43000020A82EEA02A18E011F0004F04BF9FEDFF
:10E44000461AF0EE411AD4D010F0004F1CBFDFED99
:10E45000431A9FED431A00E026E004BFDFED411AA6
:10E460009FED411AC5E780EE202A22EE020ADFED79
:10E470003F0ADFED3F2ABDEC028B40EE202ADFEDA4
:10E480003D0A40EE220ADFED3C2A40EE202ADFED75
:10E490003B0A40EE220A22EE000A00EE201A31EE7C
:10E4A000020A30EE210A10BD4FF07F42B2EB400F5E
:10E4B00028BFB2EB410F05D2BDEC028BBDE8104086
:10E4C00000F08CB840EA01035B0008BF41F0FF4157
:10E4D0000BD0B2EB400F08BFB2EB410F08D120F0D8
:10E4E000804000EE100A21F0804100EE901A37E7DC
:10E4F000B2EB400F12BF5FEA410240F0FF4001F073
:10E5000000413FF42DAF4A0092EA40033FF528AFA7
:10E51000002AACBF9FED1A1A9FED1A1A20EE010ACD
:10E5200060EE810A10EE100A10EE901A18E7000053
:10E53000DB0FC9BFDB0FC93FDB0F4940DB0F49C011
:10E540000000C9BF22AAFDB90000C93F22AAFD39B7
:10E550000060ED3EC30ACE3700000000000049C055
:10E5600022AA7DBA0000494022AA7D3A2DAD65BDA0
:10E570008FB8D53D0FB511BE61C84C3EA8AAAABE42
:10E580000000804F0000802F2DED020B019820F03D
:10E59000004001909DED000B02B0704710B52DEDCD
:10E5A000028BB1EEC08A18EE100A20F00040C0F1D4
:10E5B000FF40C00F0AD010EE100A20F00040C0F15A
:10E5C000FF40C00F04BF0120F2F7BFF9B0EE480AC8
:10E5D000BDEC028B10BD30EE000A704730EE200A11
:10E5E00070470000DFED020A80EEA00A70470000CD
:10E5F000000000009FED020A20EE000A70470000B4
:10E600000000001080F31088704730380A2801D2CB
:10E610000120704700207047010E144A1170C0F3AA
:10E620000741127811FB02F1114A1180C0F3072152
:10E630000E4A127811FB02F10E4A1180C1B20B4A48
:10E64000127811FB02F10C4A1180114609880B4A1D
:10E650001268516307490988084A1268916304499E
:10E660000988064A1268D16370470000C000002084
:10E67000C2000020C4000020C6000020201000209E
:10E68000D0ED000AF4EEC00AF1EE10FA02DD80EDE2
:10E69000000A0CE0D0ED000AB1EE401AF4EEC10A17
:10E6A000F1EE10FA03D2F1EE400AC0ED000A704715
:10E6B00070B52DED028B8AB005460C4616460DB19D
:10E6C00004B11EB90AB0BDEC028B70BD94ED000A16
:10E6D000B5EEC00AF1EE10FA0DD194ED010AB5EED7
:10E6E000C00AF1EE10FA06D194ED020AB5EEC00AA6
:10E6F000F1EE10FA7DD09FED600AB0EE408A002066
:10E700000790089009900490059006905B4A07CA0C
:10E7100001AB07C395ED010AD5ED030A20EE200AEF
:10E72000D5ED000A95ED021A00EEC10AF0EE000ADE
:10E7300020EE200A8DED070A95ED000AD5ED010ABD
:10E7400020EE200AD5ED020A95ED031A00EE810AAB
:10E75000F0EE000A20EE200A8DED080A95ED000A81
:10E7600020EE000AD5ED030A95ED031A00EE810AAA
:10E77000F7EE000AB0EE001A51EE000ACDED090ADC
:10E7800001AB22463146284600F07AF8D4ED000A63
:10E7900060EEA00A94ED011AD4ED011A41EE210AAF
:10E7A00094ED021AD4ED021A41EE210AB0EE600A8D
:10E7B000F4F714F8B0EE408A94ED000A20EE080A4F
:10E7C00084ED000A94ED010A20EE080A84ED010AA6
:10E7D00094ED020A20EE080A84ED020A94ED010A83
:10E7E000DDED090A20EE200AD4ED020A9DED081A9B
:10E7F00000E03EE000EEC10A8DED040A94ED020A4D
:10E80000DDED070A20EE200AD4ED000A9DED091A7D
:10E8100000EEC10A8DED050A94ED000ADDED080A4F
:10E8200020EE200AD4ED010A9DED071A00EEC10A80
:10E830008DED060A96ED000ADDED010A9DED041A44
:10E8400000EE810A86ED000A96ED010ADDED020A6E
:10E850009DED051A00EE810A86ED010A96ED020A89
:10E86000DDED030A9DED061A00EE810A86ED020A2F
:10E8700000BF00BF26E700000000000034AA010826
:10E880002DE9F0412DED048B07460D4614461E463A
:10E890009FED580AB0EE409A9FED560AB0EE408ABE
:10E8A0009FED540AF0EE408AD4ED000A60EEA00A13
:10E8B00094ED011AD4ED011A41EE210A94ED021AE9
:10E8C000D4ED021A41EE210AB0EE600AF3F786FF9A
:10E8D000F7EE000A80EE801AB0EE419AD5ED000AFC
:10E8E000B0EE600AF3F710FEF0EE409AD5ED010AA3
:10E8F000B0EE600AF3F708FE79EE809AD5ED020AD1
:10E90000B0EE600AF3F700FE39EE800AF0EE408ABE
:10E910003948D0ED000A79EE600AB0EE600AF3F7EC
:10E92000F3FDB0EE408A9FED350AB4EEC08AF1EEF9
:10E9300010FA06DC9FED320AF4EEC08AF1EE10FA0E
:10E9400053DD9FED2C2AB0EE420A9FED2A2AF0EE0D
:10E95000421AB7EE002AF0EE420A9FED262AB0EEE8
:10E96000421AB5EEC08AF1EE10FA05DD9FED232ABA
:10E97000C2EE082AB0EE620A9FED222AB4EEC20A65
:10E98000F1EE10FA03D29FED1B2AB0EE420AF5EE2B
:10E99000C08AF1EE10FA05DD9FED192AC2EE282A91
:10E9A000F0EE621AB7EE002AB4EEC20AF1EE10FAE7
:10E9B00003D220EE802AF0EE420AB7EE002AF4EEEF
:10E9C000C21AF1EE10FA03D220EEA12AF0EE420AAA
:10E9D0009FED0D2A20EE822AB0EE421A86ED001A33
:10E9E00086ED011A86ED021A00BFBDEC048BBDE86E
:10E9F000F081000000000000D8040020CDCCCC3D08
:10EA00008FC2F53D9A99993ECDCC4C3E70B50546E6
:10EA10000C460C48046001200A49486000208860C8
:10EA20002846F4F7A9FD08B1F4F732FC2846F4F7BC
:10EA300059FF0A212846F4F7F3FE2846F4F762FE50
:10EA400080B270BDC42B002010B52DED048B86B0B4
:10EA50000446B0EE408AF0EE608AB0EE419A0020A3
:10EA6000039004900590009001900290B0EE000A8F
:10EA7000C8EE000AF0EE609AB0EE690AF3F738FDCE
:10EA80008DED030AB0EE000AC8EE800AF0EE609A3F
:10EA9000B0EE690AF3F72CFD8DED040AB0EE000A22
:10EAA000C9EE000AF0EE609AB0EE690AF3F720FDB5
:10EAB0008DED050AB0EE000AC8EE000AF0EE609A8D
:10EAC000B0EE690AF3F79CFE8DED000AB0EE000A85
:10EAD000C8EE800AF0EE609AB0EE690AF3F790FE95
:10EAE0008DED010AB0EE000AC9EE000AF0EE609A60
:10EAF000B0EE690AF3F784FE8DED020A9DED050A7A
:10EB0000DDED040A20EE200ADDED030A20EE200AE6
:10EB1000DDED020A9DED011A60EE810A9DED001AFD
:10EB200000EE810A84ED000A9DED020ADDED040A83
:10EB300020EE200ADDED030A20EE200ADDED050AB5
:10EB40009DED011A60EE810A9DED001A00EEC10AEA
:10EB500084ED010A9DED050ADDED010A20EE200A93
:10EB6000DDED030A20EE200ADDED020A9DED041A18
:10EB700060EE810A9DED001A00EE810A84ED020A22
:10EB80009DED050ADDED040A20EE200ADDED000A08
:10EB900020EE200ADDED020A9DED011A60EE810AE9
:10EBA0009DED031A00EEC10A84ED030A06B0BDEC28
:10EBB000048B10BD70B505460C4600260DB1022C25
:10EBC00000D870BDA11E06480288284602F0BEFC8F
:10EBD0000646A01E2E54310A601E295400BFF0E7DD
:10EBE0003403002070B505460C4600260DB1022CFA
:10EBF00000D870BD611EFF22284602F0C1FC064607
:10EC0000601E2E5400BFF4E74FF47A7004F000FD4C
:10EC100004F0B0F912E002F04FFDDFED090A30EE2A
:10EC2000200A084880ED000A90ED000A00F042FC3E
:10EC3000054880ED000A642004F0EAFCEBE70000E0
:10EC400000000000BC020020C002002038B50020F7
:10EC500000900024F3F79CFE8020F4F73BF8552049
:10EC6000F4F738F85520F4F735F80090F3F786FEFE
:10EC70009620F3F7FCFEF3F78BFE8020F4F72AF8DA
:10EC80005520F4F727F85520F4F724F80090F3F70F
:10EC900075FE9620F3F7EBFEF3F77AFEB6217E20A1
:10ECA000F4F742F8F3F76AFE5020F3F7DAFEF3F7D1
:10ECB0006FFE8020F4F70EF85520F4F70BF855207E
:10ECC000F4F708F80090F3F759FE9620F3F7CFFE1B
:10ECD000F3F75EFE8020F3F7FDFF5520F3F7FAFF10
:10ECE0005520F3F7F7FF0090F3F748FE9620F3F76F
:10ECF000BEFE9DF800001E2801D0FF2038BD002474
:10ED000037E0F3F745FE04EB44021C4B1A445178FC
:10ED100004EB4402985CF4F707F8F3F72FFE962013
:10ED2000F3F7A5FEF3F734FE04EB4401134A515CFC
:10ED300041F08000F3F7CEFF5520F3F7CBFF5520CD
:10ED4000F3F7C8FF0090F3F719FE9620F3F78FFE54
:10ED500004EB44000949084440789DF800108842BB
:10ED600005D004EB4400054908448078C6E7601CE0
:10ED7000C4B2062CC5DB0020C0E700001003002051
:10ED800010B586B000200190029000900024F3F7A7
:10ED9000FFFD8020F3F79EFF5520F3F79BFF5520E2
:10EDA000F3F798FF0090F3F7E9FD9620F3F75FFE85
:10EDB000F3F7EEFD8020F3F78DFF5520F3F78AFF80
:10EDC0005520F3F787FF0090F3F7D8FD9620F3F76F
:10EDD0004EFEF3F7DDFDB6217E20F3F7A5FFF3F736
:10EDE000CDFD5020F3F73DFEF3F7D2FD8020F3F781
:10EDF00071FF5520F3F76EFF5520F3F76BFF00907E
:10EE0000F3F7BCFD9620F3F732FEF3F7C1FD802047
:10EE1000F3F760FF5520F3F75DFF5520F3F75AFF36
:10EE20000090F3F7ABFD9620F3F721FE9DF800006C
:10EE30001E2802D0FF2006B010BD00243AE0F3F7F0
:10EE4000A7FD04EB44028C4B1A44517804EB4402B6
:10EE5000985CF3F769FFF3F791FD9620F3F707FE4F
:10EE6000F3F796FD04EB4401834A515C41F08000C6
:10EE7000F3F730FF5520F3F72DFF5520F3F72AFF66
:10EE80000090F3F77BFD9620F3F7F1FD04EB4400CF
:10EE90007949084440789DF80010884205D004EB79
:10EEA0004400754908448078C5E75020F3F7D9FD40
:10EEB000601CC4B2042CC2DB00246FE0F3F768FDD1
:10EEC000221D02EB42026C4B1A445178221D02EBC8
:10EED0004202985CF3F728FFF3F750FD9620F3F712
:10EEE000C6FDF3F755FD211D01EB4101624A515C5E
:10EEF00041F08000F3F7EEFE5520F3F7EBFE5520CE
:10EF0000F3F7E8FE0090F3F739FD9620F3F7AFFD35
:10EF1000201D00EB40005849084440789DF800103F
:10EF2000884206D0201D00EB4000534908448078F9
:10EF300081E75020F3F795FDF3F72AFD9220F3F7D0
:10EF4000C9FE062201A91220F3F7A4FEF3F716FD6D
:10EF50009DF80500000200B29DF80410084304EB80
:10EF6000440103AA22F811009DF80700000200B234
:10EF70009DF80610084304EB440102EB4101488070
:10EF80009DF80900000200B29DF80810084304EB48
:10EF9000440102EB41018880601CC4B2022C8DDB6D
:10EFA000F3F7F6FC00216D20F3F7BEFEF3F7E6FC65
:10EFB0009620F3F75CFDF3F7EBFCED20F3F78AFE08
:10EFC0005520F3F787FE5520F3F784FE0090F3F702
:10EFD000D5FC9620F3F74BFD9DF8000008B1042006
:10EFE00029E7F3F7D5FCB6217E20F3F79DFEF3F772
:10EFF000C5FC5020F3F735FDBDF90C00BDF912102A
:10F00000401A40F25551884210DBBDF90E10BDF98F
:10F010001400081A40F25551884207DBBDF9101060
:10F02000BDF91600081AB0F52A7F01DA802002E740
:10F03000F3F7AEFC8020F3F74DFE5520F3F74AFEC0
:10F040005520F3F747FE0090F3F798FC9620F3F76E
:10F050000EFDF3F79DFC8020F3F73CFE5520F3F7FF
:10F0600039FE5520F3F736FE0090F3F787FC962023
:10F07000F3F7FDFC0020DEE60CA7010838B50024FC
:10F0800000200090F3F79AFC69460020F3F715FE84
:10F09000F3F78AFC9620F3F7EAFCF3F78FFC694656
:10F0A0000020F3F70AFEF3F77FFC9620F3F7DFFC6E
:10F0B000F3F784FCB6211420F3F736FEF3F774FC63
:10F0C0005020F3F7CEFCF3F779FC69460020F3F704
:10F0D000F4FDF3F769FC9620F3F7C9FCF3F76EFC37
:10F0E00069460020F3F7E9FDF3F75EFC9620F3F79D
:10F0F000BEFC9DF800000F2801D0FF2038BD002481
:10F100002FE0F3F75BFC04EB4402184B1A445178F0
:10F1100004EB4402985CF3F707FEF3F745FC9620F6
:10F12000F3F7A5FCF3F74AFC04EB44010F4A505CEB
:10F130006946F3F7C2FDF3F737FC9620F3F797FC27
:10F1400004EB44000949084440789DF800108842C7
:10F1500005D004EB4400054908448078CEE7601CE4
:10F16000C4B2062CCDDB0020C8E70000220300203B
:10F1700038B5002000900024F3F720FC69460020F9
:10F18000F3F79BFDF3F710FC9620F3F770FCF3F711
:10F1900015FC69460020F3F790FDF3F705FC962077
:10F1A000F3F765FCF3F70AFCB6211420F3F7BCFD76
:10F1B000F3F7FAFB5020F3F754FCF3F7FFFB694633
:10F1C0000020F3F77AFDF3F7EFFB9620F3F74FFCFF
:10F1D000F3F7F4FB69460020F3F76FFDF3F7E4FB68
:10F1E0009620F3F744FCF3F7E9FB01213C20F3F709
:10F1F0009BFDF3F7D9FB5020F3F733FC00BFF3F787
:10F20000DDFB69463C20F3F758FDF3F7CDFB962074
:10F21000F3F72DFC601CC4B29DF8000000F0020062
:10F2200008B90A2CEBDB0A2C01D1402038BD9DF82F
:10F23000000000F0040008B14020F7E70020F5E7E7
:10F2400038B503460C464948834201D1484903E09A
:10F250004848834200D148490868406800F400608B
:10F2600068B1486B18B1486B0068406828B9886B72
:10F2700028B1886B0068406808B1012038BD0022C1
:10F2800000BF0BE0501C82B2642A07DD08680068EA
:10F2900040F400700D6828600020EFE7086880697E
:10F2A00000F002000028EDD10868006820F400603A
:10F2B0000D6828600868006840F480700D68286058
:10F2C00000220BE0501C82B2642A07DD0868006847
:10F2D00040F400700D6828600020CFE7086840699E
:10F2E00000F001000028EDD004F0FE000D68286158
:10F2F00000220CE0501C82B2B2F5FA7F07DD0868EC
:10F30000006840F400700D6828600020B6E70868C7
:10F31000406900F002000028ECD000BF00200090FF
:10F3200008684069009008688069009000BF00BFCD
:10F3300000220CE0501C82B2B2F5FA7F07DD0868AB
:10F34000006840F400700D682860002096E70868A7
:10F35000406900F080000028ECD00868006840F4A4
:10F3600000700D682860012088E70000005400400C
:10F37000640C002000580040B80C0020F8B504468A
:10F380000D4616461F460C48844208D164203B4671
:10F390003246294600900948F5F738FF0AE0084848
:10F3A000844207D164203B463246294600900548F6
:10F3B000F5F72CFFF8BD000000540040640C00205D
:10F3C00000580040B80C002070B505460D48854235
:10F3D00001D10D4C03E00D48854200D10C4C206852
:10F3E000006840F40040216808602068006820F44C
:10F3F0000040216808602046F5F720FE08B1F3F7C9
:10F4000047FF70BD00540040640C002000580040CD
:10F41000B80C0020002002490968C863704700004A
:10F42000E00F0020034A12689062024A1268D1631A
:10F4300070470000E00F002010B504461A4800781D
:10F4400040B91A48007828B9174804706420174951
:10F45000087028E01448007838B914480078401E35
:10F4600012490870FFF7D6FF1DE011480078401CD4
:10F470000F49087008460078322802DAFFF7CAFF01
:10F4800011E00B480078642805DA47F2305101207A
:10F49000FFF7C8FF07E00020054908700248007820
:10F4A000401E0149087010BDAF020020B0020020CC
:10F4B000B1020020F0EE400A20EEA02AB0EE421A7F
:10F4C00021EE202AF0EE421A9FED282AF4EEC20A1D
:10F4D000F1EE10FA02D29FED260A31E09FED252AC7
:10F4E000F4EEC20AF1EE10FA10D29FED232A21EEBB
:10F4F000822ADFED222A02EEC12ADFED212A02EE66
:10F50000A02ADFED202A32EE620A19E09FED1E2AC2
:10F51000F4EEC20AF1EE10FA10D29FED1C2A21EE91
:10F52000822ADFED1B2A02EEC12ADFED1A2A02EE43
:10F53000A02ADFED192A32EE620A01E0B7EE000AD6
:10F54000B5EEC00AF1EE10FA04D29FED092AB0EE32
:10F55000420A0AE0B7EE002AB4EEC20AF1EE10FA4F
:10F5600003DDB7EE002AB0EE420A704700009C416E
:10F57000000000003333AF411399B93BFB5CAD3E53
:10F58000E17AD84014AE34420000CC4161E0B93C8D
:10F5900046B6D33F295C21423333A4432DE9F05FC3
:10F5A0000546884691469A46DDF828B07DB1B8F107
:10F5B000000F0CD0B9F1000F09D0BAF1000F06D03E
:10F5C000BBF1000F03D00B9808B10C9808B9BDE847
:10F5D000F09F002600270024288A698A401A04B276
:10F5E000002C03DA41F6FF70204404B2204604EBFD
:10F5F000D0712A8AA2EB61010CB2B4F5005F04DB82
:10F60000A4F5F850FF3804B205E0002C03DA41F607
:10F61000FF70204404B2A8F80040B8F80010288A0F
:10F6200003F0BAFE8AED000AB8F80010688A03F009
:10F63000B3FE8BED000A95ED020ADFED3C0A80EE89
:10F64000201ABDEEC10A10EE100A04B2A88A2044A6
:10F6500006B295ED030ADFED350A80EE201ABDEE05
:10F66000C10A10EE100A04B2E88A204407B2B6F5C7
:10F67000005F04DBA6F5F850FF3806B205E0002E67
:10F6800003DA41F6FF70304406B2B7F5005F04DBE1
:10F69000A7F5F850FF3807B205E0002F03DA41F66E
:10F6A000FF70384407B2F01B04B2B4F5805F04DD8C
:10F6B000A4F5F850FF3804B206E014F5805F03DAD1
:10F6C00041F6FF70204404B2BE4203DD41F6FF70F4
:10F6D000384407B2204604EBD071A6EB61010CB2AE
:10F6E000B4F5005F04DBA4F5F850FF3804B205E080
:10F6F000002C03DA41F6FF70204404B2A9F8004060
:10F70000B9F80010A88A03F047FEB1EE400A0B9842
:10F7100080ED000AB9F80010E88A03F03DFEB1EE72
:10F72000400A0C9880ED000A00BF50E7DB0F493A11
:10F73000F8B50024002500BF69E004EB840303EB67
:10F74000C403344E33441B7903F07F0204EB84037B
:10F7500003EBC4033344D3F805102F4BE81801F032
:10F760000AFE04EB840000EBC40031460844007933
:10F7700000F07F0005EB800085B227496818012260
:10F78000694601F0F8FD9DF8000004EB840101EBEF
:10F79000C401324650549DF8010004EB840101EB92
:10F7A000C401114448709DF8020004EB840101EB90
:10F7B000C401114488709DF8030004EB840101EB3F
:10F7C000C4011144C870281D85B204EB840000EB0D
:10F7D000C40011460844C078552816D004EB8400B4
:10F7E00000EBC4000844D0F8090070B104EB8400B9
:10F7F00000EBC4000844007920F08000803004EB66
:10F80000840101EBC40111440871601CC4B2052CD1
:10F8100093DBF8BDA82C002000000A0870B5002476
:10F82000002500BF2DE004EB840303EBC4031B4E53
:10F8300033441B795B06DA0D04EB840303EBC4034A
:10F840003344D3F80510164B5819F0F75CFF04EB5E
:10F85000840000EBC40031460844007900F07F00CA
:10F8600005EB800085B20E48284404EB840101EBCF
:10F87000C4013246114409680160281D85B2601C2C
:10F88000C4B2052CCFDB0121064801F05DFD1E222C
:10F890000349044801F07AFD70BD0000A82C002047
:10F8A000302C002000000A087CB506460D46344680
:10F8B000ADB994ED042AF0EE421A94ED032AB0EEAD
:10F8C000421A94ED022AF0EE420A94ED012AB0EEBB
:10F8D000420A6188208804F0A3FF00207CBD012D2E
:10F8E00016D104F11000011F0B1F221DCDE90010DD
:10F8F000A11C204601F00CF918B1FFF78BFD012087
:10F90000ECE744F61F611F20FFF78CFD0020E5E7C0
:10F910000020E3E770B506460C46354634B9294663
:10F9200005F10C00F9F7D0FA002070BD012C1ED1B2
:10F93000104A294605F10C00F9F788FA0D480088AD
:10F9400044F62061884209DD00200A490880FFF75B
:10F9500061FD2420FBF730FA0120E6E7FBF754FABB
:10F9600042F210715F20FFF75DFD0020DDE700200F
:10F97000DBE700001A01002070B505460E462C4654
:10F980000EB9012070BD0020207001F07BFFBDEE9C
:10F99000C00A10EE100A0A3040B2E07094F9030079
:10F9A0002D2801DD2D20E07043F23900A4F801007C
:10F9B000B3EE060A10EE100A60600120E2E70000D4
:10F9C00010B5002400BF26E02748015D04EB840049
:10F9D00000EBC400254A1044007961F3060004EBF3
:10F9E000840101EBC40111440871214850F824003E
:10F9F00004EB840101EBC4011144C1F805001D486A
:10FA000050F8240004EB840101EBC4011144C1F857
:10FA10000900601CC4B2052CD6DBFFF789FE002468
:10FA20001FE004EB840000EBC40010490844C078D8
:10FA3000552814D104EB840000EBC4000844D0F82E
:10FA4000090060B10A4951F8240004EB840101EB7C
:10FA5000C401064B1944D1F8092000219047601CCD
:10FA6000C4B2052CDDDB10BDEC000020A82C00206A
:10FA7000D8000020F400002001F0EEFE4A490860A2
:10FA800091E0FAF7DFFF0020484908707EE0474820
:10FA9000007800EB800101EBC00045490844007983
:10FAA000C00900286DD04148007800EB800101EBCF
:10FAB000C0003F490844D0F80900002861D03D4902
:10FAC0003A4B1B7851F823003849097801EB810340
:10FAD00003EBC101364B1944D1F8092001219047AD
:10FAE000F0B33248007800EB40003349085C2F49FE
:10FAF000097801EB810202EBC1012D4A50542B48D9
:10FB0000007800EB40002C490844407827490978E8
:10FB100001EB810202EBC101254A114448702348E0
:10FB2000007800EB40002449084480781F49097898
:10FB300001EB810202EBC1011D4A1144887055207E
:10FB40001A49097801EB810202EBC101184A1144FC
:10FB5000C8701648007800EB800101EBC00000E09F
:10FB60000FE011460844007920F080000F49097821
:10FB700001EB810202EBC1010D4A11440871FFF74C
:10FB80004DFE0A480078401C084908700748007874
:10FB90000528FFF67CAF012003F03AFD002005F0B8
:10FBA000B1FE064908606CE7CC0000200C01002083
:10FBB000A82C0020D800002058830108C80000208D
:10FBC00000B58BB00120099000200790012008901B
:10FBD000002001900290039004900690059001A9E6
:10FBE0000C48F3F7DDFF0B48F4F725FD0221094827
:10FBF000F3F716FF0E200A90069001A90648F3F7C6
:10FC0000CFFF0548F4F717FD02210348F3F708FF7B
:10FC10000BB000BD6C050020940500202DE9F041DB
:10FC200007460C4615461E4617B10CB105B10EB974
:10FC3000BDE8F0812048007830B933462A46214695
:10FC4000384600F04FFF35E01B480078012806D108
:10FC500033462A462146384600F08CFB2AE01648F7
:10FC60000078022806D133462A462146384600F05D
:10FC700043FA1FE010480078032806D133462A468D
:10FC80002146384600F056F914E00B480078042865
:10FC900006D133462A462146384600F053FB09E098
:10FCA00005480078052805D133462A4621463846BE
:10FCB00000F076FB00BFBBE74001002010B5044612
:10FCC00004B910BD2068807A03280CD12068007D1B
:10FCD00000F0100018B104202249087012E0022040
:10FCE000204908700EE02068807A022803D10120A4
:10FCF0001C49087006E02068807A012802D104209F
:10FD00001849087002F07AFA10B1012015490870FC
:10FD10001448007810B90320207421E011480078BD
:10FD2000012802D1032020741AE00E48007802282E
:10FD300002D10020207413E00A480078032802D181
:10FD4000012020740CE007480078042802D102202A
:10FD5000207405E003480078052801D103202074B1
:10FD600000BFAEE74001002030B52DED088B85B017
:10FD700005469FED6F0AB0EE408A9FED6D0AB0EE2A
:10FD8000409A9FED6B0AF0EE408A002001900290AD
:10FD9000039004900024D5ED801AB0EE611AD5EDE1
:10FDA0007F1AF0EE610AD5ED7E1AB0EE610A01A865
:10FDB00000F06EFE287C03281AD100BF12E001A8D3
:10FDC00000EB840090ED000ABDEEC00A10EE100AB0
:10FDD00001B204EB840205F1140000EB8200018201
:10FDE000601CC4B2042CEADB05B0BDEC088B30BD4E
:10FDF000002434E001A800EB840090ED000A04EB3D
:10FE0000840105F1140000EB810080ED030A04EB8E
:10FE1000840205F1140000EB820090ED030A10EE5D
:10FE2000101A084607F0CCFF41EC1B0BB0EE4B0A52
:10FE3000F0EE6B0AFEF7A8FBB0EE40AAF0EE60AA67
:10FE400051EC1A0B07F00CF808EE900AB4EEE88AB1
:10FE5000F1EE10FA01D2B0EE688A601CC4B2042C34
:10FE6000C8DBB1EE000AB4EEC08AF1EE10FA1DDD77
:10FE7000B1EE000AC0EE080AB0EE609A002413E06A
:10FE800004EB840105F1140000EB810090ED030AFE
:10FE900020EE090A04EB840105F1140000EB810057
:10FEA00080ED030A601CC4B2042CE9DB00241DE0D1
:10FEB00004EB840205F1140101EB820191ED031AB8
:10FEC000F0EE410A04EB840205F1140101EB82011A
:10FED00091ED021AB0EE410A04EBC40205F164018F
:10FEE00001EBC200FAF712FC601CC4B2042CDFDB89
:10FEF000284600F083FA002415E004EBC40105F164
:10FF0000640000EBC10090ED080ABDEEC00A10EEDF
:10FF1000100A01B204EB840205F1140000EB820028
:10FF20000182601CC4B2042CE7DB00BF5CE7000068
:10FF3000000000002DE9F04106460F4615461C461C
:10FF400016B10FB105B10CB9BDE8F08122463946B2
:10FF5000304600F04BFBD4ED830A2068B0F9040072
:10FF600001EE100AB8EEC11ADFED071A41EEC10A20
:10FF7000B0EE600A9FED051ADFED050A03F092F975
:10FF800085ED000A00BFDFE7BD370636DB0F4940CD
:10FF9000DB0F49C070B5044604B970BD002500BF31
:10FFA0002DE005EB850104F1140050F82100B0F9B3
:10FFB000020000EE100AB8EEC00ADFED4A0A20EE99
:10FFC000200A05EB850104F1140000EB810080EDAF
:10FFD000020A05EBC50104F1640000EBC10090EDDD
:10FFE0000C0ADFED410A20EE200A05EB850104F141
:10FFF000140000EB810080ED010A681CC5B2042DDD
:020000040801F1
:10000000CFDB94ED070AB1EE400AD4ED0C0A30EED6
:10001000200AD4ED110A30EE200AD4ED160A30EE93
:10002000600AF5EE000A20EE200A84ED7B0A94EDCA
:10003000070AB1EE400AD4ED0C0A30EE600AD4EDA6
:10004000110A30EE200AD4ED160A30EE200AF5EE41
:10005000000A20EE200A84ED7C0A94ED070AB1EE36
:10006000400AD4ED0C0A30EE600AD4ED110A30EEED
:10007000600AD4ED160A30EE600AF5EE000A20EEB2
:10008000200ADFED1A0A80EE201A84ED7D1AE0685E
:10009000D0ED000A606890ED3A1A70EEC10AB0EE39
:1000A000600A9FED131ADFED130A03F0FBF884EDED
:1000B000880AE068D0ED010AA06890ED3A1A70EE67
:1000C000C10AB0EE600A9FED0A1ADFED0A0A03F0DA
:1000D000E9F884ED890AE06890ED020A84ED8A0A65
:1000E00000BF5AE70A01DA390000FA43CDCC4C3E92
:1000F000DB0F4940DB0F49C02DE9F04107460E46B2
:1001000015461C4617B10EB105B10CB9BDE8F0811A
:1001100022463146384600F069FA2068007D00F03A
:10012000200058B13248007858B901203049087091
:100130009FED300A304880ED000A02E000202C4993
:1001400008702068007D00F0010070B92068007D13
:1001500000F0020048B92068007D00F0040020B9DA
:100160002068007D00F0080028B19FED240A244893
:1001700080ED000A04E09FED230A214880ED000A8B
:100180001B480078B0B11C4890ED000AF0F782F9E6
:100190001B48D0ED000A20EE200A1B4880ED000A23
:1001A000154890ED000ADFED190A30EE200A80EDC7
:1001B000000A04E09FED0F0A134880ED000A0E4884
:1001C00090ED000ADFED120AB4EEE00AF1EE10FA4B
:1001D00007DD90ED000ADFED0E0A30EE600A80EDDB
:1001E000000A094890ED000A85ED000A00BF8DE77E
:1001F0005001002000000000440100207CD9A03EF6
:100200004C0100203333333F480100207C594444E3
:10021000DB0FC94070B5044604B970BD03202074DB
:1002200001F01AFB206001F0BDF9E06001F060FB15
:10023000606001F00DFBA060002517E0284601F08A
:100240005FFA05EB850204F1140141F8220005EB89
:10025000C502503101EBC200DFED1C0A9FED1C0A04
:100260001C4A0021FAF770FB681CC5B2042DE5DBBF
:10027000DFED190AB1EE080A184A002104F5C27030
:10028000FAF762FB16499FED170A04F5E67001F0D4
:1002900049F815499FED130A04F5EE7001F042F894
:1002A000B0EE000A84ED840AB8EE000A84ED850AF7
:1002B000B7EE080A84ED860ABFEE080A84ED870AC5
:1002C0002046FFF767FE00BFA7E700000000FA44E2
:1002D00000007A4668830108CDCC4C3E7483010847
:1002E000808301086F12033B8483010800B97047C3
:1002F000417C027C914200D1F9E7417C31B1017C23
:1003000021B99FED0F0A80ED820A14E0417C01299A
:1003100007D0017C012904D190ED880A80ED830A81
:1003200009E0417C022906D0017C022903D190ED2D
:10033000880A80ED830A017C417400BFD7E7000082
:10034000000000002DE9F04107460E4614461D4608
:1003500017B10EB104B10DB9BDE8F0812A4631469E
:10036000384600F043F9B1EE040A84ED000A00BFFC
:10037000F2E7000010B109B102B103B970479FED77
:10038000070A80ED000A9FED050A81ED000A9FED46
:10039000030A82ED000A00BFF0E700000000000041
:1003A00010B510B109B102B103B910BD1C68B4F9A0
:1003B000024004EB8404640000EE104AB8EEC00A68
:1003C00080ED000A1C68B4F90040644204EB840428
:1003D000640000EE104AB8EEC00A81ED000A1C6805
:1003E000B4F90440644204EB8404640000EE104A53
:1003F000B8EEC00A82ED000A00BFD6E770B52DED59
:100400000A8B82B004469FED700A8DED010A9FEDC4
:100410006E0A8DED000A9FED6C0AF0EE408A9FEDAA
:100420006A0AB0EE408A01F01BFA05460B2004F080
:1004300031FE20B19FED650AF0EE408A6BE0022D9F
:1004400002D0662D00D025B99FED600AF0EE408AFB
:1004500061E0694601A801F05FF99DED000ADFED5A
:100460005C0AB4EEE00AF1EE10FA18D2DDED000AF3
:10047000B1EE041AF4EEC10AF1EE10FA06DDDDED7C
:10048000000A9FED531A80EE810A01E09FED510AA8
:10049000DFED510A60EE200AF0EE608A3BE09DED50
:1004A000010ADFED4E0AB4EEE00AF1EE10FA2EDD9D
:1004B0004B48408900EE900AF8EE600A9DED011A63
:1004C000F4EEC10AF1EE10FA16DD4548408900EE5F
:1004D000900AF8EE600A9DED011A30EEC11A40480C
:1004E000408900EE900AF8EE600ADFED3C1A70EEEB
:1004F000E10A81EE200A01E09FED330ADFED360AC2
:100500009FED381A41EE000AF0EE608A03E09FED9D
:10051000360AF0EE408A9FED2C0AB0EE408A0026A3
:100520002AE006EBC60204F1640000EBC20090ED85
:10053000080A10EE101A084607F042FC41EC1C0BAA
:10054000B0EE4C0AF0EE6C0AFEF71EF8B0EE40AAD0
:10055000F0EE60AA18EE100A07F032FC41EC1B0B1B
:1005600053EC1A2B06F0DEFD41EC190B06F078FC7B
:1005700008EE100A701CC6B2042ED2DBB4EEE88A74
:10058000F1EE10FA1CDDC8EE880AB0EE600AD4ED78
:10059000210A60EE800AC4ED210AD4ED330A60EE30
:1005A000800AC4ED330AD4ED450A60EE800AC4ED3A
:1005B000450AD4ED570A60EE800AC4ED570A00BF21
:1005C00002B0BDEC0A8B70BD0000000000007A474D
:1005D00000004842CDCCCC3D00007A4600002042CD
:1005E000B335002000409C4600A00C472DE9F041A7
:1005F0002DED028B0746884614461CB117B1B8F1A1
:10060000000F03D1BDEC028BBDE8F0812068B0F98A
:1006100002000A2805DC2068B0F9020010F10A0F78
:1006200003DA2068B0F9025000E000252068B0F934
:1006300000000A2805DC2068B0F9000010F10A0F5C
:1006400003DA2068B0F9006000E0002600EE105ADE
:10065000B8EEC00ADFED350A20EE208A00EE106AFF
:10066000B8EEC00ADFED320A60EE208A2068007D15
:1006700000F0010020B194ED840AB0EE408A08E059
:100680002068007D00F0020018B194ED850AB0EEFC
:10069000408A2068007D00F0040020B194ED860AB5
:1006A000F0EE408A08E02068007D00F0080018B1F4
:1006B00094ED870AF0EE408AB0EE480A04F5E67041
:1006C00000F005FEB0EE680A04F5EE7000F0FFFDE4
:1006D0009FED180AB4EEC08AF1EE10FA0AD29FED2F
:1006E000160AB4EEC08AF1EE10FA03DD9FED130A8C
:1006F00084ED740A9FED120AF4EEC08AF1EE10FA4E
:100700000AD29FED100AF4EEC08AF1EE10FA03DD72
:100710009FED0A0A84ED780A94ED740A87ED000AC9
:1007200094ED780A88ED000A00BF6BE7A69BC43BF6
:100730000AD7A3BB90C2753D90C275BD00000000F2
:10074000CCCC4C3DCCCC4CBD10B52DED028B84B047
:1007500004461CB904B0BDEC028B10BD9FED910A9C
:100760008DED030A9FED8F0A8DED020A9FED8D0A34
:100770008DED010A234601AA02A903A8FFF74EFA4C
:10078000207C002870D19FED870AB0EE408A9FED53
:10079000850AF0EE408A6068D0ED3A0AF1EE600A10
:1007A000B0EE600AEFF776FEB0EE408A6068D0EDFA
:1007B0003A0AF1EE600AB0EE600AEFF72FFEF0EEB3
:1007C000408A9DED030A28EE800ADDED020A08EE5C
:1007D000200A84ED7E0AB1EE480ADDED030A20EE20
:1007E000200ADDED020A08EEA00A84ED7F0A9FEDE3
:1007F0006E1ADFED6E0A9DED010A02F053FD84EDE5
:10080000820A94ED821AF0EE410A606890ED3A1A7D
:10081000B0EE410A04F5C270F9F778FFB1EE400A74
:1008200084ED800AD4ED841AB0EE611AD4ED851AF5
:10083000F0EE610AD4ED7E1AB0EE610A00F0F2FD2E
:1008400084ED7E0AD4ED861AB0EE611AD4ED871AD3
:10085000F0EE610AD4ED7F1AB0EE610A00F0E2FD1D
:1008600084ED7F0A9BE0FFE7207C012844D19FEDC7
:100870004D0AB0EE408A9FED4C1ADFED4C0A9DED1B
:10088000010A02F00FFD84ED830AD4ED830A94ED92
:10089000881A70EEC10AB0EE600A9FED431ADFEDD0
:1008A000430A02F0FFFCB0EE408AF0EE480A9FEDEA
:1008B0003D0A04F5C270F9F729FF84ED800A94ED32
:1008C000840AB0EE401A94ED850AF0EE400A9DEDE0
:1008D000030A00F0A7FD84ED7E0A94ED860AB0EECF
:1008E000401A94ED870AF0EE400A9DED020A00F0EE
:1008F00099FD84ED7F0A52E0207C022838D19FEDDB
:10090000290AB0EE408A9FED270AF0EE408A60681F
:10091000D0ED3A0AF1EE600AB0EE600AEFF7BAFDE8
:10092000B0EE408A6068D0ED3A0AF1EE600AB0EEAF
:10093000600AEFF773FDF0EE408A9DED030A28EEA2
:10094000800ADDED020A08EE200A84ED7E0AB1EE8F
:10095000480ADDED030A20EE200ADDED020A08EE6A
:10096000A00A84ED7F0AB2EE000A84ED800A16E048
:10097000207C032813D19DED030A84ED7E0A9DEDB2
:10098000020A84ED7F0A9DED010A84ED800A9FED45
:10099000050A84ED740A9FED030A84ED780A00BF0E
:1009A000D8E6000000000000DB0F4940DB0F49C023
:1009B00010B5044604B910BD2046FFF77FF900BF0B
:1009C000F9E7000040F2651005F01CF92E48FFF72A
:1009D00021FC02E0022005F015F9012004F05AFB89
:1009E0000028F7D1022004F055FB0028F2D10320A3
:1009F00004F050FB0028EDD1042004F04BFB00284C
:100A0000E8D104F047FB0028E4D13CE01E48FFF7A2
:100A1000CFFF1D48FFF76AFC1B48FFF7BBFA1A48D7
:100A2000FFF792FE1848FFF79FF9012004F032FB10
:100A300058B1022004F02EFB38B1032004F02AFB49
:100A400018B1042004F026FBA8B9002004F022FB12
:100A500030B100231A4619461846F2F79DF90AE00C
:100A6000094CB4F96030B4F94C20B4F93810B4F939
:100A70002400F2F791F9022005F0C4F8002004F0F8
:100A800041FF02490860C1E7B82D0020680100203D
:100A9000F1EE401A71EEE01A9FED102A42EE011AB3
:100AA000C0ED001A70EE601A9FED0C2A42EE011A9A
:100AB000C0ED011A70EE201A9FED092A42EE011ACC
:100AC000C0ED021AF1EE401A71EEA01A9FED042A51
:100AD00042EE011AC0ED031A70470000EB5138BE18
:100AE000AF4761BE10B109B102B103B970479FEDC4
:100AF000070A80ED000A9FED050A81ED000A9FEDCF
:100B0000030A82ED000A00BFF0E7000000000000C9
:100B10002DE9FE438046894614461D46DDE90A67F5
:100B20003E4890F8500260BB01213C4880F85012CA
:100B300090ED850A80ED900AD0F8240101883748AD
:100B4000A0F84C1290ED400A80ED8E0A00690188F1
:100B50003248A0F8481290ED850A80ED910AD0F84D
:100B6000240101882D48A0F84E1290ED400A80ED36
:100B70008F0A006901882948A0F84A120020BDE8C0
:100B8000FE83264890F85002052845D123464A4660
:100B9000414623488DE8E000FEF700FD94ED000A91
:100BA000DFED200A30EE600A84ED000A95ED000AC0
:100BB000DFED1C0A30EE200A85ED000A96ED000AF2
:100BC000DFED180A30EE600A86ED000A97ED000AA4
:100BD000DFED140A30EE200A87ED000AB8F80010A5
:100BE0000E48A0F8EE1094ED000A80ED3C0A95ED59
:100BF000000A80ED3D0AB9F80010A0F8021296ED47
:100C0000000A80ED810A97ED000A80ED820A00213A
:100C100080F850120120B2E70020B0E70032002037
:100C200038340020CDCCCC3D074800680749B0FBE4
:100C3000F1F007490870044800684FF47A71B0FB7E
:100C4000F1F0044908607047A000002040420F0006
:100C5000A8000020AC00002070B50346002400214D
:100C60000020002200254FF0E02675690D4E3678F1
:100C700003FB06F44FF0E026B16910E04FF0E026E8
:100C8000B06988420BD0884202D20E1A324402E088
:100C90002E1A0E4432440146A24200D300E0EDE792
:100CA00000BF70BDA800002010B5044604EBC400CE
:100CB000454901EB8000006804EBC401424A02EBA5
:100CC0008101486005F046FE04EBC4013E4A02EB98
:100CD0008101086004EBC400114601EB8000C07C78
:100CE000C0F38010B0B104EBC40001EB8000C07C05
:100CF00020F0400004EBC40102EB8101C87404EB56
:100D0000C400114601EB8000006804EBC40102EB53
:100D10008101C86004EBC4002B4901EB80008069AD
:100D200090B304EBC401284A02EB81018869804733
:100D300058B304EBC400244901EB8000C07C20F0D0
:100D40002000203004EBC4011F4A02EB8101C8746B
:100D500004EBC400114601EB8000C07C20F0800051
:100D6000803004EBC40102EB8101C87404EBC400C1
:100D7000114601EB8000006A28B304EBC40102EBCA
:100D80008101086A80471EE00FE0FFE704EBC40022
:100D90000D4901EB8000C07C20F0800004EBC40111
:100DA000094A02EB8101C8740DE004EBC400064956
:100DB00001EB8000C07C20F0800004EBC401024AFB
:100DC00002EB8101C87410BDE42F002010B596B06D
:100DD000044654225A4901A8EFF7DAFC00209FE0AC
:100DE00000EB400101AA32F8112000EBC001554B85
:100DF00003EB8101098A62F30B0100EBC00203EBF4
:100E00008202118200EB400101AA02EB41014A88F3
:100E100000EBC00103EB8101B1F8111062F30F1177
:100E200000EBC00203EB8202A2F8111000EB4001BC
:100E300001AA02EB4101097900EBC00203EB820237
:100E4000D27C61F3440200EBC00103EB8101CA7460
:100E5000002100EBC00203EB8202916100EBC002B3
:100E600003EB8202D16100EBC00203EB820211624C
:100E700000EBC0011A4602EB8101C97C21F001019F
:100E8000491C00EBC00203EB8202D17400EBC001ED
:100E90001A4602EB8101C97C21F02001203100EBD0
:100EA000C00203EB8202D17400EBC0011A4602EBD0
:100EB0008101C97C21F04001403100EBC00203EB0D
:100EC0008202D17400EBC0011A4602EB8101C97C99
:100ED00021F08001803100EBC00203EB8202D1746B
:100EE0009FED190A10EE101A00EBC00203EB82020C
:100EF000516100EBC0011A4602EB81010C6000EB6E
:100F0000C00102EB81014C6000EBC00102EB8101EA
:100F10008C6000EBC00102EB8101CC60411CC8B2C7
:100F20000E28FFF65DAF00210648C0F8EC11074916
:100F3000C0F8F0110021C0F8F41116B010BD000087
:100F400088830108E42F00200000000041A0000871
:100F500005F000FD9B49086008460068FFF736FF72
:100F6000392004F04FFE2CE105F0F4FC95490860AF
:100F70000E2095490870954890F80B0220F040012A
:100F8000924880F80B1290F80B0220F020018F4855
:100F900080F80B12002409E104EBC4008B4901EB3B
:100FA0008000C07C00F0010000B9FEE004EBC4004A
:100FB000864901EB8000006882490968081A04EB41
:100FC000C401824A02EB8101098AC1F30B01884204
:100FD00060D904EBC400114601EB8000C07CC0F373
:100FE000401008BB04EBC40001EB8000C07C20F083
:100FF0004000403004EBC40102EB8101C87404EBF3
:10100000C400114601EB8000C07C20F0200020309D
:1010100004EBC40102EB8101C8746A48006804EB68
:10102000C40102EB8101886004EBC400674901EB55
:101030008000C07CC0F343006349097801EBC10123
:10104000624A02EB8101C97CC1F34301884201DDA0
:101050005D490C705D4890F80B0220F04000403074
:101060005A4981F80B02084690F80B0220F0200044
:10107000203081F80B0204EBC40001EB8000C06952
:10108000002806D004EBC401504A02EB8101C86974
:10109000804789E004EBC4004C4901EB8000C06844
:1010A00048490968081A04EBC401484A02EB810167
:1010B000B1F81110B0EB111F1BD204EBC4001146A4
:1010C00001EB8000C07C20F0400004EBC40102EB87
:1010D0008101C87404EBC400114601EB8000C07CA0
:1010E00020F02000203004EBC40102EB8101C87421
:1010F0005AE004EBC400354901EB8000C07C20F0CD
:10110000400004EBC401314A02EB8101C87404EBD6
:10111000C400114601EB8000C07CC00968B104EB3B
:10112000C40001EB8000C07C20F02000203004EBE4
:10113000C40102EB8101C8740DE004EBC400234933
:1011400001EB8000C07C20F0200004EBC4011F4AAA
:1011500002EB8101C87404EBC4001C4901EB800060
:10116000006804EBC401194A02EB81014968884216
:101170001AD904EBC400114601EB8000006804EBAF
:10118000C40102EB81014968401A00EE100AF8EE32
:10119000400A9FED0F1A81EE200A10EE100A04EBB0
:1011A000C40102EB8101486100BF641C0E2CFFF6F4
:1011B000F3AE0A2004F026FD002004F0A3FB05494D
:1011C0000860D1E67001002074010020E42F0020A7
:1011D00000007A446C01002070B504460026FDF73B
:1011E00011F8054672B661682069884201D9206805
:1011F0002061206906782069401C2061A068401C9D
:10120000A060E068401EE0602846FDF7FBF930462C
:1012100070BD034619608818401E58609A6000200F
:10122000D8601961596170472DE9F0470446884636
:101230001546FCF7E7FF824672B6B8F1000F00D101
:101240003CE0A06800B939E061686069884201D972
:1012500020686061A068A84201DD284600E0A0681F
:10126000054661696068401A461CAE4209DB2E469D
:10127000324641466069EFF746FA60693044606182
:101280000FE0A5EB0609324641466069EFF73BFAED
:1012900008EB06014A462068EFF735FA2068484413
:1012A0006061A068401BA060E0682844E0602F46B1
:1012B0005046FDF7A7F93846BDE8F0875046FDF7E0
:1012C000A1F94FF0FF30F7E70146C868704710EE0C
:1012D000101A0160816800EE901AC16801EE101AC0
:1012E00070EE811A816800EE901A80EEA11A4168B2
:1012F00000EE901A61EE200A816801EE101AC168B2
:1013000001EE901A31EE212A01EE101AC1EE021AF6
:10131000016801EE101A41EE810A10EE901A416048
:101320007047000010EE102AC2600A688260DFED8C
:10133000050A10EE902A0260DFED020A10EE902AF4
:10134000426070470000000030B587B005460C468B
:10135000284600F07DF804900020029002200690BC
:101360000594F3F7D3FC01A902A8F3F723FCF3F7E4
:1013700077FC07B030BD70B504460D461646B20086
:1013800021462846EFF7BFF970BD00002DE9F04176
:1013900004460D461646F3F7B9FC1E480460204685
:1013A00000F0DEF91C4908601C48056000201C495B
:1013B000086024E01948006807683A460023154889
:1013C00001680220F3F756FC98B912480068001D26
:1013D0001049086011480068001D10490860104855
:1013E0000068401C0E49086008460068B04206D1FB
:1013F0000BE0F3F735FC4FF0FF30BDE8F081054816
:101400000068054909688842D4D900BFF3F728FC71
:101410000020F2E7B0000020B4000020B800002057
:10142000BC000020F0EE401AF4EEE01AF1EE10FAE3
:1014300002D2B0EE600A7047F4EEC11AF1EE10FA73
:1014400002DDB0EE410AF6E7B0EE610AF3E7000014
:1014500001460020304A914203D2B1F1006F00D31F
:1014600058E02E4A914204D22B4A914201D30120E6
:1014700050E02B4A914204D2284A914201D30220E3
:1014800048E0284A914204D2254A914201D30320E0
:1014900040E0254A914204D2224A914201D30420DD
:1014A00038E0224A914204D21F4A914201D30520DA
:1014B00030E01F4A914204D21C4A914201D30620D7
:1014C00028E01C4A914204D2194A914201D30720D4
:1014D00020E0194A914204D2164A914201D30820D1
:1014E00018E0164A914204D2134A914201D30920CE
:1014F00010E0134A914204D2104A914201D30A20CB
:1015000008E0B1F1016F04D20D4A914201D30B20E2
:1015100000E00B2070470000004000080080000839
:1015200000C00008000001080000020800000408D4
:10153000000006080000080800000A0800000C0867
:1015400000000E0800487047E041002030B5034617
:1015500013B94FF6FF7030BD09E013F8014B82EA72
:101560000400C0B2054D35F8100080EA2222081EA2
:10157000A1F10101F1D11046EDE700002CA801080E
:1015800030B5034605E013F8010B80EA0204044875
:10159000025D081EA1F10101F5D1104630BD000029
:1015A0002BA70108004870477C3500202DE9F04149
:1015B00004460D4616461F4614B10DB106B10FB9CB
:1015C000BDE8F081D4ED010A94ED031A60EE810AC2
:1015D00094ED001AD4ED021A41EE610AB8EE001A39
:1015E00060EE810AB0EE600AF0F766FF86ED000A51
:1015F00094ED001A21EE011AD4ED011A94ED012A9E
:1016000001EE821AF7EE001AB0EE002A52EE011A2D
:10161000F0EE610A94ED001AD4ED031A21EE211ABE
:10162000D4ED011A94ED022A01EE821AF0EE001AAE
:1016300021EE211AB0EE410AF0F74AFF85ED000ACB
:1016400094ED001A21EE011AD4ED031A94ED032A49
:1016500001EE821AF7EE001AB0EE002A52EE011ADD
:10166000F0EE610A94ED001AD4ED011A21EE211A70
:10167000D4ED021A94ED032A01EE821AF0EE001A5C
:1016800021EE211AB0EE410AF0F722FF87ED000AA1
:1016900000BF95E7064890ED000ADFED060A20EE50
:1016A000200ABCEEC00A10EE100A80B2704700009B
:1016B000C00200200000C84210B52DED028B0020B2
:1016C00008EE100A08210B48FDF7A0F908EE100AF1
:1016D000B8EE480A0848D0ED000A20EE200ADFEDF7
:1016E000070A20EE200AF0EE408AB0EE680ABDEC50
:1016F000028B10BD24050020A40000205D74214150
:10170000014601F0030000EB8000024A02EB4000BA
:1017100070470000FC2C0020054A52680260044A11
:10172000128900EE102AB8EE400A81ED000A7047D7
:10173000C0350020014890F903007047D000002018
:1017400000487047E42F002000487047422D0020D9
:10175000004870474C2D0020004870474835002055
:10176000014600202D4A914204D2B1F1006F01D30D
:10177000104651E02A4A914204D2284A914201D3AC
:10178000274849E0274A914204D2254A914201D391
:10179000244841E0244A914204D2224A914201D392
:1017A000214839E0214A914204D21F4A914201D393
:1017B0001E4831E01E4A914204D21C4A914201D394
:1017C0001B4829E01B4A914204D2194A914201D395
:1017D000184821E0184A914204D2164A914201D396
:1017E000154819E0154A914204D2134A914201D397
:1017F000124811E0124A914204D2104A914201D398
:101800000F4809E00F4A914204D20D4A914201D398
:101810000C4801E04FF001607047000000400008F4
:101820000080000800C00008000001080000020855
:1018300000000408000006080000080800000A086C
:1018400000000C0800000E08004870472E2D0020F4
:101850000048704724330020004870478D3E002028
:101860000148007870470000B3350020034AD28851
:101870000280034A92890A8070470000B335002035
:10188000C035002010B52DED028B002008EE900A27
:1018900010210F48FDF7BAF808EE900AB8EE680A72
:1018A0000C48D0ED000A20EE200AB0EE408A9FEDF1
:1018B0000A0A78EE400A9FED091AB3EE090A00EE13
:1018C000810AB0EE408AB0EE480ABDEC028B10BD32
:1018D000DC040020A40000205C8F423F0000C843CD
:1018E00000487047382D002000487047242D002004
:1018F000004870471032002070B52DED088B05466A
:101900000E4614460DB106B114B9BDEC088B70BD7E
:101910002068B0F904000A2805DC2068B0F904004A
:1019200010F10A0F04DA206880886749088002E015
:101930000020654908802068B0F906000A2805DC07
:101940002068B0F9060010F10A0F04DA2068C08898
:101950005E49088002E000205C49088094ED480A56
:101960006068D0ED000AB4EE600AF1EE10FA09D119
:1019700094ED8D0A6068D0ED010AB4EE600AF1EED4
:1019800010FA5AD0606890ED000A10EE101A08465E
:1019900006F016FA41EC1B0B9FED4D0B53EC102B90
:1019A00005F03CFD41EC190B4748B0F9000000EE92
:1019B000100AB8EEC00ADFED480A20EE200A10EE49
:1019C000101A084606F0FCF941EC1A0B53EC192BDF
:1019D00005F0A8FB41EC180B05F042FA286060689E
:1019E00090ED010A10EE101A084606F0E9F941ECF4
:1019F0001B0B9FED3A0B53EC102B05F00FFD41EC48
:101A0000190B3248B0F9000000EE100AB8EEC00A17
:101A1000DFED340A20EE200A10EE101A084606F018
:101A2000CFF941EC1A0B53EC192B05F07BFB41EC81
:101A3000180B05F015FA30602FE02348B0F90000CC
:101A400000EE100AB8EEC00ADFED230A20EE200AED
:101A50002068B0F90C0000EE900AF8EEE00A9FED65
:101A6000221A00EEC10A85ED000A1848B0F90000FC
:101A700000EE100AB8EEC00ADFED1A0A20EE200AC6
:101A80002068B0F90E0000EE900AF8EEE00A9FED33
:101A9000171A00EE810A86ED000A606890ED000AD0
:101AA00084ED480A606890ED010A84ED8D0A9FED8F
:101AB000100A606880ED000A9FED0D0A606880EDF5
:101AC000010A00BF21E70000780100207A01002010
:101AD000000000402AA973BFACC5A7B6000000C033
:101AE000749368BF9C53C9B617B7513817B7D1382C
:101AF0000000000010B52DED048B0446B0EE408AC6
:101B0000F0EE608AB0EE419A24B99FED260ABDEC52
:101B1000048B10BD84ED048AC4ED038A78EEC89A64
:101B20009FED211ADFED210AB0EE690A01F0BAFB40
:101B300084ED050A94ED000AD4ED050A20EE200A92
:101B400084ED080A94ED090AD4ED010A94ED051A12
:101B500000EE810A84ED090A94ED020A20EE090ADA
:101B600084ED0A0AD4ED070AB0EE600A04F12400FD
:101B7000FCF786FD94ED080AD4ED090A30EE200A40
:101B8000D4ED0A0A30EE200A84ED0B0AD4ED060AE1
:101B9000B0EE600A04F12C00FCF772FD94ED0B0A24
:101BA000B5E7000000000000DB0F4940DB0F49C033
:101BB00000B970479FED090A80ED040A80ED030A21
:101BC00080ED050A9FED050A80ED0A0A80ED090AFD
:101BD00080ED080A80ED0B0A00BFEAE70000000074
:101BE00000B9704780ED001AC0ED011A80ED022A9D
:101BF000DFED062AC0ED052ADFED042AC0ED042A38
:101C0000C0ED070A80ED060A00BFEAE70000000009
:101C100010B508B101B102B910BD1368B3F90430B1
:101C20000A2B05DC1368B3F9043013F10A0F04DA48
:101C300013689B88254C238002E00023234C2380DB
:101C40001368B3F906300A2B05DC1368B3F90630C4
:101C500013F10A0F04DA1368DB881D4C238002E0BD
:101C600000231B4C2380194BB3F9003000EE103ACF
:101C7000B8EEC00ADFED170A20EE200A1368B3F9A8
:101C80000C3000EE903AF8EEE00A9FED131A00EEE9
:101C9000C10A80ED000A0E4BB3F9003000EE103A95
:101CA000B8EEC00ADFED0D0A20EE200A1368B3F982
:101CB0000E3000EE903AF8EEE00A9FED091A00EEC1
:101CC000810A81ED000A00BFA6E700008401002020
:101CD00086010020ACC5A7B617B751389C53C9B6CA
:101CE00017B7D13810B52DED028B0446B0EE408AFF
:101CF00014B9BDEC028B10BD94ED3D0A094880ED8E
:101D0000000AD0ED000A70EE880AB0EE600A9FED7E
:101D1000061ADFED060A01F0C5FA84ED3D0A00BFA0
:101D2000E7E70000A4010020DB0F4940DB0F49C0BA
:101D300070B506460C4615460EB104B105B970BD26
:101D40002248007828B92A462146304600F0C4FED1
:101D50003AE01E480078012805D12A46214630463F
:101D600000F0D8FB30E019480078022805D12A4657
:101D70002146304600F05AF926E01448007803283E
:101D800005D12A4621463046FFF742FF1CE00F48A6
:101D90000078042805D12A462146304600F02AFD65
:101DA00012E00A480078052805D12A462146304627
:101DB00000F072FC08E005480078062804D12A46A5
:101DC00021463046FFF798FD00BFB8E776010020B6
:101DD00010B5044604B910BD204600F049F8234868
:101DE000007828B9002184F8EC1084F800123AE059
:101DF0001E480078012805D1022184F8EC1084F8EF
:101E0000001230E019480078022805D1002184F83A
:101E1000EC1084F8001226E014480078032805D15D
:101E2000012184F8EC1084F800121CE00F480078BF
:101E3000042805D1022184F8EC1084F8001212E085
:101E40000A480078052805D1022184F8EC1084F8AE
:101E5000001208E005480078062804D1032184F820
:101E6000EC1084F8001200BFB5E7000076010020F6
:101E700010B52DED048B044614B9BDEC048B10BDD8
:101E800063480078022805D14FF41470005D0528DE
:101E900000D0F2E74FF41470005D012807D1002054
:101EA00003F0F8F818B9022059490870E5E75848D6
:101EB0000078012871D157480088401C5549088096
:101EC00094ED3E0ADFED540A30EE600A10EE101A6F
:101ED000084605F075FF41EC190BB0EE490AF0EE2B
:101EE000690AFCF751FBB0EE408AF0EE608A9FED84
:101EF0004B0B53EC102B51EC180B05F053FA29D275
:101F000094ED850ADFED440A30EE600A10EE101AF7
:101F1000084605F055FF41EC190BB0EE490AF0EE0A
:101F2000690AFCF731FBB0EE408AF0EE608A9FED63
:101F30003B0B53EC102B51EC180B05F033FA09D284
:101F400038480088642810DA36480088401C354933
:101F500008800AE02F48008840F6B831884204DA49
:101F60002C480088401C2B4908802A48008840F6ED
:101F7000B83188420CDA2B480088642808DA2068D7
:101F8000807A022804D0002003F084F800B974E7B6
:101F90000020244908801F4908802068807A022890
:101FA00003D100201A4908701CE02068807A0328B9
:101FB0000AD12068C07C18B106201549087011E0CC
:101FC0000320134908700DE02068807A012809D1A8
:101FD0002068C07C18B106200D49087002E003207B
:101FE0000B490870002003F055F810B10020084993
:101FF00008700D48007828B90548007810B1012014
:1020000003490870024800780749087000BF34E7A8
:10201000760100207C01002000000000000000A0EC
:102020009999B93F7E0100208001002010B508B1C8
:1020300001B102B910BD4FF414739B5C012B2ED17A
:102040009FED690A81ED000A9FED680A80ED000AA4
:1020500092ED870ADFED660AB4EEE00AF1EE10FABF
:102060001CD2644B1B885B1C624C238023461B885C
:10207000B3F5FA6F12DD0023238092ED850A82ED1D
:10208000900AD2F824311C884FF413739C521B1D04
:102090009B5C5B1CDCB24FF414739C54A2E04FF4C5
:1020A00014739B5C022B2ED19FED530A81ED000A25
:1020B0009FED4E0A80ED000A92ED870ADFED4C0A93
:1020C000B4EEE00AF1EE10FA1CD24A4B1B885B1CFE
:1020D000484C238023461B88B3F5FA6F12DD00239A
:1020E000238092ED850A82ED910AD2F824311C8872
:1020F00040F24E239C529B1C9B5C5B1CDCB24FF459
:1021000014739C546EE04FF414739B5C032B2ED11C
:102110009FED360A81ED000A9FED330A80ED000A3B
:1021200092ED420ADFED320AB4EEE00AF1EE10FA67
:1021300058D2304B1B885B1C2E4C238023461B88B7
:10214000B3F5FA6F4EDD0023238092ED400A82ED55
:102150008E0A13691C884FF412739C524FF4147347
:102160009B5C5B1CDCB24FF414739C543AE04FF45C
:1021700014739B5C042B2DD19FED1C0A81ED000A8A
:102180009FED1D0A80ED000A92ED420ADFED180A6C
:10219000B4EEE00AF1EE10FA24D2164B1B885B1C59
:1021A000144C238023461B88B3F5FA6F1ADD0023F5
:1021B000238092ED400A82ED8F0A13691C8840F259
:1021C0004A239C529B1D9B5C5B1CDCB24FF4147336
:1021D0009C5407E04FF414739B5C052B02D1002341
:1021E000044C238000BF25E70000FA4500000000F2
:1021F000CDCCCC3D820100200000FAC50948007812
:1022000001280AD007480078022806D0054800783F
:10221000052802D00348007808B901207047002043
:10222000FCE700007601002007480078012806D06E
:1022300005480078022802D00348007808B9012038
:1022400070470020FCE700007601002010B504462E
:1022500004B910BD94F8EC0020B904F1100000F0AE
:1022600088FA19E094F8EC00012804D104F1100078
:1022700000F022FA10E094F8EC00022804D104F1F6
:10228000100000F087FA07E094F8EC00032803D16F
:1022900004F1100000F03EFA94F8000220B904F5B1
:1022A000927000F066FA19E094F80002012804D157
:1022B00004F5927000F000FA10E094F80002022891
:1022C00004D104F5927000F065FA07E094F800027A
:1022D000032803D104F5927000F01CFA00BFB8E7A0
:1022E00010B52DED028B044614B9BDEC028B10BD68
:1022F000A06890ED010A84ED850AB4F80212D4F8C2
:102300002421108801F048F8B1EE400A84ED830AD8
:10231000E06890ED010A84ED870AA06890ED000A5C
:1023200084ED400AB4F8EE102269108801F034F808
:1023300084ED3E0AD4ED830AB0EE600AEEF76EF843
:10234000E068D0ED020A20EE208AD4ED830AB0EED8
:10235000600AEEF79FF8E068D0ED000A00EE608AB0
:1023600084ED428A00BFC0E710B50446FFF7BCFA0F
:102370002061FFF769FAC4F82401FFF713F9A060A0
:10238000FFF7EAF9E060FFF767FA2060FFF7DAF895
:1023900060609FED560A84ED480A9FED540A84ED73
:1023A0008D0A002184F8ED1084F8EC1084F80112F5
:1023B00084F800129FED4D2ADFED4C1AB3EE041A9B
:1023C000DFED4A0AB2EE040A04F11400FFF708FC3C
:1023D0009FED462ADFED451AB2EE001ADFED430A03
:1023E000B2EE040A04F14400FFF7FAFBB9EE002A4A
:1023F000DFED3E1A9FED3E1ADFED3C0AB2EE040A15
:1024000004F17400FFF7ECFBDFED3A0A9FED3A0AA6
:102410003A4A002104F1A400F8F796FABFEE002A28
:10242000DFED321A9FED361ADFED300AB2EE040A04
:1024300004F59470FFF7D4FBB8EE002ADFED2B1AF9
:102440009FED301ADFED290AB2EE040A04F5AC70F4
:10245000FFF7C6FBB8EE002AF6EE001A9FED2A1A27
:10246000DFED220AB2EE040A04F5C470FFF7B8FBF0
:10247000DFED260A9FED200A254A002104F5DC70D5
:10248000F8F762FA04F11400FFF792FB04F144003C
:10249000FFF78EFB04F1A400F8F730FA04F594700E
:1024A000FFF786FB04F5AC70FFF782FB04F5DC70E8
:1024B000F8F724FA2046FFF713FF94ED400A84ED65
:1024C000410A94ED3E0A84ED3F0A94ED420A84ED00
:1024D000430A94ED850A84ED860A94ED830A84ED1F
:1024E000840A94ED870A84ED880A10BD000000007C
:1024F00000007A4300409C450060EA46E8830108FA
:10250000000048420000A0C20000A04200401C465B
:10251000DC83010870B52DED048B05460E4614468C
:102520000DB106B114B9BDEC048B70BD94ED850AF4
:10253000DFED240A30EEC00A10EE101A084605F04E
:102540003FFC41EC190BB0EE490AF0EE690AFCF7CA
:102550001BF8B0EE408AF0EE608A9FED1B0B53EC47
:10256000102B51EC180B05F0F8F810D294ED850AF9
:10257000DFED140A30EEC00ADFED150A20EE200A66
:1025800086ED000A9FED0F0A85ED000A17E094ED35
:10259000850ADFED0C0A30EEC00ADFED0D0A20EEF1
:1025A000200A85ED000A94ED3E0ADFED060A30EEC2
:1025B000C00ADFED080A20EE200A86ED000A00BFFF
:1025C000B1E7000000000000000000A09999B93FA9
:1025D0006F12833B0AD7A33B00B9704790F8ED1008
:1025E00069B190F8EC1051B9B0F91C1100EE101A55
:1025F000B8EEC00A80ED460A80ED450A18E090F872
:10260000ED10012908D090F8EC10012904D190EDCB
:10261000400A80ED410A0BE090F8ED10022907D046
:1026200090F8EC10022903D190ED3E0A80ED3F0AAC
:1026300090F8EC2080F8ED2090F8011269B190F844
:10264000001251B9B0F9301200EE101AB8EEC00AFB
:1026500080ED8B0A80ED8A0A18E090F801120129BA
:1026600008D090F80012012904D190ED850A80ED80
:10267000860A0BE090F80112022907D090F80012A8
:10268000022903D190ED830A80ED840A90F800229C
:1026900080F8012200BFA0E708B101B102B970477C
:1026A0009FED040A80ED000A9FED020A81ED000A09
:1026B00000BFF4E70000000010B5044604B910BDE7
:1026C000D4ED3E1AB0EE611AD4ED3D1AF0EE610A77
:1026D000D4ED3C1AB0EE610A201DFFF70BFA84ED31
:1026E0003F0A94ED3F1AF0EE410A94ED3E1AB0EE27
:1026F000410A04F19400F8F709F884ED420A94EDD8
:10270000420ABDEEC00A10EE100A00B2A4F80C0195
:1027100000BFD4E710B5044604B910BDD4ED3E1A8D
:10272000B0EE611AD4ED3D1AF0EE610AD4ED3C1A18
:10273000B0EE610A04F16400FFF7DCF984ED3F0AB2
:1027400094ED3F1AF0EE410A94ED3E1AB0EE410AC4
:1027500004F19400F7F7DAFF84ED420A94ED420A9F
:10276000BDEEC00A10EE100A00B2A4F80C0100BFC2
:10277000D3E700B9704790ED410A80ED420A90ED31
:10278000420ABDEEC00A10EE101A09B2A0F80C11F0
:1027900000BFEFE710B5044604B910BDD4ED3E0A02
:1027A000B0EE601AD4ED3A0AB0EE600ADFED100A1E
:1027B00004F13400FFF79EF984ED3F0A94ED3F1ACF
:1027C000F0EE410A94ED3E1AB0EE410A04F1940095
:1027D000F7F79CFF84ED420A94ED420ABDEEC00A71
:1027E00010EE100A00B2A4F80C0100BFD5E70000FB
:1027F0000000000010B508B101B102B910BD1368A6
:10280000B3F904300A2B05DC1368B3F9043013F173
:102810000A0F04DA13689B88254C238002E000230A
:10282000234C23801368B3F906300A2B05DC1368A8
:10283000B3F9063013F10A0F04DA1368DB881D4C74
:10284000238002E000231B4C2380194BB3F9003096
:1028500000EE103AB8EEC00ADFED170A20EE200AAB
:102860001368B3F90C3000EE903AF8EEE00A9FEDF1
:10287000131A00EEC10A80ED000A0E4BB3F90030C6
:1028800000EE103AB8EEC00ADFED0D0A20EE200A85
:102890001368B3F90E3000EE903AF8EEE00A9FEDBF
:1028A000091A00EE810A81ED000A00BFA6E70000C8
:1028B000880100208A010020ACC5A7B617B751389F
:1028C0009C53C9B617B7D13800B97047D0ED3B0A51
:1028D00070EE800AC0ED3B0AD0ED3B0A90ED381A4D
:1028E000F4EEC10AF1EE10FA04DDD0ED380AC0EDC5
:1028F0003B0A0CE0D0ED3B0A90ED391AF4EEC10A28
:10290000F1EE10FA03D2D0ED390AC0ED3B0A00BF58
:10291000DBE700001CB5044604B91CBD9FED2F0A7F
:102920008DED010A9FED2D0A8DED000A22466946C4
:1029300001A8FFF7FDF994F8EC0020B99DED010A1C
:1029400084ED450A1FE094F8EC00012806D19DEDC6
:10295000010A04F11000FFF7C5F914E094F8EC0047
:10296000022806D19DED010A04F11000FFF7ACFF2B
:1029700009E094F8EC00032805D19DED010A04F16B
:102980001000FFF7AFF994F8000220B99DED000A9E
:1029900084ED8A0A1FE094F80002012806D19DED1B
:1029A000000A04F59270FFF79DF914E094F8000214
:1029B000022806D19DED000A04F59270FFF784FF0E
:1029C00009E094F80002032805D19DED000A04F502
:1029D0009270FFF787F900BF9FE70000000000003A
:1029E00010B5044604B910BD2046FFF7F1F900BF49
:1029F000F9E70000C92003F005F93248FFF7B4FCFD
:102A000002F04CF905E0012003F0FCF82D48FFF737
:102A100067FC052002F03EFB0028F4D1062002F0FE
:102A200039FB0028EFD14BE02648FFF7D9FF2548B6
:102A3000FFF7D2FD2348FFF753FC2248FFF76AFF58
:102A40002048FFF703FC01F04BFF1F4908801D4899
:102A5000B0F81C011D4908801A48B0F830021C4922
:102A60000880052002F016FB38B1062002F012FBA8
:102A700018B1072002F00EFBD0B9002002F00AFBCB
:102A800040B1002211461046F0F7F8F90020F0F7A7
:102A900019FA0DE000220C48B0F900100C48B0F90A
:102AA0000000F0F7EBF90948B0F90000F0F70AFA76
:102AB000012003F0A7F8002002F024FF0549086078
:102AC000B2E70000003200209401002090010020B5
:102AD000920100208C01002008B101B102B97047B9
:102AE0009FED040A80ED000A9FED020A81ED000AC5
:102AF00000BFF4E70000000008B101B102B970475F
:102B000090ED000AD1ED000A9FED0F1A01EE600A68
:102B100080ED000A90ED010AD1ED010A9FED0A1A3D
:102B200001EE600A80ED010A90ED020AD1ED020A81
:102B30009FED051A01EE600A80ED020A13885B1C06
:102B4000138000BFDBE7000052499D39F0B5054610
:102B5000059C00207FE093ED050A00EB4006404F06
:102B600007EB8606D6ED000A20EE200AD3ED060A12
:102B700000EB400607EB860696ED011A00EE810A8F
:102B8000D3ED070A00EB400607EB860696ED021A26
:102B900000EE810A334E06EB8006D6ED000A30EED9
:102BA000200A05EB800686ED000A93ED010A00EB92
:102BB00040062D4F07EB8606D6ED000A20EE200AD0
:102BC000D3ED020A00EB400607EB860696ED011AEC
:102BD00000EE810AD3ED030A00EB400607EB860600
:102BE00096ED021A00EE810A204E06EB8006D6ED25
:102BF000000A30EE200A01EB800686ED000A94ED13
:102C0000010A00EB40061A4F07EB8606D6ED000AD4
:102C100020EE200AD4ED020A00EB400607EB860600
:102C200096ED011A00EE810AD4ED030A00EB40068E
:102C300007EB860696ED021A00EE810A0D4E06EBB2
:102C40008006D6ED000A30EE200A02EB800686ED03
:102C5000000A461CF0B20328FFF67DAFF0BD00006D
:102C6000D401002084340020F80100209C3400208E
:102C70001C020020C434002010B54D48007800F03C
:102C8000010068B34B48806C0068006800F00100E8
:102C900030BB4848C06C0068006800F00100F8B91B
:102CA0004548007800F00200D0B94448007800F0B0
:102CB0000200A8B93E48007820F001003C490870A5
:102CC0000846007840F002000870002201213C48CC
:102CD000F2F7A8F908223B493B48F8F7C1F810BDC4
:102CE0003548007800F0010068B33248806C006815
:102CF000006800F0010030BB2E48C06C006800681E
:102D000000F00100F8B92A48007800F00200D0B9BC
:102D10002A48007800F00200A8B92748007820F07F
:102D20000100254908700846007840F0020008704C
:102D3000002210212548F2F775F909222449254877
:102D4000F8F78EF8CBE71D48007800F0010068B373
:102D50001848806C0068006800F0010030BB15481E
:102D6000C06C0068006800F00100F8B910480078F5
:102D700000F00200D0B91048007800F00200A8B9B5
:102D80000E48007820F001000C49087008460078D1
:102D900040F002000870002210210C48F2F742F9BE
:102DA00004220D490D48F8F75BF898E700BF96E755
:102DB000CD010020F00D0020CE010020CF01002029
:102DC00000040240AC010020B401002000000240D9
:102DD00054340020BC010020C5010020C90100209E
:102DE0000149096848637047A010002010B52DED17
:102DF000028BB0EE408A2648007830B3FEF79AFC8A
:102E000000EE100AB8EEC00AF0EE408AF0EE680A52
:102E1000B0EE480A1F48F7F779FC1E4890ED080A03
:102E2000B5EEC00AF1EE10FA03D29FED1B0A80ED59
:102E3000080A184890ED080ABCEEC00A10EE100A05
:102E400084B22046FFF7CCFF1FE0FEF773FC00EED4
:102E5000100AB8EEC00AB4EEC80AF1EE10FA10D2A9
:102E60000E480078401C0D49087008460078C828B4
:102E700007DD0120064908709FED090A054880ED2D
:102E80000A0A41F28730FFF7ABFFBDEC028B10BDA1
:102E900040020020DC34002000000000410200203D
:102EA00000401C4510B520480021016001711F48F9
:102EB000016001711E4801604160018181721D48FD
:102EC000017020211C48EDF79DFC1C480021016089
:102ED0001B4801601B48018081701B480180817084
:102EE0000D211A48EDF78EFC10211948EDF78AFCE8
:102EF00018480021016041608160174801608180AD
:102F00001648018016480170164801608180817161
:102F10001548016081800F211448EDF773FC1448B7
:102F200000210160818010BD5F020020640200204A
:102F30008835002069020020933500206A020020B5
:102F40006E0200207202002075020020B3350020BE
:102F5000C0350020D0350020780200207E020020FD
:102F6000800200208102002088020020DC35002041
:102F70008E02002070B50025002400BF06E011215C
:102F80000948FBF743FD0444681CC5B2C82DF6DBB5
:102F900000EE104AB8EE400ADFED040A80EE801A17
:102FA000034880ED001A70BDDC040020010070436E
:102FB000A4000020704700001FB5044664200121D2
:102FC00003AA0B46CDE90021029022461C210348AA
:102FD000F2F7D4F99DF80C0004B010BD0C0D0020E0
:102FE00013B584B004466420012105AA0B46CDE93F
:102FF0000021029022461C210248F2F739FB06B05C
:1030000010BD00000C0D002010B501224021024827
:10301000F2F708F810BD00000018024010B50022B9
:1030200040210248F1F7FEFF10BD000000180240E9
:10303000704710B50446204600F0EAFA10BD0000C3
:1030400070B500250024FFF7B5FFFFF7F1FFFFF78C
:10305000E5FF3220FFF7EDFFFFF7D6FF3220FFF745
:10306000E8FF0020FFF7A8FF0546102D01D0402003
:1030700070BD0120FFF7DDFF002424E004EB4402D3
:10308000134B1A44517804EB4402985CFFF7A8FFF5
:103090000120FFF7CEFF04EB44010D4A505CFFF71F
:1030A0008BFF05460120FFF7C4FF04EB44000849ED
:1030B00008444078A84204D004EB440008448078D7
:1030C000D6E7601CC4B2042CD8DB0020D0E7000097
:1030D0001EA70108002002490968C8637047000064
:1030E000A00F002042F2CF0001490968C863704771
:1030F000A00F00202DED088BCEE00024C9E067482A
:1031000050F82400000E00EE100AB8EE400AB0EEAF
:1031100040AA624850F82400C0F3074000EE100AAD
:10312000B8EE400AF0EE40AA5C4830F82400C0F344
:10313000072000EE100AB8EE400AB0EE40BA574839
:1031400010F8240000EE100AB8EE400AF0EE40BA83
:103150005249601C51F82000000E00EE100AF8EEF3
:10316000400A084650F82400000E00EE100AB8EE9F
:10317000400A30EEC00AB0EE408A601C51F82000D0
:10318000C0F3074000EE100AF8EE400A084650F877
:103190002400C0F3074000EE100AB8EE400A30EEFB
:1031A000C00AF0EE408A601C31F82000C0F307200E
:1031B00000EE100AF8EE400A084630F82400C0F38A
:1031C000072000EE100AB8EE400A30EEC00AB0EE5A
:1031D000409A601C11F8200000EE100AF8EE400A38
:1031E000084610F8240000EE100AB8EE400A30EE4F
:1031F000C00AF0EE409A9FED2A0AC8EE000AB0EE2F
:10320000608A9FED270AC8EE800AF0EE608A9FED83
:10321000240AC9EE000AB0EE609A9FED210AC9EEB9
:10322000800AF0EE609A00252EE03AEE080AB0EE31
:1032300040AA3AEEA80AF0EE40AA3BEE090AB0EE28
:1032400040BA3BEEA90AF0EE40BABCEECA0A10EE54
:10325000100A0106BCEEEA0A10EE100A41EA00412B
:10326000BCEECB0A10EE100A41EA0020BCEEEB0ADD
:1032700010EE101A40EA01063046FBF7CDF90120A6
:1032800000F0C6F9681C85B2B5F57A7FCDDB601C0D
:1032900084B2062CFFF633AF2FE70000C4020020F3
:1032A00000007A44B4EEE01AF1EE10FA00D2704752
:1032B000B4EEC10AF1EE10FA0EDD31EE602AF0EE46
:1032C000421A03E030EE612AB0EE420AB4EEC10ABF
:1032D000F1EE10FAF6DC13E0B4EEE00AF1EE10FACB
:1032E0000ED231EE602AF0EE421A03E030EE212ACF
:1032F000B0EE420AB4EEE00AF1EE10FAF6D300BFE7
:1033000000BFD4E7F2F776FBF7F7A2FFF6F7D4F9A0
:10331000F6F7BAF8F5F7F4FFF6F72AF8F6F760F8DB
:10332000F6F780F8F6F7F2FAF6F774FBF6F7C8FC52
:10333000F6F718FDF6F70AFEF6F776FDF6F794F8BD
:10334000F6F73EFBF6F700FBF6F71CFBF6F748FB3B
:10335000F6F784FBF6F7DCFBF6F760FCF6F7A2FB6A
:10336000F6F7D8FDF6F710FEFCF72AFCFDF75CFC3B
:10337000FCF726FB01F080F9EFF7ECFAF6F7E0F83E
:1033800000F052F900BFFEE701460020842901D079
:10339000CA1C1044704700000246501AB0F5805F06
:1033A00003DDA0F5F850FF3805E010F5805F02DA84
:1033B00041F6FF73184400EE100AB8EEC00ADFEDC4
:1033C000020A20EE200A7047DB0F493AFEF7B8F9EF
:1033D000794908604FF47A7000F01AF9F6F78AFE1E
:1033E000F6F718FE642408E0F6F722FE10B10D206F
:1033F000FDF75AFC0A2000F00BF9201EA4F1010190
:10340000CCB2F1D1D6E0F6F713FE10B10D20FDF7E6
:103410004BFC0D2001F03EFE6849087068480078BA
:10342000012804D10846007808B9F6F763FE63481E
:10343000007800287ED163480078401C61490870FC
:10344000084600780A2875D900200870F6F7D6FEDD
:103450005D4A01210020F6F791FFFEF71BF90A28CB
:1034600009DAFEF717F907463B4658A20221092060
:10347000F6F7EEFE16E0FEF70DF9642809DAFEF71E
:1034800009F907463B4651A202210620F6F7E0FE65
:1034900008E0FEF7FFF807463B464CA20221032056
:1034A000F6F7D6FE4AA21B215A20F6F7ACFF424897
:1034B0000068C07CC0F34010474901EBC0021B21EB
:1034C0007320F6F75BFF012436E0611E4801C11747
:1034D00000EB5161C911A0EBC111CDB2601EC11743
:1034E00000EB9171891001EB41010F2202EB810188
:1034F000CEB24D2231462846F6F7FAFE04F13001ED
:10350000CAB2A91DC8B23146F6F7F2FE04EBC401F7
:10351000294B1B6803EB8101C97CC1F340112E4B81
:1035200003EBC10205F10C01C8B23146F6F726FFE4
:10353000601C00E037E0C4B2082CC6DB08242EE093
:103540006001C11700EB5161C911A0EBC111CDB2EF
:103550002046E11704EB9171891001EB41010F2224
:1035600002EB8101CEB208381C4901EB80023146E2
:103570002846F6F748FF04EBC4010F4B1B6803EB2A
:103580008101C97CC1F34011134B03EBC10205F16A
:103590001201C8B23146F6F7F1FE601CC4B20C2C21
:1035A000CEDBF6F775FE05480078054908700A205D
:1035B00000F02EF827E70000480200205D020020FE
:1035C0005C0200205E020020F490010825640000E7
:1035D0004442555300000000B49001084C02002002
:1035E00070B504460D461DB900200749087002E079
:1035F000402005490870044844700223024678219F
:103600000248FBF7BBFE70BD0203002000580040DB
:1036100070B5044625460DB1294600E00121084653
:1036200002F0F0FA002070BD10B502F0DFFB0020C0
:1036300010BD7FB504460D46606998B1A06988B198
:10364000B4F90800FFF7A0FE0646D4E90510CDE95D
:10365000006102902B462269D4E9001003F0BCF807
:10366000039013E0B4F90800FFF78EFE064603A8A6
:10367000CDE90060238A9AB22B46D4E9001003F00A
:1036800079F8012802D0002004B070BD0398FBE750
:10369000014611B90948006800E00846024652B9DF
:1036A00000BF502080F31188BFF34F8FBFF36F8F9F
:1036B00000BF00BFFEE702F1340070474403002062
:1036C0002DE9F04105460E461F48076800201F49B6
:1036D000096881F852001D480068001D02F0FEF8DC
:1036E00050B91A48006890F82C10012088401849F9
:1036F0000968814316480160681C38B936B113481F
:103700000168091D134802F053F91AE07C190F48AB
:1037100000684460BC4207D20C480168091D0E488D
:10372000006802F02BF90CE008480168091D0B48FD
:10373000006802F023F90A480068844201D2084870
:103740000460BDE8F081000058030020440300201D
:103750005C030020A84700204C0300204803002001
:103760007403002010B5044602F02EF923480068C7
:10377000401C224908602248006840B92048046083
:103780000846006801280DD100F0F6F90AE01D484E
:10379000006838B91A480068C06AE16A884201D8EE
:1037A0001748046018480068401C1749086094F8DE
:1037B0002C10012088401549096808431349086006
:1037C000E16A01EB8101124A02EB8100211D02F046
:1037D000EFF802F023F90B48006868B10848006868
:1037E000C06AE16A884207D24FF0805009490860F8
:1037F000BFF34F8FBFF36F8F10BD00005403002045
:103800004403002060030020700300205C030020BC
:10381000CC46002004ED00E008B502F0D5F81248CF
:103820000068E8B9114802F099F8114802F096F8DA
:103830000E48104908600E480F49086000200F4BE1
:103840000F4A102100900A2002F080FC064908600F
:103850000846006820B10BA10348006802F096F901
:1038600002F0DCF808BD000088030020BC470020FF
:10387000D04700208003002084030020E44700207C
:103880002C480020546D72510000000010B516E065
:1038900002F09AF80C48C068C468201D02F01EF8B7
:1038A0000A480068401E0949086009480068401E2F
:1038B0000749086002F0B2F8204600F05EF80448BC
:1038C00000680028E4D110BD944700205403002074
:1038D0005003002070B504460D46206C70B1216C79
:1038E000E0680844E0606168E068884201D32068CD
:1038F000E0602846226CE168ECF705FF70BD2DE919
:10390000F04104460F4615464FF00008A66B206CA8
:1039100040B9206860BB606803F0C6F880460020AC
:10392000606025E07DB93946226CA068ECF7EBFEBB
:10393000216CA0680844A060D4E90110884217D324
:103940002068A06014E03946226CE068ECF7DBFEEA
:10395000216CE068401AE0602168E068884203D288
:10396000216C6068401AE060022D01D106B1761E1C
:10397000701CA0634046BDE8F08110B5044694F881
:10398000510030B9206B02F067F8204602F064F86D
:103990001AE094F85100012803D1204602F05CF8A7
:1039A00012E094F85100022801D1012000E000202B
:1039B00050B900BF502080F31188BFF34F8FBFF381
:1039C0006F8F00BF00BFFEE710BD00000146084A30
:1039D000126812680AB9012200E000220A600A682F
:1039E00022B9034A1268D268106800E000207047CC
:1039F0008003002030B54FF4C043174800F007049F
:103A00002CB1C01D20F00700134C041B1B1B0246E9
:103A1000124C22600024114D6C60D018083820F040
:103A200007000F4C206000240D4D2D686C600C4D7C
:103A30002D682C601146441A4C60094C24680C60B7
:103A4000084D4C682C60084D4C682C604FF00044C9
:103A5000064D2C6030BD0000CC48002094030020AF
:103A60009C030020A4030020A0030020A803002042
:103A700000BFFFF70BFF064800680128F9D94FF097
:103A8000805004490860BFF34F8FBFF36F8FF0E79A
:103A9000CC46002004ED00E02DE9F04106460D463D
:103AA00017469846069C0DB9246000E02760E6633F
:103AB00025640121204602F0B9FBBDE8F0812DE923
:103AC000F05F82460F4690469B460A9E0C9C4FEA4A
:103AD0008801A522206BECF78DFEA8F10100216B77
:103AE00001EB800929F0070909F0070008B9012056
:103AF00000E0002050B900BF502080F31188BFF3D0
:103B00004F8FBFF36F8F00BF00BFFEE7002507E0B8
:103B1000795D04F134004155785D00B902E06D1C17
:103B2000102DF5D300BF002143200155072E00D3EF
:103B30000626E66266640020A064201D01F01BFFDB
:103B400004F1180001F017FF2461C6F10700A0611D
:103B500064620020E06484F8500084F852005A4601
:103B60005146484600F09EFB20600B9808B10B9828
:103B70000460BDE8F09F000010B5002407E004EBEE
:103B800084010F4A02EB810001F0E8FE641C072C5F
:103B9000F5D30C4801F0E2FE0B4801F0DFFE0B48C4
:103BA00001F0DCFE0A4801F0D9FE0A4801F0D6FE19
:103BB00004480949086004480849086010BD00002D
:103BC000CC460020584700206C470020804700204A
:103BD00094470020A8470020480300204C03002001
:103BE00010B50146164800E0006803688B42FBD31D
:103BF0000246436813448B4204D143684C68234413
:103C0000436001460A464B6813440468A34211D13D
:103C10000C4C03682468A34208D04B6804686468AD
:103C200023444B6003681B680B6005E0054B1B6871
:103C30000B6001E003680B60884200D0016010BD9A
:103C4000940300209C0300202DE9F04104460D461A
:103C500016461F464FF0000865602461B5420CD837
:103C6000F01BA169884202D34FF0010811E0211D29
:103C70000948006801F082FE0BE0BE4204D2BD425A
:103C800002D34FF0010804E0211D0448006801F050
:103C900075FE4046BDE8F0818403002080030020CB
:103CA00070B5054601F090FEA86B08B9012400E04C
:103CB000002401F0B3FE204670BD70B5054601F04A
:103CC00083FEA86BE96B884201D1012400E0002447
:103CD00001F0A4FE204670BDF8B505460F46164813
:103CE0000068C068C468201D01F0F8FDE069012883
:103CF0001DD1A06941192B463A462046FFF7A4FF83
:103D0000A8B1002003462A4601460090204603F051
:103D100039F8064656B900BF502080F31188BFF32A
:103D20004F8FBFF36F8F00BF00BFFEE700BF20467D
:103D3000616A8847F8BD000080030020F0B587B0B5
:103D400082E00398002811DA04AE56B900BF502073
:103D500080F31188BFF34F8FBFF36F8F00BF00BF99
:103D6000FEE7D6E90020B168904700BF039800281D
:103D70006ADB059C606908B9012000E0002010B9E9
:103D8000201D01F0ABFD02A800F0C0F80546039825
:103D90000A2857D2DFE800F009050731334F06083B
:103DA000323400BF00BF00BF00BF0498A269811871
:103DB00003462A462046FFF747FFE8B12046616ADE
:103DC0008847E069012817D1002000900498A16974
:103DD000421800231946204602F0D4FF074657B97F
:103DE00000BF502080F31188BFF34F8FBFF36F8F58
:103DF00000BF00BFFEE700BF25E000BF23E000BF1B
:103E00000498A061A06908B1012000E0002050B929
:103E100000BF502080F31188BFF34F8FBFF36F8F27
:103E200000BF00BFFEE7A06941192B462A46204685
:103E3000FFF70AFF07E094F8280010B9204601F0C8
:103E40000BFE00E000BF00BF002203A90448006889
:103E500002F088FB00287FF474AF07B0F0BD0000CB
:103E600088030020F8B505460C4602F01BF86846AA
:103E700000F04CF80646009820BB44B9B54206D87D
:103E800002F0C2FE31462846FFF726FF1CE03CB197
:103E90000E480068006808B9012000E000200446D0
:103EA000A91B22460A48006801F086FE02F0ACFE1B
:103EB00050B94FF0805007490860BFF34F8FBFF3F0
:103EC0006F8F01E002F0A0FEF8BD00008403002027
:103ED0008803002004ED00E00A490968096809B96F
:103EE000012100E0002121B14FF0FF31064A1160AD
:103EF00006E004490968C968C868034A4168116056
:103F000070470000480300207403002070B5044689
:103F100002F020FD054607480068854204D200F003
:103F20005BF80120206001E000202060014805606E
:103F3000284670BD900300202DE9F04102460D4651
:103F400000271068002843D01046D0F804C0DCF8E1
:103F500004C0C0F804C000F1080CD0F80480E045AB
:103F600005D1D0F804C0DCF804C0C0F804C0D0F813
:103F700004C0DCF80C6000BF1046D0F804C0DCF8C8
:103F800004C0C0F804C000F1080CD0F80480E0457B
:103F900005D1D0F804C0DCF804C0C0F804C0D0F8E3
:103FA00004C0DCF80C1000230AE001F13400C45C0A
:103FB000E85CA04200D005E00CB90F4602E05B1CB3
:103FC000102BF2D300BF07B101E0B142D4D100BF42
:103FD0003846BDE8F08100002DE9F84332E024487E
:103FE0000068C068056822480068C068C468201D71
:103FF00001F074FC2046616A8847E069012821D1FC
:10400000A0694619AE4207D966602461211D18488F
:10401000006801F0B3FC15E0002003462A46014683
:104020000090204602F0AEFE074657B900BF502070
:1040300080F31188BFF34F8FBFF36F8F00BF00BFB6
:10404000FEE700BF0A480068006808B9012000E0E8
:1040500000200028C3D00648D0F80080054800683A
:10406000034908600348C0F80080BDE8F8830000F9
:1040700080030020840300200246002101E0521C3E
:10408000491C1078A528FAD0890888B2704700002A
:104090000E480068401C08B9012000E0002050B91B
:1040A00000BF502080F31188BFF34F8FBFF36F8F95
:1040B00000BF00BFFEE700BF502080F31188BFF3B0
:1040C0004F8FBFF36F8F00BF00BFFEE7AC03002030
:1040D00008B500BF6846FFF779FC04462046009902
:1040E000FFF7C0FEFFF72AFEF4E770B5044601F0C3
:1040F0006BFC94F9455010E0606A08B9012000E0BB
:10410000002038B904F1240002F032FD18B101F0AA
:10411000B3FD00E003E0681E45B2002DECDC00BFFB
:10412000FF2084F8450001F079FC01F04DFC94F982
:10413000445010E0206908B9012000E0002048B98F
:1041400004F1100002F014FD08B101F095FD681EA5
:1041500045B200E001E0002DECDC00BFFF2084F858
:10416000440001F05BFC70BD2DE9F04104464FF0C6
:10417000000801F097FE4648006808B9FFF73AFCCE
:1041800044480068204000286BD1D4B1083404F0C2
:104190000700B0B104F00700C0F10800044404F0C7
:1041A000070008B9012000E0002050B900BF5020EE
:1041B00080F31188BFF34F8FBFF36F8F00BF00BF35
:1041C000FEE7002C4DD034480068844249D8334E75
:1041D0003046056801E02E462D686868A04202D28C
:1041E00028680028F7D12A480068854239D030680D
:1041F00000F10808286830606868001B102819D989
:104200002F1907F0070008B9012000E0002050B97D
:1042100000BF502080F31188BFF34F8FBFF36F8F23
:1042200000BF00BFFEE76868001B78606C6038461E
:10423000FFF7D6FC184968680968081A164908602B
:104240000846006816490968884203D21248006887
:10425000134908600F4968680968084368600020CE
:10426000286002F0D1FC08F0070008B9012000E046
:10427000002050B900BF502080F31188BFF34F8F4A
:10428000BFF36F8F00BF00BFFEE74046BDE8F0817F
:104290009C030020A8030020A0030020940300201A
:1042A000A4030020001F4FF080730360001F21F063
:1042B00001030360001F054B036014380260001FF8
:1042C0006FF002030360203870470000914001083E
:1042D00010B52DED028B04469FED1D0AB0EE408A0D
:1042E000D4ED000A60EEA00A94ED011AD4ED011A93
:1042F00041EE210A94ED021AD4ED021A41EE210A90
:1043000094ED031AD4ED031A41EE210AB0EE600ACF
:10431000EEF764FAB0EE408A94ED000A20EE080A47
:1043200084ED000A94ED010A20EE080A84ED010AEA
:1043300094ED020A20EE080A84ED020A94ED030AC5
:1043400020EE080A84ED030ABDEC028B10BD0000CC
:104350000000000038B504460020009000255448B5
:1043600021680160217901716D1D6019008800903C
:10437000AD1CBDF8000040F20222811A90425CD0D0
:1043800016DCB0F5817F3FD00ADC012821D002285D
:104390002AD003282CD0A0F20110002875D12DE0DE
:1043A000A0F2031078B301283AD0FE287CD13EE079
:1043B00004295DD006DC012945D002294CD003290F
:1043C00072D150E0052957D006295FD0FF296BD163
:1043D00063E06019374902680A6042684A600289EE
:1043E0000A81807A887260E03348615D01705CE028
:1043F000611920223148ECF786F956E061193048FE
:104400000968016051E004E061192E480968016003
:104410004BE060192C4902880A808078887044E05B
:1044200061192A480A880280897881703DE0611903
:104430000D222748ECF767F937E06119102225486B
:10444000ECF761F931E0611923480A6802604A68B3
:1044500042608968816028E0611920480A6802602A
:104460008988818021E061191D48098801801CE04C
:104470001C48615D017018E060191B4902680A6000
:1044800082888A80807988710FE00DE06019174971
:1044900002680A608088888007E060191449026811
:1044A0000A608088888000E000BF00BF38BD00003F
:1044B0005F0200208835002069020020933500202B
:1044C0006A0200206E0200207202002075020020A5
:1044D000B3350020C0350020D03500207802002000
:1044E0007E0200208002002081020020880200203D
:1044F0008E02002070B50025A5264F4C95E04F4850
:10450000FCF76AFE054694F8860006287ED2DFE8AE
:1045100000F003142038445FB5420AD101208734EB
:1045200004F8010C2188481C24F88709A01D455473
:1045300002E00020A4F8870076E0A580B4F8871098
:10454000481CA4F88700A01D4554022084F886006A
:104550006AE0A08840EA0520A080B4F88710481CD3
:10456000A4F88700A01D4554A088772803D2032013
:1045700084F8860004E0002084F88600A4F8870010
:1045800052E034F8871F2088401C24F88709A01DBA
:104590004554042084F8860046E034F8871F2088BC
:1045A000401C24F88709A01D4554B4F8870005284D
:1045B0000DD10521A01D01F0E3FC18B1052084F800
:1045C000860004E0002084F88600A4F887002BE031
:1045D000B4F88710A0880930814207D234F8871FC9
:1045E0002088401C24F88709A01D4554B4F8871082
:1045F000A0880930814210D3002084F88600A4F8F6
:104600008700A08800F10901A01D00E006E001F08C
:1046100097FC10B1A01DFFF79DFE05E0002084F877
:104620008600A4F8870000BF00BF0448FCF74CFEDA
:1046300000287FF464AF70BD043E0020EC390020F8
:10464000FEF730FC4FF4806208490948FCF7E1FDB1
:104650004FF400720749A1F5007000F005FE04E078
:10466000FFF748FF0A20FEF7D3FFF9E7043A0020DE
:10467000EC390020EC37002010B524220249A1F1CA
:104680002400F6F791F910BDC93E002000B101B930
:1046900070470278437842EA0322C2F30A020A8092
:1046A0004278D210837842EA4312C2F30A024A8067
:1046B00082789211C37842EA8302037942EA832224
:1046C000C2F30A028A8002795210437942EAC31285
:1046D000C2F30A02CA804279C2F301128A72427995
:1046E00012119308CB728279C37942EA032212B283
:1046F0008A81027A437A42EA032213B201F10C0260
:10470000CB81827AC37A42EA032213B201F10C020E
:104710000B82037B8B74437BCB74827BC37B42EA2B
:1047200003228A82027C437C42EA032212B20A817B
:104730000A88A2F5806212B20A804A88A2F58062D5
:1047400012B24A808A88A2F5806212B28A80CA8830
:10475000A2F5806212B2CA800A89A2F5806212B202
:104760000A8100BF94E7000031B1012908D0022975
:104770000AD0032910D10BE0084A126890630BE0BD
:10478000064A1268506307E0054A1268106403E0A5
:10479000034A1268D06300BF00BF7047601000205A
:1047A000600F0020FDF758F81B490860012532E032
:1047B000681C05B2002429E017480068B0F9080019
:1047C000C8280ADD4FF41660144921F8140031F8A6
:1047D00014002146FFF7C8FF10E00F480068B0F949
:1047E000080010F1C80F09DA40F2D6600B4921F831
:1047F000140031F814002146FFF7B6FF074931F8DD
:1048000014002146FFF7B0FF601CC4B2042CD3DBB8
:104810000A20FEF7FDFECBE7E0020020E4020020C4
:10482000064AA2F8EE0082ED3C0AC2ED3D0AA2F86B
:10483000021282ED811AC2ED821A70470032002006
:1048400010B5224890F86801A8B92048D0ED530A65
:104850009FED1F1A70EE810AB0EE600A9FED1D1ADF
:10486000DFED1D0AFEF71EFD184880ED540A0120F9
:10487000164981F86801154890F86901012802D1AC
:104880000620124908701148D0ED540A90ED531AD1
:1048900070EEC10AB0EE600A9FED0E1ADFED0E0A4F
:1048A000FEF700FDDFED0D0AB4EEE00AF1EE10FABE
:1048B00007DDB1EE080A054880ED4D0A00F0F6FB71
:1048C00003E00020014981F8680110BDF03E00209E
:1048D0009CC4A03EDB0F4940DB0F49C0CDCC4C3D12
:1048E00010B500F049FA00F0E7F86E48007828B9F2
:1048F0009FED6D0A6B4880ED4F0A60E069480078D3
:10490000012805D19FED680A664880ED4F0A56E000
:104910006448007802281FD1624890F86901012894
:1049200007D1B3EE020A5F4880ED4D0A00F0BEFBEE
:1049300008E09FED5D0A5B4880ED4D0A9FED5A0A45
:1049400080ED4F0A9FED590A564880ED090A9FED08
:10495000580A80ED0A0A32E052480078032805D14F
:104960009FED510A4F4880ED4F0A28E04D480078EE
:1049700004280BD19FED4D0A4A4880ED090A9FEDAE
:104980004D0A80ED0A0AFFF75BFF18E04548007802
:10499000052807D1B2EE080A424880ED4D0A00F022
:1049A00085FB0CE03F480078062808D19FED3E0AC1
:1049B0003C4880ED4F0A9FED3C0A80ED520A394891
:1049C000007870B9FEF786FB00203649A1F8540143
:1049D0009FED350A084680ED520A002081F86901F2
:1049E00023E0FEF77FFBB3EE060A2E4880ED520A65
:1049F00090ED4F1AF0EE410A90ED4E1AB0EE410ADA
:104A00001430F5F783FE274890ED0D0ABDEEC00A7D
:104A100010EE100A00B22349A1F8540108460078AC
:104A2000022802DA0020A1F854011E4890ED521A23
:104A3000B1EE411AF0EE410A90ED501AB0EE410A83
:104A40005C30F5F763FE174890ED521AF0EE410A1C
:104A500090ED511AB0EE410AA430F5F757FE114817
:104A600090ED1F0ABDEEC00A10EE100A00B20D490B
:104A7000A1F85601084690ED310ABDEEC00A10EECD
:104A8000100A00B2A1F858010A46B2F95811B2F959
:104A9000560100231A46EEF7C9F90248B0F954014D
:104AA00010BD0000F03E00200000000000401C4649
:104AB00000C0DA4500A00C4610B56F4890ED000A22
:104AC0006E4880ED000A6E4890ED000A6A4880ED5D
:104AD000000A6C4890ED000A6748D0ED000A20EE0D
:104AE000200A6848D0ED010A644890ED001A01EEF2
:104AF000200A65488068B0F9020000EE900AF8EEDE
:104B0000E00A9FED621A60EE810A5E4890ED021A9B
:104B100000EE810A5A4880ED000A90ED000A5A48DA
:104B200080ED4E0AC068B0F9020000EE100AB8EE3F
:104B3000C00ADFED570A20EE200A534880ED500AE4
:104B40000069B0F9020000EE100AB8EEC00ADFED0D
:104B5000500A20EE200A4C4880ED510A80680088F7
:104B600049498968B1F90810401AB0F5805F08DD3D
:104B7000454890F85A01401E40B2434981F85A0115
:104B800012E04148806800883F498968B1F90810FF
:104B9000401A10F5805F07DA3B4890F85A01401C34
:104BA00040B2394981F85A01374890F85A01122821
:104BB00004D1EF20344981F85A0108E0324890F9D5
:104BC0005A01123018B911202F4981F85A012E4884
:104BD00090F95A01C0EB40302B4989680988084494
:104BE00000EE100AB8EEC00ADFED2A0A20EE200A15
:104BF000254880ED530A80212748F0F70BFA224917
:104C000081F86901084690F85B0181F85C0108466B
:104C10004068807C81F85B01084690F85B0160B1D8
:104C20000846B0F85E01B0F5C87F0ADA0846B0F869
:104C30005E01401CA1F85E0103E000201249A1F8CA
:104C40005E011148007890B10F484068C07A022890
:104C50000DD10D48B0F86201B0F5FA6F0BDA0A48D1
:104C6000B0F86201401C0849A1F8620103E000208D
:104C70000549A1F8620110BDA00200209C0200209D
:104C8000A402002094950108F03E0020F1A23E3BD2
:104C90002EE34D3BC2B8B2370020024010B50020D1
:104CA0002D490870FCF7D8FD2B494860FCF718FE29
:104CB00029498860FCF748FD2749C860FCF748FD92
:104CC00025490861DFED250A9FED250A254A0021C7
:104CD00021481430F5F738FEDFED210A9FED220A56
:104CE000224A00211C485C30F5F72EFEDFED1C0A3D
:104CF0009FED1D0A1D4A0C3200211748A430F5F71C
:104D000023FEFFF7D9FE0020134981F85A01084617
:104D10008068008800EE100AB8EE400ADFED140A41
:104D200020EE200A084680ED530A0020A1F8540125
:104D300081F86801084690ED530A80ED540A9FED12
:104D40000D0A80ED4E0A9FED0B0A80ED4F0A002000
:104D500081F86A0110BD0000F03E002000C0DA4575
:104D600000401C467095010800B07E467C95010805
:104D7000C2B8B2370000000010B52DED048B8D488D
:104D80004068C07A01280AD18B480078012806D0F3
:104D90008848007818B90120864908700EE08548D7
:104DA0004068C07A012809D183480078012805D0DD
:104DB0008048007810B100207E4908707D48406826
:104DC000C07A03280CD17B484068007D00F0400089
:104DD00030B17848007818B901207649087015E09C
:104DE00074484068C07A032810D172484068007D3A
:104DF00000F0800050B16F48007838B100206D4954
:104E00000870084690ED530A80ED540A694800780E
:104E1000012845D1674890ED500AD0ED520A30EE96
:104E2000600A10EE101A084602F0CAFF41EC190B96
:104E3000B0EE490AF0EE690AF9F7A6FBB0EE408A37
:104E4000F0EE608A9FED5D0B53EC102B51EC180BCC
:104E500002F0A8FA24D2574890ED510AD0ED520A38
:104E600030EE600A10EE101A084602F0A9FF41EC7D
:104E7000190BB0EE490AF0EE690AF9F785FBB0EEBE
:104E8000408AF0EE608A9FED4D0B53EC102B51ECF5
:104E9000180B02F087FA03D202204649087055E049
:104EA00044480078022807D1424890F8690118B9AF
:104EB00003204049087049E03E480078032808D1A3
:104EC0003C4890F86901012803D102203949087053
:104ED0003CE038480078032817D136484068C07A4B
:104EE000022803D134480078022807D1314890F8CD
:104EF0005B0120B32F4890F85C0100BB04202D49D2
:104F00000870012081F8690120E02A48007806280D
:104F10001CD1284890F86901012811D1254890F842
:104F20006A01401C234981F86A01084690F86A0129
:104F30000F280BDD002081F86A010220087005E0CF
:104F400000201C4981F86A01042008701948007883
:104F500001281CDD1748B0F85E01B0F5C87F0BD002
:104F60001448B0F86001B0F5C87F05D01148B0F81A
:104F70006201B0F5FA6F03D105200E49087006E012
:104F80000C480078052802D102200A4908700D4912
:104F9000881EFCF76BFCFDF747F910B100200549AE
:104FA000087004484068C07A40B203490870BDECFC
:104FB000048B10BDF03E0020980200209A99999928
:104FC0009999D93F5E40002010B500EE100A2DEDF2
:104FD000028BB1EEC08A18EE100A20F00040C0F13A
:104FE000FF40C00F0AD010EE100A20F00040C0F1C0
:104FF000FF40C00F04BF0120EBF7A7FC18EE100A1A
:10500000BDEC028B10BD0000FCF79AFB1D49086047
:1050100037E000201C4908701C49087014E01B4848
:10502000007800EBC0001749096801EB8000C07CE4
:10503000C0F3401018B101201349087008E013486C
:105040000078401C11490870104800780B28E6DBF6
:1050500000BF0D48007820B90D48007808B1FAF774
:10506000D9F90948007828B108490978491CC8B21B
:10507000FAF7E2F904480078054908700A20FEF7BB
:10508000C7FAC6E7A8020020AC020020AE0200204A
:10509000AD020020014601EBC100034A02EB800093
:1050A000C07CC0F340107047E42F002010B52DEDF8
:1050B000048B2E48B0F86401B0F52F7F05DA2B4839
:1050C00090ED4D0A80ED4F0A06E0284890ED4D0A1C
:1050D000B1EE400A80ED4F0A244890ED4E0A10EEE2
:1050E000101A084602F06CFE41EC190BB0EE490AAA
:1050F000F0EE690AF9F748FAB0EE408AF0EE608AFD
:105100009FED1B0B53EC102B51EC180B02F04AF9DE
:1051100010D21648B0F86401B0F52F7F0ADA1348B0
:10512000B0F86401401C1149A1F864010020A1F805
:10513000660117E00D48B0F86401B0F52F7F0DD17E
:105140000A48B0F86601B0F5FA7F07DA0748B0F808
:105150006601401C0549A1F8660103E000200349EF
:10516000A1F86401BDEC048B10BD0000F03E0020EE
:10517000000000000000F03F70B506460D4600F04C
:1051800023FC18480068C06C88B9012015490968DB
:1051900081F850005DB101212846FEF791FA4FF0E9
:1051A000805011490860BFF34F8FBFF36F8F00F03D
:1051B00035FC00F009FC0B480068C46C4CB126B10A
:1051C000002008490968C86403E0601E05490968B1
:1051D000C86400200349096881F8500000F01EFCF3
:1051E000204670BD4403002004ED00E091ED000A6C
:1051F000B1EE400A80ED010A91ED010AB1EE400ADC
:1052000080ED020A91ED020AB1EE400A80ED030A38
:1052100091ED000A80ED040A91ED020A80ED060A84
:1052200091ED010AB1EE400A80ED070A91ED010A05
:1052300080ED080A91ED020AB1EE400A80ED090AFC
:1052400091ED000A80ED0B0A91ED020A80ED0C0A47
:1052500091ED010A80ED0D0A91ED000AB1EE400AD0
:1052600080ED0E0A7047000010B5474B1B685B6964
:1052700043F04003444C24686361434B1B685B6903
:1052800043F08003404C246863613F4B1B68DB683C
:1052900043F010033C4C2468E3603C4B1B681B68E4
:1052A00023F00103394C2468236007E0374B1B6867
:1052B0001B6823F00103354C24682360334B1B68C3
:1052C0001B6803F00103002BF0D1304B1B68304CFE
:1052D000A34204D9E3142E4C4C3C236019E02B4B21
:1052E0001B682C4CA34204D9E314294C503C236086
:1052F0000FE0264B1B68274C603CA34204D9E31403
:10530000244CB83CE36004E04FF40063214CB83C0B
:10531000A360214B1D4C2468A3601C4B1B68D86004
:105320001A4B1B681961194B1B685A60174B1B6895
:105330001B6843F48023154C24682360134B1B68BF
:105340001B6843F00103114C24682360134B1B6856
:105350001B6823F00103114C2468236007E00F4B06
:105360001B681B6823F001030C4C246823600B4B63
:105370001B681B6803F00103002BF0D1064B074CA0
:105380002468A36010BD000060110020601200209E
:1053900058640240B860024004140140C01200206A
:1053A0000FB410B5002403A8094908600846026834
:1053B00008480299EBF776F984B2002004490860A6
:1053C00021460448EDF7DEFD10BC5DF814FB00003B
:1053D000B8020020604000208AB0F4F7F1FDFCF72D
:1053E000AFF94749086089E04FF47A70FEF710F989
:1053F000FCF750F904464248006890F89F01C0F35A
:105400004010C0EBC0003F4908443D49096891F88D
:105410007B11C1F34011C1EBC1013A4A1144384A32
:10542000126892F85721C2F34012C2EBC202354B08
:105430001A44334B1B6893F83331C3F34013C3EB67
:10544000C303304D2B44CDE90632CDE908102C487A
:10545000006890F80F01C0F34010C0EBC00029466F
:1054600008442749096891F8EB10C1F34011C1EBDA
:10547000C1012A460A442249096891F8C710C1F3BC
:105480004011C1EBC1012B4619441D4B1B6893F819
:10549000A330C3F34013C3EBC3032B44CDE9023164
:1054A000CDE904201648006890F87F00C0F3401052
:1054B000C0EBC000294608441149096891F85B1007
:1054C000C1F34011C1EBC1012A461144CDE90010DE
:1054D0000B48006890F83700C0F34010C0EBC000E4
:1054E0001146431806480068C07CC0F34010C0EB6A
:1054F000C000421821460448FFF752FF74E700003D
:10550000B4020020A0950108B0B301082DED028B74
:10551000A6B06F240F21D948EBF774F9002007904B
:105520000025AAE1142D08DCD448C07820F007003B
:10553000801CD249C8706D1C07E0D048C07820F0AC
:105540000700401CCD49C8700125CD4840688068DF
:1055500008EE100A9FEDCB0AC8EE000ABDEEE00A85
:10556000C94880ED000AC9480078FF2802D1002010
:10557000C6490870C5480078401CC4490870A52079
:105580008DF82000E0B28DF8210020128DF8220065
:10559000084600788DF82300052108A8F9F722FBBA
:1055A00001208DF8250003208DF8260004208DF8B9
:1055B000270001208DF82800B54800788DF82900D3
:1055C000B348007800128DF82A00B14800788DF8B1
:1055D0002B00AF48007840F4807000128DF82C004A
:1055E0000020A6490870487088700846C07820F0EE
:1055F00038003030C8700846B0F8030020F47070EE
:10560000A1F803000846007920F03C00083008713A
:1056100014219A48808861F38E109849888005216A
:105620009648B0F8050061F3CF109449A1F8050041
:105630000846B0F807006FF30900801CA1F80700C6
:105640004FF452718D48008961F38C008B490881B9
:105650004FF420718948B0F8090061F34F10874971
:10566000A1F809000846B0F80B006FF30900401CD0
:10567000A1F80B0002218148808961F38C007F49E9
:10568000888103217D48B0F80D0061F34F107B49FC
:10569000A1F80D00F02040F2D7314FF43972CDE976
:1056A0000212CDE904100120022109230246CDE9AE
:1056B000001078A17848F3F7D9FD4FF4D07040F28C
:1056C0009F4140F20F33CDE90230CDE904100120B3
:1056D000042109230246CDE9001070A17048F3F7B8
:1056E000C5FD4FF4DA7040F2D14140F2D323CDE949
:1056F0000230CDE904100120022109230246CDE940
:10570000001068A16848F3F7B1FD4FF4D57040F27E
:10571000634140F25233CDE90230CDE9041001205B
:10572000032109230246CDE9001060A16048F3F788
:105730009DFD4FF4CB7040F24C4140F26933CDE90E
:105740000230CDE904100120052109230246CDE9EC
:10575000001058A15848F3F789FD4FF4C17040F28A
:105760004C4140F26933CDE90230CDE9041001200B
:10577000052107230246CDE9001050A15048F3F758
:1057800075FD3E480168CDF82D104168CDF8311007
:105790000189ADF83510807A8DF837003A480068F5
:1057A0000E900F223C490FA8EAF7ADFF0F223C49AB
:1057B0000DF14B00EAF7A7FF0F223B490DF15A000C
:1057C000EAF7A1FF0F223A490DF16900EAF79BFFC2
:1057D0000F2239491EA8EAF796FF0F2238490DF12A
:1057E0008700EAF790FF782108A8F9F7E3F9F0219C
:1057F00008A8F3F72FFD33480068079064230422BC
:1058000007A93148F2F73CFE2148407801280DD124
:105810002E4890ED030ADFED2E0AB4EE600AF1EE99
:1058200010FA03D041F28830EDF79AFA1848407820
:1058300002280DD1254890ED030ADFED260AB4EECB
:10584000600AF1EE10FA03D041F6E840EDF788FA6D
:105850000F48407803280DD11C4890ED030ADFED76
:105860001E0AB4EE600AF1EE10FA03D042F2B8401C
:10587000EDF776FA6420FDF7CBFE53E6EC4100200D
:10588000003200200000C842FC020020F802002084
:10589000B335002030393100FB410020303932006F
:1058A0000A420020303933001942002030393400D8
:1058B000284200203039350037420020303736008A
:1058C00046420020F9020020E0100020EC2C0020CD
:1058D00000004842000094420000BC4201460A69B0
:1058E000D1E901309860D1E90103586050688842DD
:1058F00001D188685060002008611068401E106067
:10590000106870472DE9F041044614B90648006854
:1059100000E0204607463D6B2846FEF7ADFB0646F5
:105920003046BDE8F081000044030020034B0360D3
:10593000034B0B608023136070470000BC05002000
:1059400010060020034B0360034B0B604FF4807381
:1059500013607047100800206408002000F108015F
:1059600041604FF0FF31816000F10801C1600161C9
:1059700000210160704700210161704710B50246A7
:105980000B685C1C0CB9106907E002F1080000E02C
:105990004068446824689C42FAD944684C604C686A
:1059A000A160886041600A611468641C146010BDC5
:1059B00042684A6093688B6093685960916008619F
:1059C00003685B1C0360704700BF502080F31188A0
:1059D000BFF34F8FBFF36F8F00BF0E480068401CAE
:1059E0000C49086008460068012812D10A4800687E
:1059F000C0B208B9012000E0002050B900BF50201B
:105A000080F31188BFF34F8FBFF36F8F00BF00BFCC
:105A1000FEE77047AC03002004ED00E00D4800688D
:105A200050B900BF502080F31188BFF34F8FBFF3F0
:105A30006F8F00BF00BFFEE706480068401E0549A3
:105A400008600846006820B9002080F3118800BF74
:105A500000BF7047AC03002070B506463546002EE7
:105A60003FD0083D2C461F4960680968084008B1CE
:105A7000012000E0002050B900BF502080F31188C1
:105A8000BFF34F8FBFF36F8F00BF00BFFEE72068EB
:105A900008B9012000E0002050B900BF502080F379
:105AA0001188BFF34F8FBFF36F8F00BF00BFFEE7BA
:105AB0000C4960680968084098B1206888B90949AC
:105AC000606809688843606000F0ECF90649606826
:105AD00009680844044908602046FEF781F801F08F
:105AE00093F870BDA8030020A003002000204FF011
:105AF000E02108618861064800684FF47A71B0FBC4
:105B0000F1F0401E4FF0E021486107200861704726
:105B1000A000002070B5EAF75DFC0446102C16D3F7
:105B200004F1E02090F8F05315480078854201DB3D
:105B3000012000E0002050B900BF502080F3118800
:105B4000BFF34F8FBFF36F8F00BF00BFFEE70D485D
:105B5000006800F4E0600C490968884201D801201F
:105B600000E0002050B900BF502080F31188BFF33F
:105B70004F8FBFF36F8F00BF00BFFEE770BD000007
:105B8000B00300200CED00E0B4030020024600202A
:105B90000BE0084B53F8303033B9064B43F8301064
:105BA00003EBC0035A6002E0401C0828F1D300BF99
:105BB000704700008C4600202DE9F04105460E4656
:105BC00017462C46FFF700FF94F94400401C10B91B
:105BD000002084F8440094F94500401C10B90020CE
:105BE00084F84500FFF71AFFA06B28B93A46314602
:105BF00004F1240000F0DAF82046FEF776FABDE85A
:105C0000F081000070B504460025D4B11248006848
:105C100008B9012000E0002050B900BF502080F3F7
:105C20001188BFF34F8FBFF36F8F00BF00BFFEE738
:105C300000F038F900212046FDF742FD00F0E4FFB6
:105C400005463DB94FF0805004490860BFF34F8FBF
:105C5000BFF36F8F70BD00007C03002004ED00E0F7
:105C60000349096801600349096841607047000001
:105C70006C03002058030020012001490860704790
:105C8000680300202DE9F04105460F4655B900BFD5
:105C9000502080F31188BFF34F8FBFF36F8F00BF89
:105CA00000BFFEE7FFF736FF2C4600BF5021EFF3A1
:105CB000118081F31188BFF34F8FBFF36F8F00BF47
:105CC000064694F85080022084F85000E06C401C96
:105CD000E064B8F1010F3BD1A06A08B9012000E0EF
:105CE000002050B900BF502080F31188BFF34F8FC0
:105CF000BFF36F8F00BF00BFFEE718480068A8B968
:105D0000201DFFF7EBFD94F82C100120884014496A
:105D10000968084312490860E16A01EB8101114AF0
:105D200002EB8100211DFFF743FE04E004F118019E
:105D30000D48FFF73DFE0D49E06A0968C96A8842CF
:105D400006D917B10120386002E001200849086037
:105D500000BF86F3118800BFBDE8F0817C030020FE
:105D60005C030020CC460020804700204403002034
:105D70006803002070B504460D4654B900BF50209A
:105D800080F31188BFF34F8FBFF36F8F00BF00BF49
:105D9000FEE70548016818312046FFF7EFFD0121B5
:105DA0002846FDF78DFC70BD4403002070B5054604
:105DB0000E46144655B900BF502080F31188BFF33A
:105DC0004F8FBFF36F8F00BF00BFFEE7064801682B
:105DD00018312846FFF7ECFD0CB14FF0FF36214695
:105DE0003046FDF76DFC70BD4403002010B586B051
:105DF00000200590049003AA04A905A8FFF796FDCA
:105E00000022DDE904101346CDE9002102901EA115
:105E10001F48039A00F0E0FC1E490860084600682D
:105E200008B1012400E00024012C02D100F06EFF33
:105E30000446012C15D100BF502080F31188BFF318
:105E40004F8FBFF36F8F00BF4FF0FF3012490860D4
:105E500001201249086000201149086000F0A8F8EC
:105E600010E0601C08B1012000E0002050B900BF24
:105E7000502080F31188BFF34F8FBFF36F8F00BFA7
:105E800000BFFEE706B010BD49444C4500000000CD
:105E9000713A010878030020740300206003002099
:105EA0005803002002480068401C01490860704700
:105EB0007C0300201D48006818B101201C490860BF
:105EC00032E000201A4908601A480068B0FA80F0F1
:105ED000C0F11F0101EB8100174A52F8200008B100
:105EE000012000E0002050B900BF502080F311884D
:105EF000BFF34F8FBFF36F8F00BF00BFFEE701EB13
:105F000081020D4B03EB820042685268426000F14F
:105F100008024368934202D1426852684260426874
:105F2000D268064B1A6000BF704700007C03002057
:105F3000680300205C030020CC46002044030020BE
:105F400070B505460C4600260DB1022C01D8002084
:105F500070BDA11E094802882846FBF7F7FA0646DD
:105F6000F1B2A01E285C814206D1601E285CB0EB15
:105F7000162F01D10120EBE70020E9E734030020D0
:105F800070B505460C4600260DB1022C01D8002044
:105F900070BD611EFF222846FBF7F2FA0646601E1E
:105FA000285CB04201D10120F2E70020F0E70000B8
:105FB0001CB5524800685249884201D0012000E0D7
:105FC000002050B900BF502080F31188BFF34F8FDD
:105FD000BFF36F8F00BF00BFFEE748480068484925
:105FE000491E884201D0012000E0002050B900BFC6
:105FF000502080F31188BFF34F8FBFF36F8F00BF26
:1060000000BFFEE73F49084600780190FF200A469E
:1060100010700846007800909DF8000000F0F00035
:106020009DF80020904201D1012000E0002050B9ED
:1060300000BF502080F31188BFF34F8FBFF36F8FE5
:1060400000BF00BFFEE79DF8000000F050002E4AA0
:10605000107007202D4A106009E02C480068401E8F
:106060002A4A10609DF800004006000E00909DF83E
:10607000000000F080008028EFD024480068C0F1C4
:106080000700042801D1012000E0002050B900BF22
:10609000502080F31188BFF34F8FBFF36F8F00BF85
:1060A00000BFFEE7194800680002184A1060104659
:1060B000008800F4E0601060124A019810700F48E8
:1060C0002030006840F470000C4920310860084618
:1060D000006840F070400860FFF708FD00200C49A0
:1060E0000860EAF73FF90B48006840F04040094972
:1060F0000860EAF723F900201CBD000000ED00E075
:1061000071C20F4100E400E0B0030020B40300209E
:10611000AC03002034EF00E010B500BF502080F346
:106120001188BFF34F8FBFF36F8F00BF00F018FCD3
:1061300018B14FF080500449086000BF002080F380
:10614000118800BF10BD000004ED00E02DE9F84308
:1061500080460E4617461D46DDF82090B8F1000F28
:1061600001D0012000E0002050B900BF502080F392
:106170001188BFF34F8FBFF36F8F00BF00BFFEE7E3
:106180000DB1012000E0002050B900BF502080F385
:106190001188BFF34F8FBFF36F8F00BF00BFFEE7C3
:1061A00007B10EB1012000E0002050B900BF50201F
:1061B00080F31188BFF34F8FBFF36F8F00BF00BF15
:1061C000FEE707B90EB9012000E0002050B900BF7A
:1061D000502080F31188BFF34F8FBFF36F8F00BF44
:1061E00000BFFEE7482000900098482801D1012018
:1061F00000E0002050B900BF502080F31188BFF3A9
:106200004F8FBFF36F8F00BF00BFFEE72C464CB12E
:10621000012084F846004B463A46314640460094F9
:10622000FDF73AFC2046BDE8F883000070B505464E
:106230000E462C4654B900BF502080F31188BFF39E
:106240004F8FBFF36F8F00BF00BFFEE7FFF7BCFBB0
:10625000D4E90F12206801FB020060600020A063F7
:106260002068A060E06B401E226C216800FB0210D9
:10627000E060FF2084F8440084F845009EB920695E
:1062800008B9012000E00020A8B904F1100000F0D6
:106290006FFC80B14FF0805009490860BFF34F8F09
:1062A000BFF36F8F07E004F11000FFF757FB04F115
:1062B0002400FFF753FBFFF7B1FB012070BD000086
:1062C00004ED00E02DE9FF4383B0064688461D46F5
:1062D0004FF00009344654B900BF502080F31188B4
:1062E000BFF34F8FBFF36F8F00BF00BFFEE7B8F162
:1062F000000F01D1206C08B9012000E0002050B946
:1063000000BF502080F31188BFF34F8FBFF36F8F12
:1063100000BF00BFFEE7022D02D1E06B012801D1D2
:10632000012000E0002050B900BF502080F3118808
:10633000BFF34F8FBFF36F8F00BF00BFFEE700F0CA
:10634000F9FA08B9059808B9012000E0002050B911
:1063500000BF502080F31188BFF34F8FBFF36F8FC2
:1063600000BF00BFFEE700BFFFF72EFBA06BE16B95
:10637000884201D3022D28D12A4641462046FDF706
:10638000BEFA0746606A08B9012000E0002068B93B
:1063900004F1240000F0ECFB88B14FF0805032494A
:1063A0000860BFF34F8FBFF36F8F08E03FB14FF02E
:1063B00080502D490860BFF34F8FBFF36F8FFFF7F9
:1063C0002DFB012007B0BDE8F083059818B9FFF751
:1063D00025FB0020F6E7B9F1000F04D101A8FFF773
:1063E0003FFC4FF00109FFF719FBFFF75BFDFFF7DB
:1063F000EBFA94F94400401C10B9002084F84400E2
:1064000094F94500401C10B9002084F84500FFF7BE
:1064100005FB05A901A800F059F9F0B92046FDF7E0
:106420004CFCA0B104F110000599FFF7A3FC204635
:10643000FDF75BFE00F0E8FB002895D14FF080509F
:1064400009490860BFF34F8FBFF36F8F8CE7204679
:10645000FDF74BFE00F0D8FB86E72046FDF745FE32
:1064600000F0D2FB0020ADE704ED00E02DE9F05F85
:1064700007468A4690461E463C4654B900BF502007
:1064800080F31188BFF34F8FBFF36F8F00BF00BF42
:10649000FEE7BAF1000F01D1206C08B9012000E03D
:1064A000002050B900BF502080F31188BFF34F8FF8
:1064B000BFF36F8F00BF00BFFEE7022E02D1E06B7B
:1064C000012801D1012000E0002050B900BF502078
:1064D00080F31188BFF34F8FBFF36F8F00BF00BFF2
:1064E000FEE7FFF717FB00BF5021EFF3118081F3A8
:1064F0001188BFF34F8FBFF36F8F00BF0546A06BAE
:10650000E16B884201D3022E23D194F945B0324683
:1065100051462046FDF7F3F90BF1010088B9606A96
:1065200008B9012000E0002080B904F1240000F047
:106530001FFB58B1B8F1000F08D00120C8F80000C7
:1065400004E00BF1010040B284F845004FF001096E
:1065500001E04FF0000900BF85F3118800BF4846F5
:10656000BDE8F09F2DE9F74183B005460E464FF098
:1065700000082C4654B900BF502080F31188BFF3A7
:106580004F8FBFF36F8F00BF00BFFEE70EB9206CC7
:1065900008B9012000E0002050B900BF502080F36E
:1065A0001188BFF34F8FBFF36F8F00BF00BFFEE7AF
:1065B00000F0C0F908B9059808B9012000E00020F2
:1065C00050B900BF502080F31188BFF34F8FBFF345
:1065D0006F8F00BF00BFFEE700BFFFF7F5F9A76BA5
:1065E000F7B131462046FDF775F9781EA0632069A2
:1065F00008B9012000E0002060B904F1100000F0AB
:10660000B7FA38B14FF080502F490860BFF34F8F71
:10661000BFF36F8FFFF702FA012006B0BDE8F081EB
:10662000059818B9FFF7FAF90020F6E7B8F1000F5E
:1066300004D101A8FFF714FB4FF00108FFF7EEF9B2
:10664000FFF730FCFFF7C0F994F94400401C10B983
:10665000002084F8440094F94500401C10B9002043
:1066600084F84500FFF7DAF905A901A800F02EF833
:10667000F0B92046FDF714FBA0B104F12400059900
:10668000FFF778FB2046FDF730FD00F0BDFA00284B
:10669000A3D14FF080500C490860BFF34F8FBFF378
:1066A0006F8F9AE72046FDF720FD00F0ADFA94E7E2
:1066B0002046FDF71AFD00F0A7FA2046FDF7F0FA94
:1066C00000288AD00020A8E704ED00E070B5064657
:1066D0000C4656B900BF502080F31188BFF34F8F8E
:1066E000BFF36F8F00BF00BFFEE754B900BF50205B
:1066F00080F31188BFF34F8FBFF36F8F00BF00BFD0
:10670000FEE7FFF761F9184802687068131A174826
:10671000006890F8520030B100201449096881F8EF
:10672000520001251CE02068401C08B9002517E034
:106730000F4930680968884204D07068904201D8D7
:1067400001250DE02068984207D92068C01A206012
:106750003046FFF785FA002502E000202060012581
:10676000FFF75CF9284670BD580300204403002061
:106770006C0300202DE9FF4F85B0804689461746FF
:10678000DDE912ABB800FDF7EFFC064656B1542028
:10679000FDF7EAFC04460CB1266304E03046FFF73F
:1067A0005BF900E000248CB1002084F85100CDE9B1
:1067B00000ABCDE902403A4649464046089BFDF70A
:1067C0007EF92046FCF7CEFF012501E04FF0FF35B2
:1067D000284609B0BDE8F08F2DE9F04F85B0074697
:1067E000884691469A46DDE90EB6109C0EB101200E
:1067F00000E0002050B900BF502080F31188BFF3A3
:106800004F8FBFF36F8F00BF00BFFEE70CB10120B9
:1068100000E0002050B900BF502080F31188BFF382
:106820004F8FBFF36F8F00BF00BFFEE75420039070
:106830000398542801D1012000E0002050B900BF86
:10684000502080F31188BFF34F8FBFF36F8F00BFCD
:1068500000BFFEE7B4B1AEB125462C462E63022040
:1068600085F85100002004A953464A46CDE900B1FD
:10687000CDE9025041463846FDF721F92846FCF79C
:1068800071FF01E000200490049805B0BDE8F08F8E
:1068900070B5064607253046E9F716FF102801D2E5
:1068A000012000E0002050B900BF502080F3118883
:1068B000BFF34F8FBFF36F8F00BF00BFFEE7FFF73F
:1068C000F1FA00BF6D1E05EB8501154A02EB810050
:1068D0003146FDF731FB044604B101E0002DF1D152
:1068E00000BF2CB931460F480068FDF725FB044670
:1068F0002CB931460C480068FDF71EFB044624B94C
:1069000031460A48FDF718FB044624B931460848C9
:10691000FDF712FB044600F077F9204670BD000039
:10692000CC460020480300204C030020A84700204C
:10693000944700200549096809B9012005E0044988
:10694000096809B9022000E00020704760030020B8
:106950007C030020014908687047000058030020AC
:106960002DE9F0414FF0000844480068002877D135
:1069700043480068451C4248056015BB4148006813
:10698000006808B9012000E0002050B900BF502085
:1069900080F31188BFF34F8FBFF36F8F00BF00BF2D
:1069A000FEE73848076838480068364908603648C6
:1069B000076036480068401C34490860FDF78CFACF
:1069C00000BF3348006885423CD300BF2D480068B3
:1069D000006808B9012000E0002020B14FF0FF302E
:1069E0002B4908602DE027480068C068C4686668C5
:1069F000B54202D22648066023E0201DFEF76EFF56
:106A0000A06A18B104F11800FEF768FF94F82C1082
:106A1000012088401F49096808431E490860E16A4F
:106A200001EB81011C4A02EB8100211DFEF7C0FF32
:106A30001A49E06A0968C96A8842C7D34FF0010859
:106A4000C4E700BF15480068C06A00EB8000124927
:106A500051F82000012801D94FF0010805E0FFE7B7
:106A60000F480068401C0E4908600E48006808B1D5
:106A70004FF001084046BDE8F08100007C03002093
:106A800058030020480300204C0300206C03002022
:106A9000740300205C030020CC4600204403002047
:106AA000640300206803002070B505462C460026CC
:106AB000002D55D02B480068844201D1012000E010
:106AC000002050B900BF502080F31188BFF34F8FD2
:106AD000BFF36F8F00BF00BFFEE7A06C50B900BFCF
:106AE000502080F31188BFF34F8FBFF36F8F00BF2B
:106AF00000BFFEE7A06C401EA064616CE06A8842A3
:106B00002ED0A06C60BB201DFEF7E8FE78B9E06ACD
:106B100000EB8000144951F8200040B994F82C1083
:106B20000120884011490968814310480160606C68
:106B3000E062E06AC0F10700A06194F82C10012027
:106B400088400A490968084308490860E16A01EB7E
:106B50008101054A02EB8100211DFEF729FF012674
:106B6000304670BD44030020CC4600205C0300206A
:106B700070B50646F068C46854B900BF502080F371
:106B80001188BFF34F8FBFF36F8F00BF00BFFEE7C9
:106B900004F11800FEF7A2FE15480068A8B9201DF0
:106BA000FEF79CFE94F82C100120884011490968DA
:106BB000084310490860E16A01EB81010E4A02EBCB
:106BC0008100211DFEF7F4FE04E004F118010B48DA
:106BD000FEF7EEFE0A49E06A0968C96A884204D9EC
:106BE000012501200749086000E00025284670BD06
:106BF0007C0300205C030020CC460020804700205E
:106C0000440300206803002070B5002400263648A5
:106C1000006850B900BF502080F31188BFF34F8F38
:106C2000BFF36F8F00BF00BFFEE7FEF7CDFE2E481B
:106C30000068401E2C4908600846006800284FD1B3
:106C40002A48006800284BD024E02948C068C4685E
:106C500004F11800FEF742FE201DFEF73FFE94F8F7
:106C60002C10012088402349096808432149086005
:106C7000E16A01EB8101204A02EB8100211DFEF750
:106C800097FE1E49E06A0968C96A884202D301205A
:106C90001B4908601648006808B9012000E0002080
:106CA0000028D2D00CB1FDF717F91648056865B178
:106CB00000BFFFF755FE10B10120114908606D1E9D
:106CC000002DF6D100200F4908600D48006838B14A
:106CD000012630070C490860BFF34F8FBFF36F8F59
:106CE000FEF79CFE304670BD7C030020540300205C
:106CF000804700205C030020CC4600204403002095
:106D0000680300206403002004ED00E010B586B0A5
:106D10000024FCF781FD16480068D0B100200590E2
:106D2000049003AA04A905A8FEF70CFE0222DDE9DF
:106D300004100023CDE9002102900EA10F48039A10
:106D4000FFF74AFD0E4908600846006800B10124BB
:106D500000BF54B900BF502080F31188BFF34F8F9C
:106D6000BFF36F8F00BF00BFFEE7204606B010BD27
:106D700088030020546D722053766300D1400108CF
:106D80008C0300202DE9FF4704460D4616461F469A
:106D9000DDF830804FF0000954B900BF502080F377
:106DA0001188BFF34F8FBFF36F8F00BF00BFFEE7A7
:106DB0001448006810B3009501960294062D15DA68
:106DC000FFF7B8FD022808D10023424669460D4866
:106DD0000068FFF777FA814610E000231A466946FB
:106DE00008480068FFF76EFA814607E000233A463C
:106DF000694604480068FFF739FB8146484604B0FD
:106E0000BDE8F0878803002010B500290AD0087873
:106E1000002807D005487844EAF79CFE002801D0F6
:106E2000002010BD0248784410BD0000DE4600007E
:106E3000D646000010B500290AD00878002807D0EF
:106E400005487844EAF786FE002801D0002010BDEE
:106E50000248784410BD0000CE460000C64600003F
:106E600021F00042A2F16052B2F5801F01F0004310
:106E700028BFD2F17E6C51D9F1EE10CA1CF4400F3C
:106E800014D15FEAC00C43EAC20202EB507008BFA3
:106E900070475FEA4C0C40F10000DFF880C240F020
:106EA000998628BF20F0010000F094BEC30001F0D5
:106EB000004343EAC20202EB507008BF70471B4216
:106EC00048BF4FEA4C0C1CF4000F08BF401CDFF811
:106ED0004CC200F07FBEC30001F0004343EAC2028F
:106EE00002EB507204BF104670471B4248BF4FEA86
:106EF0004C0C1CF4000FDFF824C218BF104640F001
:106F0000698608BF521C12F4000F08BF104600F03B
:106F1000618621F0004201F0004330E050EA410C6C
:106F200004BF084670475FEA125CBCF1FE0F1ED139
:106F3000F1EE10CA1CF4400FCDD15FEAC00C9BD01B
:106F40005FEA001C4FEAC20C4CEB507C04BFC2004D
:106F50002CEAD27C1CF4000F04BF4CEA0300DFF8DB
:106F6000BCC100F0378621F00042A2F16052B2F5B8
:106F7000801F4FEA410C2ADB1CF5001F16D2F1EEF0
:106F800010CA1CF4806F06D02CF0005C4CF0805CC2
:106F9000A1F140612AE04FF07F40DFF884C143EA6D
:106FA000500000F017BE084600F0C5BF70B500F0F5
:106FB00015FB00BF000000B988000004FFF7F3BF15
:106FC00021F0704243EA507040EAC2007047F1EE8F
:106FD00010CA2CF0805C4CF0005C1CF4006F25D0D3
:106FE0004B00B3F5001F51D301F140611CF4400F79
:106FF00040F07E800CF0405CC3004CF0880C11D057
:107000005CF0404C10F0805F0CD0034610F1005053
:1070100041F10001020108BF20F00050834218BF77
:107020002CF0004C00F0604001F095B81CF4400FCB
:107030001AD01B4248BF4FEA4C0C1CF4000F13D16E
:1070400012F1406248BF22F07F424FEAC00CBCF10F
:10705000010F43EAC20242EB50704FF0880228BF92
:1070600042F0804200F06CBF12F1406248BF22F053
:107070007F425FEAC00C43EAC20242EA50704FF01E
:10708000880218BF42F0404200F05ABF01F00043AE
:1070900021F00041094214D0B1FA81FCACF10B0C93
:1070A000CCF1200201FA0CF120FA02F241EA0201CD
:1070B0004FEA0C5200FA0CF0A1EB020181EA030145
:1070C0000FE0B0FA80F200FA02F002F115024FEA86
:1070D000D0214FEA0252A1EB02014FEA405081EA6F
:1070E0000301F1EE10CA2CF0805C4CF0005C7BE7F1
:1070F00062460CF0405CC3004CF0880C92D05CF00F
:10710000404C094248BF520012F4000F8AD110F1DE
:10711000005041F100012CF0004C83D18800004068
:107120008800001010B5DFF840E211F5801C13F55F
:1071300080141EEA4C0F18BF1EEA440F00F0C880EE
:1071400091EA030F48BF83F0004300F14C83841A97
:1071500071EB030C05D2121943EB0C03001B61EB1E
:107160000C014FEA1154A4EB135C23EA6E0321EAED
:10717000045143F48013DCF1200E53D322FA0CFEA9
:1071800010EB0E0023FA0CFE41EB0E01CCF1200EA9
:1071900003FA0EFE10EB0E0051F10001B1F5801F55
:1071A000CCF1200E53D201EB045112FA0EF2BDE8DD
:1071B000104008BF7047F1EE10CA1CF4400F1ED1FA
:1071C0004FF0110C92F0000F4CF0804C40F1028512
:1071D000401C38BF5FEA420240F0FC84002814BF24
:1071E00020F0010041F100014FEA410313F5001FB7
:1071F00024BF4CF0805CA1F1C04100F0EBBC11F069
:10720000004F54BF1CF4000F1CF4800F4FF0110C02
:107210004CF0804C40F0DE84401CC0F0DB8441F137
:107220000001E1E7012A43EB0302ACF1200CDCF1A1
:107230001F0E32BF4FF0000E23FA0CF310EB0300C9
:1072400041EB0451B4EB115FAFD0A1EB045101F558
:10725000801149085FEA300002FA0EF242EA420267
:1072600001EB04515FEA320213D0BDE81040F1EEA9
:1072700010CA1CF4400F1AD14FF0110C92F0000FFD
:107280004CF0804CB0D5401C38BF5FEA4202ABD115
:10729000A4E7BDE810404FEA410313F5001F38BFD3
:1072A0007047DFF8C8C0A1F1C04100F093BC11F0F5
:1072B000004F54BF1CF4000F1CF4800F4FF0110C52
:1072C0004CF0804C90D1401C8ED341F100018BE7F3
:1072D0004EF4001E3EEA410418BF3EEA430439D092
:1072E00091EA030F48BF83F0004300F17783841ACB
:1072F00071EB030C05D2121943EB0C03001B61EB7D
:107300000C0152EA430E4FEA1154A4EB135C13D064
:107310005FEA445E21EA04511CBF23F00043ACF154
:10732000010C7FF428AFBDE810404FF0110C80181D
:1073300041EB030100F039BB5FEA445EBDE8104059
:1073400018BF704750EA410C08BF70474FF0110C4E
:1073500000F02BBBBDE8104070B500F03FF900BF56
:1073600064FBBE3E110000040000C0FF11000010CD
:10737000491058BFC1F140415B1058BFC3F14043B1
:107380008B42EFF300807047B1FA81F201FA02F10B
:10739000C2F11D024FEA415003EB025303EBD1212E
:1073A0007047000051EA030C11D41CF5801F00F156
:1073B0000680994218BF704708BF9042704711F588
:1073C000801F58BF13F5801F18D4994270471CF5D1
:1073D000801F09D550EA410C0EBF52EA430C8B4284
:1073E000704708BF824270474FF4001C1CEB410FEE
:1073F00038BF1CEB430F01D28B42704770B500F0D1
:10740000EDF800BF0000003F19001604FFF7B0BF01
:107410004FF000514FF08053FFF7AABFDFF8B4C11F
:1074200070B51CEA111E1EBF1CEA13159EEA0C0F54
:1074300095EA0C0F00F0948081EA030421EA4C11D4
:107440004EEAD47E23EA4C13AE4441F4801143F457
:107450008013A1FB024CA0FB0365AEF17F7E3619C1
:1074600055EB0C05A1FB034C4CF10003A0FB021CE7
:1074700016EB0C06654153F10003094218BF46F0B4
:10748000010613F4007F0BD14FEA03314FEA0530B8
:10749000340341EA155140EA16506FF003020AE046
:1074A0004FEAC3214FEAC520F40241EA555140EAB0
:1074B00056506FF00202264602EB2E4201EB0255B7
:1074C00085EACE7127D0F1EE10CA05461CF4400CB7
:1074D00014D15FEA440C18BF24F0004450F10000BE
:1074E00041F1000120EAD47040F2FD7C624517D2E0
:1074F000BDE87040DFF8E0C000F06CBB5FEACE741E
:1075000054BF1CF4000F1CF4800F08BF10F10100E1
:1075100041F10001E8E740F2FE7C624504D270BD13
:1075200008BF11F4801FE3D0A84214BF4FF080447D
:107530004FF04044002E08BF0024BEF1806FD8BF3A
:1075400001F1C041A8BFA1F1C04144F0130CA8BF94
:107550004CF0805CBDE8704040F37E8200F03ABBA6
:107560009EEA0C0F0CEA131518BF95EA0C0F19D000
:1075700091EA030F48BF4EF0010E50EA410418BFD4
:1075800052EA430409D000F0AAF8641986EA4606D4
:107590004FEA044E4EEAD67E5BE74FEACE714FF0DB
:1075A000000070BD00F01AF88900013E13000004CD
:1075B00000F005B800F007B852EA430C06D081EAA3
:1075C000030100F0C4B850EA410CF8D15FF824C0C0
:1075D00000F000BB0000FF07130000400EF1020E98
:1075E0002EF0030E01285EF8086B41EB010414F540
:1075F000001418BFB4F5801F23D3364208D4012AE3
:1076000043EB030515F5001518BFB5F5801F18D31A
:1076100001EB010C1CF5801F16D2364204D403EB9B
:10762000030C1CF5801F0FD2002C10D14FEAD17C27
:10763000002D0CEB4C0C0CF1020C08BF4CEBD37C76
:1076400007E04FF0090C04E04FF0080C01E04FEAAE
:10765000D37C0CEB4C0526FA05F606F00706B6F1CE
:10766000040C06D20EEB860CBDE870404CF0010C09
:107670006047DFE80CF0222413025EF804CC1B2DD7
:1076800008D1002C88BFB4F5801F34BF4CF4804C67
:107690004CF4004CBDE8704000F09CBA002C88BF50
:1076A000B4F5001F24BF1946104670BD4FF000000E
:1076B0004FF00041A1F5002170BD19461046012888
:1076C00051EB010418BFD4F5001484BF5EF804CC5C
:1076D0002CF0806CBDE8704000F25B82704780B592
:1076E0004FF003065C004FEA03334FEA3606640DA1
:1076F0004FEA133318BF43F480131CD153EA125ED0
:1077000004F1010402BF13460022203C1B4202BFC9
:10771000130B1205143CB3FA83FEAEF10B0ECEF13F
:10772000200C03FA0EF322FA0CFC02FA0EF2A4EB80
:107730000E0443EA0C030FB416F0010F0CBC03BC9B
:1077400018BF2546CED180BD80B50126F3E70808D5
:10775000A0F500114FEA3101704753EA010C11D432
:107760001CF5801F00F106808B4218BF704708BFD0
:107770008242704713F5801F58BF11F5801F18D43F
:107780008B4270471CF5801F09D552EA430C0EBF8F
:1077900050EA410C9942704708BF904270474FF43D
:1077A000001C1CEB430F38BF1CEB410F01D2994268
:1077B00070470FB40CBC03BCFFF720BE10B5DFF858
:1077C00094E211F5801C13F580141EEA4C0F18BFCB
:1077D0001EEA440F00F0F38091EA030F48BF83F0E4
:1077E00000433FF5B4AC841A71EB030C07D21219B5
:1077F0008CF0004C43EB0C03001B61EB0C0152427C
:107800004FEA1154A4EB135C23EAAE0321EA0451BE
:10781000C3EBAE0338BF5B1EDCF1200E48D322FA67
:107820000CFE10EB0E0043FA0CFE41EB0E01CCF106
:10783000200E03FA0EFE10EB0E0051F10001CCF108
:10784000200E4CD412FA0EF201EB0451BDE81040A8
:1078500008BF7047F1EE10CA1CF4400F14D14FF06E
:10786000120C92F0000F4CF0804C40F1B381401CA0
:1078700018BFB2F1004F40F0AD8100280CBF491C89
:1078800020F0010000F0A6B911F0004F54BF1CF425
:10789000000F1CF4800F4FF0120C4CF0804C40F0A5
:1078A0009981401C40F0968141F1000100F092B9AD
:1078B00012EB020E43EB030218BF4FF0010E4EEA2B
:1078C0004202ACF1200CDCF11E0E4BD943FA0CFE47
:1078D00010EB0E0051F1FF31CCF11E0EB2D50EF1BE
:1078E000010E12FA0EFE404141EB010101EB445C36
:1078F0005FEA5C5C06D95FEA0E0201EB0451BDE869
:107900001040A5E73BD24FEAD42C11F5001124F426
:1079100000641AD0B1FA81F20B3AA41AA41ED2F173
:107920002003914030FA03F31943904001EBCC71EE
:10793000002C01EB0451BDE81040A8BF704701F1D5
:10794000C0414FF0120C00F087B8B0FA80F310FA83
:1079500003F101D1BDE8104019D0E41A173C4805E5
:10796000C90AE3E701EB0451BDE81040401E61F194
:1079700000015FF0FF326BE701EB045110BD4910CD
:1079800001EB0451BDE810404FEA30000BE0F1EE8E
:1079900010CA4FF000010CF4400CBCF5000F08BFFA
:1079A0004FF0004170474FF0120C4A0008BF0042F0
:1079B000EDD0B2F5001F28BF704700F0EAB84EF4D2
:1079C000001E3EEA410418BF3EEA430434D091EA67
:1079D000030F48BF83F000433FF589AC841A71EB75
:1079E000030C07D212198CF0004C43EB0C03001B64
:1079F00061EB0C0152EA033E4FEA1154A4EB135C15
:107A000014D05FEA445E21EA045109D023F0004318
:107A10005242ACF1010CC3F1000338BF5B1EFBE620
:107A2000BDE81040801A61EB0301BCE7BDE81040DF
:107A300050EA410CB7D1AAE7BDE8104070B5FFF796
:107A4000CDFD00BF40DFF63E1100000483F0004191
:107A5000104670470000C0FFF1EE103A13F0807F2F
:107A60001EBF01F000410020704713F4006F40F08A
:107A7000AA80094248BF4CF4803C4FF4C0634FEAEF
:107A8000115203F1010321EA025122F400629A1A11
:107A900048BF6FF0FE0241F48011352A3CD830D047
:107AA000152A1ED3203A0CD90028C2F1200321FA4E
:107AB00002F001FA03F218BF42F001024FF0000198
:107AC00030E0C2F1000302F1200201FA03F120FAD2
:107AD00002F241EA020100FA03F208464FF0000107
:107AE00020E0C2F1200310B400FA03F401FA03F31A
:107AF00020FA02F021FA02F1224610BC43EA00000B
:107B000010E050EA01324FF000004FF000014FF05A
:107B1000004218BF521C05E04FF001024FF0000177
:107B20004FF000001CF4803F2CF4803C18BF41F063
:107B3000004112421ED0F1EE103A13F4400F20D152
:107B4000520003D30CD0401C41F10001F1EE103A79
:107B50004CF0804C43F00803E1EE103A00F03AB8E4
:107B60005FEAAC72EFD4F1D1401C41F1000120F08A
:107B70000100EBE71CF0804F08BF70472CF0004C71
:107B8000E4E7094254BF13F4000F13F4800FDDD172
:107B9000D9E7F1EE103A13F0807F1EBF01F00041EB
:107BA0000020704713F4006F08BF70472DE9F050B4
:107BB000FFF7CAFD04F5C064A4F10104314301EBF1
:107BC0000451BDE8F0504CF0005C4CF0800C00F02B
:107BD000C2BA00001CF0700F08BF0A460FB4F1EEE5
:107BE000101A0CF0405030EA814318BF4CF0804C22
:107BF0004FEA4C0310EA814F4FEAD36323EA112383
:107C000018BF23F0100341EA030101F0E073E1EE35
:107C1000101A4CEA030C0CF00F030A2B1DBF082BA3
:107C20000CF070034CEAC30C4FF4003304BF33EA8A
:107C30000C034CF4400C1CF0005F14D11CF0805F6E
:107C40000BD11CF0804F31D11CF0006F12D111F418
:107C5000807F0FBC62D000F07EBA11F4806F0FBC41
:107C60002BD000F078BA11F4006F0FBC08BF70473A
:107C700000F071BA11F4007F0FBC40F06C821CF070
:107C8000400F1EBF4FF0004040F0010070471CF055
:107C9000100F14BF81EA030242400CF00F000A28C3
:107CA00008BF4FF0FF324FF0000326E011F4805F71
:107CB0000FBC08BF704700F04EBAF1EE103A2CF03E
:107CC000805C1CF0800F14BF01F0004200F0004205
:107CD00012420CBF12EA336F12EAF35F0DD31CF0AD
:107CE000100F1DBF30A003C81143314808BF104317
:107CF00013F4805F40F02F8270471CF0100F02F0E9
:107D000000421DBF0FF2940003C81143254808BF6D
:107D1000104313F4805F40F01E8270471CF0400F48
:107D200040F028801CF4404F1BD01CF4004F1CBFB7
:107D3000194610460CF4807218BF8CEA520C1CF0E5
:107D4000800F0CBF40F4800041F400218CEADC037A
:107D500013F0100F1CBF2CF00F0C4CF0080C00F0AF
:107D6000A1B91CF0100F1ABF12A393E80300134827
:107D700000F098B91CF0800F14BF01F0004200F031
:107D800000421CF0100F1BBF0AA393E803000B482E
:107D9000114308BF104300F085B900BF0000000088
:107DA0000000F07F0000807FFFFFFFFFFFFFEF7FFD
:107DB000FFFF7F7F000000000000F87F0000C07F11
:107DC00043004FEAD30C4FEA3C0C43401FBF40072F
:107DD0000CF1605113F0FE4F70471CF0006F14D18E
:107DE00033F0004004BF1946704783EA830383EAF7
:107DF000430303F0070343EACC010CF0004303F113
:107E00005A5303F54013FFF7BFBA0CF0004343EA9F
:107E1000507010B540EACC0000F00FF8000000BA36
:107E2000180000044FEA0001FFF791BC4FEAE0029E
:107E30004FEA407042F0E04170470EF1020E2EF022
:107E4000030E4FEA40025EF8084B12F1807218BF31
:107E5000B2F5000F22D3244207D44FEA410313F1B5
:107E6000807318BFB3F5000F18D34FEA400C1CF510
:107E7000000F16D2244204D44FEA410C1CF5000F27
:107E80000FD2002A10D14FEAD07C002B0CEB4C0C07
:107E90000CF1020C08BF4CEBD17C07E04FF0090C51
:107EA00004E04FF0080C01E04FEAD17C0CEB4C03EE
:107EB00024FA03F404F00704B4F1040C06D20EEB28
:107EC000840CBDE810404CF0010C6047DFE80CF07A
:107ED0001F2013025EF804CC1B2B08D1002A88BF98
:107EE000B2F5000F34BF4CF4804C4CF4004CBDE8AC
:107EF0001040FFF76FBE002A88BFB2F1807F28BF15
:107F0000084610BD4FF00040A0F5800010BD0846A7
:107F1000420018BFD2F1807284BF5EF8042C22F0B8
:107F20008062BDE8104000F28A8070474FF0000088
:107F3000E1EE100A7047FF2141EAD050C0057047BA
:107F4000F1EE101A11F0807F1CBF00F00040704766
:107F500011F4006F40F08E8000F0004343EAD053EC
:107F600023F48073C3F1C10323F00041172941D8E2
:107F7000C3F1200310FA03F1C3F1200320F07F4086
:107F800040F4000020FA03F003F0004340EA03004D
:107F900019D00B46F1EE101A41F00801E1EE101A6B
:107FA00011F4400F1CD1590009D318BF401C06D151
:107FB0007FEAE27398BF401C38BF20F0010042F016
:107FC000804CFFF707BE12F0804F08BF7047F1EEFC
:107FD000101A944641F00801E1EE101AFFF7FABDBD
:107FE00010F0004F14BF5FEAF1535FEA316338BF0E
:107FF000401CE4E7182903EB912318BF6FF0004100
:108000000131F1EE101A41F00801E1EE101A11F4FD
:10801000400F18BF03F00040E2D168BF03F00040FA
:1080200009D6400203F0004000F1010004BF12F045
:10803000004F20F001004FF0804CFFF7CBBDF1EE78
:10804000101A11F0807F1CBF00F00040704711F43F
:10805000006F08BF704700F0004120F00040B0FA08
:1080600080F3A3F1080341F0C04100FA03F0A1EB53
:10807000C351084442F0005C00F06DB8064A21EAA2
:10808000020120EA0202F1EE100A20EA020282EA6C
:108090000102E1EE102A704760603FF6E9F7BEB8D2
:1080A000E9F7F2B90CF00F03092B08BF082000F024
:1080B00064800A2B32D0082B18BF704708BF1CF011
:1080C000400F31D01CF4803F23D11CF0200F11D180
:1080D0001CF0100F0BBF02460A466FF000406FF015
:1080E000004118BF4FF0FF3012F0004F1CBFC043DB
:1080F000C94370471CF0100F0CBF02460A4612F02D
:10810000004F4FF0FF304FF0FF311CBFC043C94359
:1081100070474FF000004FF0000170471CF0400F17
:1081200018BF4FF0004070471CF0100F08D020F02F
:10813000704300F07F4242EAD3014FEA4370704738
:1081400000F0604021F07F4242EA000201F07F40EF
:1081500040EA727070472DE900502DE90050E8F7B1
:1081600015FFBDE80050BDE800500CF00F0393F080
:10817000090F18BF7047AFF300801CF4801F24D094
:108180001CF4E02F09D010F0080F02D1D0F102004A
:1081900070476FEACC31490070474FF0604111EAF7
:1081A000407028BF40F04050F1EE103A23F0704389
:1081B00043EA0003E1EE103AEFF3008222F070424E
:1081C00042EA000282F3008870471CEA004018BFB0
:1081D00001207047A8B30108095001080000000001
:1081E000000000008000000000000000000000000F
:1081F00078B3010879FA00080000000000000000D0
:1082000000020000000000000000000094B301081C
:10821000C509010801000000000000000002000084
:1082200000000000000000006CB30108510F0108BD
:10823000000000000000000000010000000000003D
:108240000000000088B30108F529010802000000C1
:10825000000000000002000000000000000000001C
:10826000A0B30108118F0008030000000000000007
:1082700000040000000000000000000074B30108CA
:10828000F5300108000000000000000000010000BF
:10829000000000000000000040B30108CD330108D9
:1082A000FEFF0000000000000001000000000000D0
:1082B0000000000048B3010841460108000000002A
:1082C000000000008000000000000000000000002E
:1082D00080B30108D953010800000000000000002D
:1082E00080000000000000000000000050B3010802
:1082F00009EC000800000000000000008000000001
:10830000000000000000000064B30108A547010858
:1083100000000000000000008000000000000000DD
:108320000000000060B301080D55010800000000C6
:1083300000000000800000000000000000000000BD
:108340000000000000000000010203040607080905
:108350000000000001020304484400474D00475953
:10836000524143434D41470000A08C46000020414C
:108370000000000000002041000000000000003F5D
:10838000ABAA2A3EABAAAA3E1E0028000F000A0094
:108390000A000B000A000A000A000A000A0009008D
:1083A0000A000A000800020003000E000200030099
:1083B0000D000A000A000C0002000300070005007F
:1083C000050007002800C8000700640064000500DD
:1083D0000A000A00070064006400010000C00F45A5
:1083E00000000000000040C000102446000000BF54
:1083F0000000003F0000C844CDCC4C3E000000000F
:108400005AF8F63F5D896EBFD5A9183B0000000001
:10841000000000000000000000000000000000005C
:108420000000000000000000000000070000000045
:10843000000000CF00000000000000CF000000009E
:10844000000000CC00000000000000CC0000000094
:10845000000000CC00000000000000CC0000000084
:10846000000000CE00000000000000CF000000006F
:10847000000000FF00000000000000F90000000004
:10848000000000700000000000000000000000007C
:108490000000003E000000000000007E0000000020
:1084A000000000E700000000000000C30000000022
:1084B000000000C300000000000000C30000000036
:1084C000000000C700000000000000FE00000000E7
:1084D000000000FE000000000000007C0000000022
:1084E0000000000300000000000000DF00000000AA
:1084F000000000DF00000000000000DB00000000C2
:10850000000000DB00000000000000DB00000000B5
:10851000000000DB00000000000000DB00000000A5
:10852000000000DF00000000000000FE000000006E
:10853000000000FE000000000004000080000000B9
:10854000003C001CC000000001FC007EF0000000A8
:108550001FFC00FFF8000001FFFC00E7FE00000F19
:10856000FFFC00C3FF0000FFFFFC00C3FFC007FFCC
:10857000FFFC00C3FFE01FFFFFFC00C7FFF01FFF71
:10858000FFFC00FEFFF81FFFFFFC007CFFFC1FFF4D
:10859000FFFC0039FFFE1FFFFFFC0007FFFF1FFF6E
:1085A000FFFC001FFFFF9FFFFFE000FCFFFF9FFF9E
:1085B000FF0000F0FFFF9FFFF00000FCFFFF9FFFA8
:1085C0008000007FFFFF9FF80000000FFFFF9FF873
:1085D0000000000FFFFF9FF80000001CFFFF9FF846
:1085E00000000038FFFF9FF8000000F0FFDF9FF859
:1085F000000000FFFFCF9FF8008000FFFFC79FF83B
:1086000000800007FFC39FF800C00000FFC09FFB71
:1086100000C00001FFC01FFB80E00003FFC01FFB84
:10862000C0E00007FFC01FFBE0F0001EFFC01FFB03
:10863000F0F0003DFFC01FFBF8F80073FFC01FFB08
:10864000FCF800E3FFC01FFBFFFC00E3FFC01FFBC3
:10865000FFFC00FFFFC01FFBFFFE007FFFC01FFBF2
:10866000FFFE001FFFE01FFBFFFF0007FFE03FFBD7
:10867000FFFF0001FFF07FFBFFFF80007FF8FFF1AD
:10868000FFFF80017FFFFFF0FFEFC0737FFFFFF070
:108690007FE7C0FB3FFFFFE03FE3E0FB3FFFFFE082
:1086A0001FE1E0DB1FFFFFC00FE0F0DB0FFFFF80EB
:1086B00007E070DB07FFFF0003E038DB03FFFE008D
:1086C00001E018DF00FFF80000E00CDE003FE000F2
:1086D0000060048E00000000002000400000000048
:1086E000000000C000000000000000C0000000000A
:1086F000000000FF00000000000000FF000000007C
:10870000000000FC00000000000000C000000000AD
:10871000000000C000000000000000C000000000D9
:1087200000000081000000000000000B00000000BD
:10873000000000DB00000000000000DB0000000083
:10874000000000DB00000000000000DB0000000073
:10875000000000DB00000000000000DB0000000063
:10876000000000DB00000000000000DB0000000053
:10877000000000D2000000000000008000000000A7
:108780000000000F00000000000000CF000000000B
:10879000000000CC00000000000000CC0000000041
:1087A000000000CC00000000000000CC0000000031
:1087B000000000CC00000000000000CF000000001E
:1087C000000000DF00000000000000FB00000000CF
:1087D0000000007100000000000000000000000028
:1087E0000000000000000000000000000000000089
:1087F0000000000000000000000000000000000079
:108800000000000000000000000000000000000068
:108810000000000000000000000000000000000058
:108820000000000000000000000000000000020640
:108830000E1E3E7EFEFEFEFEFEFEFEFEFEFEFEFE68
:10884000FEFEFEFEFEFEFEFEFEFEFEFEFEFEFEFE48
:10885000FEFEFEFEFEFEFEFEFEFCFCF8F8F0E0C0B2
:108860008000000000000000000000000000000088
:1088700000000000000000000000000000000000F8
:1088800000000000000000000000000000000000E8
:1088900000000000000000000000000000000000D8
:1088A00000000000000000000000000000000000C8
:1088B00000000000000103070F1F3F7FFFFFFFFFC5
:1088C000FFFFFFFFFFFFF7E7C78707070707070758
:1088D0000707070707070F1FFFFFFFFFFFFFFFFF48
:1088E000FFFEF0000000000000000000000000009B
:1088F0000000000000000000000000000000000078
:108900000000000000000000000000000000000067
:108910000000000000000000000000000000000057
:108920000000000000000000000000000000000047
:1089300000000000000000C0FCFCFCFCFCFDFFFF90
:10894000FFFFFFFFFFFFFFFFFFFFFFFEFCFCFCFC44
:10895000FCFCFCFCFCFCFEFFFFFFFFFFFFFFFF7FBA
:108960003F0F0100000000000000000000000000B8
:1089700000000000000000000000000000000000F7
:1089800000000000000000000000000000000000E7
:1089900000000000000000000000000000000000D7
:1089A00000000000000000000000000000000000C7
:1089B0000000000080F0FEFFFFFFFFFFFFFFFFFF52
:1089C000FF1F0F0F0F0F0F0F0F1F3F7FFFFFFFFF47
:1089D000FFFFFFFFFFFFFFEFCF870703030100004B
:1089E0000000000000000000000000000000000087
:1089F0000000000000000000000000000000000077
:108A00000000000000000000000000000000000066
:108A10000000000000000000000000000000000056
:108A20000000000000000000000000000000000046
:108A30000000E0FCFFFFFFFFFFFFFFFFFFFF3F071E
:108A4000000000000000404040C0C0C0C0C1C3C71B
:108A5000CFDFFFFFFFFFFFFFFFFFFFFEFCF8F0E0AF
:108A6000C0800000000000000000000000000000C6
:108A700000000000000000000000000000000000F6
:108A800000000000000000000000000000000000E6
:108A900000000000000000000000000000000000D6
:108AA00000000000000000000000000000000008BE
:108AB0000C0F0F0F0F0F0F0F0F0F0F0F0F010000F5
:108AC0000000000000000000000000010103030797
:108AD000070F0F1F1F3F3F7F7FFFF3E3C383030396
:108AE000030303020000000000000000000000007B
:108AF0000000000000000000000000000000000076
:108B00000000000000000000000000000000000065
:108B10000000000000000000000000000000000055
:108B20000000000000000000000000000000000045
:108B30000000000000000000000000000000000035
:108B40000000000000000000000000000000000025
:108B50000000000000000000000000010103030607
:108B60000400000000000000000000000000000001
:108B700000000000000000000000000000000000F5
:108B800000000000000000000000000000000000E5
:108B90000000000060787B1B1B1B7B7F6F4E003E3C
:108BA0007F6363637F3E00787B6B6B6B6B7B7F3691
:108BB000003E7F6363637F3E4060783D071F7C70AB
:108BC0001D077F7840006070385D6F676F7C704074
:108BD0000040666F6B6B6B6B7B310203037F7F031F
:108BE0000361686B6B6B6B6B0B0360787B1B1B1BF0
:108BF0007B7B6F4E00466F6F6B6B6B7B31000000B1
:108C00000000000000000000000000000000000064
:108C10004080000000004080000000004080000014
:108C20000000408000000000400000000000400004
:108C300000000000440000000000440000000000AC
:108C400044000000000044000003FFC04000000397
:108C5000FFC0400000003FE0400000003FF0400047
:108C600000000FF8408000000FFC4080000003FE71
:108C70000000000003FF0000000003FF8000000070
:108C800007FFC00000000FFFFF8000003FFFF980DA
:108C900000003FFFF98000003FFFE0000000FFFF01
:108CA000E0000000FFFF80000000FFFF80000003E5
:108CB000FFFFE0000003FFFFE0003FFFFFFFFF803A
:108CC0003FFFFFFFFF80FFFFFFFE0180FFFFFFFE72
:108CD0000180CFFFFFF80000CFFFFFF80000FFFF8B
:108CE000FFC04000FFFFFFE04000FFFC30004000FD
:108CF000FFFC30004000FFCC3C004000FFCC3C00BB
:108D00004100FFCC00004000FFCC00004000FFCC41
:108D100000004000FFCC00004000FFC00000400009
:108D2000FFC0000040003FC0000040803FC0000086
:108D300040800000000040800000000040800000F3
:108D4000000040000000000040000000000048005B
:108D50000000000048000000000048000000000083
:108D60004000000000004000000000004000000043
:108D70000000400000000000400000000000400033
:108D80000000000070000000000000F8000000007B
:108D900000019C800000001FFF8F800000007FFF0B
:108DA000E300000000F000FE00000001C0001F0012
:108DB000000001800007C0000703000000F000076A
:108DC000E30600007C000C7B0600001E007C0F0008
:108DD00000000780FFE600000001C0C0FE00200088
:108DE00000E0C00E003C000070C002002600003011
:108DF000C002003E000030C03E0026000030FFF2FE
:108E0000003C0000707E0600200000E00C1F000007
:108E10000003C00CFB060000078007E30600001EED
:108E200000070300000078000001800003E000005C
:108E300001C0000F80000000F000FF000000007F74
:108E4000FFFF000000001FFF0D800000000003B8BE
:108E5000000000000000F0000000000000600000C2
:108E600000000000808000000380C000001F80F030
:108E70000003FF80FC003FFF80FE01FFFF80FF0733
:108E8000FFFF80FF87FFFF80FFC7FFFF80FFE7FF37
:108E9000FF80FFE7FFFC00FFE7FF8000FFE7F8002F
:108EA00000FFE7F80000FFE7F80000FFE7F8000028
:108EB000FEE7F80000FE67F80000FE27FA0000FE5B
:108EC00007FB0400FE07FB8600FE07FBC600FE074B
:108ED000FBE700FE07FBF700FE07FBFF80FE07FB3A
:108EE000FF80FE07FBFFC0FF07FBFFE0FF9FFBFFCC
:108EF000E0FFFFF9FFF07FFFF0FEF07FFFF07E78EC
:108F00003FFFE03E383FFFC01E1C1FFF800E0C0FCE
:108F1000FF00060407FC000200000000000082447D
:108F200028102844820000007800FEC0FEC07800AF
:108F300000004000700078004FE04FE078007000C3
:108F400040000000000000000000000000000000E1
:108F50000000000000000000000000000000000011
:108F600000004000700078004FE04FE07800706033
:108F70004060000000000000000000000000000051
:108F800000000000000000000000000000000000E1
:108F900000004000700078004FE04FE07800706003
:108FA00040600000000001E001E00000000000005F
:108FB00000000000000000000000000000000000B1
:108FC00000004000700078004FE04FE078007060D3
:108FD00040600000000001E001E00000000007E048
:108FE00007E000000000000000000000000000009A
:108FF00000004000700078004FE04FE078007060A3
:1090000040600000000001E001E00000000007E017
:1090100007E0000000001FE01FE00000000000006B
:1090200000004000700078004FE04FE07800706072
:1090300040600000000001E001E00000000007E0E7
:1090400007E0000000001FE01FE0000000007FE0DC
:109050007FE0000018000C00328F010818000C009F
:10906000628F010818000C00928F010818000C0094
:10907000C28F010818000C00F28F010818000C00C4
:109080002290010800007FE04020432041A040E002
:1090900043A04F205C2070207FE0000000007FE0B4
:1090A00040204020402040204020402040204020C0
:1090B0007FE000000C000C00849001080C000C0004
:1090C0009C900108FFFC80048004800480048004DC
:1090D0008004800480048004800480048004800470
:1090E0008004800480048004800480048004800460
:1090F000FFFC078018000E00C4900108000000006B
:109100000000000000000000000000003F400000E0
:10911000000000000000300040003000400000006F
:1091200009000BC03D000BC03D00090018C02440E1
:109130007FE0224031800000180024C01B000D8019
:109140003240018003801C4027401C8007400040C3
:10915000100060000000000000000000000000009F
:1091600000001F80204040200000402020401F8041
:1091700000000000090006001F8006000900000032
:10918000040004003F8004000400000000100060A0
:1091900000000000000000000400040004000400BF
:1091A000040000000000004000000000000000007B
:1091B000002001C006003800400000001F80204051
:1091C000204020401F800000000010403FC00040B1
:1091D0000000000018C02140224024401840000038
:1091E00010802040244024401B80000002000D001D
:1091F00011003FC0014000003C8024402440244036
:10920000238000001F80244024403440038000005D
:109210003000200027C03800200000001B802440C0
:10922000244024401B8000001C0022C02240224019
:109230001F80000000000000084000000000000047
:1092400000000000046000000000000000000400B6
:109250000A001100208040400900090009000900AF
:109260000900000000004040208011000A000400B6
:109270001800200023402400180000001F80204018
:10928000274029401F400000004007C039000F0060
:1092900001C0004020403FC0244024401B8000000B
:1092A0001F802040204020403080000020403FC0F0
:1092B000204020401F80000020403FC024402E401E
:1092C00030C0000020403FC024402E00300000008D
:1092D0000F001080204022403380020020403FC019
:1092E000040004003FC02040204020403FC02040F8
:1092F000204000000060202020203FC020002000EF
:1093000020403FC024400B0030C0204020403FC0E0
:1093100020400040004000C03FC03C0003C03C0073
:109320003FC0000020403FC00C4023003FC0200051
:109330001F802040204020401F80000020403FC070
:1093400024402400180000001F802140214020E01C
:109350001FA0000020403FC02440260019C000404C
:1093600018C02440244022403180000030002040BA
:109370003FC020403000000020003F8000400040FF
:109380003F80200020003E0001C007003800200080
:10939000380007C03C0007C038000000204039C03A
:1093A000060039C0204000002000384007C0384087
:1093B00020000000304021C02640384020C000007E
:1093C000000000007FE0402040200000000070000E
:1093D0000C000380004000000000402040207FE09F
:1093E00000000000000020004000200000000000FD
:1093F000001000100010001000100010000000000D
:109400004000000000000000000002800540054010
:1094100003C0004020003FC004400440038000001F
:109420000000038004400440064000000000038068
:10943000044024403FC00040000003800540054038
:1094400003400000000004401FC0244024402000CE
:10945000000002E0055005500650042020403FC0A7
:109460000440040003C000400000044027C0004046
:109470000000000000100010041027E000000000B1
:1094800020403FC00140070004C00440204020406D
:109490003FC000400040000007C0040007C00400B7
:1094A00003C00000044007C00440040003C00040A3
:1094B000000003800440044003800000041007F013
:1094C0000450044003800000000003800440045066
:1094D00007F00010044007C0024004000400000030
:1094E000000006400540054004C0000000000400E4
:1094F0001F8004400040000004000780004004403A
:1095000007C000400400070004C0018006000400FA
:10951000060001C0070001C006000000044006C0AC
:10952000010006C0044000000410071004E00180A0
:10953000060004000000044005C00640044000008E
:109540000000000004007BE040200000000000005C
:109550000000FFF000000000000040207BE004005D
:10956000000000004000800040002000200040007B
:10957000000048440000003F000000000080BB45A0
:1095800000009041000080BF0080BB45000090417A
:10959000000080BF10E4DC3FCB8541BF7FB5F73CC6
:1095A0004F4B00000000004552524F522100000076
:1095B00000000000000000000000000000000000AB
:1095C0000000000000000000000000000000000794
:1095D00000000000000000CF00000000000000CFED
:1095E00000000000000000CC00000000000000CCE3
:1095F00000000000000000CC00000000000000CCD3
:1096000000000000000000CE00000000000000CFBD
:1096100000000000000000FF00000000000000F952
:1096200000000000000000700000000000000000CA
:10963000000000000000003E000000000000007E6E
:1096400000000000000000E700000000000000C370
:1096500000000000000000C300000000000000C384
:1096600000000000000000C700000000000000FE35
:1096700000000000000000FE000000000000007C70
:10968000000000000000000300000000000000DFF8
:1096900000000000000000DF00000000000000DB10
:1096A00000000000000000DB00000000000000DB04
:1096B00000000000000000DB00000000000000DBF4
:1096C00000000000000000DF00000000000000FEBD
:1096D00000000000000000FE000000000004000088
:1096E00080000000003C001CC000000001FC007E67
:1096F000F00000001FFC00FFF8000001FFFC00E785
:10970000FE00000FFFFC00C3FF0000FFFFFC00C3D2
:10971000FFC007FFFFFC00C3FFE01FFFFFFC00C707
:10972000FFF01FFFFFFC00FEFFF81FFFFFFC007CA7
:10973000FFFC1FFFFFFC0039FFFE1FFFFFFC0007BF
:10974000FFFF1FFFFFFC001FFFFF9FFFFFE000FC6C
:10975000FFFF9FFFFF0000F0FFFF9FFFF00000FCF6
:10976000FFFF9FFF8000007FFFFF9FF80000000FBA
:10977000FFFF9FF80000000FFFFF9FF80000001C94
:10978000FFFF9FF800000038FFFF9FF8000000F087
:10979000FFDF9FF8000000FFFFCF9FF8008000FF71
:1097A000FFC79FF800800007FFC39FF800C00000BC
:1097B000FFC09FFB00C00001FFC01FFB80E0000353
:1097C000FFC01FFBC0E00007FFC01FFBE0F0001E52
:1097D000FFC01FFBF0F0003DFFC01FFBF8F8007357
:1097E000FFC01FFBFCF800E3FFC01FFBFFFC00E312
:1097F000FFC01FFBFFFC00FFFFC01FFBFFFE007F41
:10980000FFC01FFBFFFE001FFFE01FFBFFFF000765
:10981000FFE03FFBFFFF0001FFF07FFBFFFF800049
:109820007FF8FFF1FFFF80017FFFFFF0FFEFC073C4
:109830007FFFFFF07FE7C0FB3FFFFFE03FE3E0FB80
:109840003FFFFFE01FE1E0DB1FFFFFC00FE0F0DBA9
:109850000FFFFF8007E070DB07FFFF0003E038DB4E
:1098600003FFFE0001E018DF00FFF80000E00CDE5F
:10987000003FE0000060048E000000000020004077
:1098800000000000000000C000000000000000C058
:1098900000000000000000FF00000000000000FFCA
:1098A00000000000000000FC00000000000000C0FC
:1098B00000000000000000C000000000000000C028
:1098C0000000000000000081000000000000000B0C
:1098D00000000000000000DB00000000000000DBD2
:1098E00000000000000000DB00000000000000DBC2
:1098F00000000000000000DB00000000000000DBB2
:1099000000000000000000DB00000000000000DBA1
:1099100000000000000000D20000000000000080F5
:10992000000000000000000F00000000000000CF59
:1099300000000000000000CC00000000000000CC8F
:1099400000000000000000CC00000000000000CC7F
:1099500000000000000000CC00000000000000CF6C
:1099600000000000000000DF00000000000000FB1D
:109970000000000000000071000000000000000076
:1099800000000000000000000000000000000000D7
:1099900000000000000000000000000000000000C7
:1099A00000000000000000000000000000000000B7
:1099B00000000000000000000000000000000000A7
:1099C0000000000000000000000000000000000097
:1099D000000002060E1E3E7EFEFEFEFEFEFEFEFEA7
:1099E000FEFEFEFEFEFEFEFEFEFEFEFEFEFEFEFE97
:1099F000FEFEFEFEFEFEFEFEFEFEFEFEFEFCFCF891
:109A0000F8F0E0C08000000000000000000000004E
:109A10000000000000000000000000000000000046
:109A20000000000000000000000000000000000036
:109A30000000000000000000000000000000000026
:109A40000000000000000000000000000000000016
:109A50000000000000000000000103070F1F3F7F0F
:109A6000FFFFFFFFFFFFFFFFFFFFF7E7C7870707C6
:109A7000070707070707070707070F1FFFFFFFFF76
:109A8000FFFFFFFFFFFEF0000000000000000000ED
:109A900000000000000000000000000000000000C6
:109AA00000000000000000000000000000000000B6
:109AB00000000000000000000000000000000000A6
:109AC0000000000000000000000000000000000096
:109AD0000000000000000000000000C0FCFCFCFCD6
:109AE000FCFDFFFFFFFFFFFFFFFFFFFFFFFFFFFE8C
:109AF000FCFCFCFCFCFCFCFCFCFCFEFFFFFFFFFF95
:109B0000FFFFFF7F3F0F010000000000000000008A
:109B10000000000000000000000000000000000045
:109B20000000000000000000000000000000000035
:109B30000000000000000000000000000000000025
:109B40000000000000000000000000000000000015
:109B5000000000000000000080F0FEFFFFFFFFFF9C
:109B6000FFFFFFFFFF1F0F0F0F0F0F0F0F1F3F7F95
:109B7000FFFFFFFFFFFFFFFFFFFFFFEFCF870703A1
:109B800003010000000000000000000000000000D1
:109B900000000000000000000000000000000000C5
:109BA00000000000000000000000000000000000B5
:109BB00000000000000000000000000000000000A5
:109BC0000000000000000000000000000000000095
:109BD000000000000000E0FCFFFFFFFFFFFFFFFFB1
:109BE000FFFF3F07000000000000404040C0C0C031
:109BF000C0C1C3C7CFDFFFFFFFFFFFFFFFFFFFFEB7
:109C0000FCF8F0E0C0800000000000000000000050
:109C10000000000000000000000000000000000044
:109C20000000000000000000000000000000000034
:109C30000000000000000000000000000000000024
:109C40000000000000000000000000000000000014
:109C5000000000080C0F0F0F0F0F0F0F0F0F0F0F4B
:109C60000F010000000000000000000000000001E3
:109C700001030307070F0F1F1F3F3F7F7FFFF3E322
:109C8000C38303030303030200000000000000007D
:109C900000000000000000000000000000000000C4
:109CA00000000000000000000000000000000000B4
:109CB00000000000000000000000000000000000A4
:109CC0000000000000000000000000000000000094
:109CD0000000000000000000000000000000000084
:109CE0000000000000000000000000000000000074
:109CF0000000000000000000000000000000000163
:109D00000103030604000000000000000000000042
:109D10000000000000000000000000000000000043
:109D20000000000000000000000000000000000033
:109D3000000000000000000060787B1B1B1B7B7F85
:109D40006F4E003E7F6363637F3E00787B6B6B6B7F
:109D50006B7B7F36003E7F6363637F3E4060783D70
:109D6000071F7C701D077F7840006070385D6F674B
:109D70006F7C70400040666F6B6B6B6B7B310203D6
:109D8000037F7F030361686B6B6B6B6B0B03607806
:109D90007B1B1B1B7B7B6F4E00466F6F6B6B6B7B64
:109DA0003100000000000000000000000000000082
:109DB0000000000040800000000040800000000023
:109DC00040800000000040800000000040000000D3
:109DD00000004000000000004400000000004400BB
:109DE0000000000044000000000044000003FFC029
:109DF00040000003FFC0400000003FE040000000C2
:109E00003FF0400000000FF8408000000FFC408051
:109E1000000003FE0000000003FF0000000003FF3D
:109E20008000000007FFC00000000FFFFF8000005F
:109E30003FFFF98000003FFFF98000003FFFE00096
:109E40000000FFFFE0000000FFFF80000000FFFFB8
:109E500080000003FFFFE0000003FFFFE0003FFF82
:109E6000FFFFFF803FFFFFFFFF80FFFFFFFE01803E
:109E7000FFFFFFFE0180CFFFFFF80000CFFFFFF8DC
:109E80000000FFFFFFC04000FFFFFFE04000FFFCBD
:109E900030004000FFFC30004000FFCC3C004000A0
:109EA000FFCC3C004100FFCC00004000FFCC000094
:109EB0004000FFCC00004000FFCC00004000FFC08D
:109EC00000004000FFC0000040003FC00000408094
:109ED0003FC0000040800000000040800000000003
:109EE0004080000000004000000000004000000032
:109EF000000048000000000048000000000048008A
:109F000000000000400000000000400000000000D1
:109F10004000000000004000000000004000000081
:109F2000000040000000000070000000000000F889
:109F30000000000000019C800000001FFF8F8000D7
:109F400000007FFFE300000000F000FE00000001C1
:109F5000C0001F00000001800007C00007030000D0
:109F600000F00007E30600007C000C7B0600001EEA
:109F7000007C0F0000000780FFE600000001C0C069
:109F8000FE00200000E0C00E003C000070C0020097
:109F900026000030C002003E000030C03E00260017
:109FA0000030FFF2003C0000707E0600200000E060
:109FB0000C1F00000003C00CFB060000078007E335
:109FC0000600001E0007030000007800000180006A
:109FD00003E0000001C0000F80000000F000FF005F
:109FE0000000007FFFFF000000001FFF0D80000049
:109FF000000003B8000000000000F00000000000B6
:10A000000060000000000000808000000380C000AD
:10A01000001F80F00003FF80FC003FFF80FE01FF77
:10A02000FF80FF07FFFF80FF87FFFF80FFC7FFFF65
:10A0300080FFE7FFFF80FFE7FFFC00FFE7FF8000F6
:10A04000FFE7F80000FFE7F80000FFE7F80000FF77
:10A05000E7F80000FEE7F80000FE67F80000FE27C2
:10A06000FA0000FE07FB0400FE07FB8600FE07FB6C
:10A07000C600FE07FBE700FE07FBF700FE07FBFF3D
:10A0800080FE07FBFF80FE07FBFFC0FF07FBFFE032
:10A09000FF9FFBFFE0FFFFF9FFF07FFFF0FEF07F87
:10A0A000FFF07E783FFFE03E383FFFC01E1C1FFFE1
:10A0B000800E0C0FFF00060407FC000200000000E9
:10A0C0000000824428102844820000007800FEC06E
:10A0D000FEC0780000004000700078004FE04FE0C4
:10A0E0007800700040000000000000000000000048
:10A0F0000000000000000000000000000000000060
:10A100000000000000004000700078004FE04FE0C9
:10A110007800706040600000000000000000000057
:10A12000000000000000000000000000000000002F
:10A130000000000000004000700078004FE04FE099
:10A140007800706040600000000001E001E0000065
:10A1500000000000000000000000000000000000FF
:10A160000000000000004000700078004FE04FE069
:10A170007800706040600000000001E001E0000035
:10A18000000007E007E00000000000000000000001
:10A190000000000000004000700078004FE04FE039
:10A1A0007800706040600000000001E001E0000005
:10A1B000000007E007E0000000001FE01FE00000D3
:10A1C0000000000000004000700078004FE04FE009
:10A1D0007800706040600000000001E001E00000D5
:10A1E000000007E007E0000000001FE01FE00000A3
:10A1F00000007FE07FE0000018000C00D6A00108FE
:10A2000018000C0006A1010818000C0036A1010876
:10A2100018000C0066A1010818000C0096A10108A6
:10A2200018000C00C6A1010800007FE04020432078
:10A2300041A040E043A04F205C2070207FE0000060
:10A2400000007FE04020402040204020402040206F
:10A25000402040207FE000000C000C0028A20108F4
:10A260000C000C0040A20108FFFC80048004800464
:10A2700080048004800480048004800480048004BE
:10A2800080048004800480048004800480048004AE
:10A2900080048004FFFC0780000000000000000034
:10A2A00000000000000000003F400000000000002F
:10A2B00000003000400030004000000009000BC0EA
:10A2C0003D000BC03D00090018C024407FE0224043
:10A2D00031800000180024C01B000D803240018036
:10A2E00003801C4027401C80074000401000600095
:10A2F00000000000000000000000000000001F80BF
:10A30000204040200000402020401F80000000002E
:10A31000090006001F800600090000000400040078
:10A320003F800400040000000010006000000000F6
:10A330000000000004000400040004000400000009
:10A34000000000400000000000000000002001C0EC
:10A3500006003800400000001F80204020402040C0
:10A360001F800000000010403FC0004000000000BF
:10A3700018C0214022402440184000001080204096
:10A38000244024401B80000002000D0011003FC04B
:10A39000014000003C8024402440244023800000F1
:10A3A0001F802440244034400380000030002000FF
:10A3B00027C03800200000001B8024402440244097
:10A3C0001B8000001C0022C0224022401F80000091
:10A3D0000000000008400000000000000000000035
:10A3E0000460000000000000000004000A001100EA
:10A3F0002080404009000900090009000900000010
:10A4000000004040208011000A00040018002000D5
:10A4100023402400180000001F80204027402940CE
:10A420001F400000004007C039000F0001C000407D
:10A4300020403FC0244024401B8000001F8020405B
:10A44000204020403080000020403FC0204020407D
:10A450001F80000020403FC024402E4030C000003C
:10A4600020403FC024402E00300000000F0010802C
:10A47000204022403380020020403FC004000400FE
:10A480003FC02040204020403FC0204020400000EE
:10A490000060202020203FC02000200020403FC03E
:10A4A00024400B0030C0204020403FC020400040EE
:10A4B000004000C03FC03C0003C03C003FC0000063
:10A4C00020403FC00C4023003FC020001F802040A0
:10A4D000204020401F80000020403FC02440240036
:10A4E000180000001F802140214020E01FA0000034
:10A4F00020403FC02440260019C0004018C024401E
:10A500002440224031800000300020403FC02040E5
:10A510003000000020003F80004000403F802000CD
:10A5200020003E0001C0070038002000380007C0AE
:10A530003C0007C038000000204039C0060039C088
:10A54000204000002000384007C0384020000000B4
:10A55000304021C02640384020C0000000000000EC
:10A560007FE0402040200000000070000C000380CD
:10A57000004000000000402040207FE0000000007C
:10A58000000020004000200000000000001000102B
:10A59000001000100010001000000000400000003B
:10A5A00000000000000002800540054003C000409C
:10A5B00020003FC0044004400380000000000380EE
:10A5C0000440044006400000000003800440244092
:10A5D0003FC00040000003800540054003400000EC
:10A5E000000004401FC0244024402000000002E07E
:10A5F000055005500650042020403FC00440040090
:10A6000003C000400000044027C0004000000000DC
:10A6100000100010041027E00000000020403FC0A0
:10A620000140070004C00440204020403FC00040DB
:10A630000040000007C0040007C0040003C0000081
:10A64000044007C00440040003C000400000038031
:10A650000440044003800000041007F0045004404C
:10A6600003800000000003800440045007F0001045
:10A67000044007C00240040004000000000006403F
:10A680000540054004C00000000004001F80044095
:10A6900000400000040007800040044007C0004064
:10A6A0000400070004C0018006000400060001C089
:10A6B000070001C006000000044006C0010006C0FB
:10A6C000044000000410071004E0018006000400AC
:10A6D0000000044005C006400440000000000000E7
:10A6E00004007BE040200000000000000000FFF0BC
:10A6F00000000000000040207BE00400000000009B
:10A7000040008000400020002000400040AC037D5D
:10A7100004014103057C00026D0D026D09020B0866
:10A720000141090242C0030A0B04FF005EBCE26162
:10A730003FDD83C29C7E20A3FD1F419DC3217FFC82
:10A74000A2401E5F01E3BD3E6082DC237D9FC142CB
:10A750001CFEA0E1BF5D0380DE3C62BEE0025CDF68
:10A7600081633D7C22C09E1D43A1FF4618FAA427A9
:10A77000799BC584DA3866E5BB5907DB856739BA4A
:10A78000E406581947A5FB7826C49A653BD9870487
:10A790005AB8E6A7F91B45C6987A24F8A6441A9930
:10A7A000C7257B3A6486D85B05E7B98CD2306EED5D
:10A7B000B3510F4E10F2AC2F7193CD114FADF3701A
:10A7C0002ECC92D38D6F31B2EC0E50AFF1134DCE33
:10A7D00090722C6D33D18F0C52B0EE326C8ED05300
:10A7E0000DEFB1F0AE4C1291CF2D73CA947628AB19
:10A7F000F517490856B4EA6937D58B5709EBB536D2
:10A80000688AD495CB2977F4AA4816E9B7550B88FE
:10A81000D6346A2B7597C94A14F6A8742AC89615B7
:10A820004BA9F7B6E80A54D7896B350000008911A7
:10A8300012239B322446AD573665BF74488CC19DA8
:10A840005AAFD3BE6CCAE5DB7EE9F7F88110080188
:10A8500093331A22A5562C47B7753E64C99C408D88
:10A86000DBBF52AEEDDA64CBFFF976E802218B3024
:10A87000100299132667AF763444BD554AADC3BC68
:10A88000588ED19F6EEBE7FA7CC8F5D983310A2048
:10A8900091121803A7772E66B5543C45CBBD42AC48
:10A8A000D99E508FEFFB66EAFDD874C904428D53E0
:10A8B00016619F702004A9153227BB364CCEC5DF28
:10A8C0005EEDD7FC6888E1997AABF3BA85520C4308
:10A8D00097711E60A1142805B3373A26CDDE44CF08
:10A8E000DFFD56ECE9986089FBBB72AA06638F72A4
:10A8F00014409D512225AB343006B9174EEFC7FEE8
:10A900005CCCD5DD6AA9E3B8788AF19B87730E62C7
:10A9100095501C41A3352A24B1163807CFFF46EEC7
:10A92000DDDC54CDEBB962A8F99A708B088481956F
:10A930001AA793B62CC2A5D33EE1B7F04008C919B7
:10A94000522BDB3A644EED5F766DFF7C8994008577
:10A950009BB712A6ADD224C3BFF136E0C118480997
:10A96000D33B5A2AE55E6C4FF77D7E6C0AA583B413
:10A97000188691972EE3A7F23CC0B5D14229CB3877
:10A98000500AD91B666FEF7E744CFD5D8BB502A437
:10A9900099961087AFF326E2BDD034C1C3394A2857
:10A9A000D11A580BE77F6E6EF55C7C4D0CC685D7CF
:10A9B0001EE597F42880A1913AA3B3B2444ACD5B37
:10A9C0005669DF78600CE91D722FFB3E8DD604C7F7
:10A9D0009FF516E4A9902081BBB332A2C55A4C4B17
:10A9E000D7795E68E11C680DF33F7A2E0EE787F693
:10A9F0001CC495D52AA1A3B03882B193466BCF7AF7
:10AA00005448DD59622DEB3C700EF91F8FF706E6B6
:10AA10009DD414C5ABB122A0B9923083C77B4E6AD6
:10AA2000D5585C49E33D6A2CF11E780F00061016DC
:10AA300000061016CDCC4C3ECDCC4C3ECDCC4C3E81
:10AA400000000000920E493CB10AC93C2BC3163DE0
:10AA50002EFB483D752B7B3D04A9963D80B6AF3D4E
:10AA600036BDC83D2FBCE13D73B2FA3D87CF093EEC
:10AA70008340163EB5AB223EA2102F3ECF6E3B3E2A
:10AA8000C2C5473E0115543E135C603E7F9A6C3E42
:10AA9000CCCF783EC07D823E938E883E229A8E3EF9
:10AAA00032A0943E86A09A3EE59AA03E128FA63E22
:10AAB000D47CAC3EEF63B23E2A44B83E491DBE3E54
:10AAC00015EFC33E53B9C93ECA7BCF3E4136D53E92
:10AAD00080E8DA3E4F92E03E7533E63EBBCBEB3E7C
:10AAE000EA5AF13ECBE0F63E275DFC3EE4E7003F4C
:10AAF0003D9C033F824B063F9BF5083F6B9A0B3F03
:10AB0000DA390E3FCDD3103F2A68133FD9F6153FEF
:10AB1000C07F183FC6021B3FD17F1D3FCBF61F3FB2
:10AB20009967223F25D2243F5636273F1594293F67
:10AB30004AEB2B3FDE3B2E3FBB85303FC9C8323F3F
:10AB4000F304353F233A373F4268393F3B8F3B3F61
:10AB5000F9AE3D3F67C73F3F70D8413F01E2433FF9
:10AB600003E4453F65DE473F12D1493FF8BB4B3F09
:10AB7000029F4D3F207A4F3F3D4D513F4918533F73
:10AB800031DB543FE595563F5348583F6AF2593FF1
:10AB90001A945B3F532D5D3F05BE5E3F2146603FEB
:10ABA00097C5613F5A3C633F59AA643F880F663F8F
:10ABB000D86B673F3CBF683FA7096A3F0C4B6B3FB0
:10ABC0005E836C3F93B26D3F9ED86E3F73F56F3FCF
:10ABD0000809713F5213723F4714733FDD0B743FF6
:10ABE0000BFA743FC6DE753F07BA763FC58B773FD9
:10ABF000F853783F9812793F9DC7793F02737A3FA7
:10AC0000BE147B3FCDAC7B3F283B7C3FC9BF7C3F24
:10AC1000AC3A7D3FCCAB7D3F23137E3FB0707E3F8F
:10AC20006DC47E3F580E7F3F6D4E7F3FAB847F3FAC
:10AC30000FB17F3F97D37F3F43EC7F3F11FB7F3FB7
:10AC40000000803F11FB7F3F43EC7F3F97D37F3F66
:10AC50000FB17F3FAB847F3F6D4E7F3F580E7F3FEC
:10AC60006DC47E3FB0707E3F23137E3FCCAB7D3FF3
:10AC7000AC3A7D3FC9BF7C3F283B7C3FCDAC7B3F9E
:10AC8000BE147B3F02737A3F9DC7793F9812793F8C
:10AC9000F853783FC58B773F07BA763FC6DE753FDE
:10ACA0000BFA743FDD0B743F4714733F5213723F2E
:10ACB0000809713F73F56F3F9ED86E3F93B26D3FA9
:10ACC0005E836C3F0C4B6B3FA7096A3F3CBF683FFC
:10ACD000D86B673F880F663F59AA643F5A3C633F71
:10ACE00097C5613F2146603F05BE5E3F532D5D3FE6
:10ACF0001A945B3F6AF2593F5348583FE595563FD7
:10AD000031DB543F4918533F3D4D513F207A4F3F6F
:10AD1000029F4D3FF8BB4B3F12D1493F65DE473F95
:10AD200003E4453F01E2433F70D8413F67C73F3FDF
:10AD3000F9AE3D3F3B8F3B3F4268393F233A373FB7
:10AD4000F304353FC9C8323FBB85303FDE3B2E3F61
:10AD50004AEB2B3F1594293F5636273F25D2243FF7
:10AD60009967223FCBF61F3FD17F1D3FC6021B3F95
:10AD7000C07F183FD9F6153F2A68133FCDD3103F47
:10AD8000DA390E3F6B9A0B3F9BF5083F824B063F2B
:10AD90003D9C033FE4E7003F275DFC3ECBE0F63EF1
:10ADA000EA5AF13EBBCBEB3E7533E63E4F92E03EB6
:10ADB00080E8DA3E4136D53ECA7BCF3E53B9C93E24
:10ADC00015EFC33E491DBE3E2A44B83EEF63B23E76
:10ADD000D47CAC3E128FA63EE59AA03E86A09A3E59
:10ADE00032A0943E229A8E3E938E883EC07D823E53
:10ADF000CCCF783E7F9A6C3E135C603E0115543E8A
:10AE0000C2C5473ECF6E3B3EA2102F3EB5AB223EA1
:10AE10008340163E87CF093E73B2FA3D2FBCE13D19
:10AE200036BDC83D80B6AF3D04A9963D752B7B3D30
:10AE30002EFB483D2BC3163DB10AC93C920E493C3E
:10AE400000000000920E49BCB10AC9BC2BC316BD5C
:10AE50002EFB48BD752B7BBD04A996BD80B6AFBD4A
:10AE600036BDC8BD2FBCE1BD73B2FABD87CF09BEE8
:10AE7000834016BEB5AB22BEA2102FBECF6E3BBE26
:10AE8000C2C547BE011554BE135C60BE7F9A6CBE3E
:10AE9000CCCF78BEC07D82BE938E88BE229A8EBEF5
:10AEA00032A094BE86A09ABEE59AA0BE128FA6BE1E
:10AEB000D47CACBEEF63B2BE2A44B8BE491DBEBE50
:10AEC00015EFC3BE53B9C9BECA7BCFBE4136D5BE8E
:10AED00080E8DABE4F92E0BE7533E6BEBBCBEBBE78
:10AEE000EA5AF1BECBE0F6BE275DFCBEE4E700BF48
:10AEF0003D9C03BF824B06BF9BF508BF6B9A0BBFFF
:10AF0000DA390EBFCDD310BF2A6813BFD9F615BFEB
:10AF1000C07F18BFC6021BBFD17F1DBFCBF61FBFAE
:10AF2000996722BF25D224BF563627BF159429BF63
:10AF30004AEB2BBFDE3B2EBFBB8530BFC9C832BF3B
:10AF4000F30435BF233A37BF426839BF3B8F3BBF5D
:10AF5000F9AE3DBF67C73FBF70D841BF01E243BFF5
:10AF600003E445BF65DE47BF12D149BFF8BB4BBF05
:10AF7000029F4DBF207A4FBF3D4D51BF491853BF6F
:10AF800031DB54BFE59556BF534858BF6AF259BFED
:10AF90001A945BBF532D5DBF05BE5EBF214660BFE7
:10AFA00097C561BF5A3C63BF59AA64BF880F66BF8B
:10AFB000D86B67BF3CBF68BFA7096ABF0C4B6BBFAC
:10AFC0005E836CBF93B26DBF9ED86EBF73F56FBFCB
:10AFD000080971BF521372BF471473BFDD0B74BFF2
:10AFE0000BFA74BFC6DE75BF07BA76BFC58B77BFD5
:10AFF000F85378BF981279BF9DC779BF02737ABFA3
:10B00000BE147BBFCDAC7BBF283B7CBFC9BF7CBF20
:10B01000AC3A7DBFCCAB7DBF23137EBFB0707EBF8B
:10B020006DC47EBF580E7FBF6D4E7FBFAB847FBFA8
:10B030000FB17FBF97D37FBF43EC7FBF11FB7FBFB3
:10B04000000080BF11FB7FBF43EC7FBF97D37FBF62
:10B050000FB17FBFAB847FBF6D4E7FBF580E7FBFE8
:10B060006DC47EBFB0707EBF23137EBFCCAB7DBFEF
:10B07000AC3A7DBFC9BF7CBF283B7CBFCDAC7BBF9A
:10B08000BE147BBF02737ABF9DC779BF981279BF88
:10B09000F85378BFC58B77BF07BA76BFC6DE75BFDA
:10B0A0000BFA74BFDD0B74BF471473BF521372BF2A
:10B0B000080971BF73F56FBF9ED86EBF93B26DBFA5
:10B0C0005E836CBF0C4B6BBFA7096ABF3CBF68BFF8
:10B0D000D86B67BF880F66BF59AA64BF5A3C63BF6D
:10B0E00097C561BF214660BF05BE5EBF532D5DBFE2
:10B0F0001A945BBF6AF259BF534858BFE59556BFD3
:10B1000031DB54BF491853BF3D4D51BF207A4FBF6B
:10B11000029F4DBFF8BB4BBF12D149BF65DE47BF91
:10B1200003E445BF01E243BF70D841BF67C73FBFDB
:10B13000F9AE3DBF3B8F3BBF426839BF233A37BFB3
:10B14000F30435BFC9C832BFBB8530BFDE3B2EBF5D
:10B150004AEB2BBF159429BF563627BF25D224BFF3
:10B16000996722BFCBF61FBFD17F1DBFC6021BBF91
:10B17000C07F18BFD9F615BF2A6813BFCDD310BF43
:10B18000DA390EBF6B9A0BBF9BF508BF824B06BF27
:10B190003D9C03BFE4E700BF275DFCBECBE0F6BEED
:10B1A000EA5AF1BEBBCBEBBE7533E6BE4F92E0BEB2
:10B1B00080E8DABE4136D5BECA7BCFBE53B9C9BE20
:10B1C00015EFC3BE491DBEBE2A44B8BEEF63B2BE72
:10B1D000D47CACBE128FA6BEE59AA0BE86A09ABE55
:10B1E00032A094BE229A8EBE938E88BEC07D82BE4F
:10B1F000CCCF78BE7F9A6CBE135C60BE011554BE86
:10B20000C2C547BECF6E3BBEA2102FBEB5AB22BE9D
:10B21000834016BE87CF09BE73B2FABD2FBCE1BD15
:10B2200036BDC8BD80B6AFBD04A996BD752B7BBD2C
:10B230002EFB48BD2BC316BDB10AC9BC920E49BC3A
:10B2400000000080000000000000000030313233B8
:10B25000343536373839414243444546403058004A
:10B26000303132333435363738396162636465667C
:10B2700040307800040000080000000000000002D8
:10B28000000100001030313233343536373839613F
:10B290006263646566787000303132333435363736
:10B2A00038394142434445465850000002400000AE
:10B2B000000000A00000000005400000000000C8E1
:10B2C000000000000C4000000000409C0000000056
:10B2D000194000000020BCBE000000003440000007
:10B2E000BFC91B8E00000004B5400000504BCFD0FA
:10B2F0006607E2CF010000006C4100003E8251AAC7
:10B30000DFEEA73401000000D9420000DCB5A0E266
:10B310003A301F97FFFFFFFFB4450000FD25A0C88E
:10B32000E9A3C14FFFFFFFFFFF3F000000000080C7
:10B3300000000000FF3F000000000080000000004F
:10B340004F4C4544000000005245464552454500DB
:10B35000424154544552595F564F4C544147450061
:10B3600055490000534552564F000000444554458E
:10B37000435400006C65640063616C690000000068
:10B380005553425461736B0067696D62616C54611F
:10B39000736B0000436861737369735461736B006E
:10B3A000696D755461736B007465737400000000FF
:10B3B0002A2A2A2A2A2A2A2A2A2A2A2A2A2A2A2AED
:10B3C0002A2A2A2A2A2A2A2A2A2A2A2A2A2A0D0A1A
:10B3D000766F6C746167652070657263656E746109
:10B3E00067653A25642525200D0A444255533A25C0
:10B3F000730D0A63686173736973206D6F746F7284
:10B40000313A25730D0A63686173736973206D6F38
:10B41000746F72323A25730D0A63686173736973CE
:10B42000206D6F746F72333A25730D0A6368617310
:10B43000736973206D6F746F72343A25730D0A79D6
:10B440006177206D6F746F723A25730D0A7069749D
:10B450006368206D6F746F723A25730D0A74726998
:10B4600067676572206D6F746F723A25730D0A6796
:10B4700079726F2073656E736F723A25730D0A616E
:10B480006363656C2073656E736F723A25730D0A82
:10B490006D61672073656E736F723A25730D0A7262
:10B4A0006566657265652075736172743A25730D02
:10B4B0000A2A2A2A2A2A2A2A2A2A2A2A2A2A2A2A0C
:10B4C0002A2A2A2A2A2A2A2A2A2A2A2A2A2A2A0DF9
:10B4D0000A00000020B6010800000020DC04000083
:10B4E000C4010008A4B70108DC04002054E40000F3
:10B4F000200200081C00000043000000F8FFFFFFCE
:10B500000C0000000E0000000F0000002E000000E4
:10B510001001000043000000F8FFFFFF0040404022
:10B520004040404040404141414141404040404016
:10B5300040404040404040404040404040050202C2
:10B540000202020202020202020202020220202081
:10B5500020202020202020020202020202029090DD
:10B5600090909090101010101010101010101010DB
:10B57000101010101010101002020202020288882F
:10B58000888888880808080808080808080808083B
:10B590000808080808080808020202024000000023
:10B5A000000000000000000000000000000000009B
:10B5B000000000000000000000000000000000008B
:10B5C000000000000000000000000000000000007B
:10B5D000000000000000000000000000000000006B
:10B5E000000000000000000000000000000000005B
:10B5F000000000000000000000000000000000004B
:10B60000000000000000000000000000000000003A
:10B61000000000000000000000000000000000002A
:10B6200001401309C51B0851041A61041A8D041A3C
:10B63000CD0413D5C41B0819081312011402020209
:10B64000164083044057260201020301071A04032F
:10B6500009041A0313452F1B08410413FD2E1B0870
:10B660006908111324F405306740533A22D014209E
:10B67000D42B1220122C1B20E8081A1808360205B9
:10B680000606061379F91408A9F81B081508014CD9
:10B6900005643333333F4B82FF015A920842FF5A0D
:10B6A000A208915A808C031280BF791C091D24695D
:10B6B00020E9380914101447595214414343144DDA
:10B6C0004147043D52454602170102136419F82A06
:10B6D000FF0519074AFF077913390F4BD606028178
:10B6E000021332100DE7416B3A58A08B3A7D0401EA
:10B6F0007C160240AB0341100905530806580407A5
:10B700000F160810820911160A15800B164D0C1819
:10B71000010D65210A1910A801541AAA01C1130AC2
:10B720000632022A40841365C11408A5C014088794
:10B73000C242081AF30C13F5BF1B087108C11A4561
:10B74000281A35041A55041A250414090243130251
:10B75000011DC0320904CD1A020B13052416100175
:10B76000052401100901042402020524061701071B
:10B7700005820308151009040133020A1D0705019B
:10B78000027B2C07058107110937442A40072A81CB
:10B7900007112B0907440A3B0444812DCDCC1C41E1
:04B7A00004000000A1
:040000050800018965
:00000001FF
