:020000040800F2
:1000000080D4002039030008058E00081D6A00080E
:10001000018E00086319000861A7000800000000B5
:10002000000000000000000000000000790200084D
:10003000352B000800000000D50200086597000875
:100040005303000853030008530300085303000838
:100050005303000853030008372B0008530300081C
:1000600053030008412B00084B2B000853030008E2
:100070005303000853030008530300085303000808
:1000800053030008530300085303000853030008F8
:10009000691900085303000853030008552B000892
:1000A00053030008530300085303000853030008D8
:1000B00053030008530300085303000853030008C8
:1000C00053030008530300085303000853030008B8
:1000D000530300084D9E0008530300085D9E00086E
:1000E0005303000853030008530300085303000898
:1000F0005303000853030008530300089127000826
:100100005303000853030008530300085303000877
:100110005303000853030008530300085303000867
:10012000530300080D280008530300085303000878
:100130005303000853030008530300085303000847
:10014000791900085303000853030008698E00085A
:100150001D2800082D280008530300088D9F000863
:100160005303000853030008530300085303000817
:100170005303000853030008530300080000000065
:10018000530300085303000800F002F800F064F87D
:100190000AA090E8000C82448344AAF10107DA45E2
:1001A00001D100F059F8AFF2090EBAE80F0013F0D0
:1001B000010F18BFFB1A43F0010318470025010087
:1001C0002025010010F8013B0A4413F0030408BF86
:1001D00010F8014B1D1108BF10F8015B641E05D01B
:1001E00010F8016B641E01F8016BF9D1002D15D0D8
:1001F00010F8014B03F00C030C2BA1EB04040ABF15
:1002000010F8013BA4EB8314A4EB032405F10103D4
:1002100014F8016B5B1E01F8016BF9D5914238BFF0
:1002200010F8013BD1D3704700230024002500269D
:10023000103A28BF78C1FBD8520728BF30C148BF49
:100240000B6070471FB511F03BFA9DE8030000F00A
:1002500089FF1FBD10B510BD01F008F81146FFF76A
:10026000F1FF0DF015FA01F026F803B4FFF7F2FFE5
:1002700003BC01F05DF800002C4B19680868B0E879
:10028000F04F80F30988BFF36F8F4FF0000080F3C9
:10029000118870470000000008480068006880F37B
:1002A00008884FF0000080F3148862B661B6BFF38F
:1002B0004F8FBFF36F8F00DF00BF00BF08ED00E07E
:1002C000DFF80C00016841F470010160704700BF65
:1002D00088ED00E0EFF30980BFF36F8F134B1A68CE
:1002E0001EF0100F08BF20ED108A20E9F04F1060BB
:1002F00009B44FF0500080F31188BFF34F8FBFF364
:100300006F8F0FF0EBF84FF0000080F3118809BCFD
:1003100019680868B0E8F04F1EF0100F08BFB0EC85
:10032000108A80F30988BFF36F8F70475C04002048
:10033000EFF30580704700000948804709480047EF
:10034000FEE7FEE7FEE7FEE7FEE7FEE7FEE7FEE785
:10035000FEE7FEE704480549054A064B70470000E2
:100360002D980008890100088094002080D4002086
:1003700080B4002080B400209FED1A1AF5EE000A28
:1003800040EE010ABDEEE00AF5EEC00A10EE100ADA
:10039000F1EE10FA38BF401E00EE100A1349F7EED6
:1003A000001AB8EEC00A30EEC00ADFED0F0A20EEE8
:1003B000200AFCEEC00A10EE900AC0F3080000EE1E
:1003C000900A01EB8000F8EE600A90ED011A70EEE1
:1003D000600A90ED000A71EEE01A21EE800A00EE4C
:1003E000810A704783F9223E00000044641E010820
:1003F000DFED190AB5EEC00A60EE200ABDEEE01A84
:1004000011EE100AF1EE10FA38BF401E00EE100A8D
:100410001349F7EE001AB8EEC00A30EEC00ADFED5D
:100420000F0A60EE200ABCEEE00A10EE100AC0F3DC
:10043000080000EE100A01EB8000B8EE400A90EDD3
:10044000011A70EEC00A90ED000A71EEE01A21EE7A
:10045000800A00EE810A704783F9223E00000044C2
:10046000641E010870B405880E884468D1F804C081
:100470005368B54208D140884988884201BF118835
:100480008D425188884203D070BC6FF002007047E3
:1004900005FB00F1880827D094ED001ADCED000A76
:1004A00094ED010ADCED011A31EE201AD4ED020AB6
:1004B00070EE211A9CED020A83ED001AC3ED011AB9
:1004C00094ED031ADCED031A30EE800A401E71EE43
:1004D000210A83ED020A04F11004C3ED030A03F1BB
:1004E00010030CF1100CD7D111F0030030D0B0F193
:1004F000004F30D200282BDD211F1B1FACF104025E
:1005000010F0010F0AD091ED010AD2ED010A091D88
:10051000121D30EE200A83ED010A1B1D400817D082
:1005200091ED010AD2ED010A401E30EE200A83ED62
:10053000010A91ED020AD2ED020A01F1080102F16D
:10054000080230EE200A83ED020A03F10803E7D126
:1005500070BC00207047B4EC010A401EFCEC010A9C
:1005600030EE200AA3EC010AF5D1F1E701804280C8
:10057000436070472DE9F34F84B0049840680090C1
:10058000486801900498B0F800E04588DFEDFE0A65
:1005900000200290B0EE600AAE4506D10888498876
:1005A000884204BF7146864504D06FF0020006B051
:1005B000BDE8F08F01985FEA010C18BFB7EE001A92
:1005C0003DD000BFBEEB0C0117D0B1F1004F80F061
:1005D0001F82002911DD021F11F0010F1CBFC2EDA7
:1005E000010A121D4B1006D0C2ED010AC2ED020A2B
:1005F00008325B1EF8D100EB8100BCF10102A0ECD7
:10060000011A19D0B2F1004F80F00882002A13DDE0
:10061000031F12F0010F1CBFC3ED010A1B1D511077
:1006200008D000BFC3ED010AC3ED020A491E03F161
:100630000803F7D100EB8200BCF1010CC2D14FF0EE
:1006400000080395002D14BFB0EE602A002000F0D2
:10065000BF8100BF009908FB05F001EB800B0199F9
:10066000DBED002A01EB80000346F0EE421AC6459E
:1006700052D9AEEB0802ABEB850112F0010F17D097
:1006800001EB850191ED000AB5EEC00AF1EE10FA1A
:1006900007DDB4EEE10AF1EE10FA09DDF0EE401AE2
:1006A00006E0B1EE400AF4EEC01AF1EE10FAF5D30E
:1006B000521031D001EB850C9CED000AB5EEC00A5A
:1006C000F1EE10FA05DDB4EEE10AF1EE10FA09DD03
:1006D00006E0B1EE400AF4EEC01AF1EE10FA01D2D3
:1006E000F0EE401A01EBC50191ED000AB5EEC00A2B
:1006F000F1EE10FA05DDB4EEE10AF1EE10FA09DDD3
:1007000006E0B1EE400AF4EEC01AF1EE10FA01D2A2
:10071000F0EE401A521ECDD1F5EEC01AF1EE10FAED
:1007200000F07381F5EEC02A0126F1EE10FA00996F
:10073000D4BFB1EE620AB0EE620AB4EE610AF1EE25
:1007400010FA1CBFAEEB0802B2F1010C47D005FB5A
:1007500008F201EB820292ED001A00BFB0EE410AEE
:1007600005FB06F4B5EEC00A00EB8404F1EE10FAC6
:10077000CCBFF0EE400AF1EE400AF4EE610AF1EE71
:1007800010FA28D1B5EB080C11D0BCF1004F7DD286
:10079000BCF1000F0BDD00BF92ED000AD1ED000AA5
:1007A000BCF1010CE2EC010AA1EC010AF4D1290030
:1007B0000ED0B1F1004F6AD2002909DD94ED000A94
:1007C000D0ED000A491EE4EC010AA0EC010AF5D1C3
:1007D000012002900BE0761CBCF1010CBED1029806
:1007E000012804D0F5EEC02AF1EE10FA7ED09BED80
:1007F000000AB5EB08009A465946064622D0B0F1E9
:10080000004F74D200281DDD091F10F0010F06D023
:10081000F0EE400A80EEA01A81ED011A091D401089
:1008200010D000BFD1ED010A401E80EE801A81ED8C
:10083000011A91ED021AC1EE000AC1ED020A01F19E
:100840000801EFD1280026D0B0F1004F7ED2002859
:1008500021DDAAF1040110F0010F06D0D1ED010A4B
:1008600080EE801A81ED011A091D401013D000BFDF
:10087000D1ED010A401E80EE801A81ED011AD1ED02
:10088000020A80EE801A81ED021A01E0CBE0D6E088
:1008900001F10801ECD1DDE900124FF000095FEA37
:1008A0000E0773D0C14504BF01EB860102EB850240
:1008B00074D091ED000ADC465046330035D01C461A
:1008C000B6F1004F7ED2002C2FDD0B1FABF1040CD4
:1008D00016F0010F0FD0F0EE400ADCED011AB0EE79
:1008E000601A00EEE11A83ED011A01E08DE0B1E03B
:1008F0001B1D0CF1040C741015D000BFD3ED010AC0
:100900009CED011A40EE410AC3ED010AD3ED020A43
:100910009CED021A0CF1080C40EE410AC3ED020AEC
:100920000833641EEAD101EB86012B0036D0B3F107
:10093000004F72D2002B31DDA2F1040CAAF10400A9
:1009400013F0010F0CD0DCED010A00E08BE090ED1C
:10095000011A001D40EE410ACCED010A0CF1040C15
:100960005C1019D0DCED010A90ED011A40EE410A4D
:10097000CCED010ADCED020A90ED021A083040EEDF
:10098000410ACCED020A03E0000000000DE005E0A2
:10099000641E0CF1080CE5D102EB830201EB880127
:1009A0007F1E09F101097FF47DAF009808F101086D
:1009B000001D00900398401E03907FF44BAE0299F7
:1009C000012900E058E004BF06B0BDE8F08F00BF89
:1009D000B5EEC00AF1EE10FA7FF4E9AD04990EFB12
:1009E00005F3002B4A684FF000010BD902EB810C94
:1009F0009CED000AB5EEC00AF1EE10FA02D1491CD6
:100A00008B42F3D88B427FF4D2AD6FF00400CEE579
:100A1000E0EC010A491EFBD1EFE538E0E0EC010A09
:100A2000521EFBD108E692ED000AD1ED000ABCF19E
:100A3000010CE2EC010AA1EC010AF4D1B7E694ED55
:100A4000000AD0ED000A491EE4EC010AA0EC010AFC
:100A5000F5D1BDE6D1ED000A401E80EE801AA1EC72
:100A6000011AF7D1EEE6D3ED000A401E80EE801A9F
:100A7000A3EC011AF7D10EE7BCEC011AD1ED000A84
:100A80005B1E40EE410AE1EC010AF5D14DE7B0EC06
:100A9000011AD2ED000A5B1E40EE410AE2EC010AA7
:100AA000F5D17BE72DE9F04F82B04668536801939A
:100AB000058847884B88002000900888874201BF3E
:100AC000B2F800C06545528893421EBF6FF0020025
:100AD00002B0BDE8F08F9FED412A4FEA970EC7F3B1
:100AE000400B00BFDDE9000202EB800A4A6898462D
:100AF0004FF00009B0EE420AB4465FEA0E0025D07E
:100B000092ED001ADCED001A02EB8302DCED010A23
:100B100001EE810A92ED001A02EB8302401ED2ED33
:100B2000001A02EB830200EE810A9CED021ADCED52
:100B3000030A00040CF1100C000C01EE210A92EDE6
:100B4000001A02EB830200EE810AD9D117F00300EC
:100B500026D0ACF10404A2EB830210F0010F08D000
:100B600002EB8302D4ED010A92ED001A241D00EE7F
:100B7000810A5FEA0B0013D002EB830CD4ED010A6B
:100B80009CED001A02EBC302401E00EE810AD4ED78
:100B9000020A92ED001A04F1080400EE810AEBD17A
:100BA00009F10100AAEC010A1FFA80F9486800EB7C
:100BB0008902A8F101001FFA80F8B8F1000F99D15D
:100BC000009806EB8706184480B20090681E050462
:100BD0002D0C87D102B00020BDE8F08F000000008E
:100BE00070B405880E884468D1F804C05368B542D3
:100BF00008D140884988884201BF11888D425188B8
:100C0000884203D070BC6FF00200704705FB00F112
:100C1000880827D094ED001ADCED000A94ED010A53
:100C2000DCED011A31EE601AD4ED020A70EE611AA1
:100C30009CED020A83ED001AC3ED011A94ED031A2C
:100C4000DCED031A30EEC00A401E71EE610A83ED3E
:100C5000020A04F11004C3ED030A03F110030CF1BE
:100C6000100CD7D111F0030030D0B0F1004F30D2CA
:100C700000282BDD211F1B1FACF1040210F0010F17
:100C80000AD091ED010AD2ED010A091D121D30EEC4
:100C9000600A83ED010A1B1D400817D091ED010A7F
:100CA000D2ED010A401E30EE600A83ED010A91ED9B
:100CB000020AD2ED020A01F1080102F1080230EE47
:100CC000600A83ED020A03F10803E7D170BC00203B
:100CD0007047B4EC010A401EFCEC010A30EE600AD9
:100CE000A3EC010AF5D1F1E72DE9F04F028847683E
:100CF000B0F802804888D1F8049082B04FF0000A22
:100D00001646824207BF098888456FF0020002B08C
:100D100018BFBDE8F08F4FEA980B02EB420001903C
:100D2000C8F34000CDF8000009EB8A01BBF1000FC9
:100D300033D0019801EB820C01EB80043B46E64680
:100D400001EBC2054FEA0B0093ED000A401E81ED56
:100D5000000A93ED010A01EB02118CED000A93EDFC
:100D6000020A0CEB021C85ED000A93ED030A05EB69
:100D7000021584ED000A04EB021403F11003E3D121
:100D80000EEB820000EB820000EB8201ABF1010070
:100D9000504307EB0B1701EB001118F0030C21D0A7
:100DA0003B1FA1EB82011CF0010F06D093ED010A5D
:100DB00001EB82011B1D81ED000A009880B100BF8C
:100DC00093ED010A01EB820401EBC20184ED000AFC
:100DD00093ED020A401E81ED000A03F10803EFD1F2
:100DE00007EB8C070AF101001FFA80FA701E060457
:100DF000360C99D102B00020BDE8F08F70B50646E0
:100E000000F094F9056806F10B0020F00704B442E5
:100E10009CBF002070BD2B466A68BAB11068A04222
:100E200010D304F1080188423CBF5068586007D3D2
:100E30005168101941601168091B01605860146005
:100E4000101D70BD13465268002AE7D1214628467E
:100E500000F074F90028DED170BD70B50446051F9E
:100E600000F064F90068002C14BF446870BD002CC9
:100E700018BFAC423CBF20466468F8D301680A182A
:100E8000AA4218BF456003D12A6805461144016093
:100E900028684119A1421CBF6C6070BD616869601F
:100EA00021680844286070BD53EA020C00F0698094
:100EB0002DE9F04B4FF00006002B1FBFB3FA83F56E
:100EC00003FA05F424FA05F65E4012BF1643B2FA9F
:100ED00082F502FA05F4C5F120051EBF22FA05FCD1
:100EE00044EA0C04203556EA044C4FEA144418BF77
:100EF000641C4FF000084FF00009904271EB030CA6
:100F000039D3002919BFB1FA81F701FA07F6B0FA0F
:100F100080F700FA07F6C7F120071EBF20FA07FC8A
:100F200046EA0C062037B6FBF4FCA7EB0507103F9A
:100F300007F01F0BCBF120060CFA0BFB2CFA06F680
:100F400044BFB3460026202FA4BF5E464FF0000BDF
:100F50005BEA060C08BF4FF0010B19EB0B09ABFB6A
:100F6000027C48EB0608C01B06FB02CC0BFB03CC43
:100F700071EB0C01C1E70B46024641464846BDE80D
:100F8000F08B13B54FF000004FF00001AFF300807D
:100F9000BDE81C407047032A40F2308010F0030C7B
:100FA00000F0158011F8013BBCF1020F624498BFBC
:100FB00011F801CB00F8013B38BF11F8013BA2F159
:100FC000040298BF00F801CB38BF00F8013B11F0D4
:100FD000030300F02580083AC0F0088051F8043B74
:100FE000083A51F804CBA0E80810F5E7121D5CBFE1
:100FF00051F8043B40F8043BAFF30080D20724BF14
:1010000011F8013B11F801CB48BF11F8012B24BFA7
:1010100000F8013B00F801CB48BF00F8012B7047F6
:1010200010B5203AC0F00B80B1E81850203AA0E883
:101030001850B1E81850A0E81850BFF4F5AF5FEAB7
:10104000027C24BFB1E81850A0E8185044BF18C96A
:1010500018C0BDE810405FEA827C24BF51F8043B11
:1010600040F8043B08BF7047D20728BF31F8023B65
:1010700048BF11F8012B28BF20F8023B48BF00F8F9
:10108000012B704702F0FF0343EA032242EA0242C7
:1010900000F002B84FF000020429C0F0128010F0F6
:1010A000030C00F01B80CCF1040CBCF1020F18BF44
:1010B00000F8012BA8BF20F8022BA1EB0C0100F0D7
:1010C0000DB85FEAC17C24BF00F8012B00F8012BAA
:1010D00048BF00F8012B70474FF0000200B51346DF
:1010E00094469646203922BFA0E80C50A0E80C5048
:1010F000B1F12001BFF4F7AF090728BFA0E80C50F9
:1011000048BF0CC05DF804EB890028BF40F8042BF1
:1011100008BF704748BF20F8022B11F0804F18BF5E
:1011200000F8012B704770477047704700487047C0
:1011300028940020704770477047704738B50446C0
:101140000A4600206946AFF30080002808BF38BD7A
:1011500002460099204600F04FF8012038BD0120DA
:1011600000F07CB8F8B5AFF30080054600200C46CF
:10117000102000BF0646A819A0420DD93246694684
:101180000020AFF30080070008BF00F067F8009868
:10119000A04218BF0546C419FFF7C8FF05600746FF
:1011A000F01D20F007004619284600F00AF8B44266
:1011B00008BFF8BDA21B31463868BDE8F84000F012
:1011C0001BB800210160C0E9011070471020704772
:1011D00010B500F00DF8006810BD10B5044600F021
:1011E00007F8046010BD00000048704720940020FC
:1011F0000048704720940020034640688C46002831
:1012000018BF88423CBF03464068F8D318681844AA
:10121000884207D00CF1030020F00700001D411A9E
:10122000521A0146081D0A60FFF717BE1FB584B0A9
:1012300000200A9C06AB04AA02A90094AFF3008028
:1012400018B1DDE9020108B010BD0348204000F0EC
:1012500040F800200146F6E70000207C10B500F0C1
:101260003FF8BDE8104000F02FB870477546FFF713
:10127000BBFFAE4605006946534620F00700854691
:1012800018B020B5FFF766F8BDE820404FF0000623
:101290004FF000074FF000084FF0000B21F007015E
:1012A000AC46ACE8C009ACE8C009ACE8C009ACE8A1
:1012B000C0098D46704710B50446AFF30080204644
:1012C000BDE81040FEF7D1BF002801D000F030B8D3
:1012D000704710B500F04CF8BDE81040FFF7F4BFC0
:1012E00010B5012805D0002103A000F027F8012047
:1012F00010BD09A1F8E7000053494752544D454D30
:101300003A204F7574206F662068656170206D65A6
:101310006D6F7279000000003A2048656170206DA1
:10132000656D6F727920636F727275707465640099
:1013300001491820ABBEFEE72600020070B5054645
:101340000C460A2000E06D1C00F068F835B12878E2
:101350000028F8D102E0641C00F060F814B1207895
:101360000028F8D1BDE870400A2000F057B800000E
:1013700010B5022803D0410103D50DA112E00020D1
:1013800010BD010101D50FA10CE0C10001D511A1D3
:1013900008E0810001D512A104E0400001D513A1AD
:1013A00000E0002115A0FFF7C9FF012010BD0000DB
:1013B000496E76616C6964204F7065726174696F03
:1013C0006E000000446976696465204279205A65A0
:1013D000726F00004F766572666C6F7700000000D8
:1013E000556E646572666C6F77000000496E6578B3
:1013F00061637420526573756C74000053494746ED
:1014000050453A2041726974686D6574696320655E
:101410007863657074696F6E3A20000008B569469C
:101420008DF800000320ABBE08BD000010B50122FE
:101430001021024802F0F4FD10BD0000000002403F
:1014400010B500221021024802F0EAFD10BD000094
:101450000000024010B501221146024802F0E0FDF2
:1014600010BD00000004024010B500220121024816
:1014700002F0D6FD10BD00000004024010B5044685
:10148000FFF7DEFF922000F0A3F906229549122013
:1014900000F07EF9FFF7CAFF92484078000200B2E0
:1014A000904909780843904908800846B0F900003F
:1014B00000EE100AB8EEC00A8C48D0ED000A20EE0B
:1014C000200AD4ED080A20EE200A84ED000A85489F
:1014D000C078000200B283498978084382490880B5
:1014E0000846B0F9000000EE100AB8EEC00A7F48C6
:1014F000D0ED000A20EE200AD4ED080A20EE200AE2
:1015000084ED010A77484079000200B275490979F3
:101510000843754908800846B0F9000000EE100A3B
:10152000B8EEC00A7148D0ED000A20EE200AD4EDD2
:10153000080A20EE200A84ED020AFFF795FF082230
:101540006849002000F024F9FFF784FF654800781F
:101550000F284FD166480078F0B36248C078000287
:1015600000B26049897808435F49088094ED090A10
:101570000846B0F9000000EE900AF8EEE00A5D4877
:1015800090ED001A10EE810A84ED030A5548407967
:10159000000200B25349097908435349088094ED89
:1015A0000A0A0846B0F9000000EE900AF8EEE00AD8
:1015B000504890ED001A10EE810A84ED040A494863
:1015C000C079000200B2474989790843464908803A
:1015D00094ED0B0A084600E00DE0B0F9000000EEC3
:1015E000900AF8EEE00A434890ED001A10EE810AE6
:1015F00084ED050A44E03B48C078000200B2394956
:1016000089780843384908800846B0F9000000EEA0
:10161000100AB8EEC00A3748D0ED000A20EE200AC2
:1016200084ED030A2F484079000200B22D49097960
:1016300008432D4908800846B0F9000000EE100A62
:10164000B8EEC00A2B48D0ED000A20EE200A84ED47
:10165000040A2448C079000200B22249897908436B
:10166000214908800846B0F9000000EE100AB8EEE3
:10167000C00A2048D0ED000A20EE200A84ED050AB9
:10168000FFF7DEFEA22000F0A3F802221549222077
:1016900000F07EF8FFF7CAFE12480078C00011493A
:1016A000497840EA6110104908800846B0F9000006
:1016B000B0F5806F05DB08460088A0F5006000B239
:1016C00008800948B0F9000000EE100AF8EEC00AE0
:1016D000B4EE001AB3EE070A00EE810A84ED070AA1
:1016E00010BD0000320300203A030020F402002065
:1016F00004030020F802002070B504460D461C4883
:10170000046000201B4908700AF00AF8194909789A
:101710000843184908700AF0B9F8164909780843CF
:10172000144908701DB1144800F08CF91CE09FEDBD
:10173000130A114880ED090A9FED110A80ED0A0A8B
:101740009FED0F0A80ED0B0A9FED0E0A80ED0C0A4B
:1017500090ED0C0ADFED0C0A80EE801A80ED081A7D
:101760009FED0A0A80ED060A0248007870BD00006D
:101770003C030020FE020020142D0020AC38223B48
:10178000B016CE393F161B41C3F51C410000204264
:1017900070B506460C46154646F0800000F018F875
:1017A00006E0552000F014F82070641C681EC5B2D5
:1017B000002DF6D170BD70B504460D4644F0800092
:1017C00000F006F8552000F003F8287070BD000006
:1017D00001B582B04FF47A70012301AA02A90090EA
:1017E0000348006804F076F89DF804000EBD000080
:1017F0003C03002070B505460C462846FFF7E8FF7D
:101800002046FFF7E5FF70BDD2ED020A92ED021A05
:10181000B6EE000A00EEC10AD2ED030A92ED031AF9
:1018200000EEC10AD0ED000A20EE200AD2ED010A36
:1018300092ED021A60EE810A92ED001AD2ED031ABF
:1018400041EE610A90ED011A00EE810AD2ED010A23
:1018500092ED031A60EE810A92ED001AD2ED021A9F
:1018600041EE210A90ED021A00EE810AF0EE000A24
:1018700020EE200A81ED000A92ED010AD2ED020A63
:1018800020EE200AD2ED000A92ED031A00EE810A42
:10189000D0ED000A60EE200A92ED011AD2ED011A95
:1018A000B6EE000A01EE610AD2ED031A92ED032AA8
:1018B000B0EE401A01EEC21AD0ED011AB0EE600A85
:1018C00001EE210AD2ED020A92ED031A60EE810ABE
:1018D00092ED001AD2ED011A41EE610A90ED021A62
:1018E00000EE810AF0EE000A20EE200A81ED010AE6
:1018F00092ED010AD2ED030A20EE200AD2ED000A91
:1019000092ED021A00EEC10AD0ED000A20EE200A84
:10191000D2ED020A92ED031A60EE810A92ED001AEE
:10192000D2ED011A41EE210A90ED011A00EE810A72
:1019300092ED011AD2ED011AF6EE000A41EE610AAB
:1019400092ED021AD2ED021A41EE610A90ED021AEE
:1019500000EE810AF0EE000A20EE200A81ED020A74
:10196000704700BFFEE7000010B5024801F07FFBA2
:1019700010BD0000840B002010B5024801F077FB79
:1019800010BD0000AC0B002038B504464FF40070C9
:101990000849086000208860C86008200861200AA3
:1019A000054908704C706B460A460249034801F02D
:1019B00096F938BD0819002088000020840B00200B
:1019C000F8B507460C4615461E4640F2FF100D4975
:1019D000086000208860C86008200861380A0A4949
:1019E00008704F70200A8870CC70280A08714D71F9
:1019F000300A8871CE716B460A460249034801F0ED
:101A00006EF9F8BDF018002080000020AC0B00201B
:101A100010B5082A13D14B780C7843EA04231BB283
:101A200000EE103AB8EEC01ADFED051AC1EE210A39
:101A3000B0EE0C1A60EE810AC0ED030A00BF10BDC3
:101A400000FEFF4670B52DED048B88B004460020E3
:101A50000690079000F0A8FFFE4880ED000A00BF46
:101A600000F0A2FFFB48D0ED000A30EE600AF2EE73
:101A7000040AB4EEE00AF1EE10FA14DD9FEDF60A66
:101A800084ED090A9FEDF50A84ED0A0A9FEDF30A39
:101A900084ED0B0A9FEDF20A84ED0C0A9FEDF10A2A
:101AA00084ED060A55E29FEDF00A00F039FF9FED44
:101AB000EF0A84ED0C0A9FEDED0A84ED090A9FED13
:101AC000EB0A84ED0A0A9FEDE90A84ED0B0A002671
:101AD00073E1FFF7B5FC9220FFF77AFE062206A914
:101AE0001220FFF755FEFFF7A1FC9DF81900000238
:101AF00000B29DF8181040EA010500EE105AB8EE49
:101B0000C00ADB48D0ED000A20EE200A84ED000A6E
:101B10009DF81B00000200B29DF81A1040EA010572
:101B200000EE105AB8EEC00AD148D0ED000A20EEFF
:101B3000200A84ED010A9DF81D00000200B29DF804
:101B40001C1040EA010500EE105AB8EEC00AC84861
:101B5000D0ED000A20EE200A84ED020AD4ED000A3E
:101B600060EEA00A94ED011AD4ED011A41EE210AAB
:101B700094ED021AD4ED021A41EE210AB0EE600A89
:101B800009F097FDB0EE408A94ED0C0A30EE080A99
:101B900084ED0C0AFFF768FC082206A90020FFF775
:101BA000F7FDFFF757FC9DF818000F2850D19DF85E
:101BB0001B00000200B29DF81A1040EA010500EE79
:101BC000105AB8EEC00AAB48D0ED000A20EE200A49
:101BD00084ED030A94ED090AD4ED030A30EE200ADD
:101BE00084ED090A9DF81D00000200B29DF81C104A
:101BF00040EA010500EE105AB8EEC00A9D48D0ED4B
:101C0000000A20EE200A84ED040A94ED0A0AD4EDBD
:101C1000040A30EE200A84ED0A0A9DF81F00000233
:101C200000B29DF81E1040EA010500EE105AB8EE11
:101C3000C00A9048D0ED000A20EE200A84ED050A83
:101C400094ED0B0AD4ED050A30EE200A84ED0B0A60
:101C500006BBF0EE488AB0EE489A002017E004F187
:101C60000C0101EB800191ED000A03A901EB800159
:101C700081ED000A04F10C0101EB800191ED000AF5
:101C8000694601EB800181ED000A411CC8B20328BE
:101C9000E5DB49E0B4EEE88AF1EE10FA01DDF0EEA2
:101CA000488AB4EEC98AF1EE10FA01D2B0EE489A31
:101CB000002037E004F10C0101EB800191ED000AF6
:101CC00003A901EB8001D1ED000AB4EEE00AF1EEC8
:101CD00010FA0ADD04F10C0101EB800191ED000A1C
:101CE00003A901EB800181ED000A04F10C0101EB75
:101CF000800191ED000A694601EB8001D1ED000AF7
:101D0000B4EEE00AF1EE10FA0AD204F10C0101EB94
:101D1000800191ED000A694601EB800181ED000A26
:101D2000411CC8B20328C5DB38EEC90A524880ED11
:101D3000000A002012E003A901EB800191ED000AE6
:101D4000694601EB8001D1ED000A30EE600A4B4993
:101D500001EB800181ED000A411CC8B20328EADBD7
:101D6000454890ED000AF6EE000AB4EEE00AF1EE06
:101D700010FA1BDC414890ED000ADFED410AB4EE99
:101D8000E00AF1EE10FA11DC90ED010ADFED3C0AF9
:101D9000B4EEE00AF1EE10FA08DC90ED020ADFED95
:101DA000380AB4EEE00AF1EE10FA00DD0AE09FED29
:101DB000350A00F0B5FD701C86B2334800888642B3
:101DC000FFF687AE00BFD4ED0C0A2F48008800EE66
:101DD000100AB8EE400A80EE801A84ED0C1A00203A
:101DE00015E004F1240101EB8001D1ED000A264940
:101DF000098800EE101AB8EE400A80EE801A04F14D
:101E0000240101EB800181ED001A411CC8B20328B6
:101E1000E7DBFFF715FBA220FFF7DAFC022206A999
:101E20002220FFF7B5FCFFF701FB9DF81800C0006A
:101E30009DF8191040EA6115B5F5806F02DBA5F534
:101E4000006005B200EE105AF8EEC00AB4EE001AB7
:101E50001CE000002C030020AC38223BB016CE3929
:101E60003F161B41000020420AD7A33B00000000A0
:101E7000F4020020F802002000030020082D0020BA
:101E80009A99193E6F12033A30030020B3EE070A05
:101E900000EE810A84ED060A34480088401C00B236
:101EA00032490880324890ED000AF6EE000AB4EE9E
:101EB000E00AF1EE10FA3FF7D3AD94ED0C0ADFED36
:101EC0002D0A30EE600AB0EEC00AF6EE000AB4EE5B
:101ED000E00AF1EE10FAEEDC274890ED000A5FED23
:101EE000180AB4EEE00AF1EE10FAE4DC90ED010A13
:101EF0005FED1D0AB4EEE00AF1EE10FADBDC90EDC6
:101F0000020A5FED210AB4EEE00AF1EE10FAD2DC2B
:101F100094ED090AB0EEC00ADFED180AB4EEE00A4B
:101F2000F1EE10FAC7DC94ED0A0AB0EEC00ADFED5C
:101F3000130AB4EEE00AF1EE10FABCDC94ED0B0AE1
:101F4000B0EEC00ADFED0D0AB4EEE00AF1EE10FAD1
:101F5000B1DC00BF94ED0C0ADFED090A80EE801AB7
:101F600084ED081A08B0BDEC048B70BD0603002098
:101F700000030020CDCC1C41082D00200AD7233CB3
:101F8000C3F51C4100BF00F057F8FCE72DE9F04114
:101F900004460D4616460022062104F170000BF09F
:101FA000C5F90022082104F1A8000BF0BFF928466A
:101FB00009F090F8DFED180A9FED180A184A002181
:101FC000304607F099F9DFED170A9FED170A174A17
:101FD0000021174807F090F900270AE0B4F8A8207C
:101FE000AC20015B13480AF041FF01200BF042FDD9
:101FF0007F1C0A2FF2DB00270AE0B4F8702074205F
:10200000015B0C480AF032FF01200BF033FD7F1C0E
:102010000A2FF2DBBDE8F081000000000000B442AE
:102020004C1A01080000C84300007A46581A0108FB
:10203000A02B0020AC0B002008B502E001200BF023
:1020400019FD524890F890000028F7D00020504920
:1020500081F87A014F4A50495048FFF797FF0CF03A
:1020600069FD91E0494A4C494C4809F0E5FE0CF005
:1020700041FC4B49088047484A4B444A4649009036
:10208000464809F06BFD454890F89001012849D178
:10209000414890ED1E0AB0EE402AF7EE001A9FED7F
:1020A000421ADFED410A9FED400A08213F480BF03C
:1020B0003DFB3F4800680BF0DDFC374890ED1D0A02
:1020C000B0EE402AF7EE001A9FED371ADFED360A20
:1020D0009FED350A062135480BF028FB344800688F
:1020E0000BF0C8FC2D4890ED720ADFED320A80EE4D
:1020F000201ABDEEC10A10EE100A01B22748A0F85E
:10210000C0110146B1F8C011494208B20023244968
:10211000B1F900201946FFF753FC254800680BF081
:10212000A9FC31E01D4890F8900168BB9FED1E2A84
:10213000DFED211A9FED1C1ADFED1B0A9FED1A0A35
:1021400008211A480BF0F2FA194800680BF092FCCB
:102150009FED152ADFED181A9FED131ADFED120A15
:102160009FED110A062111480BF0E0FA10480068B3
:102170000BF080FC00231A4619461846FFF720FC96
:102180000B4800680BF076FC6CE70000682D00201F
:102190008C2B0020F8200020482000209C1A0020D2
:1021A0003C0200200402002000000000AC0B0020D4
:1021B000380200200200C0393333333F00BF00F043
:1021C0006DF8FCE72DE9F04104460E4617469846A7
:1021D0000AF04AFFC4F898010022062120460BF0BD
:1021E000A5F80022082104F138000BF09FF83046D2
:1021F00008F070FFDFED200A9FED200A204A002141
:10220000384607F079F8002508E0228FA18F1D4895
:102210000AF02CFE01200BF02DFC6D1C0A2DF4DBC6
:10222000002508E02288A18816480AF01FFE012038
:102230000BF020FC6D1C0A2DF4DB00250EE005EBF5
:10224000C50204F51E7101EBC200DFED0F0A9FED20
:102250000F0A0F4A002107F04FF86D1C022DEEDB2C
:10226000DFED0C0AB2EE040A0B4A002104F50C70F3
:1022700007F042F8BDE8F081000000000000B44221
:10228000281A0108840B00200000FA4400007A4656
:10229000401A0108CDCC4C3E341A01082DED068BB6
:1022A00082B09FEDFD0AFD4880ED520A9FEDFC0AC9
:1022B00080ED4B0A9FEDFA0A80ED490A9FEDF80A7E
:1022C00080ED480A0020F54981F894019FEDF40A59
:1022D000084680ED4C0A0020F24981F87A0102E0BC
:1022E00001200BF0C7FBF04890F890000028F7D0D1
:1022F000EE4BEF4AEF49E948FFF764FFEE4BEF4A38
:10230000EF49F04807F028F80CF014FC36E2002002
:102310000CF0BAFDE14981F82C020846D0F898018A
:10232000C07A012804D1B7EE000AE74880ED000A20
:10233000DA48D0F89801C07A032804D19FEDD80A72
:10234000E14880ED000AD74A92F87A11DF4A92ED0F
:10235000000ABCEEC00A10EE102AD0B20B22DC4BF1
:10236000D3ED000ADB4B93ED000A09F077FB012067
:102370000BF080FBD84890ED000AB8EE400ADFED84
:10238000D70A80EE208AC548D0F89801807A0328C1
:1023900008D10120C14981F89001B7EE000ACB486D
:1023A00080ED000ABD48D0F89801807A022808D153
:1023B0000020BA4981F890019FEDB90AC34880ED29
:1023C000000AB648D0F89801807A012803D1B349B1
:1023D00081F8A40303E00020B04981F8A403AF48CA
:1023E0000CF046F8AD4981F89401084690F8900148
:1023F00001287CD10846D0F89801007D00F001004A
:1024000028B1B0EE000A084680ED4A0A0BE0A34866
:10241000D0F89801007D00F0020020B1B8EE000A6B
:102420009E4880ED4A0A9D48D0F89801B0F9020014
:1024300000EE100AB8EEC00ADFEDA90A20EE200A6D
:10244000964880ED4A0A9FEDA70A00F5907100F5C5
:1024500094700CF031FC9148D0ED480A9E4890ED04
:10246000000AB8EE400A20EE800AF0EE000A20EEE4
:10247000200ADFED9A0A80EE201A884890ED490A7A
:1024800031EE000A80ED490AD0F89801B0F9040055
:1024900000EE100AB8EEC00ADFED930A20EE200A23
:1024A0007E48D0F89801B0F90C0000EE900AF8EEE2
:1024B000E00A9FED8E1A00EEC10A864880ED000A00
:1024C0007648D0F89801B0F9060000EE100AB8EE90
:1024D000C00ADFED850A20EE200A7048D0F8980186
:1024E000B0F90E0000EE900AF8EEE00A00E07AE0A3
:1024F0009FED7F1A00EE810A754880ED000A694859
:102500004068007D00F02000E0B1664890F85C0172
:1025100000F02000B0B9614890ED520A10EE101A98
:1025200008460FF017F841EC1A0B9FED720B53ECB5
:10253000102B0DF071FF41EC190B0DF00BFE5749FC
:10254000C1F84801554890ED520AD0F89801B0F909
:10255000000000EE900AF8EEE00A9FED681A00EE27
:10256000810A4E4880ED520ADFED650A9FED4A0A66
:1025700000F5A4700BF074F9484890ED530AD0EDC3
:10258000520A30EE600AB0EEC00ADFED5E0AB4EE29
:10259000E00AF1EE10FA06DD0120464981F8AD00AF
:1025A000594981F8AD003D4890ED520A80ED530A3B
:1025B00090F8A40301280DD19FED540A374880ED0F
:1025C000E70A9FED370A80ED480A9FED350A80ED56
:1025D000490A08E00020314981F8A4039FED300A40
:1025E000084680EDE70A304A32492C4809F05AFE85
:1025F0002F48474B2C4A2F490090284809F0B6FC39
:10260000264890F89001012844D12A4890ED1E0AEE
:10261000B0EE402AF7EE001A9FED211ADFED200AF6
:102620009FED1F0A08213B480BF080F82A480068FC
:102630000BF020FA1F4890ED1D0AB0EE402AF7EE8D
:10264000001A9FED171ADFED160A9FED150A0621F5
:1026500030480BF06BF8204800680BF00BFA0F487D
:1026600090ED6B0ADFED2C0A80EE201ABDEEC10A58
:1026700010EE100A01B20948A0F8A4110146B1F801
:10268000A411494208B2FFF77FF9134800680BF024
:10269000F1F972E042E00000B81E053E9C1A0020ED
:1026A000000000008C2B0020682D0020641F0020FB
:1026B000441E0020EC190020AC1F0020D41E002076
:1026C0008C1E00201C1F0020C0010020BC01002027
:1026D000B8010020B4010020B001002000007A44BD
:1026E0000AD7A33B6F12833B82A8FB3717B7513839
:1026F00052491DB99A9999999999B93F844D78365B
:102700000AD7A33E3480373A48200020CDCC4C3E37
:1027100004020020840B00208ABACF39184890F8B0
:10272000900150BB1FED222ADFED161A1FED241A6F
:102730005FED250A1FED260A082113480AF0F6FF6F
:10274000124800680BF096F91FED2B2ADFED0D1AE9
:102750001FED2D1A5FED2E0A1FED2F0A06210A48E4
:102760000AF0E4FF094800680BF084F90020FFF745
:102770000BF9064800680BF07DF900BFC7E50000C3
:102780009C1A00203333333F840B0020B00100201B
:102790001B48406800F0006080B31A48406B006836
:1027A0001949884205D94FF0006017494C39086033
:1027B0001CE01448406B00681149B831884205D9C3
:1027C0004FF000601049503908600FE00D48406B31
:1027D00000680B495831884204D94FF0006008491D
:1027E000C86003E04FF00060054988600548006854
:1027F000006840F4007003490968086070470000F1
:1028000000600240280C00205864024010B50248C5
:1028100001F062F910BD00001812002010B5024846
:1028200001F05AF910BD00005811002010B50248FF
:1028300001F052F910BD00007812002001680A4B27
:10284000CAB2103AA3FB02321209084B9B5CC36563
:10285000032A04D96FF30901091D816502E06FF3B2
:1028600009018165806D7047ABAAAAAA581B0108AF
:10287000014600208A6A8B69002B0FD0B3F5005FF8
:102880001DD08AB3012A30D0022A2ED0032A04D1C7
:10289000C96A11F0807F00D0012070471AB1012A67
:1028A00007D0022AF9D1C96A11F0807FF5D0012042
:1028B0007047C96AB1F1C07FFAD1012070475AB19F
:1028C000012A0BD0022A07D0032AF7D1C96AB1F135
:1028D000C07FF3D10120704701207047C96A11F011
:1028E000807FFAD001207047FFE701207047000089
:1028F00008B5084840680090074900980968884270
:1029000004D206480068401C044908600249009847
:10291000086008BD001000E05800002054000020AE
:102920000C494868F0EE400A00BF0A494968091A94
:1029300001EE101AF8EE411A074991ED001AB8EEAF
:10294000411A20EE811AF4EEC11AF1EE10FAECD31E
:1029500070470000001000E04800002010B52DED89
:10296000028B82B004460E484068019020680199AD
:10297000081A00EE100AF8EE400A0A4890ED000A24
:10298000B8EE400A80EE801AB0EE418A01982060CD
:10299000FFF7AEFFB0EE480A02B0BDEC028B10BDEF
:1029A000001000E04800002010B52DED028B00F073
:1029B00059F80F4890ED000AB8EE400A808800EE02
:1029C000900AF8EE600A9FED0B1A00EE810A0848A3
:1029D000C08800EE900AF8EE600A9FED071A00EE3C
:1029E000810AB0EE408AB0EE480ABDEC028B10BD01
:1029F000400000206F12833ABD37863512490968BE
:102A000041F08071104A11600021104A5160114656
:102A1000096841F0010111600D4941430D4A1160FF
:102A2000114609684FF47A72B1FBF2F10A4A11605B
:102A300008490968064AB1FBF2F1084A1160002111
:102A4000074A116070470000FCED00E0001000E054
:102A500040420F00480000204C00002050000020A1
:102A60005400002038B5294840680090FFF740FF27
:102A7000274800684FF0FF31A0FB0131009818187B
:102A800041F10001234A03C223480023214902687F
:102A900003C9FEF709FA214A03C220480CC81E48A0
:102AA00000680024A2FB001503FB005002FB040297
:102AB0001848D0E90030591A60EB0200184AC2E900
:102AC0000010164800681749086017480023144989
:102AD000026803C9FEF7E8F9124988800846808831
:102AE0001149096841430E48D0E90030591A60F194
:102AF00000000E4AC2E900100D4800230B4902688D
:102B000003C9FEF7D1F90749C88038BD001000E0BD
:102B100054000020600000204800002068000020D1
:102B200070000020400000204C00002078000020B1
:102B300050000020704710B5012001F04FF910BD82
:102B400010B5082001F04AF910BD10B5102001F0B1
:102B500045F910BD10B5202001F040F910BDD2EDAF
:102B6000020A92ED021AB6EE000A00EEC10AD2ED98
:102B7000030A92ED031A00EEC10AD0ED000A20EE1E
:102B8000200AD2ED010A92ED021A60EE810A92ED5E
:102B9000001AD2ED031A41EE210A90ED011A00EE5F
:102BA000810AD2ED010A92ED031A60EE810A92EDDC
:102BB000001AD2ED021A41EE610A90ED021A00EEFF
:102BC000810AF0EE000A20EE200A81ED000A92ED63
:102BD000010AD2ED020A20EE200AD2ED000A92ED9F
:102BE000031A00EEC10AD0ED000A60EE200A92ED51
:102BF000011AD2ED011AB6EE000A01EE610AD2ED19
:102C0000031A92ED032AB0EE401A01EEC21AD0ED7B
:102C1000011AB0EE600A01EE210AD2ED020A92ED2D
:102C2000031A60EE810A92ED001AD2ED011A41EE0C
:102C3000210A90ED021A00EE810AF0EE000A20EE61
:102C4000200A81ED010A92ED010AD2ED030A20EE7D
:102C5000200AD2ED000A92ED021A00EE810AD0EDB0
:102C6000000A20EE200AD2ED020A92ED031A60EE6D
:102C7000810A92ED001AD2ED011A41EE610A90ED3F
:102C8000011A00EE810A92ED011AD2ED011AF6EE58
:102C9000000A41EE610A92ED021AD2ED021A41EEEB
:102CA000610A90ED021A00EE810AF0EE000A20EEB1
:102CB000200A81ED020A7047704790F82020012A0F
:102CC00007D0022A05D0416A41F4802141620120E7
:102CD000704700684269114341610020704770B439
:102CE00090F82040D0F800C0DCF808C0012C08D0D3
:102CF000022C06D0416A41F48021416270BC01205F
:102D000070470CF080640CF000652C4302D11CF07D
:102D1000805F55D0CCF3016C012404FA0CF41C60E4
:102D20008B684FF4C0749BB1CD6804EB0C162B4339
:102D30004D6843EAC5030568AB514FF4C27306689A
:102D400003EB0C130D69F550097D012909D00DE045
:102D50000D88CB6804EB0C1643EA45530568AB516C
:102D6000EBE70168CD5845F48075CD501179D379E2
:102D7000557941EA036193791B0443EA052319431A
:102D80004FF4C675036805EB0C1559511178D378CB
:102D900041EA0361937852781B0443EA022211430B
:102DA0004FF4C473026803EB0C13D150016804EBB9
:102DB0000C100A5842F001020A5070BC0020704703
:102DC000416A41F40011416270BC0120704700006B
:102DD00090F82020012A07D0022A05D0416A41F448
:102DE00080214162012070474248D0F8002242F021
:102DF0000102C0F80022D0F8002222F47C52C0F870
:102E00000022D0F800224B6A42EA0322C0F80022D6
:102E10000A7D012302F01F0203FA02F2D0F81C32ED
:102E20009343C0F81C32CB69D3B9D0F80C3293432A
:102E3000C0F80C32B1F80CC04B686CF31F43D1F8EA
:102E400014C000EBCC0CCCF84032B1F808C00B68D1
:102E50006CF31F43D1F814C000EBCC0CCCF8443217
:102E6000CB69012B1AD1D0F80C321343C0F80C32C5
:102E7000B1F800C04B686CF31F43D1F814C000EBED
:102E8000CC0CCCF84032B1F808C0CB686CF31F43CF
:102E9000D1F814C000EBCC0CCCF844328B697BB178
:102EA000D0F804321343C0F804320B6973B1D0F880
:102EB00014321343C0F81432096A01290CD010E00F
:102EC000D0F804329343C0F80432EEE7D0F814325D
:102ED0009343C0F81432EFE7D0F81C121143C0F846
:102EE0001C12D0F8001221F00101C0F800120020DD
:102EF0007047000000640040704730B490F820C074
:102F0000BCF1010F09D0BCF1020F06D0416A41F4B7
:102F10008021416230BC0120704739B1D0F800C037
:102F2000DCF810C01CF0030F33D006E0D0F800C06E
:102F3000DCF80CC01CF0030F24D04FF4D87C0468DC
:102F40000CEB011C54F80C4004F0040494603CB3F6
:102F5000046854F80C40E4085460046854F80CC049
:102F60000CF0020CC2F80CC04FF4DA7C04680CEBD5
:102F7000011C54F80C5005F00F05082D16D3082439
:102F8000146118E0416A41F40011416230BC012033
:102F90007047416A41F40011416230BC0120704722
:102FA000046854F80C40640D1460D6E754F80C40E3
:102FB00004F00F041461046854F80C40C4F30724AF
:102FC0009461046854F80CC04FEA1C4CC2F814C059
:102FD0004FF4DC72D0F800C002EB01125CF802C0C2
:102FE00083F800C0D0F800C05CF802C04FEA1C2C87
:102FF00083F801C0D0F800C05CF802C04FEA1C4C56
:1030000083F802C0D0F800C05CF80220120EDA701B
:103010004FF4DE72D0F800C002EB01125CF802C07F
:1030200083F804C0D0F800C05CF802C04FEA1C2C42
:1030300083F805C0D0F800C05CF802C04FEA1C4C11
:1030400083F806C0D0F800C05CF80220120EDA71D6
:1030500039B10068016941F02001016130BC0020F4
:1030600070470068C16841F02001C160F6E72DE9B2
:10307000F05F0546002428684669D0F80490876808
:10308000D0F80CA0D0F810B0D0F8188016F0010FCE
:1030900054D017F0010F17D00121816017F0020FF3
:1030A00003D0284600F082FC0EE017F0040F02D097
:1030B0004FF4006408E017F0080F02D04FF480547A
:1030C00002E0284600F071FC17F4807F19D02968CF
:1030D0004FF48070886017F4007F03D0284600F01A
:1030E00067FC0EE017F4806F02D044F4005408E04F
:1030F00017F4006F02D044F4804402E0284600F048
:1031000056FC17F4803F19D029684FF4803088604E
:1031100017F4003F03D0284600F04CFC0EE017F4F3
:10312000802F02D044F4004408E017F4002F02D0AE
:1031300044F4803402E0284600F03BFC16F0080F0F
:1031400007D01AF0100F04D044F40074296810203E
:10315000C86016F0040F4FF0080707D01AF0080FE8
:1031600004D02868C760284600F000FA16F0020F65
:1031700007D02868C06810F0030F02D0284600F07E
:10318000F7F916F0400F07D01BF0100F04D044F4ED
:10319000806429681020086116F0200F07D01BF00A
:1031A000080F04D028680761284600F0C9FB16F014
:1031B000100F07D02868006910F0030F02D02846CE
:1031C00000F0BFFB16F4003F08D019F0100F05D037
:1031D000296810204860284600F0B4FB16F4803FB0
:1031E00007D019F0080F04D028684760284600F07F
:1031F000E2FB16F4004F4AD019F0040F44D016F445
:10320000807F04D018F0010F01D044F0010416F4BF
:10321000007F04D018F0020F01D044F0020416F42D
:10322000806F04D018F0040F01D044F0040416F4A9
:10323000006F29D018F0700F26D008F070004028D9
:1032400015D006DC102809D020280AD0302816D145
:103250000AE050280ED0602811D10EE044F0080496
:103260000DE044F010040AE044F0200407E044F0CC
:10327000400404E044F0800401E044F480742868D1
:10328000816921F070018161296804204860002C67
:1032900005D0686A204368622846FFF72DFEBDE826
:1032A000F09F70B50446002C03D094F8200010B1B4
:1032B00004E0012070BD204600F0A8F820680168F5
:1032C00041F00101016000F0B3FE0546206840684E
:1032D0004FF0050610F0010F11D100F0A9FE401BC0
:1032E0000A2807D9606A40F40030606284F82060E0
:1032F000012070BD2068406810F0010FEDD02068FB
:10330000016821F00201016000F092FE054620688C
:10331000406810F0020F11D000F08AFE401B0A280E
:1033200007D9606A40F40030606284F820600120B0
:1033300070BD2068406810F0020FEDD1207E01289A
:103340003FD02068016821F080010160607E012883
:103350003DD02068016821F040010160A07E012875
:103360003BD02068016821F020010160E07E012847
:1033700039D02068016841F010010160207F0128E8
:1033800037D02068016821F008010160607F0128C2
:1033900035D02068016821F004010160E168A0686F
:1033A000626908432169114308436168491E084363
:1033B0002168C86100206062012084F8200000209C
:1033C00070BD2068016841F080010160BEE720689F
:1033D000016841F040010160C0E72068016841F0E8
:1033E00020010160C2E72068016821F0100101603E
:1033F000C4E72068016841F008010160C6E7206861
:10340000016841F004010160C8E7000010B586B012
:103410000446142101A8FDF75FFE4E49206888424A
:1034200041D14D480068401C4B490860084600687F
:1034300001280FD100BF002000904848006840F0EC
:103440000070464908600846006800F0007000906F
:1034500000BF00BF00BF0020009040481038006847
:1034600040F008003D49103908600846006800F047
:103470000800009000BF00BF0320019002200290CE
:1034800000200390032004900920059001A93448EE
:1034900000F0B0FC00220621142001F01BF81420DB
:1034A00001F00AF854E02F492068884250D100BF4B
:1034B000002000902948006840F08060274908609B
:1034C0000846006800F08060009000BF00BF2248FE
:1034D0000068401C204908600846006801280FD198
:1034E00000BF002000901D48006840F000701B499C
:1034F00008600846006800F00070009000BF00BF40
:1035000000BF0020009015481038006840F002000D
:103510001249103908600846006800F00200009067
:1035200000BF00BF602001900220029000200390A5
:10353000032004900920059001A90B4800F05AFCD3
:1035400000220621402000F0C5FF402000F0B4FF1B
:1035500006B010BD00640040280000204038024042
:10356000000C024000680040000402407047000068
:1035700010B52DED048B8AB0044601AB03AA0021DF
:103580002046FFF7BAFCDE4884427DD140F201229A
:103590000398811A904278D008DC032813D00428BD
:1035A00017D009281CD0152870D106E001296ED04B
:1035B00002296DD00329F7D1E8E0082201A9D148FA
:1035C000FEF726FA2DE1082201A9CF4809F002FCF6
:1035D00027E1082201A9CC48383009F0FBFB20E1A3
:1035E000082201A9C848E03009F0F4FBC64890ED74
:1035F0003F0A10EE101A08460DF0ACFF41EC180B14
:103600009FEDC20B53EC102B0DF06DFB28D8BE487C
:1036100090ED3F0A10EE101A08460DF09BFF41ECAA
:10362000180B9FEDBC0B53EC102B0DF061FA17D863
:10363000B54890ED3F0A10EE101A08460DF08AFFCB
:1036400041EC190B9FEDB10B53EC102B0DF080FCEE
:1036500041EC180B0CF07EFD0146AB48C0F8FC10A5
:10366000A94890ED3F0AB5EEC00AF1EE10FA2DD848
:1036700090ED3F0A10EE101A08460DF06BFF41EC7A
:10368000180B9FEDA60B04E0CCE07CE0C8E07BE0EB
:103690007BE053EC102B0DF026FB17D29A4890EDEF
:1036A0003F0A10EE101A08460DF054FF41EC190BBA
:1036B0009FED960B53EC102B0CF0AEFE41EC180B6B
:1036C0000CF048FD01469048C0F8FC108E4890ED83
:1036D0003F0A10EE101A08460DF03CFF41EC180BA3
:1036E0009FED8E0B53EC102B0DF002FA28D8864874
:1036F00090ED3F0A10EE101A08460DF02BFF41EC3A
:10370000180B9FED880B53EC102B0DF0ECFA17D82B
:103710007D4890ED3F0A10EE101A08460DF01AFF92
:1037200041EC190B9FED7B0B53EC102B0CF074FE4E
:1037300041EC180B0CF00EFD01467348C0F8FC106C
:103740007148B0F8800301B26F48A0F8881390ED7B
:103750003F0ADFED760A20EE200A10EE101A084626
:103760000DF0F8FE41EC190B9FED680B53EC102B9C
:103770000CF084FF41EC180B0DF03EF981B2624869
:10378000A0F880134DE000BF00BF00BF0398401EAB
:103790006749087008460078C0EBC001654830F8FA
:1037A000210001B262480078C0EBC002614800EB22
:1037B000820001819DF805009DF8041040EA012176
:1037C0005B480078C0EBC0025A4820F822109DF8F0
:1037D00007009DF8061040EA012001B25448007825
:1037E000C0EBC002534800EB820041809DF8090005
:1037F0009DF8081040EA012001B24D480078C0EB66
:10380000C0024C4800EB820081809DF80A104848B5
:103810000078C0EBC002474800EB8200817100E0F5
:1038200000BF00BF4448844265D10398032807D0F5
:1038300004280CD0A0F2052080B1022859D10EE056
:10384000082201A93048703009F0C4FA52E0082279
:1038500001A92D48A83009F0BDFA4BE000BF03983C
:10386000001F3649087008460078C0EBC001314897
:1038700030F8210001B231480078C0EBC0022D4879
:1038800000EB820001819DF805009DF8041040EADC
:1038900001212A480078C0EBC002264820F82210F7
:1038A0009DF807009DF8061040EA012001B2234868
:1038B0000078C0EBC0021F4800EB820041809DF8F9
:1038C00009009DF8081040EA012001B21B48007869
:1038D000C0EBC002174800EB820081809DF80A10FF
:1038E00016480078C0EBC002124800EB82008171DC
:1038F00000E000BF00BF0AB0BDEC048B10BD0000AB
:10390000840B0020BC1700209C1A0020000000003F
:1039100000001940000000000000294000000000E5
:10392000000019C000000000000029C0000000468F
:10393000900000203C1C0020AC0B002091000020D7
:1039400070477047704770B5044694F8200001280E
:1039500005D0606A40F400206062012070BD022042
:1039600084F820002068016821F00101016000F066
:103970005FFB05462068406810F0010F12D000F090
:1039800057FB401B0A2808D9606A40F40030606287
:10399000052084F82000012070BD2068406810F0E8
:1039A000010FECD10020606270BD70477047704716
:1039B000704770477047704710B50446002C02D01E
:1039C000607910B106E0012010BD00202071204672
:1039D00000F004F801206071002010BD08B50A4A0B
:1039E000016891420FD100BF002100910749096889
:1039F00041F48051054A11601146096801F4805173
:103A0000009100BF00BF08BD0030024030380240C6
:103A10002DE9F0410446A66D00F00AFB054694F836
:103A200035000027022806D08020606584F83470B5
:103A30000120BDE8F0812068016821F016010160D5
:103A40002068416921F080014161206C08B9A06CB7
:103A500020B12068016821F0080101602068016838
:103A600021F0010101602068006810F0010F12D000
:103A700000F0DEFA401B052808D9202060650320ED
:103A800084F8350084F83470BDE8F081206800685F
:103A900010F0010FECD194F85C003F2101FA00F026
:103AA000B060012084F8350084F834700020BDE84F
:103AB000F08190F83510022903D080214165012062
:103AC0007047052180F835100068016821F0010178
:103AD00001600020704700002DE9F84304464FF0D4
:103AE0000008CDF8008076484FF416510068B0FB0E
:103AF000F1F7A56D2E6894F85C00082101FA00F03A
:103B0000304211D02068026812F0040F0CD0026815
:103B100022F00402026094F85C0001FA00F0A86050
:103B2000606D40F00100606594F85C004FF00109A1
:103B300009FA00F0304209D02168496911F0800F7C
:103B400004D0A860606D40F00200606594F85C10DD
:103B500004208840304209D02168096811F0020F22
:103B600004D0A860606D40F00400606594F85C10BB
:103B700010208840304224D02168096811F0080FD5
:103B80001FD0A8602068016811F4802F0DD0006854
:103B900010F4002F04D0A16C99B12046884710E0A2
:103BA000216C71B1204688470BE0016811F4807FD9
:103BB00003D1016821F008010160216C09B12046A0
:103BC000884794F85C1020208840304251D021680A
:103BD000096811F0100F4CD0A86094F83500052842
:103BE0000DD02068016811F4802F32D0006810F4E5
:103BF000002F29D0E16B59B32046884739E020686F
:103C0000016821F0160101602068416921F08001FE
:103C10004161206C08B9A06C20B12068016821F0D6
:103C20000801016094F85C003F2101FA00F0A860EF
:103C300084F8359084F83480216D00293ED001B09D
:103C40002046BDE8F0430847616C09B1204688472B
:103C50000FE0016811F4807F07D1016821F01001A5
:103C6000016084F8359084F83480E16B09B1204616
:103C70008847606D002821D0606D10F0010F15D0CD
:103C8000052084F835002068016821F001010160F9
:103C90000098401C0090B84204D82068006810F0DA
:103CA000010FF5D184F8359084F83480E16C002957
:103CB00004D001B02046BDE8F0430847BDE8F883D2
:103CC000340000202DE9F041044600F0B1F905462A
:103CD000DCB1022084F83500002684F834602068C6
:103CE000016821F0010101602068006810F0010FF7
:103CF00013D000F09DF9401B052809D920206065EC
:103D0000032084F83500BDE8F0810120BDE8F08192
:103D10002068006810F0010FEBD121680868234A81
:103D20001040A3686268D4F810C01A43E36843EAFD
:103D30000C031A4363691A43A3691A43E3691A43DC
:103D4000236A1A431043626A042A03D1236BE26A8E
:103D50001A43104308602068406920F00701606A38
:103D600040EA0105012704280ED1A06A0543E06A54
:103D700050B12046FEF77CFD30B14020606584F8EC
:103D800035700120BDE8F081206845612046FEF7CE
:103D900055FD94F85C103F2202FA01F181606665DE
:103DA00084F835700020BDE8F08100003F8010F0FD
:103DB00070B5044600F03CF90546B4F1FF3F02D06F
:103DC00004480078044400F033F9401BA042FAD3C1
:103DD00070BD0000500400207047000010B5044979
:103DE0000A68024202D00860FFF7F6FF10BD00002B
:103DF000143C01402DE9F84F0022DFF818A2DFF84B
:103E000010924FF0010E03274FF00F08AAF1040B98
:103E10000EFA02FC0B6803EA0C0363457DD10C79B2
:103E200004F00304012C01D0022C14D18568540045
:103E300007FA04F6B543CE6806FA04F42C4384600E
:103E4000446824EA0C0C0C79C4F30014944044EA4E
:103E50000C0CC0F804C0D1F804C037EA0C0C0CD02C
:103E6000C4684FEA420C07FA0CF5AC438D6805FABA
:103E70000CFC4CEA040CC0F80CC091F804C00CF027
:103E8000030CBCF1020F12D14FEAD20C00EB8C04F0
:103E9000256A4FEA427C4FEADC6C08FA0CF6B5431F
:103EA0000E6906FA0CFC4CEA050CC4F820C0046844
:103EB0004FEA420C07FA0CF5AC430D7905F0030507
:103EC00005FA0CFC4CEA040CC0F800C0D1F804C0A0
:103ED0001CF4403F7DD0D9F800C04CF4804CC9F8A8
:103EE00000C0D9F800C00CF4804CCDF800C022F01E
:103EF000030C0CF1804505F59835D5F808C89407F2
:103F0000240F08FA04F62CEA0606A0F1804CBCF552
:103F1000003C64D0A0F1804C00E05AE0BCF5013CCC
:103F200060D0A0F1804CBCF5023C5ED0A0F1804C8A
:103F3000BCF5033C5CD0A0F1804CBCF5043C5AD0ED
:103F4000A0F1804CBCF5053C58D0A0F1804CBCF5EC
:103F5000063C56D0A0F1804CBCF5073C54D04FF045
:103F6000080C0CFA04FC4CEA060CC5F808C8DAF890
:103F700000C02CEA030C4C6814F4801F01D04CEAFA
:103F8000030CCAF800C0244CD4F800C02CEA030C7F
:103F90004D6815F4001F01D04CEA030CC4F800C0B2
:103FA000DBF800C02CEA030C4C6814F4003F01D08D
:103FB0004CEA030CCBF800C0184CD4F800C02CEA33
:103FC000030C4D6815F4803F01D04CEA030CC4F893
:103FD00000C0521C102AFFF41BAFBDE8F88F4FF051
:103FE000000CBEE74FF0010CBBE74FF0020CB8E746
:103FF0004FF0030CB5E74FF0040CB2E74FF0050C9F
:10400000AFE74FF0060CACE74FF0070CA9E7000054
:1040100044380240083C01400C3C0140003C014057
:10402000002A01D081617047090481617047000056
:1040300001488068704700005004002070B50446B5
:10404000002C04D094F83D00002510B106E00120BA
:1040500070BD84F83C50204600F0C6F8242084F857
:104060003D002068016821F00101016020680168BD
:1040700041F4004101602068016821F400410160C1
:1040800000F086FF544B6168994203D85349884237
:1040900003D304E05249884201D2012070BD514946
:1040A000B0FBF1F12268D2F804C02CF03F0C4CEACE
:1040B000010CC2F804C062689A4201D84A1C07E0A9
:1040C0004FF4967251434FF47A72B1FBF2F14A1CED
:1040D0002168D1F820C02CF03F0C42EA0C020A62A1
:1040E0006168994210D84900401EB0FBF1F2521CA1
:1040F000C2F30B02042A01D2042026E0B0FBF1F047
:10410000401CC0F30B0020E0A268002A50D001EB55
:10411000C10303EB0113A0F1010CBCFBF3F35B1C27
:1041200043F480431B051B0D4AD0002A4AD001EB03
:10413000C10202EB0111401EB0FBF1F0401CC0F3C4
:104140000B0040F4804040F400402168CA6922F02E
:10415000FF0222F44F421043C861216AE069014323
:104160002068026822F0C00211430160E168206902
:1041700001432068826822F0FF0222F403421143C7
:104180008160A169606901432068C26822F0FF0272
:104190001143C1602068016841F00101016025649C
:1041A000202084F83D00256384F83E50002070BD37
:1041B00001EB4103A0F1010CBCFBF3F35B1CB1E785
:1041C0000120C2E701EB4101401EB0FBF1F0401CB1
:1041D000C0F30B00B7E70000A086010080841E003A
:1041E00000093D0040420F0010B586B0044614217E
:1041F00001A8FCF771FF6F492068884230D100BFE9
:10420000002000906C48006840F002006A49086095
:104210000846006800F00200009000BF00BF4FF4A5
:10422000407001901220029001200390032004901E
:104230000420059001A96148FFF7DCFD00BF0020C4
:1042400000905D481030006840F400105A49103169
:1042500008600846006800F40010009000BFA6E067
:1042600057492068884250D100BF00200090524832
:10427000006840F02000504908600846006800F0DF
:104280002000009000BF00BF032001901220029088
:1042900001200390032004900420059001A94948BF
:1042A000FFF7A8FD00BF00200090434810300068D1
:1042B00040F480004049103108600846006800F46E
:1042C0008000009000BF00BF3F48404908604FF0A9
:1042D0006060486040213D4881600021C1604FF42A
:1042E00080610161002141618161C1614FF4003150
:1042F000016200214162FFF7E5FC08B1FEF7DCFC3A
:1043000000BF32486063846351E0314920688842CD
:104310004DD100BF002000902748006840F0040005
:10432000254908600846006800F00400009000BFBE
:1043300000BF00BF002000900846006840F0010068
:1043400008600846006800F00100009000BF00BF50
:104350004815019012200290012003900320049040
:104360000420059001A91B48FFF744FD4FF480701D
:104370000190122002900120039003200490042059
:10438000059001A91448FFF735FD00BF00200090FB
:1043900009481030006840F40000074910310860F7
:1043A0000846006800F40000009000BF00BF06B09F
:1043B00010BD0000005400403038024000040240AC
:1043C0000058004000140240B8600240D00C0020A9
:1043D000005C004000080240000002400248816882
:1043E00002781144816070475004002010B50B48DA
:1043F000016841F400710160016841F4806101606D
:10440000016841F480710160032000F097F80F20EB
:1044100000F006F800F026F8002010BD003C024035
:1044200070B504460D4D4FF47A712878B1FBF0F069
:104430000B490968B1FBF0F001F058FB08B101200D
:1044400070BD102C07D200222146501E00F042F809
:104450006C60002070BD012070BD00005004002081
:104460003400002008B500BF00200090114800680B
:1044700040F480400F4908600846006800F480401E
:10448000009000BF00BF00BF00200090081F006820
:1044900040F08050091F08600846006800F0805016
:1044A000009000BF00BF00220F21901E00F012F804
:1044B00008BD00004438024000280ADB00F01F015C
:1044C000012202FA01F14009800000F1E020C0F869
:1044D0000011704710B4184B1B68C3F30223C3F1DB
:1044E000070CBCF1040F01D94FF0040C1C1D072C64
:1044F00001D2002300E0DB1E012404FA0CFCACF125
:10450000010C0CEA0101994004FA03F35B1E1A4006
:104510001143002806DB00F1E020090180F80014B7
:1045200010BC704700F00F0000F1E020090180F896
:10453000141D10BC704700000CED00E000F00700F7
:10454000064A11684FF6FF03194041EA002040F087
:10455000FD7040F080601060704700000CED00E0DE
:104560007047704770477047704711F0800F01F037
:104570000F0101EBC10100EB810101D0143101E019
:1045800001F51571006805F015BF2DE9F05F0446CF
:104590002568284605F0C4FF00287ED1206805F074
:1045A000EBFF002879D0D5F80808C0F30D20C4F837
:1045B000D404206805F0E0FF10F0020F04D020685A
:1045C000416901F002014161206805F0D5FF10F05A
:1045D000100F36D02068816921F0100181612F6AA7
:1045E00007F00F0000EBC00004EB800000F515762B
:1045F000C7F34340022802D0062812D01CE047F639
:10460000F070074218D0C7F30A1217462846F1681F
:1046100005F0B6FFF0683844F060706938447061A6
:104620000AE0082204F29C41284605F0A9FF7069BF
:10463000C7F30A11084470612068816941F01001D4
:104640008161206805F098FF10F4002F4FF0100BE7
:104650004FF0000A4FF0010967D00026206805F0EE
:104660006AFF80465FEA08005FD018F0010F56D05D
:10467000F1B2206805F078FF074617F0010F07D068
:1046800005EB4610C0F8089B3146204604F018FCA4
:1046900017F0080F0AD0082000E01EE205EB4611D3
:1046A000C1F8080B3146204604F0E6FB17F0100F66
:1046B00003D005EB4610C0F808BB17F0020F1DD061
:1046C000686910F0800F05D0D5F8040840F48061C7
:1046D000C5F8041806EBC60004EB800000F5157061
:1046E000C178012905D180F803A0F1B2204600F07D
:1046F000FEF905EB46110220C1F8080B17F0200F58
:1047000004D005EB46112020C1F8080B17F4005F18
:1047100005D005EB46114FF40050C1F8080B761C8C
:104720004FEA5808B8F1000F9FD1206805F024FF28
:1047300010F4802F74D0206805F0F6FE074600269E
:10474000002F6DD04FF0020B17F0010F64D0F1B2C3
:10475000206805F0F7FE804618F0010F24D006F01F
:104760000F0009FA00F0D5F834188143C5F8341861
:1047700005EB4610C0F80899A079012810D106EB86
:10478000C60004EB8000C269016A114401623EB9AF
:10479000606A28B904F29C420121206805F0DAFD24
:1047A000F1B22046FFF7DEFE18F0080F04D005EB4B
:1047B00046110820C1F8080918F0100F04D005EBC5
:1047C00046111020C1F8080918F0400F04D005EB7D
:1047D00046114020C1F8080918F0020F15D03146E3
:1047E000284605F066FE06EBC60004EB8000143098
:1047F000C178012905D180F803A0F1B2204600F06C
:1048000075F905EB4610C0F808B918F0800F03D011
:104810003146204604F0C8FB761C7F08002F93D158
:10482000206805F0A9FE10F0004F11D0D5F804085B
:1048300020F00101C5F8041894F8CC04012861D0D7
:10484000204600F01EFA2068416901F000414161F4
:10485000206805F091FE10F4006F0CD0D5F8080820
:1048600010F0010F02D0204600F00EFA20684169D6
:1048700001F400614161206805F07EFE10F4805F64
:1048800065D0D5F8040820F00101C5F804181021FE
:10489000206805F00EFE0021207900281DD94FF672
:1048A0007F3205EB4110C0F80829D0F8003923F415
:1048B0000013C0F80039C0F8082BD0F8003B23F4EF
:1048C0000013C0F8003BD0F8003B43F00063C0F891
:1048D000003B491C20798842E3D8D5F81C0840F0F9
:1048E0000111C5F81C18E07B98B1D5F8840840F098
:1048F0000B01C5F88418D5F8440840F00B01C5F841
:10490000441813E084F8CCA400212046FFF728FEC9
:1049100099E7D5F8140842F22B010143C5F81418A1
:10492000D5F8100840F00B01C5F81018D5F80008AC
:1049300020F4FE61C5F80018A17904F29C422068B9
:1049400005F008FD2068416901F48051416120684B
:1049500005F012FE10F4005F16D0206805F0AAFBE7
:10496000206805F0CDFDE07100F00CFB23680146E6
:10497000E279184605F060FE204600F081F92068D3
:10498000416901F400514161206805F0F5FD10F026
:10499000080F07D0204600F075F92068416901F042
:1049A00008014161206805F0E7FD10F0800F17D085
:1049B000A86920F08001A9610126207901280FD97A
:1049C00006EBC60004EB800090F85702012803D1E3
:1049D000F1B22046FFF7C9FD761C2079B042EFD82E
:1049E000206805F0C9FD10F4801F22D0012620792F
:1049F000012819D905EB4610D0F8001906EBC600BE
:104A000004EB8000027E012A0AD111F0004F07D08A
:104A100080F81790F0B240F080012046FFF7A5FD26
:104A2000761C2079B042E5D82068416901F48011F4
:104A30004161206805F0A0FD10F4001F2DD0012079
:104A40002179012924D905EB4011D1F8001B00EB95
:104A5000C00204EB820292F85832012B14D111F0FB
:104A6000004F11D094F8D434C1F3004103F0010396
:104A70008B4209D182F85792A96941F08002AA615C
:104A8000696911F0800F2AD0401C21798142DAD85F
:104A90002068416901F400114161206805F06CFD56
:104AA00010F0804F07D02046FFF75BFD206841697A
:104AB00001F080414161206805F05EFD10F0040FB7
:104AC0000BD02068456815F0040F02D02046FFF790
:104AD0004BFD2068416829434160BDE8F09FD5F84F
:104AE000040840F40070C5F80408D1E77047704727
:104AF000F8B50446002C05D0266894F895040025E6
:104B000010B106E00120F8BD84F89454204600F06E
:104B100063F8032084F89504B6F1A04F00D1A57185
:104B2000206805F011FC207C8DF8000094E80F004F
:104B300005F0CEFA022618B184F895640120F8BD7C
:104B40000021206805F040FD18B184F8956401202B
:104B5000F8BD00212079012700280FD901EBC10001
:104B600004EB800047750175C1850576C561056256
:104B70004562481CC1B220798842EFD800212079D3
:104B8000002814D901EBC10004EB800080F85552D5
:104B900080F8541280F85852C0F85C52C0F8605245
:104BA000C0F86452481CC1B220798842EAD8207CFF
:104BB0008DF8000094E80F0005F00AFB18B184F8A6
:104BC00095640120F8BD657484F89574206805F03B
:104BD000F0FA0020F8BD000010B586B0044614219C
:104BE00001A8FCF779FA2068B0F1A04F42D100BFCC
:104BF000002000902048006840F001001E49086035
:104C00000846006800F00100009000BF00BF4FF4AC
:104C1000C0500190022002900020039003200490D5
:104C20000A20059001A91548FFF7E4F800BF1248D3
:104C3000001D006840F080000F49091D086000BF9A
:104C4000002000900C481430006840F480400A496D
:104C5000143108600846006800F48040009000BFEE
:104C600000BF00BF002205214320FFF733FC432093
:104C7000FFF722FC06B010BD3038024000000240B1
:104C80007047704770477047704700002DE9F84340
:104C900004464FF0010820784FF0000710F0050F90
:104CA00033D0DFF84491C9F86870FFF7C1F90646C0
:104CB0004E4D286810F0006F0BD0FFF7B9F9801B3C
:104CC000022802D90320BDE8F883286810F0006F9D
:104CD000F3D16068217A800140EA0170444908609C
:104CE000C9F86880FFF7A4F90646286810F0006F3D
:104CF0000BD1FFF79DF9801B022802D90320BDE8E4
:104D0000F883286810F0006FF3D0207810F0020FBD
:104D10005CD03848016841F080510160006800F0C3
:104D200080500090344D286840F480702860FFF770
:104D30007FF90646286810F4807F0BD1FFF778F9D9
:104D4000801B022802D90320BDE8F883286810F4EC
:104D5000807FF3D0294D286800F4407028B3A189E2
:104D600001F44071814220D0286820F44070244929
:104D7000C1F800800F602860286810F0010F14D07F
:104D8000FFF756F90646286810F0020F0DD141F2E0
:104D90008837FFF74DF9801BB84202D90320BDE8E0
:104DA000F883286810F0020FF3D0E0684FF44071E8
:104DB00031EA000213490CD0086820F4F8100860AA
:104DC0002868A189C1F30B01084328600020BDE8D1
:104DD000F8830A6820F4407022F4F81220F0704042
:104DE00010430860ECE70000000047420038024032
:104DF0008438024040380240007000407038024061
:104E0000400E4742083802402DE9F04704460D465F
:104E1000002C13D0DFF85491D9F80000EFB200F065
:104E20000700A8420DD289F80070D9F8000000F000
:104E30000700A84205D00120BDE8F0870120BDE8A9
:104E4000F08720684A4E10F0020F14D010F0040FC3
:104E500003D0306840F4E0503060207810F0080F44
:104E600003D0306840F4604030603068A16820F0C2
:104E7000F00008433060207810F0010F3ED06068E9
:104E80003C49012808D002280DD003280BD009681E
:104E900011F0020F28D00AE0096811F4003F06D192
:104EA0000120BDE8F087096811F0007F19D0316852
:104EB00021F0030108433060FFF7BAF880463068FC
:104EC000616800F00C00B0EB810F17D041F2883A16
:104ED000FFF7AEF8A0EB0800504508D90320BDE865
:104EE000F0870120BDE8F0870120BDE8F087306839
:104EF000616800F00C00B0EB810FE9D1D9F8000037
:104F000000F00700A8420AD989F80070D9F800001B
:104F100000F00700A84202D00120BDE8F087207809
:104F200010F0040F05D03068E16820F4E050084329
:104F30003060207810F0080F06D03068216920F426
:104F4000604040EAC100306000F042F831680A4A2F
:104F5000C1F30311515CC840084908600848006863
:104F6000FFF75EFA0020BDE8F0870000003C024039
:104F70000838024000380240041A010834000020BA
:104F800054040020014800687047000034000020ED
:104F900000B5FFF7F7FF04490968044AC1F382210D
:104FA000515CC84000BD000008380240141A0108D6
:104FB00000B5FFF7E7FF04490968044AC1F342312D
:104FC000515CC84000BD000008380240141A0108B6
:104FD00010B51748006810F00C01164816D0164B93
:104FE000042912D0082911D1144C216801F03F0284
:104FF000216811F4800F0AD02068C0F38810A0FB4C
:1050000003010023FBF750FF09E0184610BD21689B
:105010000023C1F38811A1FB0001FBF745FF2168C4
:10502000C1F30141491C4900B0FBF1F010BD000083
:10503000083802400024F400001BB7000438024086
:105040002DE9F84F0446002C12D02078FB4E10F0CA
:10505000010FA6F1040563D0301D016801F00C01B9
:1050600004290CD0006800F00C00082803D010E0E0
:105070000120BDE8F88F306810F4800F09D028684F
:1050800010F4003F4CD06068002849D10120BDE8F1
:10509000F88F6068B0F5803F14D0B0F5A02F16D01F
:1050A000286820F480302860286820F48020286058
:1050B000606810B3FEF7BCFF0746286810F4003F95
:1050C0000ED02DE0286840F480302860F0E7286892
:1050D00040F480202860286840F480302860E7E7AA
:1050E000FEF7A6FFC01B642802D90320BDE8F88F95
:1050F000286810F4003FF3D012E0FEF799FF07464E
:10510000286810F4003F0BD0FEF792FFC01B642804
:1051100002D90320BDE8F88F286810F4003FF3D1CE
:105120002078C74F10F0020F4FF0000957D0C54844
:10513000016811F00C0F14D0006800F00C00082872
:1051400003D1306810F4800F0BD0E06880B30120E9
:105150003860FEF76DFF8046286810F0020F12D00D
:105160001EE0286810F0020F05D0E068012802D088
:105170000120BDE8F88F2868216920F0F80040EA96
:10518000C10028602BE0FEF753FFA0EB08000228C7
:1051900002D90320BDE8F88F286810F0020FF2D082
:1051A0002868216920F0F80040EAC100286016E074
:1051B000FFE7C7F80090FEF73BFF8046286810F035
:1051C000020F0CD0FEF734FFA0EB0800022802D932
:1051D0000320BDE8F88F286810F0020FF2D1207884
:1051E00010F0080F35D09848DFF860A26169C1B1AE
:1051F00001210160FEF71CFF8046DAF8000010F084
:10520000020F26D1FEF714FFA0EB0800022802D9F6
:105210000320BDE8F88FDAF8000010F0020FF1D09B
:1052200017E0C0F80090FEF703FF8046DAF80000B0
:1052300010F0020F0DD0FEF7FBFEA0EB08000228D5
:1052400002D90320BDE8F88FDAF8000010F0020F51
:10525000F1D1207810F0040F71D04FF000087C4895
:10526000006810F0805F0AD17948016841F08051F0
:105270000160006800F0805000904FF00108DFF8F6
:10528000D4B1DBF8000010F4807F1BD1DBF8000004
:1052900040F48070CBF80000FEF7CAFE8246DBF8CF
:1052A000000010F4807F0DD1FEF7C2FEA0EB0A00D3
:1052B000022802D90320BDE8F88FDBF8000010F4C3
:1052C000807FF1D0A068DFF890B1012818D00528C0
:1052D0001DD0DBF8000020F00100CBF80000DBF867
:1052E000000020F00400CBF80000A06840B3FEF7F7
:1052F0009FFE8246DBF8000010F0020F14D03EE063
:10530000DBF8000040F00100CBF80000EDE7DBF82F
:10531000000040F00400CBF80000DBF8000040F093
:105320000100CBF80000E0E7FEF782FEA0EB0A01E7
:1053300041F28830814204D90320BDE8F88F26E08D
:1053400005E0DBF8000010F0020FEDD017E0FEF7EB
:105350006FFE8246DBF8000010F0020F0FD0FEF760
:1053600067FEA0EB0A0141F28830814202D9032096
:10537000BDE8F88FDBF8000010F0020FEFD1B8F1B4
:10538000010F04D13248016821F080510160A06909
:10539000F0B32C4909684FF0FF3801F00C010829DF
:1053A00066D0022810D0C7F86090FEF741FE044690
:1053B000286810F0007F2BD0FEF73AFE001B022871
:1053C00051D90320BDE8F88FC7F86090FEF730FE92
:1053D0008146286810F0007F0CD0FEF729FEA0EB74
:1053E0000900022802D90320BDE8F88F286810F0D0
:1053F000007FF2D1216AE069A26A0843616A08EB82
:105400005202890141EA0241084394F82C1000E05D
:1054100055E040EA0160306001203866FEF708FE82
:105420000446286810F0007F49D1FEF701FE001BFA
:10543000022813D90320BDE8F88F00000438024089
:105440000000474208380240800E4742743802404C
:10545000403802400070004070380240286810F068
:10546000007FE2D02BE0286810F0007FA4D126E076
:10547000012822D03068E26900F4800191421AD1FB
:10548000226A00F03F01914215D147F6C071626A6D
:105490000140B1EB821F0ED1A26A00F4403108EB4B
:1054A0005202B1EB024F06D194F82C1000F070605C
:1054B000B0EB016F03D00120BDE70120BBE7002066
:1054C000B9E770B50446002C03D06079002510B10F
:1054D00005E0012070BD2571204600F00DF8022086
:1054E00060712068016841F0040101600120607171
:1054F000A560002070BD000008B50A4A016891420D
:105500000FD100BF002100910749096841F0400117
:10551000054A11601146096801F04001009100BF81
:1055200000BF08BD000806503438024010B50446DC
:10553000002C02D0607F10B106E0012010BD0020D9
:105540002077204600F042F8022060772068C1688A
:1055500011F0100F05D000200028EFD10121617754
:1055600010BDCA214162216853204862204603F0E1
:1055700079FFD8B92068816821F0400121F4E00169
:1055800081602068816862686369114322691A43F7
:10559000114381602168E0680861206801692289FF
:1055A00041EA02410161204603F080FF48B92168C9
:1055B0000A6C22F480220A6421680A6CA3691A43E7
:1055C0000A642268FF215162C6E700001FB5044645
:1055D00000200090019002900390094920688842C1
:1055E0000CD102200090074803906846FFF74EFB5D
:1055F00008B1FDF761FB0120034908601FBD0000F1
:105600000028004000031E003C0E474270B50446CF
:105610000C482168C860FEF70BFD05462068C0688D
:1056200010F0200F0CD1FEF703FD401BB0F57A7F80
:1056300001D9032070BD2068C06810F0200FF2D09F
:10564000002070BD5F7F010070B50446002C09D0BA
:10565000606A002540B125616561A56294F851003A
:1056600040B10CE0012070BD6068B0F5827FF4D0DD
:10567000E561F2E784F85050204600F045F802203A
:1056800084F851002068016821F040010160A08881
:10569000218900F4827001F404410843A18901F4D6
:1056A00000610843217C01F002010843217D01F0E3
:1056B00001010843218B01F400710843217F01F0AF
:1056C0003801084394F8201001F080010843218D2F
:1056D00001F40051084321680860A169042000EA30
:1056E000114094F8241001F010010143206841603A
:1056F0002068C16921F40061C1616565012084F8F9
:105700005100002070BD000010B586B00446142181
:1057100001A8FBF7E1FC6649206888427ED100BF02
:10572000002000906348006840F4805061490860A0
:105730000846006800F48050009000BF00BF00BF22
:10574000002000905B481438006840F0020059497E
:10575000143908600846006800F00200009000BF9D
:1057600000BF00BF002000900846006840F0010024
:1057700008600846006800F00100009000BF00BF0C
:105780001820019002200290012003900320049031
:105790000520059001A94848FEF72CFB80200190C8
:1057A0000220029001200390032004900520059020
:1057B00001A94248FEF71EFB4148424908604FF0EC
:1057C000C060486000213F488160C1604FF4806143
:1057D0000161002141618161C1614FF44031016289
:1057E00000214162FEF76EFA08B1FDF765FA00BFCD
:1057F0003448E064846300BF31481830324908609F
:105800004FF0C060486040212F4881600021C16096
:105810004FF4806101610021416100E010E081618D
:10582000C1614FF40031016200214162FEF74AFA82
:1058300008B1FDF741FA00BF2348A064846335E056
:1058400022492068884231D100BF002000901948C9
:10585000001F006840F480401649091F0860084690
:10586000006800F48040009000BF00BF00BF00202F
:10587000009010481438006840F480700D491439C5
:1058800008600846006800F48070009000BF00BF08
:105890000E2001900220029000200390032004902B
:1058A0000520059001A90A48FEF7A4FA06B010BD2C
:1058B0000030014044380240000402400000024031
:1058C00040640240100E0020700E0020003800409E
:1058D000002002402DE9F84F04460A9E8A4693466E
:1058E0001F460125FEF7A4FB804694F8510061682D
:1058F000012809D0B1F5827F03D1A16809B9042834
:1059000002D00220BDE8F88FBAF1000F28D0BBF119
:10591000000F25D0380023D094F85000012822D061
:10592000012084F8500094F85100042802D005208A
:1059300084F851004FF00009C4F85490C4F838B00E
:10594000E787A787C4F830A0E786A786C4F8409009
:10595000C4F844902068016811F0400F06D009E0B7
:105960000120BDE8F88F0220BDE8F88F016841F002
:1059700040010160E068B0F5006F05D06068002864
:105980004DD0012F4BD083E0606808B1012F3FD18B
:10599000206B21680088C860206B801C2063E08E2B
:1059A000401EE08634E02068816811F0020F0DD0BF
:1059B000E18E59B1012D09D1216B0988C160206B9D
:1059C000801C2063E08E401EE086002520688168F0
:1059D00011F0010F0BD0E18F49B1C068A16B0880B5
:1059E000A06B801CA063E08F401EE0870125FEF7BE
:1059F0001FFBA0EB0800B0420AD3B6F1FF3F07D06F
:105A0000012084F8510084F850900320BDE8F88FFD
:105A1000E08E0028C7D1E08F0028C4D13EE0206B83
:105A2000216800780873206B401C2063E08E401EC4
:105A3000E0862DE02068816811F0020F0DD0E18E24
:105A400059B1012D09D1216B09780173206B401CDC
:105A50002063E08E401EE08600252068816811F0FA
:105A6000010F0BD0E18F49B1C068A16B0870A06B2A
:105A7000401CA063E08F401EE0870125FEF7D8FAA6
:105A8000A0EB0800B04202D3B6F1FF3F13D196B1AC
:105A9000E08E0028CED1E08F0028CBD1424631469F
:105AA000204603F0B1FD70B12020606584F850906D
:105AB0000120BDE8F88F012084F8510084F850904F
:105AC0000320BDE8F88FA06818B92068C168806815
:105AD0000090012084F8510084F85090606D10B15E
:105AE0000120BDE8F88F0020BDE8F88F401EB0F11E
:105AF000807F01D3012070474FF0E0214861044AC4
:105B0000F020107000208861072008610020704795
:105B100023ED00E090F83C20012A2CD0012280F8EF
:105B20003C20CA680023D1F808C022F4407242EA3F
:105B30000C02D1F804C022F4806242EA0C02D1F8CF
:105B400000C022F4006242EA0C02D1F810C022F434
:105B5000805242EA0C02D1F814C022F4005242EA08
:105B60000C02C96922F4804211430268516480F832
:105B70003C30002070470220704730B490F83C2041
:105B8000012A44D0012480F83C40022280F83D20C4
:105B90000268D2F804C093682CF0700C0D6845EAD6
:105BA0000C0CC2F804C00268A2F1804CBCF5803C29
:105BB00020D0B2F1804F1DD0A2F1804CBCF5806C9A
:105BC00018D0A2F1804CBCF5006C13D0A2F1804C2F
:105BD000BCF5406C0ED0A2F1804CBCF5823C09D0E3
:105BE000A2F1804CBCF5A03C04D0A2F1804CBCF5E5
:105BF000C05C04D123F0800349681943916080F8A8
:105C00003D40002180F83C1030BC0020704730BC83
:105C10000220704710B50446002C03D094F83D00D4
:105C200010B107E0012010BD002084F83C002046A0
:105C300000F01EF8022084F83D00211D206803F0CA
:105C400027FE012084F8460084F83E0084F83F00D7
:105C500084F8400084F8410084F8420084F843004E
:105C600084F8440084F8450084F83D00002010BD0D
:105C700008B53F4A016891420FD100BF0021009151
:105C80003C49096841F001013A4A1160114609682E
:105C900001F00101009100BF69E0374A01689142BB
:105CA00011D100BF002100913249091F096841F05C
:105CB0000201304A121F11601146096801F0020109
:105CC000009100BF53E02D4A0168914211D100BFFD
:105CD000002100912749091F096841F00401254A64
:105CE000121F11601146096801F00401009100BF04
:105CF0003DE0234A0168914211D100BF002100918B
:105D00001C49091F096841F008011A4A121F116055
:105D10001146096801F00801009100BF27E0194A07
:105D2000016891420FD100BF00210091114909681B
:105D300041F002010F4A11601146096801F00201A9
:105D4000009100BF13E0104A016891420FD100BFDB
:105D5000002100910749096841F40031054A1160AA
:105D60001146096801F40031009100BF00BF08BD71
:105D70000000014044380240000400400008004098
:105D8000000C0040000401400044014090F83D1028
:105D9000012901D001207047022180F83D100068E0
:105DA000A0F18041B1F5803126D0B0F1804F23D0F1
:105DB000A0F18041B1F580611ED0A0F18041B1F524
:105DC000006119D0A0F18041B1F5406114D0A0F17B
:105DD0008041B1F582310FD0A0F18041B1F5A03101
:105DE0000AD0A0F18041B1F5C05105D0016841F061
:105DF0000101016000207047816801F00701062958
:105E0000F8D0016841F001010160F3E770B5044684
:105E1000002594F83C00012818D0012684F83C6045
:105E2000022084F83D002068826822F0770222F484
:105E30007F4282600868502839D00EDC202854D078
:105E400006DC002851D0102811D14EE0022070BD90
:105E500030284AD040280AD13DE0602831D070284F
:105E60000DD0B0F5805F03D0B0F5005F13D00125F1
:105E700084F83D60002084F83C00284670BDCB6863
:105E80004A688968206803F07CFD2068816841F0D9
:105E900077018160ECE7CB684A688968206803F085
:105EA00070FD2068816841F480418160E0E7CA6844
:105EB0004968206803F054FE5021206803F06CFD0F
:105EC000D6E7CA684968206803F05DFE6021206853
:105ED00003F062FDCCE7CA684968206803F040FE21
:105EE0004021206803F058FDC2E7226801461046B1
:105EF00003F052FDBCE7000010B586B00446142143
:105F000001A8FBF7E9F86A49206888421FD100BF61
:105F1000002000906748006840F010006549086064
:105F20000846006800F01000009000BF00BF4FF46A
:105F3000D44001900220029001200390022004909E
:105F40000120059001A95C48FDF754FFADE05B49D5
:105F50002068884224D100BF002000905548006886
:105F600040F00400534908600846006800F004004F
:105F7000009000BF00BF8815019002200290012010
:105F8000039002200490059001A94D48FDF732FFCF
:105F90004C48FFF7FBFE08214A4800F043F984E033
:105FA00049492068884225D100BF0020009041481F
:105FB000006840F008003F4908600846006800F0AB
:105FC0000800009000BF00BF4FF480400190022005
:105FD00002900120039002200490059001A93B4803
:105FE000FDF708FF3A48FFF7D1FE0821384800F0D6
:105FF00019F95AE03749206888422DD100BF0020A6
:1060000000902C48006840F080002A49086008464B
:10601000006800F08000009000BF00BF4FF4E05027
:10602000019002200290012003900220049005902C
:1060300001A92948FDF7DEFE2848FFF7A7FE002149
:10604000264800F0EFF80421244800F0EBF808217E
:10605000224800F0E7F828E021492068884224D14E
:1060600000BF002000901348006840F02000114954
:1060700008600846006800F02000009000BF00BFE4
:106080004020019002200290012003900220049001
:106090000320059001A91348FDF7ACFE1248FFF755
:1060A00075FE0021104800F0BDF806B010BD0000DC
:1060B000000001403038024000100240000400405F
:1060C00000080240180F002000080040000C0240A9
:1060D000600F0020000C0040001C0240A80F0020B0
:1060E00000440140001402403810002070B50446FE
:1060F0000D46002694F83C0001280FD0012084F8BA
:106100003C006AB1042A1FD0082A32D00C2A44D09D
:106110000126002084F83C00304670BD022070BD8E
:106120002946206803F040FC2068816941F008019D
:1061300081612068816921F00401816120688169A1
:106140002A6911438161E4E72946206803F064FC71
:106150002068816941F4006181612068816921F4CE
:1061600080618161206881692A6941EA0221816137
:10617000CFE72946206803F08BFC2068C16941F015
:106180000801C1612068C16921F00401C161206872
:10619000C1692A691143C161BBE72946206803F040
:1061A000B3FC2068C16941F40061C1612068C16924
:1061B00021F48061C1612068C1692A6941EA022134
:1061C000C161A6E710B50446002C03D094F83D0049
:1061D00010B107E0012010BD002084F83C002046EB
:1061E00000F01EF8022084F83D00211D206803F015
:1061F0004FFB012084F8460084F83E0084F83F00FD
:1062000084F8400084F8410084F8420084F8430098
:1062100084F8440084F8450084F83D00002010BD57
:106220007047000010B50446002909D004290AD09F
:1062300008290BD094F8410001280AD0012010BD94
:1062400094F83E00F8E794F83F00F5E794F8400032
:10625000F2E70220D9B3042947D0082948D084F8AE
:1062600041000122206803F07DFB234A2068234976
:10627000904201D0884203D1436C43F4004343640D
:106280002068904224D0B0F1804F21D0A0F180420C
:10629000B2F580621CD0A0F18042B2F5006217D046
:1062A000A0F18042B2F5406212D0884210D0A0F135
:1062B0008041B1F5A0310BD0A0F18041B1F5C051C2
:1062C00006D0016841F001010160002010BD09E025
:1062D000816801F007010629F7D0016841F001014A
:1062E0000160F2E784F83E00BBE784F83F00B8E7BE
:1062F00084F84000B5E700000000014000040140C0
:1063000070477047F8B5044622681068D168536931
:1063100000F00F0CBCF1000F0AD110F0200F07D0D5
:1063200011F0200F04D02046BDE8F84003F07ABCFD
:106330000025BCF1000F75D003F0010C01F490763C
:106340005CEA06066ED010F0010F06D011F4807FD3
:1063500003D0626C42F00102626410F0040F06D0B8
:1063600013F0010F03D0626C42F00202626410F07D
:10637000020F06D013F0010F03D0626C42F004024A
:10638000626410F0080F08D001F0200252EA0C02FB
:1063900003D0626C42F008026264626C002A35D05D
:1063A00010F0200F05D011F0200F02D0204603F08E
:1063B00039FC20684069C0F38010616C11F0080F4F
:1063C00000D148B3204603F0F9FB2068406910F083
:1063D000400F1CD02068143050E8001F21F040010D
:1063E00040E80012002AF5D1E06B60B16449016514
:1063F000E06BFDF75EFB002808D0E06B016D01B09B
:10640000BDE8F04008472046FFF77BFFF8BD204677
:10641000FFF777FFF8BD05E0FFE72046FFF771FFC4
:106420006564F8BD236B012B7ED110F0100F7BD07B
:1064300011F0100F78D010685068009050694FF03C
:10644000200310F0400F4FF0020650D0E26B1068AE
:10645000406880B2F0B3A18D81423CD9E085D0691B
:10646000B0F5807F2DD020680C3050E8001F21F45B
:10647000807140E80012002AF5D12068143050E8FD
:10648000001F21F0010140E80012002AF5D1206828
:10649000143050E8001F21F0400140E80012002AAB
:1064A000F5D184F84230256320680C3050E8001F95
:1064B00021F0100140E80012002AF5D1E06BFDF751
:1064C000A7FA6663A08DE18D401A81B22046FFF7DE
:1064D00017FFF8BDFFE7A18D8142FAD1D069B0F571
:1064E000807FF6D166632046FFF70AFFF8BDA08DD6
:1064F000E18D401A81B2E08D0028F7D00029F5D057
:1065000020680C3050E8002F22F4907240E8002CF4
:10651000BCF1000FF4D12068143050E8002F22F0B5
:10652000010240E8002C00E014E0BCF1000FF2D1C1
:1065300084F84230256320680C3050E8002F22F0A8
:10654000100240E80023002BF5D166632046FFF7D8
:10655000D7FEF8BD10F0800F07D011F0800F04D0E7
:106560002046BDE8F84003F041BC10F0400FF0D0E9
:1065700011F0400FEDD02046BDE8F84003F045BBD8
:10658000AF9B000870B50446002C04D094F841007D
:10659000002510B106E0012070BD84F8405020466F
:1065A00000F024F8242084F841002068C16821F418
:1065B0000051C160204603F09BFB2068016921F473
:1065C000904101612068416921F02A014161206800
:1065D000C16841F40051C1606564202084F8410025
:1065E00084F842006563002070BD000010B586B0DD
:1065F0000446142101A8FAF76FFDAD4920688842CE
:1066000074D100BF00200090AA48006840F010003C
:10661000A84908600846006800F01000009000BF1C
:1066200000BF00BF00200090A2481438006840F06E
:106630000200A049143908600846006800F0020012
:10664000009000BF00BF00BF002000900846006817
:1066500040F0010008600846006800F0010000906A
:1066600000BF00BF80200190022002900020039014
:10667000032004900720059001A98F48FDF7BAFB7D
:106680004FF400700190022002900020039003203C
:1066900004900720059001A98848FDF7ABFB8848C6
:1066A000884908604FF0006048600021854881609B
:1066B000C1604FF480610161002141618161C1616C
:1066C00001624162FDF7FEFA08B1FCF7F5FA00BF7E
:1066D0007C48E063846300BF002205212520FDF78C
:1066E000F9FE2520FDF7E8FEDFE0FFE776492068A8
:1066F00088425BD100BF002000906E48001F0068F8
:1067000040F480206B49091F08600846006800F4C7
:106710008020009000BF00BF00BF002000906548AF
:106720001438006840F004006249143908600846D3
:10673000006800F00400009000BF00BF4FF440600C
:106740000190022002900020039003200490072073
:10675000059001A95D48FDF74DFB5D485D49086066
:106760004FF00060486000215A488160C1604FF4DA
:1067700080610161002141618161C1614FF400319B
:10678000016200214162FDF79DFA08B1FCF794FA1D
:1067900000BF5048E063846300BF0022042127202B
:1067A000FDF798FE2720FDF787FE7EE04A49206826
:1067B00088427AD100BF002000903E48006840F037
:1067C00020003C4908600846006800F02000009066
:1067D00000BF00BF00BF002000903648143800689A
:1067E00040F040003349143908600846006800F062
:1067F0004000009000BF00BF4FF484400190022091
:10680000029000200390032004900820059001A925
:106810003248FDF7EFFA2A486038314908608005B0
:10682000486000212E488160C1604FF480610161A1
:10683000002141618161C1614FF400310162002199
:106840004162FDF73FFA08B1FCF736FA00BF244871
:10685000E063846300BF1A481830224908604FF093
:106860002060486040211F4881600021C1604FF4D2
:1068700080610161002141618161C1614FF480311A
:10688000016200214162FDF71DFA08B1FCF714FA1C
:1068900000BF1448A063846300BF00220521472085
:1068A000FDF718FE4720FDF707FE06B010BD0000FB
:1068B0000010014044380240000402400000024041
:1068C000886402405811002000480040000802403F
:1068D00028600240B8110020001401400018024056
:1068E00018120020781200207047704770B50446D7
:1068F00000202074A37B484D2D8803FB05F26168BE
:10690000D4F8F400FAF78CFBA27B434B1B8802FB04
:1069100003F16068FAF7E0FBA27B3F4B1B885A4308
:10692000A37B02FB03F1D4F81801FAF7D5FB227B15
:10693000394B1B885A43A37B02FB03F1D4F80C01AB
:10694000FAF7CAFB002031E0D4F8F41001EB800123
:1069500091ED000AB5EEC00AF1EE10FA24D0D4F899
:10696000F41001EB800191ED000A227CD4F8F410C0
:1069700001EB820181ED000A227C616A8854A169E1
:1069800001EB800191ED000A6169095C227B237CA7
:1069900012FB0311491ED4F80C2102EB810181ED99
:1069A000000A217C491C2174411CC8B2A17B814290
:1069B000CADC002011E0626A125CE16901EB82012D
:1069C00091ED000A227C00FB0202D4F8181101EBC1
:1069D000820181ED000A411CC8B2217C8142EADCBF
:1069E000207CA4F87800217B7A200153207BA4F836
:1069F0008000217C82200153207CA4F89000217C1F
:106A000092200153207BA4F89800217C9A20015306
:106A1000207CA4F8480070BD5803002000BFFEE7AA
:106A200010B5044654F8EC0F90ED000A834880ED51
:106A3000000A206890ED010A814880ED000A206874
:106A400090ED020A7F4880ED000A54F8EC0990EDC1
:106A5000030A7D4880ED000A7848D0ED000A60EE18
:106A6000A00A774890ED001AD0ED001A41EE210AF5
:106A7000744890ED001AD0ED001A41EE210A7248D8
:106A800090ED001AD0ED001A41EE210AB0EE600A36
:106A900006F02EFC6D4880ED000A002012E0D4F8CC
:106AA000EC1001EB800191ED000A6849D1ED000A7C
:106AB00020EE200AD4F8EC1001EB800181ED000AF1
:106AC000411CC8B20428EADB614890ED6F0A5C48BB
:106AD000D0ED000A20EE200AF0EE000A80EE201A27
:106AE000F834A06880ED041A594890ED6F0A5548B3
:106AF000D0ED000A20EE200AF0EE000A80EE201A07
:106B0000A06880ED051A524890ED6F0A4B48D0ED11
:106B1000000AF1EE600A20EE200AF0EE000A80EE94
:106B2000201AA06880ED0A1A494890ED6F0A46487D
:106B3000D0ED000A20EE200AF0EE000A80EE201AC6
:106B4000A06880ED0B1A424890ED6F0A3E48D0EDE8
:106B5000000AF1EE600A20EE200AF0EE000A80EE54
:106B6000201AA06880ED101A394890ED6F0A33485A
:106B7000D0ED000AF1EE600A20EE200AF0EE000AE5
:106B800080EE201AA06880ED111A314890ED6F0A4E
:106B90002C48D0ED000A20EE200AF0EE000A80EE2C
:106BA000201AA06880ED161A294890ED6F0A244833
:106BB000D0ED000AF1EE600A20EE200AF0EE000AA5
:106BC00080EE201AA06880ED171A206890ED1C0A4C
:106BD0001F48D0ED740A80EE201A206880ED1C1A40
:106BE000206890ED230A1A48D0ED740A80EE201A2E
:106BF000206880ED231A54F8F80990ED1C0ADFEDA7
:106C0000150AB4EEE00AF1EE10FA05DD9FED110A67
:106C1000D4F8F80080ED1C0AD4F8F80090ED230AAF
:106C2000DFED0C0AB4EEE00AF1EE10FA05DD9FED9F
:106C3000090AD4F8F80080ED230A10BD14040020DE
:106C4000180400201C04002020040020240400203C
:106C5000602F002000401C4610B52DED068BF0EE95
:106C6000408AB0EE60AAB0EE419AB0EE618AF0EED2
:106C7000429A01203A4908700846C0ED6C8A80EDBE
:106C80006DAA80ED6E9A9FED370A80ED730A0020A1
:106C900081F838010A46C2F84001C2F844010021D7
:106CA000C2F84811C2F84C11B7EE000AB4EEC08A1F
:106CB000F1EE10FA03DDB7EE000AB0EE408A284884
:106CC00080ED748AC0ED649A032300220621001D22
:106CD00000F09EFD244B01221146A3F10800F9F7B4
:106CE00045FCB7EE000A1E48D0F8EC0080ED000A23
:106CF0009FED1E0A1A48D0F8EC0080ED010A9FEDC6
:106D00001B0A1748D0F8EC0080ED020A9FED170A25
:106D10001348D0F8EC0080ED030A15491048C0F87C
:106D2000D0101449C0F8D4101349C0F8D810134932
:106D3000C0F8DC10012180F82E1080F82F100146D9
:106D40009022D1F804010E49FAF76AF90449902219
:106D5000D1F8FC000B49FAF763F9BDEC068B10BDC6
:106D6000602F002077CC2B3228310020000000005B
:106D7000896D0008216A0008BD6D0008E56E0008F5
:106D8000C81A01087403002010B5044654F8F81F0F
:106D900090220748FAF744F948220648616AFAF750
:106DA0003FF96169F83C48220348FAF739F910BD08
:106DB00074030020403100208831002010B50446C3
:106DC00054F8EC0F90ED000AF0EE000A20EE200AD5
:106DD0003F4880ED000A206890ED010AF0EE000ABD
:106DE00020EE200A3B4880ED000A206890ED020A60
:106DF000F0EE000A20EE200A374880ED000A2068F5
:106E000090ED030AF0EE000A20EE200A334880EDF0
:106E1000000A14F8DE2C324B1B885A4314F8E03C6D
:106E200002FB03F1206AFAF757F92B4890ED000AAC
:106E3000B1EE400A206A80ED000A284890ED000A71
:106E4000206A80ED010A224890ED000AB1EE400A66
:106E5000206A80ED020A1F4890ED000A206A80ED4A
:106E6000030A1C4890ED000A206A80ED060A1848C3
:106E700090ED000A206A80ED070A184890ED000A9C
:106E8000206A80ED080A144890ED000A206A80ED1F
:106E9000090A0F4890ED000A206A80ED0C0A0D489F
:106EA00090ED000AB1EE400A206A80ED0D0A0A4812
:106EB00090ED000AB1EE400A206A80ED0E0A074804
:106EC00090ED000A206AEC3C80ED0F0A10BD000036
:106ED000280400202C04002030040020340400206A
:106EE0005803002070B52DED028B044604F180019B
:106EF00004F17800F9F7F8FE84F8C800B4F87800D7
:106F0000A4F8A8005A20015BAA20015304F1A802AA
:106F100004F1580104F17800F9F7C4FD84F8C800C1
:106F2000B4F8A800A4F8B0008220015BB22001539D
:106F300004F1B00204F1800104F1A800F9F7B2FDF8
:106F400084F8C800B4F89000A4F8A0009220015B77
:106F5000A220015304F1A00204F1900104F1B00059
:106F6000F9F780FA84F8C80004F1B00104F1A00038
:106F7000F9F700FBAC342077206C90ED000AFE4856
:106F800080ED000A206C90ED010AFC4880ED000ABB
:106F9000206C90ED020AFA4880ED000A206C90ED1A
:106FA000030AF84880ED000A34F8340CA081AC3CA8
:106FB0000121BA200153F14890ED000AF148D0EDCB
:106FC000000A20EE200AEC48D0ED000AEC4890EDD3
:106FD000001A00EEC10AF0EE000A20EE200AD4F8F2
:106FE0002C0180ED000AE44890ED000AE348D0ED62
:106FF000000A20EE200AE248D0ED000AE14890EDB8
:10700000001A00EE810AF0EE000A20EE200AD4F801
:107010002C0180ED010AD84890ED000A20EE000A0C
:10702000D648D0ED000A90ED001A00EEC10AD4480F
:10703000D0ED000A90ED001A00EEC10AD148D0ED63
:10704000000A90ED001A00EE810AD4F82C0180EDC0
:10705000020A002512E0D4F82C0100EB850090ED27
:10706000000AB0EEC00AB0EE408A04F063F8C648E9
:1070700000EB850080ED000A681CC5B2032DEADB39
:10708000B4F84800A4F8C0000121C220015304F163
:10709000C00204F1B80104F14800F9F7A1FD84F839
:1070A000C800B4F8C000A4F8A8000121AA20015328
:1070B00004F1A80204F1C00104F1B000F9F7F2FCF8
:1070C000B8342074012020802189B83CBA200153B3
:1070D00004F1B80104F1C000F9F706FE84F8C80015
:1070E000A94A3C3204F1A80104F1B800F9F7DAFC2E
:1070F00084F8C800A54890ED720AD0ED730AB6EE88
:10710000001A60EE810AB4EEE00AF1EE10FA03D242
:1071100001209E4981F838019C4890ED720AD0ED1B
:10712000730AB4EEE00AF1EE10FA46DD90F8380189
:10713000002842D0954890F8390168B19348D0F8BA
:107140004011D0F84401491C40F100008F4AC2F8B8
:107150004011C2F8440105E000208C4AC2F8400109
:10716000C2F844018948D0F84031D0F844210020C9
:10717000D3F13201904106D20020844981F83801D0
:1071800084F82C004AE0237B814D2D8803FB05F217
:10719000D4E93A01F9F744FF237B7D4D2D886B43F9
:1071A000257B03FB05F2D4E93E01F9F739FF012005
:1071B00084F82C00BDEC028B70BD744890ED720A0F
:1071C000D0ED730A9FED731A60EE810AB4EEE00A07
:1071D000F1EE10FA14DD90F8380188B16B4890EDAB
:1071E000730AD0ED720A30EE600AD0ED730A9FED9B
:1071F0006A1A60EE810A80EE201A80ED671A04E0B8
:10720000B7EE000A614880ED670A00215F4AC2F8C4
:107210004011C2F84411002084F82C00B4F8580042
:10722000A4F8A8008220015BAA20015304F1A8025F
:1072300004F1800104F15800F9F734FC84F8C80027
:1072400004F1980204F1B00104F1A800F9F72AFC56
:1072500084F8C800002012E0D4F81C1101EB800172
:1072600091ED000A4949D1ED670A20EE200AD4F8D1
:107270001C1101EB800181ED000A411CC8B2B4F879
:1072800098109A22125B51438142E5DC042025E0EC
:1072900000211FE0021F3C4B03EB8202D2ED000AEB
:1072A0009FED3E1A80EE810A00EB40030B44D4F8B8
:1072B0001C2102EB8302D2ED000A20EE200A00EB33
:1072C00040030B44D4F81C2102EB830282ED000A38
:1072D0004A1CD1B20329DDDB411CC8B20628D7DB2A
:1072E000B4F89800A4F8B8000121BA20015304F1C1
:1072F000B80204F1C00104F19800F9F7D3FB84F857
:10730000C800224890F83801A0B3042058E0BC21FE
:10731000095901EB800191ED000A1C49D1ED6F0A7A
:107320009FED1F1A60EE810AB4EEE00AF1EE10FA4A
:107330000BDD91ED6F0ADFED1A0A20EE200ABC2169
:10734000095901EB800181ED000ABC21095901EBCB
:10735000800191ED000A0D49D1ED6F0A9FED111AE0
:1073600060EE810AB4EEE00AF1EE10FA26D291ED59
:107370006F0A19E026E00000380400203C040020D9
:107380004004002044040020E4300020602F00204E
:1073900058030020CDCCCC3D6666663FDA0FC93F6E
:1073A0000AD7233C0AD723BC5FED020A20EE200A4D
:1073B000BC21095901EB800181ED000A411CC8B2D2
:1073C0000628A4DB9FED080ABC20005980ED030AC3
:1073D00004F1300204F1B80104F13800F9F742F881
:1073E00084F8C80000BFE5E60000000010B5B7EE65
:1073F000000A2B4880ED010AB7EE000A80ED020A70
:10740000B7EE000A80ED030A9FED260A80ED040A1C
:107410009FED240A80ED050A9FED220A80ED060A01
:1074200001201F4908709FED1F2AF7EE001A9FEDFB
:107430001E1ADFED1E0AB2EE040AFFF70DFC002251
:107440001146DFED184A9FED174ADFED163A9FED22
:10745000153ADFED142AB3EE042ADFED151A9FED7D
:10746000111ADFED140A9FED140A144801F0EEFD25
:1074700000211348FEF7D6FE9FED120A124880ED58
:10748000100A9FED0A1ADFED070AB7EE000A0F484F
:1074900005F050FF9FED0E0A0B4880ED100A10BD5D
:1074A000982E0020000000008096184B6F12833A3F
:1074B00000007A44000096430000FA44B42E0020F5
:1074C0003810002096430B3C682D0020FC2D002036
:1074D0004ED1113CFFF78AFF00BF00F001F8FCE736
:1074E00000B587B0BA4AD2E900109268CDE905022A
:1074F0000491B848FBF732FAB74880ED000A90EDE6
:10750000000AB64880ED020A00BFB548F9F7B6FF99
:10751000B34890ED000AB34880ED070AB04890EDFB
:10752000010AB04880ED080AAD4890ED020AAD4866
:1075300080ED090AAA4890ED000AAB4880ED000AE8
:10754000A74890ED010AA84880ED010AA44890EDF3
:10755000020AA54880ED020AA14890ED030AA1485D
:1075600080ED040A9E4890ED040A9E4880ED050ACD
:107570009B4890ED050A9B4880ED060A984890EDDF
:10758000030A9A4880ED000A954890ED040A97484E
:1075900080ED010A924890ED050A944880ED020AB8
:1075A0009148D0ED022A90ED012AD0ED001A8F48C3
:1075B00090ED021AD0ED010A90ED000A874805F01F
:1075C000D5FE864805F006FF844805F0DEFE8348B8
:1075D00001F082FF814890ED0C0A824880ED000A9C
:1075E0007E4890ED0D0A7F4880ED010A7B4890EDC2
:1075F0000E0A7C4880ED020A784890ED0F0A79481F
:1076000080ED030A024601A904A8FBF7A8FA0020AE
:1076100039E074491C3101EB800191ED000A01A9A8
:1076200001EB8001D1ED000A30EE600A6A49D1ED2C
:10763000000A60EE200A6B4991ED100A664991ED4F
:10764000001A30EE011A80EE810A6649283101EBFA
:107650008001D1ED000A634991ED101A60EE810AB4
:1076600091ED101A5C49D1ED001A31EE211AC0EEED
:10767000811A30EE210A5B49283101EB800181ED4E
:10768000000A411CC8B20328C3DB564A02F1340188
:10769000A1F10C00FAF7B8F8524890ED0D0AB0EEDF
:1076A000C00ADFED530AB4EEE00AF1EE10FA03D29D
:1076B0009FED500A80ED0D0A4A4890ED0E0AB0EE9B
:1076C000C00ADFED4B0AB4EEE00AF1EE10FA03D285
:1076D0009FED480A80ED0E0A424890ED0F0AB0EE89
:1076E000C00ADFED450AB4EEE00AF1EE10FA03D26B
:1076F0009FED400A80ED0F0A404890ED000ADFED53
:10770000400AB4EEE00AF1EE10FA51DD01203549ED
:1077100081F89000314890ED1A0A084680ED1D0A64
:107720002E4890ED190A084680ED1C0A2B4890ED72
:107730001B0A084680ED1E0A90ED1E0AD0ED200AB5
:1077400030EE600ADFED2F0AB4EEE00AF1EE10FA37
:1077500008DD90ED210AF7EE000A30EE600A80EDB8
:10776000210A15E01F4890ED1E0AD0ED200A30EEE8
:10777000600ADFED250AB4EEE00AF1EE10FA07D256
:1077800090ED210AF7EE000A30EE200A80ED210A82
:10779000144890ED1E0AD0ED210A9FED1C1A01EE4F
:1077A000200A80ED1F0A90ED1E0A80ED200A08E0F5
:1077B000124890ED000AF7EE000A30EE200A80ED44
:1077C000000A00BF012006F055F907B000BD000017
:1077D000BC1A01086003002064030020FC2D002077
:1077E000142D0020682D00208C2E0020802E0020DB
:1077F0000AD7A33C000000000AD7233D68030020FD
:1078000000803B45DA0F4940DA0F49C0560EC940A7
:107810000FB583B00420FE4908800820FD49088088
:10782000DDE90310087303990598487303990698D6
:10783000887300210398017406980290F9F7DEFA24
:107840000399486106980290039840690190029953
:10785000F9F720FCEE480088069948430290F9F7B2
:10786000CDFA03998861EA48008806994843029056
:107870000398806901900299F9F72EFCE44800888A
:10788000069948430290F9F7B9FA0399C861E048AC
:1078900000880699484302900398C06901900299B4
:1078A000F9F71AFCDA480088049948430290F9F77E
:1078B000A5FA03990862D6480088049948430290C3
:1078C0000398006A01900299F9F706FC0698029065
:1078D000F9F794FA03994862069802900398406A6F
:1078E00001900299F9F7D6FBC948008804994843EA
:1078F0000290F9F783FA03990860C5480088049953
:10790000484302900398006801900299F9F7E4FB5C
:10791000BF480088069948430290F9F76FFA039927
:107920004860BB4800880699484302900398406825
:1079300001900299F9F7D0FBB548008805994843B2
:107940000290F9F75BFA03998860B14800880599BD
:10795000484302900398806801900299F9F7BCFBB4
:10796000AB480088049948430290F9F747FA039915
:10797000C1F8E800A648008804994843029003989B
:10798000D0F8E80001900299F9F7A6FB0398D0F827
:10799000E80002900398007B019001220146DDE996
:1079A00002303030F8F7E2FD9948008804994843E6
:1079B0000290F9F723FA0399C1F8EC009448008883
:1079C0000499484302900398D0F8EC000190029982
:1079D000F9F782FB0398D0F8EC0002900398007B43
:1079E000019001220146DDE902303830F8F7BEFD92
:1079F000059818B386480088059948430290F9F71E
:107A0000FDF90399C1F8F0008148008805994843C1
:107A100002900398D0F8F00001900299F9F75CFB0E
:107A20000398D0F8F00002900398407B0190012267
:107A30000146DDE902304030F8F798FD74480088CF
:107A4000069948430290F9F7D9F90399C1F8F4006F
:107A50006F4800880699484302900398D0F8F400D4
:107A600001900299F9F738FB0398D0F8F4000290DE
:107A70000398807B019001220146DDE90230483005
:107A8000F8F774FD6248008804994843484302901F
:107A9000F9F7B4F90399C1F8F8005D480088049932
:107AA0004843484302900398D0F8F80001900299A7
:107AB000F9F712FB0398D0F8F80002900398007BC6
:107AC00001900398007B00900146DDE902305030C0
:107AD000019AF8F74BFD4E48008804994843484303
:107AE0000290F9F78BF90399C1F8FC004848008827
:107AF00004994843484302900398D0F8FC00019051
:107B00000299F9F7E9FA0398D0F8FC00029003987B
:107B1000007B01900398007B00900146DDE9023074
:107B20005830019AF8F722FD3948008804994843F3
:107B300048430290F9F762F90399C1F8000134480B
:107B400000880499484348430290F9F757F903998C
:107B5000C1F804012E480088049948434843029024
:107B60000398D0F8000101900299F9F7B5FA284876
:107B7000008804994843484302900398D0F80401D0
:107B800001900299F9F7A8FA0398D0F80001029041
:107B90000398007B01900398007B00900146DDE98B
:107BA00002306030019AF8F7E1FC0398D0F8040144
:107BB00002900398007B01900398007B009001469F
:107BC000DDE902306830019AF8F7D0FC059878B307
:107BD0000F48008804994843059948430290F9F7F3
:107BE0000DF90399C1F80801094800880499484330
:107BF0000599484302900398D0F808010190029932
:107C0000F9F76AFA0398D0F808010290039803E0A4
:107C1000580300205A030020407B01900398007B0A
:107C200000900146DDE902307030019AF8F79EFCC1
:107C3000B948008806994843049948430290F9F7E7
:107C4000DDF80399C1F80C01B34800880499484352
:107C5000069948430290F9F7D1F80399C1F8100149
:107C6000AD48008806994843049948430290039818
:107C7000D0F80C0101900299F9F72EFAA648008875
:107C8000049948430699484302900398D0F810019C
:107C900001900299F9F720FA0398D0F80C010290AC
:107CA0000398007B01900398807B00900146DDE9FA
:107CB00002307830019AF8F759FC0398D0F8100197
:107CC00002900398807B01900398007B009001460E
:107CD000DDE902308030019AF8F748FC8E480088D0
:107CE0000499484348430290F9F788F80399C1F88A
:107CF0001401894800880499484348430290039836
:107D0000D0F8140101900299F9F7E6F90398D0F838
:107D1000140102900398007B01900398007B00906F
:107D20000146DDE902308830019AF8F71FFC7A48F5
:107D300000880699484348430290F9F75FF8039991
:107D4000C1F81801744800880699484348430290D6
:107D50000398D0F8180101900299F9F7BDF903983A
:107D6000D0F8180102900398807B01900398807BE3
:107D700000900146DDE902309030019AF8F7F6FBF9
:107D80006548008804994843069948430290F9F7EA
:107D900035F80399C1F81C015F48008804994843ED
:107DA0000699484302900398D0F81C01019002996B
:107DB000F9F792F90398D0F81C0102900398807BA0
:107DC00001900398007B00900146DDE90230983075
:107DD000019AF8F7CBFB0398007B4F490988484389
:107DE0000399097B48430290F9F708F80399C1F811
:107DF00020010398007B4849098848430399097B7F
:107E000048430290F8F7FAFF0399C1F82401039858
:107E1000007B4149098848430399097B4843029004
:107E2000F8F7ECFF0399C1F828010398007B3A4961
:107E3000098848430290F8F7E1FF0399C1F82C0143
:107E40000398007B3449098848430290F8F7D6FF2D
:107E50000399C1F830010398D0F8200102900398EB
:107E6000007B01900398007B00900146DDE9023021
:107E7000A030019AF8F77AFB0398D0F82401029019
:107E80000398007B01900398007B00900146DDE998
:107E90000230A830019AF8F769FB0398D0F828015E
:107EA00002900398007B01900398007B00900146AC
:107EB000DDE90230B030019AF8F758FB0398D0F8AA
:107EC0002C0102900398007B019001220146DDE91C
:107ED0000230B830F8F74AFB0398D0F8300102902E
:107EE0000398007B019001220146DDE90230C03099
:107EF000F8F73CFB0021039880F82810039880F8DD
:107F00002910039880F82A10039880F82B10039802
:107F100080F82C1007B000BD5803002070B504464F
:107F2000E07B18B12046FEF7E1FC11E0A37B0E4D8B
:107F30002D8803FB05F26168D4F8F400F9F770F8B6
:107F4000A27B094B1B8802FB03F16068F9F7C4F8B8
:107F5000637B054D2D8803FB05F2A168D4F8F00082
:107F6000F9F75EF870BD00005803002010B5044614
:107F700094F82C0068BBB4F89800A4F8A8007A2004
:107F8000015BAA200153B4F8A800A4F8B0005A205D
:107F9000015BB220015304F1A80204F1780104F15D
:107FA0009800F8F77FFD84F8C80004F1B00204F1EE
:107FB000580104F1A800F8F775FD84F8C80004F131
:107FC000500204F1B00104F15800F8F709FE84F8FA
:107FD000C80010BD10B5044694F8290068BB04F130
:107FE000680104F16000F8F77FFE84F8C80004F12E
:107FF000580204F1500104F16000F8F753FD84F8D1
:10800000C800B4F85800A4F8A8006A20015BAA20B0
:10801000015304F1A80204F1680104F15800F8F7D3
:1080200041FD84F8C80004F1580204F1880104F10C
:10803000A800F8F717FA84F8C80010BD10B5044678
:1080400094F82A00002861D104F1800104F178003D
:10805000F8F74AFE84F8C800B4F87800A4F8A8003D
:108060005A20015BAA20015304F1A80204F158012F
:1080700004F17800F8F716FD84F8C800B4F8A800F9
:10808000A4F8B0008220015BB220015304F1B002D9
:1080900004F1800104F1A800F8F704FD84F8C80099
:1080A000B4F89000A4F8A0009220015BA220015334
:1080B00004F1A00204F1900104F1B000F8F7D2F944
:1080C00084F8C80004F1B00104F1A000F8F752FAF6
:1080D00084F8C800B4F85800A4F8A8008220015B16
:1080E000AA20015304F1A80204F1800104F1580010
:1080F000F8F7D8FC84F8C80004F1980204F1B00144
:1081000004F1A800F8F7CEFC84F8C80010BD000008
:1081100070B504462046FFF701FFD4F8CC0018B133
:108120002046D4F8CC108847204600F085F8D4F8D3
:10813000D00018B12046D4F8D01088472046FFF769
:1081400049FFD4F8D40018B12046D4F8D410884799
:10815000207C08B9E07BB8B92046FFF76FFFD4F860
:10816000D80018B12046D4F8D8108847204600F02F
:10817000A1F8D4F8DC0018B12046D4F8DC10884708
:108180002046FFF7F3FE13E0237B2A4D2D8803FBE7
:1081900005F2D4E93A01F8F743FF237B254D2D88FA
:1081A0006B43257B03FB05F2D4E93E01F8F738FF6A
:1081B000D4F8E00018B12046D4F8E0108847002039
:1081C00022E0227B00FB0202D4F8F81001EB8201CE
:1081D00091ED000A216A01EB8001D1ED000AB4EEB5
:1081E000E00AF1EE10FA0DD2216A01EB800191ED67
:1081F000000A227B00FB0202D4F8F81001EB820196
:1082000081ED000A411CC8B2217B8142D9DC237B6D
:10821000084D2D8803FB05F2D4F8E8102068F8F724
:10822000FFFED4F8E40018B12046D4F8E4108847E3
:10823000206870BD5803002010B5044694F828004B
:1082400060BB607B00282ADD207BA4F8B8000121F8
:10825000BA20015304F1B80204F1300104F16000C6
:10826000F8F720FC84F8C800207BA4F8C0000121A6
:10827000C220015304F1C00204F1400104F1700076
:10828000F8F710FC84F8C80004F1380204F1C001CA
:1082900004F1B800F8F7E6F884F8C80009E004F142
:1082A000380204F1300104F16000F8F7FBFB84F8B8
:1082B000C80010BD10B5044694F82B00E0BBB4F81C
:1082C0007800A4F8B8000121BA20015304F1B802E3
:1082D00004F1380104F17800F8F7E4FB84F8C800F1
:1082E000B4F84800A4F8C0000121C220015304F1F1
:1082F000C00204F1B80104F14800F8F771FC84F8F9
:10830000C800B4F89800A4F8B8000121BA200153BD
:1083100004F1B80204F1C00104F19800F8F7C2FBBF
:1083200084F8C80004F1300204F1B80104F1380007
:10833000F8F798F884F8C80010BDF0EE400A90ED08
:10834000000A20EE200A20EE200A20EE200A90EDFE
:10835000011A21EE201A01EE200A90ED021A01EE18
:10836000200A90ED031A30EE010A704710B50E484E
:108370000E4908600320486000210C488160C160FC
:108380004FF4102101614FF4001141610021017689
:1083900041768176C17601774177FAF782FF08B19D
:1083A000FAF78AFC10BD000000640040840B002036
:1083B00010B50E480E4908600320486000210C48A3
:1083C0008160C1604FF4102101614FF400114161DF
:1083D0000021017641768176C17601774177FAF7FF
:1083E00060FF08B1FAF768FC10BD000000680040AB
:1083F000AC0B002010B50548054908600846FBF79E
:10840000DBFA08B1FAF758FC10BD0000003002405A
:108410002C00002008B500BF002000902A4800680A
:1084200040F48000284908600846006800F4800095
:10843000009000BF00BF00BF002000900846006809
:1084400040F4001008600846006800F40010009036
:1084500000BF00BF002205210C20FCF73BF80C20D8
:10846000FCF72AF8002205212F20FCF733F82F20F3
:10847000FCF722F8002205213920FCF72BF83920DF
:10848000FCF71AF8002205213A20FCF723F83A20DD
:10849000FCF712F8002205213B20FCF71BF83B20DB
:1084A000FCF70AF8002205214420FCF713F84420C9
:1084B000FCF702F8002205214520FCF70BF84520C7
:1084C000FBF7FAFF08BD00003038024000B5B1B03C
:1084D0001C222A492AA8F8F7A3FD00212AA805F0A2
:1084E000D6FA274908601C2224491C3123A8F8F732
:1084F00097FD002123A805F0CAFA224908601C2232
:108500001E4938311CA8F8F78BFD00211CA805F086
:10851000BEFA1D4908601C221849543115A8F8F705
:108520007FFD002115A805F0B2FA184908601C2249
:10853000124970310EA8F8F773FD00210EA805F05E
:10854000A6FA134908601C220C498C3107A8F8F7D9
:1085500067FD002107A805F09AFA0E4908601C2261
:108560000649A8316846F8F75BFD0021684605F02A
:108570008EFA0949086031B000BD000040190108B9
:1085800014000020180000201C0000202000002003
:1085900024000020100000200800002000B587B053
:1085A000142102A8F8F798FD00BF0020019075483B
:1085B000006840F00200734908600846006800F057
:1085C0000200019000BF00BF00BF002001900846DC
:1085D000006840F0400008600846006800F0400075
:1085E000019000BF00BF00BF002001900846006856
:1085F00040F0010008600846006800F001000190AA
:1086000000BF00BF00BF002001900846006840F096
:10861000080008600846006800F00800019000BFEC
:1086200000BF00BF002001900846006840F0040031
:1086300008600846006800F00400019000BF00BF19
:1086400000BF002001900846006840F48070086078
:108650000846006800F48070019000BF00BF00BFB2
:10866000002001900846006840F02000086008469D
:10867000006800F02000019000BF00BF00BF002094
:1086800001900846006840F08000086008460068D5
:1086900000F08000019000BF00BF00BF00200190EB
:1086A0000846006840F0100008600846006800F0C6
:1086B0001000019000BF00BF012240213248FBF7AB
:1086C000AFFC012210213148FBF7AAFC0122114620
:1086D0002F48FBF7A5FC4020029001200390049056
:1086E000059002A92848FBF785FB092002904FF46A
:1086F000041003900120049002A92348FBF77AFBA1
:10870000102002900120039004900220059002A9FD
:108710001E48FBF76FFB302002904FF404100390CB
:108720000120049002A91B48FBF764FB0120029082
:10873000039004900220059002A91548FBF75AFB0C
:10874000002206210846FBF7C5FE0620FBF7B4FE13
:10875000002205210920FBF7BDFE0920FBF7ACFE36
:10876000002205210A20FBF7B5FE0A20FBF7A4FE34
:10877000002205211720FBF7ADFE1720FBF79CFE1A
:1087800007B000BD3038024000180240000002402F
:10879000000402400008024010B50B480B49086075
:1087A0000B484860002109488160C1604FF4804156
:1087B0000161002141618161C1610162FBF73EFC01
:1087C00008B1FAF779FA10BD00540040D40B00202C
:1087D000801A060010B50B480B4908600B4848602A
:1087E000002109488160C1604FF48041016100218E
:1087F00041618161C1610162FBF720FC08B1FAF7B8
:108800005BFA10BD00580040280C0020801A0600BA
:1088100010B50B480B4908600B4848600021094817
:108820008160C1604FF4804101610021416181613B
:10883000C1610162FBF702FC08B1FAF73DFA10BD15
:10884000005C00407C0C0020801A060010B5054832
:10885000054908600846FCF734FE08B1FAF72CFA1F
:1088600010BD000000080650300D002010B50A4869
:108870000A490860002048607C210848816040F671
:108880007F41C1600021016141618161FCF74EFEC1
:1088900008B1FAF711FA10BD00280040400D002081
:1088A00010B50F480F4908604FF4827048600021EE
:1088B0000C488160C16002210161012141614902CE
:1088C00081611021C16100210162416281620A213E
:1088D000C162FCF7B9FE08B1FAF7EEF910BD00006D
:1088E00000300140600D002010B50E480E490860B0
:1088F0004FF48270486000210B488160C1600161C3
:1089000041614FF4007181610021C16101624162E6
:1089100081620A21C162FCF797FE08B1FAF7CCF92F
:1089200010BD000000380040B80D002000B587B031
:108930001C216846F8F7D0FB1548164908605320FB
:10894000486000211348816040F2CF71C16000216E
:1089500001618161FDF75EF908B1FAF7ADF90D48E3
:10896000FDF730FC08B1FAF7A7F96020009000206D
:10897000019002900490002269460648FDF7B6FB7C
:1089800008B1FAF799F90348FDF7B6FA07B000BD48
:10899000004401403810002000B595B0002011902F
:1089A0001290139014900F9010901C2108A8F8F7C3
:1089B00093FB20216846F8F78FFB3748374908605A
:1089C000A720486000213548816044F61F61C160DE
:1089D0000021016141618161FDF71CF908B1FAF7DD
:1089E0006BF94FF48050119011A92C48FDF70EFA45
:1089F00008B1FAF761F92948FDF7E4FB08B1FAF785
:108A00005BF900200F9010900FA92448FDF7B5F8EE
:108A100008B1FAF751F960200890002009900A90F7
:108A20000B900C900D900E90002208A91B48FDF7AA
:108A30005DFB08B1FAF740F9042208A91748FDF7D1
:108A400055FB08B1FAF738F9082208A91348FDF7D1
:108A50004DFB08B1FAF730F90C2208A90F48FDF7D1
:108A600045FB08B1FAF728F9002000900190029028
:108A7000039004904FF40050059000200790694641
:108A80000648FDF747F808B1FAF716F90348FDF76D
:108A900033FA15B000BD000000000140D00E0020E8
:108AA00000B58DB0002009900A900B900C900790B3
:108AB00008901C216846F8F70FFB20482049086001
:108AC0000020486000211E48816042F2CF01C16051
:108AD000002101618161FDF79DF808B1FAF7ECF81A
:108AE0004FF48050099009A91548FDF78FF908B196
:108AF000FAF7E2F81248FDF765FB08B1FAF7DCF87F
:108B000000200790089007A90D48FDF736F808B136
:108B1000FAF7D2F8602000900020019002900490B3
:108B2000082269460648FDF7E1FA08B1FAF7C4F8E9
:108B30000348FDF7E1F90DB000BD0000000400405E
:108B4000180F002000B58DB0002009900A900B90FE
:108B50000C90079008901C216846F8F7BDFA204851
:108B600020490860A720486000211E4881604FF618
:108B7000FF71C160002101618161FDF74BF808B10F
:108B8000FAF79AF84FF48050099009A91548FDF7B3
:108B90003DF908B1FAF790F81248FDF713FB08B158
:108BA000FAF78AF800200790089007A90D48FCF70B
:108BB000E4FF08B1FAF780F86020009000200190EF
:108BC00002900490082269460648FDF78FFA08B122
:108BD000FAF772F80348FDF78FF90DB000BD0000F9
:108BE00000080040600F002000B58DB00020099003
:108BF0000A900B900C90079008901C216846F8F79B
:108C00006BFA28482849086000204860002126485F
:108C100081604FF6FF71C160002101618161FCF745
:108C2000F9FF08B1FAF748F84FF48050099009A904
:108C30001D48FDF7EBF808B1FAF73EF81A48FDF7C2
:108C4000C1FA08B1FAF738F800200790089007A990
:108C50001548FCF792FF08B1FAF72EF86020009053
:108C60000020019002900490002269460E48FDF712
:108C70003DFA08B1FAF720F8042269460A48FDF7E0
:108C800035FA08B1FAF718F8082269460648FDF7E0
:108C90002DFA08B1FAF710F80348FDF72DF90DB0D9
:108CA00000BD0000000C0040A80F002000B587B0F8
:108CB00000200390049005900690019002901548C2
:108CC00015490860A720486000211348816044F6D8
:108CD0001F61C1600021016141618161FCF79AFF60
:108CE00008B1F9F7E9FF4FF48050039003A90A484F
:108CF000FDF78CF808B1F9F7DFFF00200190029032
:108D000001A90548FCF739FF08B1F9F7D5FF07B00D
:108D100000BD000000040140F00F002010B50B481A
:108D20000B4908604FF4E130486000210848816039
:108D3000C16001610C21416100218161C161FDF7C8
:108D400021FC08B1F9F7B8FF10BD00000010014088
:108D50008010002010B50B480B4908600B48486094
:108D6000002109488160C1604FF4806101610C21DC
:108D7000416100218161C161FDF704FC08B1F9F78F
:108D80009BFF10BD00480040C8100020A0860100D5
:108D900010B50B480B4908604FF4E13048600021E2
:108DA00008488160C16001610C214161002181613D
:108DB000C161FDF7E7FB08B1F9F77EFF10BD0000C8
:108DC000001401401011002010B54FF0A0400B49D5
:108DD00008600420087102210848C17100218171D6
:108DE0000221417200218172C17201738173C173CA
:108DF000FBF77EFE08B1F9F75FFF10BDD812002027
:108E000000BFFEE7704700BF04F03EFDFCE7000036
:108E100070B504460D46A41C24F8025C00202060B6
:108E2000A80005F09BFA6060A80005F097FAA06022
:108E30009FED0C0A10EE100AE0609FED0A0A10EE9A
:108E4000100A2061A9006068F8F746F9A900A06837
:108E5000A41EF8F741F9102104F11A00F8F71AF9E5
:108E600070BD00000000000010B50248FBF78DFB4C
:108E700010BD0000D812002070B504462068056CB3
:108E800000EB4110D0F8081B0C4EB54206D911F486
:108E9000004F03D04FF40041C0F8081B2046FBF7F9
:108EA000F2FEB54208D9A079012805D104F29C420E
:108EB0000121206801F04EFA002070BD0A30544FA5
:108EC0002DE9F04104460D462368196C03EB45106B
:108ED000D0F8082BA77920264FF4004C012F08D09A
:108EE0002F4FB9424BD112F4004F3ED0C0F808CBFF
:108EF00053E02C4B12F0080F07D099424DD912F4D1
:108F0000004F4AD0C0F808CB47E012F0200F02D043
:108F1000C0F8086B41E012F0280F3ED1994205D904
:108F200012F4004F02D0C0F808CB36E005EBC501C3
:108F300004EB810101F51571D0F8100B0A6AC0F33A
:108F40001200101A486125B90A693AB1CA6810447A
:108F5000C860E9B22046FBF706FB1EE004F29C4223
:108F60000121206801F0F6F9F3E712F0200F01D09B
:108F7000C0F8086BE9B22046FBF7F5FA0DE045B9F9
:108F8000D4F8640228B904F29C420021184601F08A
:108F9000E1F9E9B22046FBF7E6FA0020BDE8F081EE
:108FA0000A31544F0A30544F2DE9F84F07460E4608
:108FB000D7F8008006EBC60007EB800000F1140430
:108FC00021696069884202D90120BDE8F88F081A3A
:108FD000A168814200D20846C01C4FEA900A08EB03
:108FE000461915E0151AA268AA4200D21546E81CD7
:108FF0004FEA900AB8790090ABB2F2B24046E1680D
:1090000001F094FBE0682844E060606928446061F6
:10901000D9F8180980B2504505D322696069904299
:1090200001D2002ADED16169206988420AD806F09F
:109030000F00012101FA00F0D8F8341821EA0000ED
:10904000C8F834080020BDE8F88F000070B52DED99
:109050000A8B0446B0EE408AF0EE608AB0EE419A88
:10906000F0EE619AB0EE42AAF0EE62AAB0EE43BA18
:10907000F0EE63BAB0EE44CAF0EE64CA0D4616468E
:1090800019EE100AA06418EE900A606418EE100A37
:1090900020649FED1C0A10EE100A206019EE900A61
:1090A00060601AEE100AA0601AEE900AE0609FED70
:1090B000150A10EE100A20631BEE100A20651BEE45
:1090C000900A60651CEE100AA0651CEE900AE0652F
:1090D000A4F86050294604F16200FFF799FE0020D1
:1090E0008D3444F8010CE6720021E16021618D3C71
:1090F000A12001559FED030A10EE100A6063BDEC3C
:109100000A8B70BD00000000B0EE401A10B99FED50
:10911000790A704790ED100A80ED110A90ED0F0A60
:1091200080ED100AC0ED060A80ED071A30EEC10A84
:1091300080ED0F0A0178002975D190ED010AD0ED7C
:109140000F1A20EE210A80ED090A90ED0A0AD0EDEF
:10915000021A90ED0F2A01EE820A80ED0A0A90EDC4
:109160000D0A80ED0E0A90ED0C0A80ED0D0A90EDCF
:109170000F0AD0ED101A30EE610A80ED0C0A90ED66
:10918000030AD0ED0C1A20EE210A80ED0B0A90EDB7
:109190000A0AD0ED051AB4EEE10AF1EE10FA04DD88
:1091A00090ED050A80ED0A0A10E090ED0A0AD0ED74
:1091B000051AF1EE611AB4EEE10AF1EE10FA05D2E9
:1091C00090ED050AB1EE400A80ED0A0A90ED090A19
:1091D000D0ED0A1A30EE210AD0ED0B1A30EE210A3A
:1091E00080ED080A90ED080AD0ED041AB4EEE10A09
:1091F000F1EE10FA04DD90ED040A80ED080A76E045
:1092000090ED080AD0ED041AF1EE611AB4EEE10A0D
:10921000F1EE10FA6BD290ED040AB1EE400A80ED47
:10922000080A64E0FFE70178012960D190ED0F0A98
:10923000D0ED101A30EE610AD0ED011A20EE210AAD
:1092400080ED090A90ED020AD0ED0F1A20EE210AF6
:1092500080ED0A0A90ED0D0A80ED0E0A90ED0C0AE1
:1092600080ED0D0A90ED0F0AD0ED101AB0EE002A35
:1092700002EE610AD0ED111A30EE210A80ED0C0ADF
:1092800090ED030AD0ED0C1A20EE210A80ED0B0AB6
:1092900090ED090AD0ED0A1A30EE210AD0ED0B1A32
:1092A00030EE210AD0ED081A30EE210A80ED080ACE
:1092B00090ED080AD0ED041AB4EEE10AF1EE10FACE
:1092C00004DD90ED040A80ED080A10E090ED080A34
:1092D000D0ED041AF1EE611AB4EEE10AF1EE10FAE3
:1092E00005D290ED040AB1EE400A80ED080A90ED37
:1092F000080A0EE70000000000B102B970470170D3
:1093000092ED001A80ED011A92ED011A80ED021A19
:1093100092ED021A80ED031A80ED040AC0ED050AF1
:109320009FED0C1A80ED0E1A80ED0D1A80ED0C1ACF
:109330009FED081A80ED081A80ED0B1A80ED0A1ACD
:1093400080ED091A80ED111A80ED101A80ED0F1AC8
:1093500000BFD3E7000000002DE9F04107460C46AE
:1093600015461E46DFED120A9FED120A124A002131
:109370003846FFF7C1FFDFED0E0AB1EE040A0F4ACF
:1093800000212046FFF7B8FFDFED090AB1EE040A1D
:109390000B4A00212846FFF7AFFFDFED050AB7EEC5
:1093A000080A084A00213046FFF7A6FFBDE8F08111
:1093B000000000000000C842F41F0020C40100208B
:1093C000D0010020DC01002010B5234B1B685B6935
:1093D00043F04003204C246863611F4B1B68DB682B
:1093E00043F010031C4C2468E3601C4B1B681B6893
:1093F00023F00103194C2468236007E0174B1B6816
:109400001B6823F00103154C24682360134B1B6871
:109410001B6803F00103002BF0D1114B0F4C2468A3
:10942000A3600E4B1B68D8600C4B1B6819610B4B7B
:109430001B685A60094B1B681B6843F48023074C68
:1094400024682360054B1B681B6843F00103034C31
:109450002468236010BD0000C8100020B81100204F
:10946000044800402DE9F041044600252068C16809
:1094700011F0400F17D1C16841F08001C160FAF7C7
:10948000D7FD0646042707E0FAF7D2FD801BB0F5AA
:109490007A7F01D9677701252068C06810F0400FF6
:1094A00001D1012DF0D12846BDE8F08170B5044608
:1094B00000252068C16821F08001C16020688068B3
:1094C00010F0200F06D12046FCF7A0F810B10420C0
:1094D00060770125284670BDD0ED0D4A64EEA44AA0
:1094E000B0EE640AD0ED0E4A64EEA44AF0EE640ACF
:1094F000D0ED0F4A64EEA44AB0EE641AD0ED0C4AE7
:1095000090ED0D5A64EE854AF0EE641AD0ED0C4AE7
:1095100090ED0E5A64EE854AB0EE642AD0ED0C4A06
:1095200090ED0F5A64EE854AF0EE642AD0ED0D4AB4
:1095300090ED0E5A64EE854AB0EE643AD0ED0D4AD5
:1095400090ED0F5A64EE854AF0EE643AD0ED0E4A83
:1095500090ED0F5A64EE854AB0EE644AF7EE004A89
:10956000B0EE005A45EE604AB0EE005A45EE414A70
:10957000C0ED104A73EE624AB0EE005A64EE854ABE
:10958000C0ED114A73EE824AB0EE005A64EE854A8D
:10959000C0ED124A73EE224AB0EE005A64EE854ADC
:1095A000C0ED134AF7EE004AB0EE005A45EE404ACD
:1095B000B0EE005A45EE414AC0ED144A74EE614ADD
:1095C000B0EE005A64EE854AC0ED154A73EEC24A09
:1095D000B0EE005A64EE854AC0ED164A74EE214A98
:1095E000B0EE005A64EE854AC0ED174AF7EE004A25
:1095F000B0EE005A45EE404AB0EE005A45EE604AE1
:10960000C0ED184A7047000070B582B004460E469F
:1096100015463346012202212046009500F036F817
:1096200030B1606D40F02000606502B0032070BD75
:10963000144815490068B0FBF1F04FF47A714843C3
:1096400001906068B0F5827F0ED133460022802100
:109650002046009500F01AF880B1606D40F02000BF
:10966000606502B0032070BD019838B10198401EBA
:1096700001902068806810F0800FF5D102B00020C2
:1096800070BD00003400002000366E012DE9F84363
:1096900004460F4690469946089DFAF7C9FC401BC0
:1096A000A9EB0005FAF7C4FC06462D480068C0F394
:1096B000CB30684300902068806837EA00001CD0F7
:1096C0000020404516D0B9F1FF3F0BD0FAF7B0FCAF
:1096D000801BA84213D295B1009800283BD0009877
:1096E000401E00902068806837EA000035D00020D6
:1096F0004045E8D10020BDE8F8830120E1E720687B
:10970000416821F0E00141606068B0F5827F0BD1D3
:10971000A068B0F5004F02D0B0F5806F04D120688A
:10972000016821F040010160A06AB0F5005F09D135
:109730002068016821F4005101602068016841F44B
:1097400000510160012084F85100002084F850008D
:109750000320BDE8F8830025C4E70120C8E7000026
:109760003400002010B5FAF739FE06F0A5FA0128FA
:1097700001D005F09DFF10BD00B593B0302107A8C2
:10978000F7F7AAFC142102A8F7F7A6FC00BF0020F7
:1097900001902448006840F0805022490860084643
:1097A000006800F08050019000BF00BF00BF0020A3
:1097B00001901D48006840F480401B49086008463D
:1097C000006800F48040019000BF00BF01200790B6
:1097D0000004089002200D9041050E9106210F9182
:1097E000A8211091022111910721129107A8FBF7DE
:1097F00027FC08B1F9F760FA0F20029002200390CD
:10980000002004904FF4A05005904FF48050069033
:10981000052102A8FBF7F8FA08B1F9F74DFA13B0E1
:1098200000BD00004038024000700040144800684D
:1098300040F47000124908601248006840F00100CE
:109840001049086000200F49083108600D48006881
:109850000D4908400B4908600C48091D0860081FA5
:10986000006820F48020091F0860002005490C31A1
:1098700008604FF0006002498039086070470000BE
:1098800088ED00E000380240FFFFF6FE10300024B3
:10989000F0B40268DFF8B8C02E4C2F4D2F4E304B7D
:1098A00060450AD0B0F1804F07D0A04205D0A84251
:1098B00003D0B04201D0984203D122F070024F6829
:1098C0003A43604528D0B0F1804F25D0A04223D044
:1098D000A84221D0B0421FD098421DD0A0F18044B0
:1098E000B4F5A03418D0A0F18044B4F5A23413D05C
:1098F000A0F18044B4F5A4340ED0A0F18044B4F5B6
:10990000C05409D0A0F18044B4F5E05404D0A0F1D3
:109910008044B4F5005403D122F44072CC68224351
:109920004C6922F0800222438C68C4620C68846215
:10993000604501D0984201D109690163016841F095
:1099400004010160012141610260F0BC7047000028
:10995000000001400004004000080040000C0040EE
:109960000004014001F01F0101238B40D0F820C00A
:109970002CEA03030362036A02FA01F1194301624C
:109980007047D0F808C02CF47F4C42EA0322114300
:1099900041EA0C0181607047826822F07002114335
:1099A00041F007018160704770B4026A036A23F0D6
:1099B000010303624368D0F818C02CF0700C2CF03F
:1099C000030C0C6844EA0C0C22F002028C6822435F
:1099D0000F4C104DA04201D0A84205D122F0080240
:1099E000CE68324322F00402A04201D0A84207D13F
:1099F00023F4807323F400734C6923438C6923435D
:109A00004360C0F818C049684163026270BC704787
:109A1000000001400004014070B4026A036A23F0B0
:109A2000100303624368D0F818C02CF4E04C2CF407
:109A3000407C0C684CEA042C22F020028C6842EA3C
:109A40000412114C114DA04201D0A84206D122F0BF
:109A50008002CE6842EA061222F04002A04201D003
:109A6000A84209D123F4806323F400634C6943EADC
:109A700084038C6943EA84034360C0F818C04968D2
:109A80008163026270BC7047000001400004014025
:109A900070B4026A036A23F4807303624368D0F8E7
:109AA0001CC02CF0700C2CF0030C0C6844EA0C0C5D
:109AB00022F400728C6842EA0422114C114DA0423B
:109AC00001D0A84206D122F40062CE6842EA062202
:109AD00022F48062A04201D0A84209D123F480532D
:109AE00023F400534C6943EA04138C6943EA0413DA
:109AF0004360C0F81CC04968C163026270BC704713
:109B0000000001400004014010B4036A026A22F41C
:109B1000805202624268D0F81CC02CF4E04C2CF455
:109B2000407C0C684CEA042C23F400538C6843EA14
:109B30000433A0F18044B4F5803404D0A0F1804413
:109B4000B4F5823404D122F480424C6942EA841292
:109B50004260C0F81CC049680164036210BC7047D1
:109B6000036AD0F820C02CF0010CC0F820C0D0F857
:109B700018C02CF0F00C4CEA021223F00A0319432F
:109B8000826101627047036AD0F820C02CF0100C8B
:109B9000C0F820C0D0F818C02CF4704C4CEA023247
:109BA00023F0A00343EA011182610162704710B5FE
:109BB000806B0021C185FCF7A4FB10BD01680C314E
:109BC00051E8002F22F4907241E80023002BF5D1D8
:109BD0000168143151E8002F22F0010241E800230E
:109BE000002BF5D1016B012909D101680C3151E835
:109BF000002F22F0100241E80023002BF5D1202194
:109C000080F8421000210163704710B50168CA68EE
:109C100022F04002CA60202180F84110FCF765FE66
:109C2000002010BD08B590F84210222901D0022072
:109C300008BD8268B2F5805F01D1016929B1816AEE
:109C4000B2F5805F1DD052B10BE0816A02685268A4
:109C5000C2F308020A80816A891C816209E00269F4
:109C60007AB10268526802F07F020A70816A491C68
:109C70008162C18D491E0904090CC18505D00020EF
:109C800008BD026852680A70F0E70168CA6822F0ED
:109C90002002CA600168CA6822F48072CA60016842
:109CA0004A6922F001024A61202180F84210002115
:109CB0004163026B012A03D0FCF716FE002008BDA9
:109CC000016301680C3151E8002F22F0100241E8D5
:109CD0000023002BF5D101680A6812F0100F02D0A2
:109CE0000A6849680091818DFCF70AFBE6E70000ED
:109CF0002DE9F041044620680169E26821F44051F1
:109D0000114301612169A068E26908436169114357
:109D100001432068C26822F4037222F41442114302
:109D2000C16020684169A26921F440711143416119
:109D30002068A0F18041B1F588312ED0A0F180419A
:109D4000B1F58A3129D0FBF723F98446E169002077
:109D50001927254D3226B1F5004F22D06068830FB8
:109D60008200ACFB0701F7F79FF80146A5FB002036
:109D700040097A42424301EB820106EB0111A5FB47
:109D80000121490901F0F00202EB001001F00F017E
:109D9000084421688860BDE8F081FBF709F9844632
:109DA000D4E761684A1840EB0003ACFB0701F7F702
:109DB0007BF80346A5FB0010410918460A016FF025
:109DC0001803594300EB810006EBC000A5FB00100F
:109DD000400900F0F80102EB410100F007000844DF
:109DE00021688860BDE8F0811F85EB5190F8411033
:109DF000212901D0022070478168B1F5805F01D12F
:109E0000016961B1016A4A1C026202680978516005
:109E1000C18C491E0904090CC1840AD013E0016AEF
:109E200002680988C1F308015160016A891C016256
:109E3000EEE70168CA6822F08002CA600068C16863
:109E400041F04001C16000207047000010B5024899
:109E5000FCF758FA10BD00008010002008B54448F7
:109E60000068006800F0200060B100BF0020009092
:109E70003F480068006800903D48006840680090D6
:109E800000BF74E03B48006800F0100000286ED06E
:109E900000BF0020009036480068006800903448F9
:109EA00000684068009000BF00BF33480068006849
:109EB00000F4002070BB30480068006820F001000A
:109EC0002D49096808602C4800684068C0F12400EA
:109ED0002A490880242028490968486026480068E3
:109EE000006840F40020244909680860224800689E
:109EF000006840F001002049096808601F48008898
:109F0000122834D11E491F4804F086FC002002F0BC
:109F1000D9FC2CE018480068006820F001001649C0
:109F200009680860144800684068C0F124001349BB
:109F3000088024201049096848601348806A20F48A
:109F40000020114988620C480068006840F0010058
:109F500009490968086009480088122807D108499A
:109F60000848243004F058FC002002F0ABFC08BD87
:109F7000C810002000480040B81100209E000020BA
:109F80008C190020A21900200060024008B5434847
:109F9000006800F0100000287FD000BF0020009073
:109FA0003F480068006800903D48006840680090A5
:109FB00000BF00BF3A48C06B0068006800F4002092
:109FC000A8BB3748C06B0068006820F00100344926
:109FD000C96B096808603248C06B00684068C0F50A
:109FE0000070304908804FF400702D49C96B096832
:109FF00048602B48C06B0068006840F40020284986
:10A00000C96B096808602648C06B0068006840F0AA
:10A0100001002349C96B0968086022480288224967
:10A02000224802F071FF012002F04CFC35E0FFE70E
:10A030001B48C06B0068006820F001001849C96B1C
:10A04000096808601648C06B00684068C0F5007079
:10A05000144908804FF400701149C96B09684860C1
:10A060000F48C06B0068006820F400200C49C96BE1
:10A07000096808600A48C06B0068006840F0010089
:10A080000749C96B096808600648028808490748FB
:10A0900002F03AFF012002F015FC08BD0014014057
:10A0A00010110020E2020020E8220020E826002013
:10A0B000E8240020D0F800196FF30A01C0F8001955
:10A0C000D0F8041841F48071C0F8041800207047DB
:10A0D0000FB410B504469DF8110001281CD0E068AB
:10A0E00040F04000E060204600F035F89DF8151083
:10A0F00061B3A16B21F48031A1639DF80E10012999
:10A1000007D1A16841F00601A160A16841F02001DA
:10A11000A16010BC5DF814FBA06B20F48030A0633C
:10A12000E06820F0400020F48400E060E06820F463
:10A130004010E0609DF81800012803D1E06840F469
:10A140008010E060204600F006F8D6E7A16B41F4ED
:10A150008031A163D1E781B0002100910099491CB1
:10A1600000910099B1F1706F02D9032001B07047DE
:10A17000016911F0004FF1D00A2100910099491EA8
:10A18000009100990029F9D1016941F001010161B3
:10A190000099491C00910099B1F1706F02D9032018
:10A1A00001B07047016911F0010FF1D1002001B039
:10A1B0007047D0F8001E21F00301C0F8001ED0F84F
:10A1C000041841F00201C0F8041800207047000094
:10A1D0000FB42DE9F043044600250020002604EBCF
:10A1E0008001C1F80461401C0F28F8D39DF82A7043
:10A1F000002F38D0A06B20F40011A163A06B40F4B5
:10A200000021A163C4F8006E9DF8250001283DD00F
:10A210000321204600F008FA1021204600F049F9F9
:10A2200000B10125204600F01FF900B10125C4F856
:10A230001068C4F81468C4F81C6800209DF8202039
:10A240004FF000694FF090484FF67F33002A36D91F
:10A2500004EB4011D1F800C91CF0004F26D010B318
:10A26000C1F8008924E0D4F8040840F00201C4F8E1
:10A270000418A06B40F40011A163A06B20F400212E
:10A28000A163A06B20F48021A163BBE79DF82300AC
:10A2900020B10121204600F0C7F9BDE7002120468A
:10A2A00000F0C2F9B8E7C4F8009901E0C1F800690C
:10A2B000C1F81069C1F80839401C8242C8D8002092
:10A2C000002A16D904EB4011D1F800CB1CF0004F46
:10A2D00006D010B1C1F8008B04E0C4F8009B01E087
:10A2E000C1F8006BC1F8106BC1F8083B401C8242FA
:10A2F000E8D8D4F8100820F48071C4F81018A661CA
:10A300006FF0804060619DF8220018B9A06940F0AC
:10A310001000A061A0690B490843A0619DF82600C8
:10A3200018B1A06940F00800A061012F05D1A06913
:10A3300040F0040040F08040A0612846BDE8F003F2
:10A340005DF814FB00383C80816821F001018160D8
:10A3500000207047036CDFF858C0634506D9D0F879
:10A36000003B13F0004F01D0002070470023C0F8DD
:10A37000103BD0F8103B43F40023C0F8103BD0F85A
:10A38000103B43F01803C0F8103BD0F8103B43F0EB
:10A39000C043C0F8103B012907D1C0F8142BD0F8F6
:10A3A000001B41F08021C0F8001B00207047000016
:10A3B0000A30544F18B40022009294460A784C7820
:10A3C00000EB421342F21072012C1CD0D3F8004B68
:10A3D00014F0004F45D0D3F8004B44F00064C3F8AC
:10A3E000004B0B7800EB4313D3F8004B44F0804450
:10A3F000C3F8004B009B5B1C0093009B934228D941
:10A400004FF0010C2DE0D3F8004914F0004F28D094
:10A41000D3F8004944F00064C3F800490B7800EB1E
:10A420004313D3F8004944F08044C3F80049009B2B
:10A430005B1C0093009B934202D94FF0010C10E08B
:10A440000B7800EB4313D3F8003913F0004FEED133
:10A4500007E00B7800EB4313D3F8003B13F0004FF9
:10A46000C8D118BC6046704781B0002200920099A4
:10A47000491C00910099B1F1706F02D9032001B01D
:10A480007047016911F0004FF1D000921021016175
:10A490000099491C00910099B1F1706F02D9032015
:10A4A00001B07047016911F0100FF1D1002001B027
:10A4B000704781B000230093009A521C0092009ACA
:10A4C000B2F1706F02D9032001B07047026912F037
:10A4D000004FF1D00093202242EA811101610099DE
:10A4E000491C00910099B1F1706F02D9032001B0AD
:10A4F0007047016911F0200FF1D1002001B07047C1
:10A50000D0F8080800F00600002805D0022805D081
:10A51000062803D00F2070470020704702207047A4
:10A52000406900F001007047D0F81818D0F81C08F6
:10A53000084080B27047D0F81818D0F81C080840BE
:10A54000000C7047D0F81028D0F8343801F00F0C08
:10A5500023FA0CF303F0010342EAC31200EB4110AB
:10A56000D0F808091040704700EB4111D1F8081BE2
:10A57000D0F8140808407047416980690840704766
:10A5800030B484460846930802F003010022002BF1
:10A5900007D90CF5805425680560001D521C9A42AD
:10A5A000F9D300290ED000224FF4805353F80CC089
:10A5B000D3002CFA03F30370521C401C491E89B2CD
:10A5C0000029F5D130BC704770B505460024E86815
:10A5D00020F0C040E860012902D089B1012070BD9F
:10A5E000E86840F00050E8600A20F9F7E1FB0A341F
:10A5F0002846FFF795FF012810D0C82CF4D30DE0B2
:10A60000E86840F08040E8600A20F9F7D1FB0A349E
:10A610002846FFF785FF08B1C82CF5D3C82C01D018
:10A62000002070BD012070BDD0F800281143C0F893
:10A630000018002070470000022A0FD0002A54D0D2
:10A640000921C26822F47052C260C2684FF470538C
:10A6500003EA81211143C16000207047244A254B41
:10A660000A449A4201D20F21EBE7234A234B0A44C2
:10A670009A4201D20E21E4E7A1F57402204BA2F523
:10A6800010529A4201D20D21DBE7A1F183721D4BDA
:10A69000A2F5E7429A4201D20C21D2E71A4A1B4B9B
:10A6A0000A449A4201D20B21CBE7194A194B0A44BA
:10A6B0009A4201D20A21C4E7174A184B0A449A4227
:10A6C00001D20921BDE7A1F1B772154BA2F558528D
:10A6D0009A4201D20821B4E7124A1144124A914227
:10A6E00001D20721ADE70621ABE70921A9E7000068
:10A6F000405327FF00350C00401E1BFF40420F0057
:10A70000804F120020D6130060B6E5FE60E316000D
:10A7100000D3CEFE40771B00C05BB3FEC09121008A
:10A7200020753800E05459FEE09C4100DDF800C07F
:10A73000BCF1000F12D1DB1C4FEA930C0023BCF1DB
:10A74000000F0BD900EB023000F580520868106052
:10A75000481C801C411C5B1C6345F7D300207047DC
:10A7600000BFFEE770B52DED0A8B04460D46B0EE36
:10A77000408A95ED1D0ADFEDF40A30EEC00AF34879
:10A7800080ED000A95ED040ADFEDEF0A30EEC00A15
:10A79000EF4880ED000AD4ED180AB0EE600AF5F734
:10A7A00027FED4ED040A20EE200A84ED080AD4ED39
:10A7B000170AB0EE600AF5F71BFED4ED010A20EE91
:10A7C000200A84ED060AD4ED180AB0EE600AF5F707
:10A7D000D3FDD4ED000A94ED041A41EE000AC4ED55
:10A7E000070AD4ED170AB0EE600AF5F7C5FDD4EDFF
:10A7F000010A20EE200A84ED050A94ED070AD4ED43
:10A80000050A30EE600A20EE000AD4ED080A94ED45
:10A81000061A70EEC10A94ED081AD4ED061A31EE4C
:10A82000611A00EE810A10EE101A084606F092FE38
:10A8300041EC1A0BB0EE4A0AF0EE6A0A00F0FCFE98
:10A84000B0EE409AF0EE609A51EC190B05F082FCE4
:10A85000E06394ED070AD4ED050A30EE600AD4ED0A
:10A86000020AB0EE001A60EE810A20EE200A84EDA2
:10A87000120A94ED080AD4ED060A30EE600AD4ED0F
:10A88000020AB0EE001A60EE810A20EE200A84ED82
:10A89000130A94ED020A20EE000AD4ED0F0A94ED9B
:10A8A0000F1A00EE810AD4ED030A94ED031A00EEAC
:10A8B000C10A84ED140A94ED120A20EE000AD4EDC8
:10A8C000130A94ED131A00EE810AD4ED140A94EDE4
:10A8D000141A00EEC10A10EE101A084606F03AFEED
:10A8E00041EC1C0BB0EE4C0AF0EE6C0A00F0A4FE3A
:10A8F000B0EE40AAF0EE60AA94ED130A10EE101A22
:10A90000084606F027FE41EC1B0B53EC1A2B05F012
:10A9100083FD41EC190B05F01DFC08EE900A94ED47
:10A92000120A94ED141A30EE010AF0EE400AB0EE6D
:10A93000680A00F021FDF0EE000A20EE200A84ED06
:10A94000150AD4ED150AB0EE600AF5F715FDD4ED41
:10A95000050A94ED071A70EEC10A94ED021A41EE51
:10A96000000AF0EE608AD4ED150AB0EE600AF5F741
:10A970003FFDD4ED060A94ED081A70EEC10A94ED7D
:10A98000021A41EE000AB0EE609AF0EE680AB0EEEC
:10A99000490A00F0F1FC84ED160AD4ED170AB0EE76
:10A9A000600AF5F7E9FCD4ED010A60EE208AD4EDE7
:10A9B000150AB0EE600AF5F7DFFCD4ED020A40EEAE
:10A9C000808AC4ED098AD4ED170AB0EE600AF5F763
:10A9D0000FFDD4ED010A60EE208AD4ED150AB0EE29
:10A9E000600AF5F705FDD4ED020A40EE808AC4ED59
:10A9F0000A8AD4ED000AB0EE001A80EE810AD4ED86
:10AA0000090A30EEC00A20EE000AD4ED0A0A94EDDD
:10AA10000A1A00EE810A10EE106A304606F09AFD1E
:10AA200041EC1A0BB0EE4A0AF0EE6A0A00F004FE9E
:10AA3000B0EE409AF0EE609A51EC190B05F08AFBEB
:10AA4000E062D4ED000AB0EE001A80EE810AD4ED87
:10AA5000090A30EEC00AF0EE408AD4ED0A0AB0EEE0
:10AA6000600AF0EE680A00F087FC84ED0C0A94EDB1
:10AA70000C0ADFED380A30EEC00A84ED0D0A94F8B6
:10AA8000AC0030B994ED0C0A84ED110A012084F871
:10AA9000AC0094ED0C0AD4ED110A30EE600AC0EE61
:10AAA000080AC4ED100A94ED100ADFED270A30EE13
:10AAB000C00A84ED0E0A254890ED000ADFED250A54
:10AAC00030EEC00AD4ED0C0A30EE600A84ED220AA2
:10AAD00094ED100A1E48D0ED000AF1EE600A30EE47
:10AAE000C00A84ED230A94ED0C0A84ED110A94ED5A
:10AAF0000B0AD4ED280A30EE600AC0EE080AC4ED55
:10AB0000260A94ED260AD4ED290A30EE600AC0EE3A
:10AB1000080AC4ED270A94ED260A84ED290A94ED6B
:10AB20000B0A84ED280A94ED230AD4ED240A30EEB2
:10AB3000600AC0EE080AC4ED250A94ED230A84EDEC
:10AB4000240ABDEC0A8B70BD0000000050030020F9
:10AB500054030020DB0FC93F70B52DED0A8B04466E
:10AB60000D46B0EE408A95ED1D0AF04880ED000AD2
:10AB700095ED040AEE4880ED000AD4ED180AB0EE17
:10AB8000600AF5F735FCD4ED040A20EE200A84EDC6
:10AB9000080AD4ED170AB0EE600AF5F729FCD4EDE7
:10ABA000010A20EE200A84ED060AD4ED180AB0EE60
:10ABB000600AF5F7E1FBD4ED000A94ED041A41EECA
:10ABC000000AC4ED070AD4ED170AB0EE600AF5F7E3
:10ABD000D3FBD4ED010A20EE200A84ED050A94EDA2
:10ABE000070AD4ED050A30EE600A20EE000AD4ED23
:10ABF000080A94ED061A70EEC10A94ED081AD4ED15
:10AC0000061A31EE611A00EE810A10EE101A08469B
:10AC100006F0A0FC41EC1A0BB0EE4A0AF0EE6A0A0C
:10AC200000F00AFDB0EE409AF0EE609A51EC190B7C
:10AC300005F090FAE06394ED070AD4ED050A30EED2
:10AC4000600AD4ED020AB0EE001A60EE810A20EE2E
:10AC5000200A84ED120A94ED080AD4ED060A30EEBB
:10AC6000600AD4ED020AB0EE001A60EE810A20EE0E
:10AC7000200A84ED130A94ED020A20EE000AD4EDB6
:10AC80000F0A94ED0F1A00EE810AD4ED030A94ED39
:10AC9000031A00EEC10A84ED140A94ED120A20EEA4
:10ACA000000AD4ED130A94ED131A00EE810AD4EDD4
:10ACB000140A94ED141A00EEC10A10EE101A084698
:10ACC00006F048FC41EC1C0BB0EE4C0AF0EE6C0AAE
:10ACD00000F0B2FCB0EE40AAF0EE60AA94ED130AC8
:10ACE00010EE101A084606F035FC41EC1B0B53EC35
:10ACF0001A2B05F091FB41EC190B05F02BFA08EE2D
:10AD0000900A94ED120A94ED141A30EE010AF0EE56
:10AD1000400AB0EE680A00F02FFBF0EE000A20EEC9
:10AD2000200A84ED150AD4ED150AB0EE600AF5F795
:10AD300023FBD4ED050A94ED071A70EEC10A94EDD9
:10AD4000021A41EE000AF0EE608AD4ED150AB0EE68
:10AD5000600AF5F74DFBD4ED060A94ED081A70EE83
:10AD6000C10A94ED021A41EE000AB0EE609AF0EECC
:10AD7000680AB0EE490A00F0FFFA84ED160AD4ED35
:10AD8000170AB0EE600AF5F7F7FAD4ED010A60EEA3
:10AD9000208AD4ED150AB0EE600AF5F7EDFAD4ED8D
:10ADA000020A40EE808AC4ED098AD4ED170AB0EE9B
:10ADB000600AF5F71DFBD4ED010A60EE208AD4EDA0
:10ADC000150AB0EE600AF5F713FBD4ED020A40EE67
:10ADD000808AC4ED0A8AD4ED000AB0EE001A80EE33
:10ADE000810AD4ED090A30EEC00A20EE000AD4ED43
:10ADF0000A0A94ED0A1A00EE810A10EE106A304633
:10AE000006F0A8FB41EC1A0BB0EE4A0AF0EE6A0A13
:10AE100000F012FCB0EE409AF0EE609A51EC190B83
:10AE200005F098F9E062D4ED000AB0EE001A80EE69
:10AE3000810AD4ED090A30EEC00AF0EE408AD4ED62
:10AE40000A0AB0EE600AF0EE680A00F095FA84EDA6
:10AE50000C0A94ED0C0ADFED370A30EEC00A84EDDF
:10AE60000D0A94F8AC0030B994ED0C0A84ED110A87
:10AE7000012084F8AC0094ED0C0AD4ED110A30EEF8
:10AE8000600AC0EE080AC4ED100A94ED100ADFED66
:10AE90002A0A30EEC00A84ED0E0A244890ED000A1A
:10AEA000DFED240A30EEC00AD4ED0C0A30EE600A61
:10AEB00084ED220A94ED100A1D48D0ED000AF1EE4F
:10AEC000600A30EEC00A84ED230A94ED0C0A84ED8A
:10AED000110A94ED0B0AD4ED280A30EE600AC0EE98
:10AEE000080AC4ED260A94ED260AD4ED290A30EEAC
:10AEF000600AC0EE080AC4ED270A94ED260A84ED24
:10AF0000290A94ED0B0A84ED280A94ED230AD4ED66
:10AF1000240A30EE600AC0EE080AC4ED250A94ED5A
:10AF2000230A84ED240ABDEC0A8B70BD480300207F
:10AF30004C030020DB0FC93F0000000010B52DEDD1
:10AF4000028B0446D4ED0C0A94ED161A70EEC10A79
:10AF5000B0EE600AF5F74CFAD4ED010A20EE208A33
:10AF6000D4ED170A94ED151A70EEC10AB0EE600A1E
:10AF7000F5F73EFA28EE008AD4ED160A94ED151A7C
:10AF800070EEC10AB0EE600AF5F732FAC8EE000AB8
:10AF9000C4ED190AD4ED0C0A94ED161A70EEC10A2C
:10AFA000B0EE600AF5F7E8F9D4ED010A20EE208A48
:10AFB000D4ED170A94ED151A70EEC10AB0EE600ACE
:10AFC000F5F716FA28EE008AD4ED160A94ED151A54
:10AFD00070EEC10AB0EE600AF5F70AFAD4ED0B0A7A
:10AFE00020EE200AC8EE000AC4ED1A0AD4ED0C0ABD
:10AFF00094ED151A70EEC10AB0EE600AF5F7F8F993
:10B00000D4ED040A20EE208AD4ED160A94ED181A25
:10B0100070EEC10AB0EE600AF5F7EAF928EE008A90
:10B02000D4ED160A94ED151A70EEC10AB0EE600A5E
:10B03000F5F7DEF9C8EE000AC4ED1B0AD4ED0C0AE0
:10B0400094ED151A70EEC10AB0EE600AF5F794F9A6
:10B05000D4ED040A20EE208AD4ED160A94ED181AD5
:10B0600070EEC10AB0EE600AF5F7C2F928EE008A68
:10B07000D4ED160A94ED151A70EEC10AB0EE600A0E
:10B08000F5F7B6F9D4ED0B0A20EE200AC8EE000A57
:10B09000C4ED1C0A94ED190AD4ED1F0A20EE200A13
:10B0A000D4ED1A0A94ED201A00EE810A84ED1D0AEF
:10B0B00094ED1B0AD4ED1F0A20EE200AD4ED1C0AE1
:10B0C00094ED201A00EE810A84ED1E0ABDEC028B7D
:10B0D00010BD00009FED0A0A80ED000A9FED080AEE
:10B0E00080ED010A9FED070A80ED020A9FED050A37
:10B0F00080ED030A9FED020A80ED040A704700000C
:10B100009A99193E713D8A3E4100080218BF0420F9
:10B110000A0E18BF40F001004FF07F4232EA0101F1
:10B1200008BF40F00200012808BF05207047EFF378
:10B130001080704710B510EE104A4FF01A402DEDF8
:10B14000028B00EB4400B0F1C85F4AD84FF0FC40DE
:10B15000B0EB440F22D2B0EEC00AF7EE000A30EE98
:10B16000C00AF6EE000A20EE208A18EE100A03F05C
:10B1700025FE00EE100A14F0004F1DBF9FED281AA7
:10B18000DFED280AB1EE400A9FED271A08BFF0EE66
:10B19000410AF8EE001A20EE210A05E020EE008AAE
:10B1A0009FED221ADFED220ADFED221A9FED222AFF
:10B1B00070EEC00A20EE080A08EE212ADFED1F1A01
:10B1C00048EE021A9FED1E2A08EE212ADFED1D1A15
:10B1D00048EE021ABDEC028B40EE610A30EE810AA5
:10B1E00010BD4FF0CC40B0EB440F82BF9FED160A6C
:10B1F000BDEC028B10BD4FF07F40B0EB440F05D289
:10B20000BDEC028BBDE8104000F070BA0120F5F7EC
:10B21000E4FFBDEC028BBDE8104000F06DBA000009
:10B220000000494022AA7D3A000000000000C93F0A
:10B2300022AAFD3924FE1C3DC78AD83C1E67383D32
:10B240001B93993DAFAA2A3EDB0FC93F10B54FF0C3
:10B250000E402DED028BB0EE408A18EE104A00EB46
:10B260004400B0F1506F4AD84FF0FC40B0EB440FAF
:10B2700022D2B0EEC80AF7EE000A30EEC00AF6EEAF
:10B28000000A60EE208A18EE900A03F097FD01EEA6
:10B29000100A14F0004F1DBFDFED2D0A9FED2D0A9F
:10B2A000B1EE411ADFED2C0A08BF9FED2C0AF8EE33
:10B2B000001A21EE218A05E0DFED290A68EE088AEE
:10B2C000B0EE600A9FED271ADFED271A30EE080A6C
:10B2D00048EE811A9FED251A08EEA11ADFED241A17
:10B2E00048EE811A9FED231A08EEA11A68EE281A7B
:10B2F000BDEC028B01EE810A30EE200A10BD4FF04A
:10B30000E440B0EB440F0CD918EE100AFFF7FCFE36
:10B31000042808BF00F0F8F9B0EE480ABDEC028B33
:10B3200010BD4FF07F40B0EB440F07D2B0EE480A9B
:10B33000BDEC028BBDE8104000F0D8B90120F5F754
:10B340004CFFBDEC028BBDE8104000F0D5B9000009
:10B350000000C9BF22AAFDB90000C93F22AAFD39D9
:10B360000000000024FE1C3DC78AD83C1E67383D03
:10B370001B93993DAFAA2A3E70B54FF068422DED60
:10B38000048BF0EE408A18EE900AB0EE608A18EE58
:10B39000101A02EB4003B3F1654F3CBF02EB4102D0
:10B3A000B2F1654F7DD200BFC0F3C753C1F3C7529E
:10B3B0009A1A1B2A09DD10F0004F14BF9FED830A73
:10B3C0009FED830ABDEC048B70BD12F11A0F36DAC3
:10B3D00011F0004F09D010F0004F0CBF9FED7D0A17
:10B3E0009FED7D0ABDEC048B70BD88EE889A19EE46
:10B3F000100AFFF789FE042808BF00F085F918EE4F
:10B40000900AFFF781FE054618EE100AFFF77CFE52
:10B41000044619EE100AFFF777FE042D18BF052D1C
:10B4200008D1042C18BF052C04D1002804BF022029
:10B43000F5F7D3FEB0EE490ABDEC048B70BD4200B7
:10B44000B2EB410F3AD910F0004F19BFDFED630A9C
:10B450009FED630ADFED630A9FED630AB0EE481AC1
:10B460000A46B1EE688A80F00041F0EE418A10464B
:10B470000A1A5200B2F1807F34D2484010F0004FD7
:10B48000DFED5A1A9FED5A2A1DBFBEEE001A70EE6C
:10B49000E10A30EE420AB6EE001A08BF70EEA10AC9
:10B4A00000E040E008BF30EE020AB0EE682A01EE8C
:10B4B000482A08EE818AC2EE081A15E011F0004F02
:10B4C00004BF9FED4C0AF0EE400AD1D010F0004FBF
:10B4D00019BFDFED490A9FED490ADFED490A9FEDEB
:10B4E000490AC5E7C8EE881A21EEA11A9FED462A3F
:10B4F000DFED462A41EE022A9FED452A01EE222A7F
:10B50000DFED442A41EE022A9FED432ABDEC048B75
:10B5100001EE222A21EE811A01EE020A30EE210A02
:10B5200030EE200A70BD4FF07F42B2EB400F28BFD3
:10B53000B2EB410F09D2F0EE480AB0EE680ABDEC5A
:10B54000048BBDE8704000F0D4B840EA01035B0012
:10B5500008BF41F0FF410BD0B2EB400F08BFB2EB88
:10B56000410F08D120F0804008EE900A21F0804180
:10B5700008EE101A18E7B2EB400F12BF5FEA410362
:10B5800040F0FF4001F000413FF40EAFB2EB410F3D
:10B5900012BF5FEA400200F0004041F0FF413FF47B
:10B5A00003AF4A0092EA40033FF5FEAE002AACBF6B
:10B5B0009FED1A0A9FED1A0A68EE808A28EE008A2B
:10B5C00018EE900A18EE101AEEE60000DB0FC9BF65
:10B5D000DB0FC93FDB0F4940DB0F49C00000C9BF8B
:10B5E00022AAFDB90000C93F22AAFD390060ED3E44
:10B5F000C30ACE3700000000000049C022AA7DBA6D
:10B600000000494022AA7D3A2DAD65BD8FB8D53DD9
:10B610000FB511BE61C84C3EA8AAAABE0000804F5B
:10B620000000802F2DED020B019820F000400190CA
:10B630009DED000B02B0704700B52DED048BB0EE10
:10B64000409AF0EE609A83B051EC190B05F07CFB48
:10B6500041EC180B18EE100A18EE901A8DED008BC5
:10B66000002818BF0120084320F00040C0F17F608F
:10B6700000F1E040C00F14D019EE101A19EE900A34
:10B680008DED009B002918BF0121084320F00040E8
:10B69000C0F17F6000F1E040C00F04BF0120F5F76A
:10B6A0009CFDB0EE480A03B0F0EE680ABDEC048BD6
:10B6B00000BD10B52DED028BB1EEC08A18EE100A58
:10B6C00020F00040C0F1FF40C00F0AD010EE100A79
:10B6D00020F00040C0F1FF40C00F04BF0120F5F78B
:10B6E0007CFDB0EE480ABDEC028B10BD30EE000AC6
:10B6F000704730EE200A7047DFED020A80EEA00AA4
:10B7000070470000000000009FED020A20EE000AD2
:10B71000704700000000001080F3108870470000A0
:10B7200010B5F5F78DFE8020F6F752F85520F6F7A4
:10B730004FF85520F6F74CF850490870F5F776FEAB
:10B740000120F8F735FBF5F77BFE8020F6F740F88F
:10B750005520F6F73DF85520F6F73AF847490870B6
:10B76000F5F764FE0120F8F723FBF5F769FEB62133
:10B770007E20F6F73FF8F5F759FE5020F8F718FB52
:10B78000F5F75EFE8020F6F723F85520F6F720F84F
:10B790005520F6F71DF839490870F5F747FE0120E6
:10B7A000F8F706FBF5F74CFE8020F6F711F8552068
:10B7B000F6F70EF85520F6F70BF830490870F5F754
:10B7C00035FE0120F8F7F4FA2C4800781E2801D045
:10B7D000FF2010BD00202A49087049E0F5F730FE2F
:10B7E000274A127802EB4202264B1A445178244A27
:10B7F000127802EB4202985CF5F7FCFFF5F716FEB3
:10B800000120F8F7D5FAF5F71BFE1D49097801EB81
:10B8100041011C4A515C41F08000F5F7D9FF5520E9
:10B82000F5F7D6FF5520F5F7D3FF14490870F5F763
:10B83000FDFD0120F8F7BCFA1148007800EB40004C
:10B840001049084440780D49097888420BD00C48CB
:10B85000007800EB40000B49084480780A490978D9
:10B8600008430949087006480078401C04490870DC
:10B87000034800780628B1DB0020AAE7FC0200207C
:10B88000FD02002008030020FE02002010B5F5F79D
:10B89000EBFD45490020F5F78EFFF5F7DBFD0120B4
:10B8A000F8F786FAF5F7E0FD3F490020F5F783FF4A
:10B8B000F5F7D0FD0120F8F77BFAF5F7D5FDB621B5
:10B8C0001420F5F797FFF5F7C5FD5020F8F770FA4B
:10B8D000F5F7CAFD34490020F5F76DFFF5F7BAFD1D
:10B8E0000120F8F765FAF5F7BFFD2F490020F5F7BD
:10B8F00062FFF5F7AFFD0120F8F75AFA2A48007801
:10B900000F2801D0FF2010BD00202849087045E015
:10B91000F5F7AAFD254A127802EB4202244B1A449D
:10B920005178224A127802EB4202985CF5F762FFE6
:10B93000F5F790FD0120F8F73BFAF5F795FD1B4967
:10B94000097801EB41011A4A505C1749F5F733FFBA
:10B95000F5F780FD0120F8F72BFA1448007800EB8A
:10B9600040001349084440780F490978884210D0B4
:10B970000E480078401E0D4908700846007800EB1C
:10B9800040000C49084480780B49097808430A496B
:10B99000087006480078401C044908700348007885
:10B9A0000628B5DB0020AEE7FC020020FD020020E7
:10B9B0001A03002008030020FE0200200020024994
:10B9C0000968C86370470000600F0020034A1268CE
:10B9D0009062024A1268D16370470000600F002035
:10B9E00010B504461A48007840B91A48007828B9BA
:10B9F0001748047064201749087028E0144800783C
:10BA000038B914480078401E12490870FFF7D6FF75
:10BA10001DE011480078401C0F4908700846007866
:10BA2000322802DAFFF7CAFF11E00B4800786428D9
:10BA300005DA47F230510120FFF7C8FF07E0002088
:10BA40000549087002480078401E0149087010BD81
:10BA5000A7000020A8000020A900002070B52DED4F
:10BA6000028B82B0B0EE408AF0EE608A04460D464A
:10BA7000164610201C49086000208860C860082015
:10BA800008619FED1A0A28EE000ABDEEC00A10EE0A
:10BA9000100A00B2164908809FED140A28EE800AA9
:10BAA000BDEEC00A10EE100A00B21249088010481C
:10BAB0000088000A104908700D48007848700D4849
:10BAC0000088000A88700B480078C8700846047126
:10BAD000457101AB024604490848F7F700F902B086
:10BAE000BDEC028B70BD00003020002000401C46E1
:10BAF000FE01002000020020F8010020840B00203D
:10BB000000B58BB00120099000200790012008901B
:10BB1000002001900290039004900690059001A9E6
:10BB20000C48F7F755F90B48F7F70DFF02210948C4
:10BB3000F7F7C3F80E200A90069001A90648F7F718
:10BB400047F90548F7F7FFFE02210348F7F7B5F874
:10BB50000BB000BD840B0020AC0B00202DE9F0479A
:10BB60002DED028B04460D4690461E46DDF82890CA
:10BB7000A54890ED000AB8EE400AF0EE080A20EE63
:10BB8000200ADFEDA20A80EE201AB0EE418AB0EE64
:10BB9000480A41462846FEF7E5FD00270DE0D5EDB1
:10BBA0000B0AB0EE600A9A4901EB0710FCF7C5FBDF
:10BBB00006EB870080ED000A7F1C0C2FEFDB96ED73
:10BBC000000AD5ED220A9FED931A70EEC10A20EE0D
:10BBD000200AD6ED010A95ED231ADFED8E1A31EE1B
:10BBE000611A00EE810AD4ED490A94ED561A70EEFE
:10BBF000C10A96ED021A01EE200AD4ED480A94ED2E
:10BC0000541A70EEC10A96ED031A01EE200AD6ED21
:10BC1000040A94ED5C1ADFED801A31EE611A00EE31
:10BC2000810AD6ED050A94ED5D1ADFED7A1A31EE40
:10BC3000611A00EE810A84ED720A96ED060AD5EDCE
:10BC4000220A9FED741A70EEC10A20EE200AD6ED8A
:10BC5000070A95ED231ADFED6F1A31EE611A00EE37
:10BC6000810AD4ED490A94ED561A70EEC10A96ED98
:10BC7000081A01EE200AD4ED480A94ED541A70EE29
:10BC8000C10A96ED091A01EE200AD6ED0A0A94EDD2
:10BC90005C1ADFED611A31EE611A00EE810AD6ED11
:10BCA0000B0A94ED5D1ADFED5B1A31EE611A00EEBE
:10BCB000810A85ED200A95ED200AD4ED630A30EE65
:10BCC000200A85ED200A94ED720AD4ED610A30EE67
:10BCD000600A84ED720ADFED510A9FED510A04F506
:10BCE000E47001F0BDFDD5ED220AB0EE600AF4F774
:10BCF00043FBDFED4C0A80EE808A94ED521AF0EEA1
:10BD0000410A95ED0B1AB0EE410A4846FDF7FCF9E1
:10BD100038EE000AD4ED620A30EE200A85ED1F0AE3
:10BD20004146284601F0B4F93F49087094F894015F
:10BD3000C8BB3E480078012837D108460078012862
:10BD400033D195F8AD0078BB9FED320A84ED720ACD
:10BD500096ED060AD5ED220A9FED2E1A70EEC10A65
:10BD600020EE200AD6ED070A95ED231ADFED291AF9
:10BD700031EE611A00EE810A85ED200A9FED250A59
:10BD800084ED560A94ED560A84ED490A94ED5F0A53
:10BD900084ED4B0A95ED200AD4ED630A30EE200ABB
:10BDA00085ED200A11E004E0FFE7002085F8AD00F2
:10BDB0000BE094F89401012807D19FED160A85ED58
:10BDC000200A9FED140A85ED1F0ADFED190A9FED89
:10BDD000190A05F17C0001F043FD2846FFF7AEF893
:10BDE000F3EE020ABBEE020A05F1780001F038FD1D
:10BDF000F3EE020ABBEE020A05F1740001F030FD19
:10BE0000BDEC028BBDE8F0873802002000007A44C8
:10BE1000DC00002000000000000000806666864014
:10BE2000666686C09A9989413E020020E80100209A
:10BE30000000C8420000C8C270B504460D46164650
:10BE400094ED230ADFED3E0A30EE200A85ED170A55
:10BE500094ED310ADFED3A0A30EE200A85ED180A3A
:10BE600096ED1D0ADFED370A30EEC00A84ED5C0A5C
:10BE700096ED040ADFED330A30EEC00A84ED5D0A68
:10BE8000B4F9BE0100EE100AB8EEC00ADFED2E0ACA
:10BE900020EE200A84ED730AB4F9BE0100EE100A08
:10BEA000B8EEC00ADFED290A20EE200A84ED740AFC
:10BEB000B4F9C00100EE100AB8EEC00ADFED240AA2
:10BEC00020EE200A84ED720AB4F88003002101F00C
:10BED000ADFC84EDC20A1F4890ED000A1E4880EDBB
:10BEE000000A1E4890ED000A1A4880ED000A1C481E
:10BEF00090ED000A1748D0ED000A20EE200A1848FD
:10BF0000D0ED010A144890ED001A01EE200AB4F9B0
:10BF1000F60100EE900AF8EEE00A9FED121A60EECC
:10BF2000810A0F4890ED021A00EE810A0B4880ED5D
:10BF3000000A90ED000A0C4880ED4E0A70BD00002A
:10BF4000DB0FC93F00000000C1AAD93B1B09033A1F
:10BF50000200C039440200204002002048020020B4
:10BF6000641A0108F1A23E3B8C2B00202DE9F0471A
:10BF70002DED028B04460D4690461E46DDF82890B6
:10BF8000BA4890ED000AB8EE400AF0EE080A20EE3A
:10BF9000200ADFEDB70A80EE201AB0EE418AB0EE3B
:10BFA000480A41462846FEF7D7FD00270DE0D5EDAB
:10BFB0000B0AB0EE600AAF4901EB0710FCF7BDF9C0
:10BFC00006EB870080ED000A7F1C0C2FEFDB94F856
:10BFD000A40301280CD0D4EDC30AB0EE600ADFED53
:10BFE000A60AA648FDF790F8B1EE400A84ED610A72
:10BFF000A34890ED041AF0EE410A90ED041AB1EE58
:10C00000411AB0EE410A04F5C47001F029FCD4EDE8
:10C01000600AB0EE600ADFED980A9A48FDF774F8FE
:10C0200084ED630A96ED000AD5ED220A9FED921A7F
:10C0300070EEC10A20EE200AD6ED010A95ED231A12
:10C04000DFED8D1A31EE611A00EE810AD4ED560A49
:10C0500094ED491A70EEC10A96ED021A01EE200A1B
:10C06000D4ED540A94ED481A70EEC10A96ED031A05
:10C0700001EE200AD6ED040A94ED5A1ADFED7E1A7D
:10C0800031EE611A00EE810AD6ED050A94ED5B1AD5
:10C09000DFED791A31EE611A00EE810A84ED6B0A48
:10C0A00096ED060AD5ED220A9FED731A70EEC10ACD
:10C0B00020EE200AD6ED070A95ED231ADFED6E1A61
:10C0C00031EE611A00EE810AD4ED560A94ED491A58
:10C0D00070EEC10A96ED081A01EE200AD4ED540A5A
:10C0E00094ED481A70EEC10A96ED091A01EE200A85
:10C0F000D6ED0A0A94ED5A1ADFED5F1A31EE611A95
:10C1000000EE810AD6ED0B0A94ED5B1ADFED5A1AA8
:10C1100031EE611A00EE810A85ED200A94ED6B0A7A
:10C12000D4ED610A30EE600A84ED6B0ADFED560A49
:10C130009FED560A04F5D67001F092FB95ED200AAA
:10C14000D4ED630A30EE200A85ED200AD5ED220AEF
:10C15000B0EE600AF4F710F9DFED4D0A80EE808A48
:10C1600094ED521AF0EE410A95ED0B1AB0EE410A29
:10C170004846FCF7C9FF38EE000AD4ED620A30EEFB
:10C18000600A85ED1F0A4146284600F0E5FF414957
:10C19000087094F89401A8BB08460078012833D1B0
:10C1A0003D48007801282FD195F8AD0058BB9FED90
:10C1B000320A84ED6B0A96ED060AD5ED220A9FED50
:10C1C0002E1A70EEC10A20EE200AD6ED070A95ED70
:10C1D000231ADFED291A31EE611A00EE810A85ED8E
:10C1E000200A9FED250A84ED560A94ED560A84ED47
:10C1F000490A95ED200AD4ED630A30EE200A85ED58
:10C20000200A11E004E0FFE7002085F8AD000BE014
:10C2100094F89401012807D19FED170A85ED200AB3
:10C220009FED150A85ED1F0A204600F0C9F8DFEDE5
:10C230001B0A9FED1B0A05F17C0001F011FB28464B
:10C24000FEF77CFEF3EE020ABBEE020A05F178006F
:10C2500001F006FBF3EE020ABBEE020A05F17400E0
:10C2600001F0FEFABDEC028BBDE8F087B0010020C2
:10C2700000007A44DC00002000000000D41E0020F2
:10C280001C1F00208C1E002066668640666686C0E5
:10C290009A998941E80100203E0200200000C8422E
:10C2A0000000C8C270B504460E46154600F0DCFE1C
:10C2B000C4F8980194ED070ADFED380A30EE200A41
:10C2C00086ED170A94ED150ADFED340A30EE200AE8
:10C2D00086ED180A95ED1D0A84ED5A0A95ED050ABA
:10C2E00084ED5B0A94EDC20A84EDC30A95ED1F0A42
:10C2F00084ED5F0A95ED1C0A84ED5E0A96ED220A34
:10C300002748D0ED220A30EE200ADFED260A30EE73
:10C31000C00A84ED600AB4F9A20100EE100AB8EE7A
:10C32000C00ADFED210A20EE200A84ED6C0AB4F980
:10C33000A20100EE100AB8EEC00ADFED1C0A20EEE2
:10C34000200A84ED6D0A00F079FA84ED580A184845
:10C3500090ED000AB8EE400A9FED161AC0EE010AF1
:10C3600094ED590A94ED581A01EE200A84ED590A09
:10C3700095ED1D0ADFED100AB4EEE00AF1EE10FAB9
:10C380000BD295ED1D0ADFED0D0AB4EEE00AF1EED9
:10C3900010FA02DD002084F8940170BDDB0FC93F64
:10C3A0004820002000000000C1AAD93B1B09033A25
:10C3B000B001002000007A443C8C4F3E3C8C4FBEC4
:10C3C00030B52DED108B8FB0044628200E909FEDD8
:10C3D000FE0AF0EE409A9FEDFC0A8DED0D0A9FEDEE
:10C3E000FA0AFA4880ED000A9FEDF70A8DED080A77
:10C3F0009FEDF50A8DED070A9FEDF50AB0EE40AA14
:10C400009FEDF40AB0EE408A9FEDF20A8DED060A28
:10C410009FEDF10A8DED050A9FEDF00AF0EE40AABE
:10C4200007A908A800F00EFEF3EE0E0A9DED070A1C
:10C4300004F50C70FCF768FE0EA800F0FDFD1E2050
:10C440000E90D4ED940ABDF8380000EE100AB8EE54
:10C45000400A30EE600A8DED0D0A9DED0D0AF0EEFA
:10C46000409A002094E0C0EBC00204F5D07101EBCB
:10C470008201B1F90410002908DDC0EBC00204F507
:10C48000D07101EB8201B1F9041008E0C0EBC002E9
:10C4900004F5D07101EB8201B1F90410494200EEBC
:10C4A000101AB8EEC00A60EE0A0AC0EBC00204F52A
:10C4B000D07101EB8201B1F90210002908DDC0EB57
:10C4C000C00204F5D07101EB8201B1F9021008E05D
:10C4D000C0EBC00204F5D07101EB8201B1F902108A
:10C4E000494200EE101AB8EEC00A20EE800AC0EBF6
:10C4F000C00204F5D07101EB8201B1F9021000EE27
:10C50000901AB8EEE01ADDED050A21EE201AC0EB14
:10C51000C00204F5D07101EB8201B1F9021000EE06
:10C52000901AF8EEE00A01EE200AC0EBC00204F512
:10C53000D07101EB8201B1F9041000EE901AF8EE0F
:10C54000E00A20EE881AC0EBC00204F5D07101EBBE
:10C550008201B1F9041000EE901AF8EEE00A01EE43
:10C56000200A30EE2A0A9E4901EB800181ED000A83
:10C5700000BF9B4901EB8001D1ED000A934991ED89
:10C58000000A30EE800A81ED000A00BF411CC8B2EB
:10C590000228FFF668AF8D4890ED000AB4EEE90A74
:10C5A000F1EE10FA77DD90ED000AC9EE800ACDEDCC
:10C5B000040A002539E18A4800EB8500D0ED000A25
:10C5C0009DED040A20EE800A09A800EB850080EDAD
:10C5D000000A09A800EB850090ED000AB5EEC00A3C
:10C5E000F1EE10FA00D21EE1C5EBC50104F5D070E2
:10C5F00000EB8100B0F90200002808DDC5EBC501A1
:10C6000004F5D07000EB8100B0F9020008E0C5EB42
:10C61000C50104F5D07000EB8100B0F90200404282
:10C6200000EE100AB8EEC00A60EE0A8A09A800EB14
:10C63000850090ED000AC5EBC50104F5D07000EB54
:10C640008100B0F9020000EE900AB8EEE01ADDEDCC
:10C65000060A21EE201AC5EBC50104F5D07000EBE7
:10C660008100B0F9020000EE900AF8EEE00A11EE47
:10C67000200A30EE2ADA28EEA80AF1EE000A68EE67
:10C68000200AB0EE409A00EECD9AB5EEC09AF1EED7
:10C6900010FA01D2C7E0CCE0C5EBC50104F5D070BB
:10C6A00000EB8100B0F90400002854DDB0EE000A70
:10C6B00028EE000A10EE101A084604F04BFF41EC79
:10C6C0001E0B19EE100A04F045FF41EC1C0BB0EEF6
:10C6D0004C0AF0EE6C0AFEF7AFFF8DED000BB1EEE9
:10C6E000680A10EE100A04F035FF41EC1B0B9DEDBB
:10C6F000000B53EC102B03F08FFE41EC1F0B53EC9F
:10C700001E2B03F0BBFFCDE902019DED020B51ECA6
:10C71000100B03F01FFD0DEE900A9FED320AF4EEB0
:10C72000C0DAF1EE10FA09DD43F2B061C5EBC502E3
:10C7300004F5D07000EB820081800BE0BDEEED0AC5
:10C7400010EE100A01B2C5EBC50204F5D07000EB83
:10C750008200818066E0B0EE000A28EE000A10EE4A
:10C76000101A084604F0F6FE41EC1E0B19EE100AF2
:10C7700004F0F0FECDE900019DED000BFEF75CFF3B
:10C78000B0EE40BAF0EE60BAB1EE680A10EE100AF0
:10C7900004F0E0FE41EC1C0B53EC1B2B04F0D8FB27
:10C7A00053EC1E2BCDE902019DED020B51EC100B59
:10C7B00003F064FF41EC1F0B03F0CCFC0DEE900A7C
:10C7C0009FED090A12E00000000000004C04002068
:10C7D0004F020636FC110434C3031C348D9782408B
:10C7E000D031002000606A4600606AC6F4EEC0DA0C
:10C7F000F1EE10FA09D24CF65011C5EBC50204F562
:10C80000D07000EB820081800BE0BDEEED0A10EEEF
:10C81000100A01B2C5EBC50204F5D07000EB82002E
:10C82000818000BF00BF681CC5B2022DFFF6C3AEF9
:10C8300000BF0FB0BDEC108B30BD000008B5114833
:10C8400090ED0A0AB1EE400A0F4880ED000A0F4849
:10C8500090ED6D0AD0ED740A30EE600AF0EE000A39
:10C8600080EE201AF0EE415A6846B0EE651A06498D
:10C87000D1ED000A9FED060A02F058FA9DED000A7C
:10C8800008BD0000682D0020AC0100209C1A00208B
:10C890006F12833A074800680749B0FBF1F0074977
:10C8A0000870044800684FF47A71B0FBF1F0044955
:10C8B000086070473400002040420F00380000201C
:10C8C0003C00002010B5044604EBC400454901EBD0
:10C8D0008000006804EBC401424A02EB8101486019
:10C8E00003F0F8F904EBC4013E4A02EB8101086051
:10C8F00004EBC400114601EB8000C07CC0F3801043
:10C90000B0B104EBC40001EB8000C07C20F040001B
:10C9100004EBC40102EB8101C87404EBC4001146AE
:10C9200001EB8000006804EBC40102EB8101C860E8
:10C9300004EBC4002B4901EB8000806990B304EB49
:10C94000C401284A02EB81018869804758B304EB8F
:10C95000C400244901EB8000C07C20F0200020307E
:10C9600004EBC4011F4A02EB8101C87404EBC4004C
:10C97000114601EB8000C07C20F08000803004EB89
:10C98000C40102EB8101C87404EBC400114601EB41
:10C990008000006A28B304EBC40102EB8101086A3D
:10C9A00080471EE00FE0FFE704EBC4000D4901EBF8
:10C9B0008000C07C20F0800004EBC401094A02EB37
:10C9C0008101C8740DE004EBC400064901EB80004E
:10C9D000C07C20F0800004EBC401024A02EB81011C
:10C9E000C87410BD201900201EB50146544B0DCB54
:10C9F0008DE80D0000209EE000EB40023DF8123073
:10CA000000EBC0024F4C04EB8202128A63F30B026C
:10CA100000EBC00304EB83031A8200EB40026B4679
:10CA200003EB4202538800EBC00204EB8202B2F82F
:10CA3000112063F30F1200EBC00304EB8303A3F890
:10CA4000112000EB40026B4603EB4202127900EB2F
:10CA5000C00304EB8303DB7C62F3440300EBC002FE
:10CA600004EB8202D374002200EBC00304EB8303C7
:10CA70009A6100EBC00304EB8303DA6100EBC003AF
:10CA800004EB83031A6200EBC002234603EB82022D
:10CA9000D27C22F00102521C00EBC00304EB8303A2
:10CAA000DA7400EBC002234603EB8202D27C22F050
:10CAB0002002203200EBC00304EB8303DA7400EBA6
:10CAC000C002234603EB8202D27C22F040024032B5
:10CAD00000EBC00304EB8303DA7400EBC0022346CF
:10CAE00003EB8202D27C22F08002803200EBC00392
:10CAF00004EB8303DA749FED140A10EE102A00EBA6
:10CB0000C00304EB83035A6100EBC002234603EB2E
:10CB10008202116000EBC00203EB8202516000EB65
:10CB2000C00203EB8202916000EBC00203EB8202C1
:10CB3000D160421CD0B20228FFF65EAF1EBD0000DD
:10CB40001C1A0108201900200000000003F0C2F8A0
:10CB50009B49086008460068FFF746FF392002F04D
:10CB6000FFFB2CE103F0B6F89549086002209549D7
:10CB70000870954890F85B0020F04001924880F8DA
:10CB80005B1090F85B0020F020018F4880F85B106C
:10CB9000002409E104EBC4008B4901EB8000C07C58
:10CBA00000F0010000B9FEE004EBC400864901EB8F
:10CBB0008000006882490968081A04EBC401824AAF
:10CBC00002EB8101098AC1F30B01884260D904EBB1
:10CBD000C400114601EB8000C07CC0F3401008BBCC
:10CBE00004EBC40001EB8000C07C20F0400040302A
:10CBF00004EBC40102EB8101C87404EBC4001146CC
:10CC000001EB8000C07C20F02000203004EBC40148
:10CC100002EB8101C8746A48006804EBC40102EBAE
:10CC20008101886004EBC400674901EB8000C07C8F
:10CC3000C0F343006349097801EBC101624A02EB8A
:10CC40008101C97CC1F34301884201DD5D490C705B
:10CC50005D4890F85B0020F0400040305A4981F870
:10CC60005B00084690F85B0020F02000203081F83F
:10CC70005B0004EBC40001EB8000C069002806D013
:10CC800004EBC401504A02EB8101C869804789E086
:10CC900004EBC4004C4901EB8000C06848490968B6
:10CCA000081A04EBC401484A02EB8101B1F81110E3
:10CCB000B0EB111F1BD204EBC400114601EB800046
:10CCC000C07C20F0400004EBC40102EB8101C87479
:10CCD00004EBC400114601EB8000C07C20F0200072
:10CCE000203004EBC40102EB8101C8745AE004EB6C
:10CCF000C400354901EB8000C07C20F0400004EB0B
:10CD0000C401314A02EB8101C87404EBC40011462E
:10CD100001EB8000C07CC00968B104EBC40001EBEA
:10CD20008000C07C20F02000203004EBC40102EB26
:10CD30008101C8740DE004EBC400234901EB8000BD
:10CD4000C07C20F0200004EBC4011F4A02EB8101EB
:10CD5000C87404EBC4001C4901EB8000006804EBBC
:10CD6000C401194A02EB8101496888421AD904EBCF
:10CD7000C400114601EB8000006804EBC40102EB23
:10CD800081014968401A00EE100AF8EE400A9FED52
:10CD90000F1A81EE200A10EE100A04EBC40102EB18
:10CDA0008101486100BF641C022CFFF6F3AE0A202B
:10CDB00002F0D6FA002002F09DF905490860D1E69C
:10CDC000980000209C0000202019002000007A44D8
:10CDD0009400002030B503460C461546082D44D17A
:10CDE000207800F00F00988020780111D980A07879
:10CDF000617840EA01219960E0780001217940EAF8
:10CE00002111D9606079217901F00F0140EA0121F7
:10CE100019611021F2EE090ABAEE090A986802F0C7
:10CE20009FF883ED070A0C21F3EE0E0ABBEE0E0A03
:10CE3000D86802F095F883ED080A0C21F2EE040A96
:10CE4000BAEE040A186902F08BF883ED090AA0799A
:10CE500000EE100AB8EE400A83ED0C0AE07900EE0D
:10CE6000100AB8EE400A83ED0D0A30BDFEB5064645
:10CE70000C46154660190F49086000208860C8609C
:10CE800008200861FF208DF804008DF805008DF85A
:10CE900006008DF807008DF808008DF809008DF860
:10CEA0000A00FC208DF80B006B4601AA3046F5F70E
:10CEB00016FFFEBD0020002070B504460026FEF7D8
:10CEC00036F9054672B661682069884201D9206842
:10CED0002061206906782069401C2061A068401C00
:10CEE000A060E068401EE0602846FEF715FC304672
:10CEF00070BD034619608818401E58609A60002073
:10CF0000D8601961596170472DE9F0470446884699
:10CF10001546FEF70CF9824672B6B8F1000F00D143
:10CF20003CE0A06800B939E061686069884201D9D5
:10CF300020686061A068A84201DD284600E0A06882
:10CF4000054661696068401A461CAE4209DB2E4600
:10CF5000324641466069F4F71EF86069304460610A
:10CF60000FE0A5EB0609324641466069F4F713F875
:10CF700008EB06014A462068F4F70DF8206848449B
:10CF80006061A068401BA060E0682844E0602F4614
:10CF90005046FEF7C1FB3846BDE8F0875046FEF725
:10CFA000BBFB4FF0FF30F7E70146C868704701460A
:10CFB00071EE602AF0EE621AB0EE602A30EE423A6C
:10CFC00001208840401E02EE900AF8EEE22A63EE4D
:10CFD000222A82EEA13AFDEEC32A12EE900A704791
:10CFE00030B5034613B94FF6FF7030BD09E013F8B2
:10CFF000014B82EA0400C0B2054D35F8100080EA0A
:10D000002222081EA1F10101F1D11046EDE7000036
:10D01000621C010830B5034605E013F8010B80EAF5
:10D0200002040448025D081EA1F10101F5D1104679
:10D0300030BD0000611B010801494989018070472A
:10D04000AF220020054A52680260044A128900EEAD
:10D05000102AB8EE400A81ED000A7047BC22002079
:10D060000048704720190020004870478C190020A4
:10D07000034AD2880280034A92890A8070470000DE
:10D08000AF220020BC22002000487047901C0020E6
:10D0900070B52DED028B04460D46D4ED220AB0EE9C
:10D0A000600AF3F7A5F9D4ED200A20EE200AD4EDAA
:10D0B0000B0A80EE208AD4ED220AB0EE600AF3F764
:10D0C0005BF9D4ED1F0A00EE808A9FED200A38EE4E
:10D0D000000A84ED2A0A1E4890ED010A80ED000A3C
:10D0E00090ED020A80ED010A90ED030A80ED020A3C
:10D0F00094ED2A0A80ED030A90ED000AF5EE000A8D
:10D1000020EE200AD0ED010AB5EE001A01EE200A49
:10D11000D0ED020AB5EE001A01EE200AD0ED030AA6
:10D12000B5EE001A01EE200A0A4880ED000A90EDE3
:10D13000000AF2EE020AB4EEE00AF1EE10FA03D2AF
:10D140000120BDEC028B70BD0020FAE7AAF19A40E5
:10D15000582D00204403002070B52DED028B0446AD
:10D160000D46D4ED220AB0EE600AF3F741F9D4ED92
:10D17000200A20EE200AD4ED0B0A80EE208AD4ED9E
:10D18000220AB0EE600AF3F7F7F8D4ED1F0A00EEBA
:10D19000808A9FED200A38EE000A84ED2A0A1E4894
:10D1A00090ED010A80ED000A90ED020A80ED010A7F
:10D1B00090ED030A80ED020A94ED2A0A80ED030A3D
:10D1C00090ED000AF5EE000A20EE200AD0ED010AEB
:10D1D000B5EE001A01EE200AD0ED020AB5EE001AF3
:10D1E00001EE200AD0ED030AB5EE001A01EE200A86
:10D1F0000A4880ED000A90ED000AF2EE020AB4EE51
:10D20000E00AF1EE10FA03D20120BDEC028B70BDF2
:10D210000020FAE7AAF19A40482D002040030020A0
:10D2200010B520480021016001711F4801600171A3
:10D230001E4801604160018181721D4801702021FA
:10D240001C48F3F727FF1C48002101601B480160C0
:10D250001B48018081701B48018081700D211A4894
:10D26000F3F718FF10211948F3F714FF18480021AD
:10D27000016041608160174801608180164801802B
:10D28000164801701648016081808171154801605F
:10D2900081800F211448F3F7FDFE1448002101603E
:10D2A000818010BDAC020020B10200208422002049
:10D2B000B60200208F220020B7020020BB0200200F
:10D2C000BF020020C2020020AF220020BC220020AA
:10D2D000CC220020C5020020CB020020CD0200207D
:10D2E000CE020020D5020020D8220020DB02002040
:10D2F000F0EE400AF6EE001A60EEA11AB0EE611AE6
:10D30000B0EE600A10EE100A0749A1EB600000EED3
:10D31000100A21EE002AF7EE081A42EE401A61EEDA
:10D32000801AB0EE610A7047865A375F02808180AA
:10D330007047000080ED000AC0ED010A80ED021A7E
:10D34000F7EE001AC0ED0C1A0449416704498167E1
:10D350000449C1670449C0F8801070476DD30008C4
:10D36000D5D300088BD30008D994000801B52DED62
:10D37000060B9DE80E00C0E90423C16003A90EC995
:10D38000C0E90723816107B000BD10B50446D4EDA4
:10D39000160AB0EE600AFDF759FFB1EE400A84EDBF
:10D3A000190A94ED181AF0EE410A94ED171AB0EE2E
:10D3B000410AFDF7E1FF84ED1A0A94ED101AF0EE30
:10D3C000410A94ED131AB0EE410AFDF7D5FF84ED42
:10D3D0001B0A10BD10B52DED0E8B044694ED060A08
:10D3E00020EE000AD4ED070A94ED071A00EE810A38
:10D3F000D4ED080A94ED081A00EE810A10EE101A16
:10D40000084604F0A7F841EC1C0BB0EE4C0AF0EE15
:10D410006C0AFEF711F9B0EE40BAF0EE60BA51ECCA
:10D420001B0B02F097FE08EE100A94ED060AC0EE00
:10D43000080AC4ED060A94ED070AC0EE080AC4ED16
:10D44000070A94ED080AC0EE080AC4ED080A94ED34
:10D45000070AD4ED180A20EE200AD4ED080A94ED4C
:10D46000171A00EEC10AB0EE40DA94ED080AD4EDC6
:10D47000160A20EE200AD4ED060A94ED181A00EEE2
:10D48000C10AF0EE40DA94ED060AD4ED170A20EE58
:10D49000200AD4ED070A94ED161A00EEC10AB0EE88
:10D4A00040EA94ED090AD4ED010A60EE8D0A94ED8C
:10D4B000021A00EE810A84ED090A94ED0A0AD4EDFD
:10D4C000010A60EEAD0A94ED021A00EE810A84EDC5
:10D4D0000A0A94ED0B0AD4ED010A60EE8E0A94ED6F
:10D4E000021A00EE810A84ED0B0A94ED090AD4EDCC
:10D4F000000A00EE8D0AD4ED030A30EE200A84ED16
:10D50000030A94ED0A0AD4ED000A00EEAD0AD4ED48
:10D51000040A30EE200A84ED040A94ED0B0AD4EDDF
:10D52000000A00EE8E0AD4ED050A30EE200A84EDE2
:10D53000050A94ED0C0AB0EE409A94ED0D0AF0EE57
:10D54000409A94ED0E0AB0EE40AA94ED0F0AF0EE68
:10D5500040AA94ED020AF6EE000A20EE200AF0EE50
:10D56000408A94ED030AF1EE690A20EE200AD4ED18
:10D57000040A0AEE600AD4ED050A0AEEE00AD4EDC8
:10D580000C0A40EE280AC4ED0C0A94ED030A20EEC2
:10D59000090AD4ED050A0AEE200AD4ED040A0AEEBF
:10D5A000E00AD4ED0D0A40EE280AC4ED0D0A94ED10
:10D5B000040A20EE090AD4ED050A09EEE00AD4EDCA
:10D5C000030A0AEEA00AD4ED0E0A40EE280AC4EDC2
:10D5D0000E0A94ED050A20EE090AD4ED040A09EEBC
:10D5E000A00AD4ED030A0AEE600AD4ED0F0A40EE59
:10D5F000280AC4ED0F0A94ED0C0A20EE000AD4EDBF
:10D600000D0A94ED0D1A00EE810AD4ED0E0A94ED88
:10D610000E1A00EE810AD4ED0F0A94ED0F1A00EEF7
:10D62000810A10EE101A084603F094FF41EC1C0B1F
:10D63000B0EE4C0AF0EE6C0AFDF7FEFFB0EE40BA19
:10D64000F0EE60BA51EC1B0B02F084FD08EE100AFC
:10D6500094ED0C0AC0EE080AC4ED0C0A94ED0D0A14
:10D66000C0EE080AC4ED0D0A94ED0E0AC0EE080AD9
:10D67000C4ED0E0A94ED0F0AC0EE080AC4ED0F0ABD
:10D680002046D4F880108847BDEC0E8B10BD0000FA
:10D69000F6F7ACFEFCF770F8FAF780FFFAF7BAFE7F
:10D6A000FAF764FEFAF784FEFBF7FAF8FBF74AFA9A
:10D6B000FBF79AFAFBF74EFBFBF7F8FAFBF7A8F833
:10D6C000FBF7D4F8FBF7ECF9FBF730F9FBF70CF9B3
:10D6D000FBF724FBFBF760F8FBF75EF9FBF774FB45
:10D6E000FAF788FEFBF7B2F8FBF752FBFBF772F88C
:10D6F000FEF706FAFFF7CEF801F084F8A820F5F758
:10D700007DF900BF01210548F3F7F6FF0028F9D1A4
:10D71000FAF7DCFE00F0B6F900BFFEE7600D00206E
:10D720000021842800D0C11C084670472DE9F0472D
:10D730002DED068B84B082460C46B0EE40AAB0EECA
:10D74000608AF0EE418AB0EE619AF0EE429A344877
:10D750000460002032498860C860082008611020F9
:10D76000B2EE091AFAEE090AB0EE4A0AFFF71FFCF8
:10D7700085B20C20B3EE0E1AFBEE0E0AB0EE480A8C
:10D78000FFF715FC86B20C209FED261ADFED260A66
:10D79000B0EE680AFFF70BFC87B20C20B1EE041A5A
:10D7A000DFED210AB0EE490AFFF701FC1FFA80F80D
:10D7B0000C20B2EE041AFAEE040AB0EE690AFFF782
:10D7C000F6FB1FFA80F928128DF80800E8B28DF8F0
:10D7D0000900C6F307108DF80A003007000E40EA72
:10D7E00027208DF80B00F8B28DF80C00C8F3071055
:10D7F0008DF80D004FEA0870000E40EA29208DF8E0
:10D800000E0009F0FF008DF80F0001AB02AA0449D9
:10D810005046F5F764FA04B0BDEC068BBDE8F0871E
:10D82000002000200000FA43000000000246501AC9
:10D83000B0F5805F03DDA0F5F850FF3805E010F586
:10D84000805F02DA41F6FF73184400EE100AB8EE6A
:10D85000C00ADFED020A20EE200A7047DB0F493ACA
:10D8600090ED001AB4EEC01AF1EE10FA02D280ED7B
:10D87000000A08E090ED001AB4EEE01AF1EE10FA9A
:10D8800001DDC0ED000A70472DED028B02E00120A2
:10D8900000F0F0F8674890F890000028F7D066484C
:10D8A00002F0E6FBC5E06548B0F9A20100EE100AFF
:10D8B000B8EEC00ADFED620A20EE200A5F4880ED74
:10D8C0006C0AB0F9BE0100EE100AB8EEC00ADFED36
:10D8D0005C0A20EE200A594880ED730A90ED6C0A2C
:10D8E0005448D0ED050A30EE600A5648D0ED0E0AD5
:10D8F00030EE200A544880ED000A5248D0ED220A4A
:10D90000B0EE600AF2F738FD4E48D0ED0B0A90ED0C
:10D91000231A60EE810A20EE208A4B4890ED000A1F
:10D92000DFED4A0A00EE208A4648D0ED220AB0EE2A
:10D93000600AF2F75DFD4348D0ED260A00EE808ACA
:10D94000434880ED008A3D4890ED730A3948D0ED98
:10D95000050A30EE200A3F48D0ED0E0A30EE200ACC
:10D960003D4880ED000A3B48D0ED220AB0EE600A47
:10D97000F2F702FD3748D0ED0B0A90ED231A60EE66
:10D98000810A20EE208A344890ED000ADFED2F0A4C
:10D9900000EE208A2F48D0ED220AB0EE600AF2F79E
:10D9A00027FD2C48D0ED260A00EE808A2B4880ED1A
:10D9B000008A274890ED000A2848D0ED000A30EE92
:10D9C000600AF0EE000A80EE201A254880ED001A69
:10D9D0001848D0ED0B0AB0EE600A2148D0ED000ADD
:10D9E000154802F07DFB1F4890ED000A134880EDBA
:10D9F000540A90ED560AD0ED540A9FED1B1A00EE22
:10DA0000810A80ED560A1948006800F033F80B4887
:10DA100090F8A403012808D19FED150A074880ED6E
:10DA2000540A9FED130A80ED560A1048006800F072
:10DA300021F838E7682D0020402100209C1A0020A2
:10DA4000C1AAD93BEC19002098020020BE9F9A3D44
:10DA5000A0020020482000209C020020A4020020F8
:10DA6000A80200208C0200206F12033B94020020C9
:10DA70000000000010B5002800D1012001F070FC6A
:10DA8000002010BD10B501F0D9FC002010BD30B54C
:10DA900085B004460D466169B4F90800002910D02C
:10DAA000A16971B1FFF73CFE6269A169019202911F
:10DAB00000902B4622692168606802F0CDF804903E
:10DAC00010E0FFF72DFE04A901910090208A2B465B
:10DAD00082B22168606802F089F8012802D005B09E
:10DAE000002030BD049805B030BD00002DE9F041A4
:10DAF00004460F461B4EF5683168002081F852003D
:10DB00003068001D01F0E2FA48B93068012190F850
:10DB10002C0001FA00F0316921EA00003061B4F113
:10DB2000FF3F07D137B13068BDE8F041011D0E4815
:10DB300001F02BBB2C4430684460AC4206D2306804
:10DB4000011DB06BBDE8F04101F004BB3068011D60
:10DB5000706B01F0FFFAB06A844200D2B462BDE893
:10DB6000F08100005C040020FC32002070B5044607
:10DB700001F018FB1C4DA868401CA860286810B173
:10DB8000686938B10CE02C60A868012808D100F061
:10DB90008FF905E02868E16AC06A884200D82C60E5
:10DBA000686A401C6862E06A01212A698140114369
:10DBB00029610E4900EB800001EB8000211D01F07E
:10DBC000E4FA01F00FFB686900280CD02868E16ACC
:10DBD000C06A884207D206494FF080500860BFF300
:10DBE0004F8FBFF36F8F70BD5C0400202032002088
:10DBF00004ED00E038B501F0D5FA0F4C2068B8B953
:10DC00000E4801F099FA0E4801F096FA0B48E060D0
:10DC10001430206100200B4B009003F148021021CA
:10DC20000A2001F05BFD206010B107A101F05EFB4E
:10DC3000BDE8384001F0D6BA98040020F83300203F
:10DC40000C34002010330020546D7251000000008D
:10DC500070B50D4C6068002815D00C4E01F0A2FA8A
:10DC6000F068C568281D01F031FAA068401EA06068
:10DC70006068401E606001F0B5FA284600F051F877
:10DC800060680028EAD170BD5C040020E832002002
:10DC90000B46026C002A0CD0C1681144C160D0F858
:10DCA00008C0614501D30168C160C1681846F3F737
:10DCB00072B970472DE9F041044616460027A56B5E
:10DCC000226C002A10D0C6B1E068F3F764F9E1686D
:10DCD000206C091AE1602268914202D2A168081AF8
:10DCE000E060022E16D017E02068A8B9A06802F004
:10DCF00061F807460020A0600EE06068F3F74BF97A
:10DD0000216C606808446060A168884204D3206880
:10DD1000606001E005B16D1E681CA0633846BDE877
:10DD2000F08110B5044694F8511000290BD0012958
:10DD300011D0022914D0502080F31188BFF34F8FE7
:10DD4000BFF36F8FFEE7206B01F062FA2046BDE85B
:10DD5000104001F05DBA2046BDE8104001F058BA0D
:10DD600010BD00000749CA681168002904D00021CD
:10DD7000016019B1002070470121F9E7D0680068FF
:10DD800070470000980400204FF4C041104810F084
:10DD9000070F06D0C01D20F007000D49411AC1F53C
:10DDA000C0410C4A1060002353600144083921F03F
:10DDB0000701183A11604B600B600B1A4360016059
:10DDC0004068906050604FF0004050617047000024
:10DDD00020340020C4040020074E4FF08054074D2B
:10DDE000FFF736FF30680128FAD92C60BFF34F8F58
:10DDF000BFF36F8FF4E700002032002004ED00E055
:10DE000003460098002905D00260C3630164012124
:10DE100001F09CBC0060F8E72DE9F05F82460B9FA3
:10DE20000A9D0C9C0E4690469B464FEA8801A5220F
:10DE3000206BF3F727F9206BA8F1010100EB8100BB
:10DE400020F007094FF0000866B100202218315C6D
:10DE500082F83410315C11B1401C1028F6D384F8DC
:10DE6000438001E084F83480072D00D30625E56265
:10DE70006564C4F84880201D01F069F904F11800B8
:10DE800001F065F92461C5F10700A0616462C4F87E
:10DE90004C8084F8508084F852805A465146484657
:10DEA00000F0D0FA2060002F00D03C60BDE8F09F69
:10DEB00070B500240F4D04EB840005EB800001F0E9
:10DEC0003BF9641C072CF6D30B4801F035F90B48DD
:10DED00001F032F90A4801F02FF90A4801F02CF953
:10DEE000094801F029F90948034941631431816364
:10DEF00070BD000020320020AC320020C032002073
:10DF0000D4320020E8320020FC3200205C040020E3
:10DF100010B4144900E011460A688242FBD34B68F2
:10DF200003EB010C844503D140681844486008465F
:10DF30000C68D0F804C00CEB0003A3420CD10A4BD0
:10DF40001B689A4206D05268624442600A681268AE
:10DF5000026002E0036000E00260814200D00860DD
:10DF600010BC7047C4040020AC04002010B500248D
:10DF700041600061DFF838C091420BD8D11A826944
:10DF8000914201D3012410E0011DDCF8100001F0E2
:10DF9000E1F80AE09A4203D2994201D3012404E055
:10DFA000011DDCF80C0001F0D5F8204610BD000082
:10DFB0009804002010B5044601F0F4F8A06B20B1DD
:10DFC000002401F00FF9204610BD0124F9E710B537
:10DFD000044601F0E7F8A06BE16B884201D101240F
:10DFE00000E0002401F0FEF8204610BDF8B505461B
:10DFF0000E461748C068C068C468201D01F066F866
:10E0000094F8240010F0040F18D0A0692B46411991
:10E0100032462046FFF7AAFFA0B100200346014682
:10E0200000902A46204601F0E9FF58B9502080F3BD
:10E030001188BFF34F8FBFF36F8FFEE720F0010011
:10E0400084F82400216A01B02046BDE8F04008476A
:10E050009804002030B587B0414D002202A92868FD
:10E0600001F0D4FC002875D00298002803DA039A46
:10E070000599049890470298002864DB049C606925
:10E0800010B1201D01F022F801A800F0B3F80246FB
:10E0900002980A2857D2DFE800F00505052F364D13
:10E0A00005052F3694F8240040F0010084F8240080
:10E0B0000398A169034601442046FFF757FF002853
:10E0C00041D0216A2046884794F8240010F0040FBC
:10E0D00039D0002000900398A16900234218194606
:10E0E000204601F08BFF70BB502080F31188BFF3F6
:10E0F0004F8FBFF36F8FFEE794F8240020F00100EC
:10E1000084F824001FE094F8240040F0010084F813
:10E1100024000398A06128B1811813462046FFF718
:10E1200025FF10E0502080F31188BFF34F8FBFF31D
:10E130006F8FFEE794F8240010F0020F0CD020F04F
:10E14000010084F82400002202A9286801F05EFC86
:10E15000002889D107B030BD204601F059F8F2E718
:10E1600098040020F8B505460C4601F0AFF9684662
:10E1700000F040F80646009810B101F0A5FEF8BD89
:10E1800044B9B54206D801F09FFE31462846FFF754
:10E190002DFFF8BD0C481CB10169096891B100243C
:10E1A000A91B2246006801F0B5F801F08DFE002899
:10E1B000EFD106494FF080500860BFF34F8FBFF397
:10E1C0006F8FF8BD0124EBE79804002004ED00E018
:10E1D0000749486B0068002805D0486BC068C068D4
:10E1E0004068886270474FF0FF30886270470000D7
:10E1F0005C04002070B5044601F06CFD0546074E36
:10E20000B068854204D200F00BF80120206001E0E4
:10E2100000202060B560284670BD000098040020F2
:10E22000F8B51C4EF0680068002826D00027F0687A
:10E23000C0680568C468201D00F048FF216A2046B8
:10E24000884794F8240010F0040F12D0A0692844E5
:10E25000A84206D960602461211DF06800F07AFFB1
:10E2600007E000232A4619462046009701F0C6FE23
:10E2700040B1F06800680028D9D1F0683169F160D8
:10E280003061F8BD502080F31188BFF34F8FBFF38A
:10E290006F8FFEE79804002000210278A52A04D1A0
:10E2A000401C491C0278A52AFAD0880880B2704721
:10E2B0000A484068B0F1FF3F07D0502080F3118832
:10E2C000BFF34F8FBFF36F8FFEE7502080F31188AD
:10E2D000BFF34F8FBFF36F8FFEE70000CC04002029
:10E2E00082B001A8FFF73EFD0199FFF73BFFFFF762
:10E2F000B1FEF6E770B5044600F054FF94F94550BE
:10E30000002D0CDD606A50B104F1240001F0A0FD85
:10E3100008B101F055F8681E45B2002DF2DC4FF04F
:10E32000FF3684F8456000F05DFF00F03BFF94F994
:10E330004450002D0CDD206950B104F1100001F0B3
:10E3400087FD08B101F03CF8681E45B2002DF2DCF3
:10E3500084F84460BDE8704000F044BF2DE9F0410E
:10E360000546002601F0B2F8344F386808B9FFF7C7
:10E370000BFD7869054251D19DB1083515F0070FA5
:10E380000FD005F00700C0F10800054415F0070F95
:10E3900007D0502080F31188BFF34F8FBFF36F8FEA
:10E3A000FEE7002D3AD07868854237D824490846E0
:10E3B000046801E0214604466068A84202D2206851
:10E3C0000028F7D13868844228D0086800F1080690
:10E3D000206808606068411B10290FD9601910F08F
:10E3E000070F07D0502080F31188BFF34F8FBFF382
:10E3F0006F8FFEE741606560FFF78AFD61687868AE
:10E40000401A7860BA68904200D2B86078690843D0
:10E41000606000202060F868401CF86001F054FD46
:10E4200016F0070F07D0502080F31188BFF34F8FED
:10E43000BFF36F8FFEE73046BDE8F081AC040020EB
:10E44000C4040020001F4FF080730360001F21F000
:10E4500001010160001F0549016014380260001FBE
:10E460006FF002010160203870470000B1E200083F
:10E47000014691ED5A0ADFED150AB4EEE00AF1EE1D
:10E4800010FA08D291ED5A0ADFED110AB4EEE00A53
:10E49000F1EE10FA11DC91ED5A0ADFED0E0AB4EE3E
:10E4A000E00AF1EE10FA0EDD91ED5A0ADFED0A0AEC
:10E4B000B4EEE00AF1EE10FA05D29FED080A81ED04
:10E4C000520A012070470020FCE70000A63099BEE8
:10E4D000DA0FC9BFD0537B3EDA0FC93FB81E053EE5
:10E4E00038B504460020009000255448216801609A
:10E4F000217901716D1D601900880090AD1CBDF877
:10E50000000040F20222811A90425CD016DCB0F585
:10E51000817F3FD00ADC012821D002282AD003289D
:10E520002CD0A0F20110002875D12DE0A0F203102C
:10E5300078B301283AD0FE287CD13EE004295DD092
:10E5400006DC012945D002294CD0032972D150E0C4
:10E55000052957D006295FD0FF296BD163E06019E8
:10E56000374902680A6042684A6002890A81807AF3
:10E57000887260E03348615D01705CE061192022BF
:10E580003148F2F708FD56E061193048096801602A
:10E5900051E004E061192E48096801604BE0601900
:10E5A0002C4902880A808078887044E061192A48E2
:10E5B0000A880280897881703DE061190D22274820
:10E5C000F2F7E9FC37E0611910222548F2F7E3FC85
:10E5D00031E0611923480A6802604A68426089682C
:10E5E000816028E0611920480A680260898881807A
:10E5F00021E061191D48098801801CE01C48615D0B
:10E60000017018E060191B4902680A6082888A80DC
:10E61000807988710FE00DE06019174902680A607F
:10E620008088888007E06019144902680A60808841
:10E63000888000E000BF00BF38BD0000AC020020B1
:10E6400084220020B60200208F220020B702002082
:10E65000BB020020BF020020C2020020AF22002027
:10E66000BC220020CC220020C5020020CB020020CA
:10E67000CD020020CE020020D5020020DB020020C7
:10E6800070B50025A5264F4C95E04F48FEF714FCC9
:10E69000054694F8860006287ED2DFE800F00314D1
:10E6A0002038445FB5420AD10120873404F8010CB8
:10E6B0002188481C24F88709A01D455402E0002049
:10E6C000A4F8870076E0A580B4F88710481CA4F869
:10E6D0008700A01D4554022084F886006AE0A088C7
:10E6E00040EA0520A080B4F88710481CA4F88700F1
:10E6F000A01D4554A088772803D2032084F8860003
:10E7000004E0002084F88600A4F8870052E034F882
:10E71000871F2088401C24F88709A01D4554042029
:10E7200084F8860046E034F8871F2088401C24F8CF
:10E730008709A01D4554B4F8870005280DD105218F
:10E74000A01D00F01BFF18B1052084F8860004E02E
:10E75000002084F88600A4F887002BE0B4F8871026
:10E76000A0880930814207D234F8871F2088401CD6
:10E7700024F88709A01D4554B4F88710A0880930F3
:10E78000814210D3002084F88600A4F88700A08876
:10E7900000F10901A01D00E006E000F0CFFE10B17D
:10E7A000A01DFFF79DFE05E0002084F88600A4F878
:10E7B000870000BF00BF0448FEF7F6FB00287FF487
:10E7C00064AF70BD002B0020E8260020FEF728FD76
:10E7D0004FF4806208490948FEF78BFB4FF4007242
:10E7E0000749A1F5007000F0D5FB04E0FFF748FFF2
:10E7F0000A20FFF73FF9F9E700270020E82600206C
:10E80000E824002010B524220249A1F12400FAF7DF
:10E81000DBFD10BDC619002000B101B970470278B8
:10E82000437842EA0322C2F30A020A804278D210F5
:10E83000837842EA4312C2F30A024A808278921134
:10E84000C37842EA8302037942EA8322C2F30A02CE
:10E850008A8002795210437942EAC312C2F30A0253
:10E86000CA804279C2F301128A7242791211930866
:10E87000CB728279C37942EA032212B28A81027A88
:10E88000437A42EA032213B201F10C02CB81827A6D
:10E89000C37A42EA032213B201F10C020B82037B1A
:10E8A0008B74437BCB74827BC37B42EA03228A82D4
:10E8B000027C437C42EA032212B20A810A88A2F552
:10E8C000806212B20A804A88A2F5806212B24A803F
:10E8D0008A88A2F5806212B28A80CA88A2F5806214
:10E8E00012B2CA800A89A2F5806212B20A8100BF00
:10E8F00094E7000010B500F06BF900F051F82248E1
:10E90000007818B900202049A1F854011E48007869
:10E91000012825D1BBEE040A1B4880ED4F0A00F008
:10E92000BFFA9FED1A0A184880ED090A9FED180AF0
:10E9300080ED0A0A90ED4F1AF0EE410A90ED4E1A62
:10E94000B0EE410A1430FAF7DFFB0F4890ED0D0AE4
:10E95000BDEEC00A10EE100A00B20B49A1F8540136
:10E960000C49881EFEF784FB0B48408923300B4975
:10E970000989884203DD00200349A1F854010248B7
:10E98000B0F9540110BD00008C2B002000007A4625
:10E990000000C843042D0020BC220020AF2200202C
:10E9A0005D4890ED000A5D4880ED000A5C4890EDFE
:10E9B000000A594880ED000A5A4890ED000A56486E
:10E9C000D0ED000A20EE200A5648D0ED010A534847
:10E9D00090ED001A01EE200A53488068B0F9020059
:10E9E00000EE900AF8EEE00A9FED501A60EE810A00
:10E9F0004C4890ED021A00EE810A494880ED000A69
:10EA000090ED000A484880ED4E0A8068008846492B
:10EA10008968B1F90810401AB0F5805F08DD4248F6
:10EA200090F85A01401E40B23F4981F85A0112E065
:10EA30003D48806800883C498968B1F90810401A4F
:10EA400010F5805F07DA384890F85A01401C40B250
:10EA5000354981F85A01344890F85A01122804D1F6
:10EA6000EF20314981F85A0108E02F4890F95A0106
:10EA7000123018B911202C4981F85A012A4890F90E
:10EA80005A01C0EB4030284989680988084400EEE3
:10EA9000100AB8EEC00ADFED260A20EE200A22484E
:10EAA00080ED530A90F865011F4981F86601084618
:10EAB0004068807C81F86501084690F8650158B18E
:10EAC0000846B0F8680101280ADA0846B0F868017B
:10EAD000401CA1F8680103E000201349A1F8680177
:10EAE0001148007890B110484068C07A02280DD1D2
:10EAF0000D48B0F86C01B0F5FA6F0BDA0A48B0F8BF
:10EB00006C01401C0849A1F86C0103E00020064993
:10EB1000A1F86C0170470000E8020020E402002028
:10EB2000EC0200208C1A01088C2B0020F1A23E3B45
:10EB3000C2B8B23710B500201F490870FEF794FA2A
:10EB40001D494860FEF7A0FA1B498860DFED1B0AEB
:10EB50009FED1B0A1B4A002117481430FAF7CCFB23
:10EB60000020154981F85A0108468068008800EEA7
:10EB7000100AB8EE400ADFED140A20EE200A08461B
:10EB800080ED530A0020A1F8540181F87201084673
:10EB900090ED530A80ED540A9FED0C0A80ED4E0A69
:10EBA0009FED0A0A80ED4F0A002081F87401A1F858
:10EBB000680181F8730110BD8C2B00200000C84350
:10EBC00000007A46801A0108C2B8B237000000007F
:10EBD00036484068C07A01280CD1354800780128B1
:10EBE00008D03248407828B901203049487081F86F
:10EBF0007A0110E02D484068C07A01280BD12C48DA
:10EC00000078012807D02948407820B10020274902
:10EC1000487081F87A0125484068C07A022803D1FB
:10EC200001202249087007E020484068C07A032884
:10EC300002D100201D4908701C484068C07A40B2CB
:10EC40001B49087019484068007D00F0400050B131
:10EC5000164890F85C0100F0400020B901201349EB
:10EC6000487081F87A0111484068007D00F080000A
:10EC700050B10E4890F85C0100F0800020B90020EF
:10EC80000A49487081F87A0108484068007D0749C0
:10EC900081F85C01074890F8900130B900200870B5
:10ECA000A1F85401487081F87A0170478C2B00203C
:10ECB000F00200209C1A0020D0ED000A91ED001A0D
:10ECC000F4EEC10AF1EE10FA13DDD1ED000A70EE98
:10ECD000800AC1ED000AD1ED000A90ED001AF4EEB1
:10ECE000C10AF1EE10FA20DBD0ED000AC1ED000AF6
:10ECF0001BE0D0ED000A91ED001AF4EEC10AF1EE2E
:10ED000010FA12D2D1ED000A70EEC00AC1ED000A6D
:10ED1000D1ED000A90ED001AF4EEC10AF1EE10FAFE
:10ED200003D8D0ED000AC1ED000A7047F0EE601A7A
:10ED3000F7EE004AB0EE644AF7EE004AB0EE643AED
:10ED4000F0EE403A1949D1ED004A63EE244A43EE11
:10ED5000A14AB0EE642A1649D1ED004A154991ED59
:10ED6000005A74EE854AF0EE640A1349D1ED004A68
:10ED700070EEA44A80EEA45AF0EE452A31EE425AD3
:10ED8000F0EE424A42EE854A0849C1ED004AF7EEEC
:10ED9000004A74EEE24A64EEA04A0549C1ED004A19
:10EDA0000249D1ED004AC0ED004A7047F001002051
:10EDB000F4010020A4010020A001002010B500EE05
:10EDC000100A2DED028BB1EEC08A18EE100A20F069
:10EDD0000040C0F1FF40C00F0AD010EE100A20F032
:10EDE0000040C0F1FF40C00F04BF0120F2F7F5F969
:10EDF00018EE100ABDEC028B10BD0000FEF730F9D2
:10EE00001D49086037E000201C4908701C49087043
:10EE100014E01B48007800EBC0001749096801EBBB
:10EE20008000C07CC0F3401018B101201349087065
:10EE300008E013480078401C114908701048007819
:10EE40000128E6DB00BF0D48007820B90D480078A6
:10EE500008B1FCF7B3FD0948007828B108490978E2
:10EE6000491CC8B2FCF7BCFD04480078054908708D
:10EE70000A20FEF7FFFDC6E7A0000020A400002046
:10EE8000A6000020A5000020014601EBC100034AB6
:10EE900002EB8000C07CC0F34010704720190020B6
:10EEA00010B52DED048B2B48B0F86E01C82805DA9B
:10EEB000BBEE040A274880ED4F0A04E0B3EE040AD3
:10EEC000244880ED4F0A234890ED4E0A10EE101AA8
:10EED000084602F03FFB41EC190BB0EE490AF0EE98
:10EEE000690AFCF79FFBB0EE408AF0EE608A9FED66
:10EEF0001A0B53EC102B51EC180B01F0F9FD0FD24B
:10EF00001448B0F86E01C8280ADA1248B0F86E0149
:10EF1000401C1049A1F86E010020A1F8700116E014
:10EF20000C48B0F86E01C8280DD10A48B0F870013D
:10EF3000B0F5967F07DA0748B0F87001401C054924
:10EF4000A1F8700103E000200249A1F86E01BDECB8
:10EF5000048B10BD8C2B0020000000000000F83F47
:10EF6000B0EE401A30EEC10AF0EE401AB0EE412A7F
:10EF700000EE100AB8EEC00A60EE212A01228A4093
:10EF8000521E00EE102AB8EEC03A82EE830A30EE2E
:10EF9000020A704710B5474B1B685B6943F040039A
:10EFA000444C24686361434B1B685B6943F08003F6
:10EFB000404C246863613F4B1B68DB6843F01003DF
:10EFC0003C4C2468E3603C4B1B681B6823F0010346
:10EFD000394C2468236007E0374B1B681B6823F01B
:10EFE0000103354C24682360334B1B681B6803F016
:10EFF0000103002BF0D1304B1B68304CA34204D9E5
:10F00000E3142E4C4C3C236019E02B4B1B682C4C1A
:10F01000A34204D9E314294C503C23600FE0264B53
:10F020001B68274C603CA34204D9E314244CB83C31
:10F03000E36004E04FF40063214CB83CA360214B33
:10F040001D4C2468A3601C4B1B68D8601A4B1B68BE
:10F050001961194B1B685A60174B1B681B6843F4F6
:10F060008023154C24682360134B1B681B6843F0F6
:10F070000103114C24682360134B1B681B6823F0A9
:10F080000103114C2468236007E00F4B1B681B68C9
:10F0900023F001030C4C246823600B4B1B681B6896
:10F0A00003F00103002BF0D1064B074C2468A3604A
:10F0B00010BD0000101100201812002058640240FA
:10F0C000B8600240041401407812002001694368CE
:10F0D00082689A60836842685A604A68824201D1B5
:10F0E00082684A60002202610868401E0860086861
:10F0F00070470000002801D102480068006BFFF74C
:10F10000CBB800005C040020034B0360034B0B6092
:10F110008023136070470000DC04002030050020CD
:10F12000034B0360034B0B604FF480731360704715
:10F13000300700208407002000F1080141604FF0F3
:10F14000FF328260C16001610021016070470021CF
:10F150000161704710B4D1F800C0BCF1FF3F02D08C
:10F1600000F1080202E0026904E01A4653681C68D4
:10F170006445FAD953684B6099608A6051600861B0
:10F180000168491C016010BC704742684A6093687E
:10F190008B6093685960916008610168491C016047
:10F1A00070470000502080F31188BFF34F8FBFF3EA
:10F1B0006F8F0A494868401C486001280CD10848F4
:10F1C000006810F0FF0F07D0502080F31188BFF3C4
:10F1D0004F8FBFF36F8FFEE770470000CC04002015
:10F1E00004ED00E009494868002806D0401E486048
:10F1F000002801D180F311887047502080F31188D6
:10F20000BFF34F8FBFF36F8FFEE70000CC040020E9
:10F2100070B500282AD0A0F10804154D606869690E
:10F22000084207D1502080F31188BFF34F8FBFF3FE
:10F230006F8FFEE722683AB1502080F31188BFF348
:10F240004F8FBFF36F8FFEE78843606000F03EF999
:10F2500060686968084468602046FEF759FE2869BE
:10F26000401C2861BDE8704000F02EBE70BD00005B
:10F27000AC0400204FF0E0200021016181610549CC
:10F280004FF47A720968B1FBF2F1491E416107211E
:10F29000016170473400002010B5F1F749F81149B9
:10F2A00010280ED300F1E02090F8F0030A78904285
:10F2B00007D2502080F31188BFF34F8FBFF36F8FB9
:10F2C000FEE709480068896800F4E060884207D9D1
:10F2D000502080F31188BFF34F8FBFF36F8FFEE78D
:10F2E00010BD0000CC0400200CED00E00022084B13
:10F2F00053F832C0BCF1000F03D0521C082AF7D3D8
:10F30000704743F8321003EBC201486070470000B9
:10F31000E031002070B504460D461646FFF742FF67
:10F3200094F94400B0F1FF3F4FF0000001D184F8A0
:10F33000440094F94510B1F1FF3F01D184F8450034
:10F34000FFF750FFA06B28B93246294604F124008C
:10F3500000F056F82046BDE87040FEF7CBBF000035
:10F3600010B502460020002A12D00F48006B38B1B9
:10F37000502080F31188BFF34F8FBFF36F8FFEE7EC
:10F3800000F0A4F800211046FEF7B0FB00F09CFD51
:10F39000002807D105494FF080500860BFF34F8F18
:10F3A000BFF36F8F10BD00005C04002004ED00E08F
:10F3B00002490A6A0260C968416070475C04002023
:10F3C00001490120C86170475C04002010B50C465B
:10F3D00000280BD0094A126802F11801FFF7BAFEA3
:10F3E0002046BDE810400121FEF780BB502080F38D
:10F3F0001188BFF34F8FBFF36F8FFEE75C040020CF
:10F4000070B50D46144600280DD00B490968183117
:10F41000FFF7BBFE0CB14FF0FF3521462846BDE893
:10F420007040FEF763BB502080F31188BFF34F8F0D
:10F43000BFF36F8FFEE700005C04002030B587B09B
:10F4400000250695059504AA05A906A8FFF75CFE08
:10F4500006980599019102900023009517A119487B
:10F46000049A00F0F9FB184CE06208B1012000E0BA
:10F470000020012801D100F08DFD01280AD0B0F153
:10F48000FF3F19D1502080F31188BFF34F8FBFF396
:10F490006F8FFEE7502080F31188BFF34F8FBFF3CB
:10F4A0006F8F4FF0FF30A06201206061E56007B010
:10F4B000BDE8304000F07AB807B030BD49444C4553
:10F4C00000000000D9DD00085C0400200248016B48
:10F4D000491C0163704700005C040020154A106B52
:10F4E000002802D00120D06170470020D06110694F
:10F4F000B0FA80F0C0F11F000F4900EB800051F816
:10F50000203073B101EB800041684968416000F12F
:10F510000803994201D1496841604068C0681060A1
:10F520007047502080F31188BFF34F8FBFF36F8F68
:10F53000FEE700005C0400202032002070B5054684
:10F540000C4600260DB1022C01D8002070BDA11E72
:10F55000094802882846FDF743FD0646F1B2A01E81
:10F56000285C814206D1601E285CB0EB162F01D1C9
:10F570000120EBE70020E9E7D804002070B505463C
:10F580000C4600260DB1022C01D8002070BD611E72
:10F59000FF222846FDF73EFD0646601E285CB0426D
:10F5A00001D10120F2E70020F0E7000010B582B0A1
:10F5B00038480168384A914207D1502080F31188B9
:10F5C000BFF34F8FBFF36F8FFEE700683349884268
:10F5D00007D1502080F31188BFF34F8FBFF36F8F97
:10F5E000FEE72F4908780190FF2008700878009006
:10F5F0009DF800009DF8002000F0F000904207D038
:10F60000502080F31188BFF34F8FBFF36F8FFEE759
:10F610009DF80000234C00F0500020700720A060EF
:10F620009DF8000010F0800F0BD0A068401EA06075
:10F630009DF80000400000909DF8000010F0800F41
:10F64000F3D1A068032807D0502080F31188BFF3BE
:10F650004F8FBFF36F8FFEE74FF44070A0600198AB
:10F6600008701148016841F470010160016841F0BF
:10F6700070410160FFF7FEFD00206060F0F720FEA2
:10F680000A48016841F040410160F0F705FE02B010
:10F69000002010BD00ED00E071C20F4170C20F41AB
:10F6A00000E400E0CC04002020ED00E034EF00E0B6
:10F6B00010B5502080F31188BFF34F8FBFF36F8FC9
:10F6C00000F00EFB18B104494FF080500860002094
:10F6D00080F3118810BD000004ED00E038B5049DF2
:10F6E000002804D05BB102B189B1C2B120E0502042
:10F6F00080F31188BFF34F8FBFF36F8FFEE7502069
:10F7000080F31188BFF34F8FBFF36F8FFEE7502058
:10F7100080F31188BFF34F8FBFF36F8FFEE739B1CE
:10F72000502080F31188BFF34F8FBFF36F8FFEE738
:10F730004FF0480CCDF800C01C46012384F8463039
:10F740002B460094FEF75CFB204638BD70B504469E
:10F750000D46002C25D0FFF725FD226CE16B2068BB
:10F7600001FB0200A0600020A06320686060E16BE4
:10F77000226C2068491E01FB0200E0604FF0FF3060
:10F7800084F8440084F845009DB104F11000FFF7AF
:10F79000D3FC04F12400FFF7CFFCFFF723FD012089
:10F7A00070BD502080F31188BFF34F8FBFF36F8F70
:10F7B000FEE720690028F0D004F1100000F048FBBB
:10F7C0000028EAD004494FF080500860BFF34F8F03
:10F7D000BFF36F8FE1E7000004ED00E02DE9FF4784
:10F7E00082B004468A461F460025002C03D0BAF199
:10F7F000000F08D011E0502080F31188BFF34F8F25
:10F80000BFF36F8FFEE7206C38B1502080F3118872
:10F81000BFF34F8FBFF36F8FFEE7022F0AD1E06B6C
:10F82000012807D0502080F31188BFF34F8FBFF31A
:10F830006F8FFEE700F040FA48B9049838B15020C5
:10F8400080F31188BFF34F8FBFF36F8FFEE7002661
:10F850004FF08058DFF8F090FFF7A4FCA06BE16B4D
:10F86000884205D3022F03D0049808B335B329E0AA
:10F870003A4651462046FEF71DFA616A59B104F135
:10F88000240000F0E5FA68B1C9F80080BFF34F8F9B
:10F89000BFF36F8F06E028B1C9F80080BFF34F8F28
:10F8A000BFF36F8FFFF79EFC06B00120BDE8F08725
:10F8B000FFF798FC06B00020BDE8F0876846FFF728
:10F8C00077FD0125FFF78EFCFFF700FEFFF76AFCCE
:10F8D00094F94400B0F1FF3F01D184F8446094F9F9
:10F8E0004500B0F1FF3F01D184F84560FFF77AFC95
:10F8F00004A9684600F02EF940B12046FEF7FAFC54
:10F9000000F0E2FA06B00020BDE8F0872046FEF7DE
:10F910005EFB90B104F110000499FFF757FD2046FB
:10F92000FEF7E8FC00F0D0FA002895D1C9F8008075
:10F93000BFF34F8FBFF36F8F8EE72046FEF7DAFCE1
:10F9400000F0C2FA88E7000004ED00E02DE9F0477E
:10F950000446894617461E46002C03D0B9F1000F15
:10F9600008D011E0502080F31188BFF34F8FBFF310
:10F970006F8FFEE7206C38B1502080F31188BFF301
:10F980004F8FBFF36F8FFEE7022E0AD1E06B012885
:10F9900007D0502080F31188BFF34F8FBFF36F8FD4
:10F9A000FEE7FFF779FC5020EFF3118880F3118810
:10F9B000BFF34F8FBFF36F8FA06BE16B884206D30D
:10F9C000022E04D0002088F31188BDE8F08794F956
:10F9D0004550A06B324649462046FEF76BF9B5F11B
:10F9E000FF3F04D0681C84F845000120EBE7606A03
:10F9F0000028FAD004F1240000F02AFA0028F4D0FC
:10FA0000002FF2D001203860EFE700002DE9F74722
:10FA100083B004468A460025002C03D0BAF1000FBB
:10FA200008D011E0502080F31188BFF34F8FBFF34F
:10FA30006F8FFEE7206C38B1502080F31188BFF340
:10FA40004F8FBFF36F8FFEE700F036F948B9059886
:10FA500038B1502080F31188BFF34F8FBFF36F8F01
:10FA6000FEE700274FF08058DFF8E490FFF79AFB9D
:10FA7000A66BC6B151462046FEF70AF9701EA06378
:10FA8000206950B104F1100000F0E2F928B1C9F882
:10FA90000080BFF34F8FBFF36F8FFFF7A3FB06B05C
:10FAA0000120BDE8F087059808B135B109E0FFF7FE
:10FAB00099FB06B00020BDE8F0876846FFF778FCA8
:10FAC0000125FFF78FFBFFF701FDFFF76BFB94F9B3
:10FAD0004400B0F1FF3F01D184F8447094F945002F
:10FAE000B0F1FF3F01D184F84570FFF77BFB05A91A
:10FAF000684600F02FF868B12046FEF7FBFB00F0E7
:10FB0000E3F92046FEF756FA0028AFD006B00020F1
:10FB1000BDE8F0872046FEF74DFA90B104F12400CD
:10FB20000599FFF753FC2046FEF7E4FB00F0CCF903
:10FB300000289BD1C9F80080BFF34F8FBFF36F8FB0
:10FB400094E72046FEF7D6FB00F0BEF98EE70000F2
:10FB500004ED00E02DE9F04105460C46002D14D0DF
:10FB6000DCB1FFF71FFBDFF880C0DCF80C006B682E
:10FB7000C11ADCF80020002692F85220AAB1DCF865
:10FB8000000080F85260012429E0502080F31188A1
:10FB9000BFF34F8FBFF36F8FFEE7502080F31188C4
:10FBA000BFF34F8FBFF36F8FFEE72268B2F1FF3FC5
:10FBB00008D02F68DCF820C0674505D0834203D801
:10FBC00001240CE000240AE08A4206D9501A206081
:10FBD0002846FFF7EDFB002401E026600124FFF733
:10FBE00001FB2046BDE8F0815C0400202DE9F04FC8
:10FBF00085B081460F9F0E9E8A4690469B464FEAEF
:10FC00008800FEF7ABFB054628000AD05420FEF71B
:10FC1000A5FB04460CB1256304E02846FFF7F8FA7B
:10FC200000E000249CB1002084F8510003905B4662
:10FC3000424651460197009602944846FEF7ECF87A
:10FC40002046FDF793FF05B00120BDE8F08F05B019
:10FC50004FF0FF30BDE8F08F70B586B00646DDF896
:10FC600028C00C9C0B98002816D0ECB154250495A4
:10FC70002063022084F85100002005AD0390CDF8E8
:10FC800000C0019502943046FEF7C6F82046FDF705
:10FC90006DFF059806B070BD502080F31188BFF34A
:10FCA0004F8FBFF36F8FFEE7502080F31188BFF3B3
:10FCB0004F8FBFF36F8FFEE705484169002903D0DE
:10FCC000006B18B100207047012070470220704778
:10FCD0005C0400200148C068704700005C040020FC
:10FCE0002DE9F0470026314F386B002805D0B86960
:10FCF000401CB8613046BDE8F087F868451CFD60DF
:10FD00009DB9786B006838B1502080F31188BFF33B
:10FD10004F8FBFF36F8FFEE7786BB96B7963B86372
:10FD2000386A401C3862FEF753FAB86ADFF8808000
:10FD300085420FD34FF00109786B006838B1786BBA
:10FD4000C068C4686068854212D2B86202E04FF0B1
:10FD5000FF30B8623868C06A00EB800058F82000B5
:10FD6000012800D90126F8690028C3D00126C1E77F
:10FD7000201DFFF7ABF9A06A18B104F11800FFF7D6
:10FD8000A5F9E16A3A6909FA01F01043386101EB1B
:10FD9000810008EB8000211DFFF7F7F9E06A396860
:10FDA000C96A8842C8D30126C6E700005C04002067
:10FDB0002032002070B504460021002841D0224D99
:10FDC0002868844207D0502080F31188BFF34F8FFA
:10FDD000BFF36F8FFEE7A06C38B1401EA064636C68
:10FDE000E26A9A422DD040B12BE0502080F3118876
:10FDF000BFF34F8FBFF36F8FFEE7201DFFF766F94C
:10FE00001249012258B9E06A00EB800351F823300F
:10FE10002BB92B6902FA00F023EA00002861606C1C
:10FE2000E062C0F10700A061E06A2B6982401A43DA
:10FE30002A6100EB800001EB8000211DFFF7A5F98E
:10FE40000121084670BD00005C0400202032002023
:10FE500070B5C068C468002C14D004F11800FFF716
:10FE600035F9164D286B0126A0B104F1180114488C
:10FE7000FFF78BF9E06A2968C96A88421CD901201A
:10FE8000EE6170BD502080F31188BFF34F8FBFF338
:10FE90006F8FFEE7201DFFF719F9E06A2A6906FA5D
:10FEA00000F111432961074900EB800001EB80005C
:10FEB000211DFFF76AF9DDE7002070BD5C0400201A
:10FEC000D4320020203200202DE9F0470024A04643
:10FED0002D4D286B002807D0FFF764F9286B401ED2
:10FEE0002863286B40B149E0502080F31188BFF3AC
:10FEF0004F8FBFF36F8FFEE7A86800283ED0234FD7
:10FF00003868012600B3A7F1B409F868C46804F1A1
:10FF10001800FFF7DBF8201DFFF7D8F8E06A2A6920
:10FF200006FA00F11143296100EB800009EB800023
:10FF3000211DFFF72AF9E06A2968C96A884200D3BF
:10FF4000EE6138680028E0D10CB1FEF741F9AC69E8
:10FF500044B1FFF7C5FE00B1EE61641E002CF8D17C
:10FF60000020A861E86948B14FF0010808494FF046
:10FF700080500860BFF34F8FBFF36F8FFFF732F9E8
:10FF80004046BDE8F08700005C040020D432002029
:10FF900004ED00E030B587B00024FDF72BFE134DD3
:10FFA0002868B0B100200690059004AA05A906A80B
:10FFB000FFF7B6F805990698022200920191029087
:10FFC00000230BA10C48049AFFF746FE686000B1BD
:10FFD000012414B107B0204630BD502080F31188B1
:10FFE000BFF34F8FBFF36F8FFEE700009804002030
:10FFF000546D722053766300E1E20008F0B585B0DD
:020000040801F1
:1000000084460A9D16461F460022BCF1000F14D0FC
:10001000164C206800B300910196CDF808C006295F
:100020001BDAFFF749FE02280FD000231A46694663
:100030002068FFF7D3FB024615E0502080F31188BB
:10004000BFF34F8FBFF36F8FFEE700232A46694649
:100050002068FFF7C3FB024605E000233A466946E5
:10006000FFF774FC024605B01046F0BD980400206E
:1000700070B504460223002219462046F7F7C8FB54
:10008000F8341249A06891E82C00C96880E82C0077
:10009000C1600F492068D1E901530A68C968C0E905
:1000A00001530260C1600B4DE069D5E901132A6874
:1000B000ED68061D2AC60260074D236A27CD27C3B7
:1000C0006369F83C054D27CD27C370BD4C02002065
:1000D0005C0200206C0200207C020020701A0108E3
:1000E00070B52DED028B0446B0EE408AF0EE608ACA
:1000F000154AD4F81401D2E90035D2E90212C0E958
:100100000035C0E90212114DD4F818012ECD2EC0D1
:100110006068C0ED008A606880ED018A2046F7F7CC
:10012000F7FF00200BE0216801EB800191ED000A50
:10013000074901EB800181ED000A411CC8B2022889
:10014000F1DBBDEC028B70BD6C0200207C02002054
:100150008C02002021F00042A2F16052B2F5801F13
:1001600001F0004328BFD2F17E6C51D9F1EE10CAE4
:100170001CF4400F14D15FEAC00C43EAC20202EB48
:10018000507008BF70475FEA4C0C40F10000DFF888
:1001900080C241F0E98028BF20F0010001F0E4B8FE
:1001A000C30001F0004343EAC20202EB507008BFF3
:1001B00070471B4248BF4FEA4C0C1CF4000F08BFAD
:1001C000401CDFF84CC201F0CFB8C30001F000437F
:1001D00043EAC20202EB507204BF104670471B4252
:1001E00048BF4FEA4C0C1CF4000FDFF824C218BFC4
:1001F000104641F0B98008BF521C12F4000F08BF2E
:10020000104601F0B18021F0004201F0004330E0DF
:1002100050EA410C04BF084670475FEA125CBCF12B
:10022000FE0F1ED1F1EE10CA1CF4400FCDD15FEAD3
:10023000C00C9BD05FEA001C4FEAC20C4CEB507C18
:1002400004BFC2002CEAD27C1CF4000F04BF4CEAAD
:100250000300DFF8BCC101F0878021F00042A2F169
:100260006052B2F5801F4FEA410C2ADB1CF5001FDB
:1002700016D2F1EE10CA1CF4806F06D02CF0005C90
:100280004CF0805CA1F140612AE04FF07F40DFF844
:1002900084C143EA500001F067B8084601F015BA7E
:1002A00070B500F061FC00BF000000B988000004D8
:1002B000FFF7F3BF21F0704243EA507040EAC200FA
:1002C0007047F1EE10CA2CF0805C4CF0005C1CF41E
:1002D000006F25D04B00B3F5001F51D301F14061F1
:1002E0001CF4400F40F07E800CF0405CC3004CF0EA
:1002F000880C11D05CF0404C10F0805F0CD00346AD
:1003000010F1005041F10001020108BF20F000503F
:10031000834218BF2CF0004C00F0604001F0D1BACD
:100320001CF4400F1AD01B4248BF4FEA4C0C1CF47F
:10033000000F13D112F1406248BF22F07F424FEA12
:10034000C00CBCF1010F43EAC20242EB50704FF007
:10035000880228BF42F0804201F0BCB912F140622D
:1003600048BF22F07F425FEAC00C43EAC20242EA81
:1003700050704FF0880218BF42F0404201F0AAB915
:1003800001F0004321F00041094214D0B1FA81FC90
:10039000ACF10B0CCCF1200201FA0CF120FA02F2C4
:1003A00041EA02014FEA0C5200FA0CF0A1EB020103
:1003B00081EA03010FE0B0FA80F200FA02F002F1E4
:1003C00015024FEAD0214FEA0252A1EB02014FEA97
:1003D000405081EA0301F1EE10CA2CF0805C4CF031
:1003E000005C7BE762460CF0405CC3004CF0880C7C
:1003F00092D05CF0404C094248BF520012F4000F0A
:100400008AD110F1005041F100012CF0004C83D151
:10041000880000408800001010B5DFF840E211F5B8
:10042000801C13F580141EEA4C0F18BF1EEA440FFF
:1004300000F0C88091EA030F48BF83F0004300F149
:100440009C85841A71EB030C05D2121943EB0C0343
:10045000001B61EB0C014FEA1154A4EB135C23EA7F
:100460006E0321EA045143F48013DCF1200E53D3D0
:1004700022FA0CFE10EB0E0023FA0CFE41EB0E01EB
:10048000CCF1200E03FA0EFE10EB0E0051F100012C
:10049000B1F5801FCCF1200E53D201EB045112FABA
:1004A0000EF2BDE8104008BF7047F1EE10CA1CF410
:1004B000400F1ED14FF0110C92F0000F4CF0804C09
:1004C00040F15287401C38BF5FEA420240F04C873F
:1004D000002814BF20F0010041F100014FEA410360
:1004E00013F5001F24BF4CF0805CA1F1C04100F067
:1004F0003BBF11F0004F54BF1CF4000F1CF4800FE1
:100500004FF0110C4CF0804C40F02E87401CC0F096
:100510002B8741F10001E1E7012A43EB0302ACF133
:10052000200CDCF11F0E32BF4FF0000E23FA0CF34B
:1005300010EB030041EB0451B4EB115FAFD0A1EB22
:10054000045101F5801149085FEA300002FA0EF209
:1005500042EA420201EB04515FEA320213D0BDE8E5
:100560001040F1EE10CA1CF4400F1AD14FF0110CDC
:1005700092F0000F4CF0804CB0D5401C38BF5FEAC1
:100580004202ABD1A4E7BDE810404FEA410313F5A6
:10059000001F38BF7047DFF8C8C0A1F1C04100F0AC
:1005A000E3BE11F0004F54BF1CF4000F1CF4800F89
:1005B0004FF0110C4CF0804C90D1401C8ED341F187
:1005C00000018BE74EF4001E3EEA410418BF3EEAEC
:1005D000430439D091EA030F48BF83F0004300F190
:1005E000C785841A71EB030C05D2121943EB0C0377
:1005F000001B61EB0C0152EA430E4FEA1154A4EBCD
:10060000135C13D05FEA445E21EA04511CBF23F05F
:100610000043ACF1010C7FF428AFBDE810404FF06F
:10062000110C801841EB030100F089BD5FEA445EC4
:10063000BDE8104018BF704750EA410C08BF704732
:100640004FF0110C00F07BBDBDE8104070B500F01C
:100650008BFA00BF64FBBE3E110000040000C0FF27
:1006600011000010491058BFC1F140415B1058BF44
:10067000C3F140438B42EFF3008070472DE9C04146
:1006800030B4DFF864C33CEA111418BF3CEA131419
:1006900000F04B8181EA03051CEA111444EAD57489
:1006A00018BF1CEA131500F01D81A4EB05044FF0E0
:1006B000004545EAC12145EAC32341EA505143EAD6
:1006C000525304F17F74994204F500344FEAC0207C
:1006D0004FEAC22208BF904200F0D0804FEA136573
:1006E0000FF20426765D4FEA134506FB05F7C7F1C6
:1006F000807706FB07F74FEAD737A7FB03687642F8
:10070000C8F58038A7FB06CE38BFA8F1010807FB63
:1007100008E64FF0000EA6FB028CE6FB03CEDCF1F0
:10072000000CCEF1004E38BFAEF1010EA6FB0C5806
:100730004FF000074FF00005E6FB0E87A1FB08C64F
:10074000A0FB07CE16EB0E0645F10005E1FB0765A1
:1007500015F1E04E7EBFA4F580345FEA46066D4198
:1007600016F18007F1EE10CA45F100054FEA172790
:1007700047EA05671CF4400F4FEA152536D14FEACA
:100780004666A6F15E46B6F1085F2FD9B4F1FE6F5A
:100790002CD8384624F0010C05EBC471BCF1FE6F77
:1007A00001EB0C11DFF844C202D8F0BCBDE80041F7
:1007B00040F2DA8524425CBF01F5801E9EEAC47FC8
:1007C00002D4F0BCBDE8004140F1CE85244277D48C
:1007D000DFF81CC256EA080EA1F1C04118BF4CF068
:1007E000804CF0BCBDE8004100F0BEBD4FEAD22213
:1007F00042EA43524FEAD323A7FB02864FEAD020B6
:1008000040EA415007FB03661EEA0E0F4FEAD12172
:1008100005FB026658BFA6EB0056B6EB00564FEA42
:10082000520E4EEAC37E18EB0E0E56EB530E05D554
:1008300018EB02085E417F1C55F1000556EA080ED0
:1008400024D01CF4400FA4D014F0010F18BF4FEABD
:100850004C0C1CF4000F08D036429AD4B8EB0208B6
:100860009E417F1E75F1000593E7364291D518EB46
:1008700002085E417F1C55F100058AE74FF48015A0
:100880004FF000074FF000064FF0000824F0010C75
:10089000384605EBC471BCF1FE6F01EB0C1102D8B8
:1008A000F0BCBDE800811CEA0C0F5CBF01F5801EA6
:1008B0009EEAC47F02D4F0BCBDE80081244287D503
:1008C00056EA080C01F1C0411CBF06F0004C4CF088
:1008D000804C4CF0005CF0BC4CF0140CBDE80041C6
:1008E00000F084BC50EA410E0CEA13150BD052EA1A
:1008F000430E13D000F0B9F9641B86EA46062404BF
:1009000044EAD674D3E652EA430E00F02680F0BCE7
:1009100081EA030101F00041BDE80081F0BCBDE8BF
:100920000041DFF8D0C000F01FBDF0BCBDE80041C1
:1009300070B500F019F900BF097EFC3E14000004F8
:1009400000F007B881EA03014FF0000001F0004118
:10095000704781EA030100F0C0B9F0BCBDE8004176
:100960005FF828C000F000BDFFFDFBF9F7F5F4F2D9
:10097000F0EEEDEBE9E8E6E4E3E1E0DEDDDBDAD83A
:10098000D7D5D4D3D1D0CFCDCCCBCAC8C7C6C5C498
:10099000C2C1C0BFBEBDBCBBBAB9B8B7B6B5B4B3AF
:1009A000B2B1B0AFAEADACABAAA9A8A8A7A6A5A49A
:1009B000A3A3A2A1A09F9F9E9D9C9C9B9A9999985E
:1009C0009797969595949393929191908F8F8E8E01
:1009D0008D8C8C8B8B8A898988888787868585848E
:1009E00084838382828181800000FF07140000409D
:1009F00014000010140000084FEA1153A3F580639F
:100A000080B5D3F11E03A8BFD3F1200C1BDB4FF040
:100A1000004242EAC12252EA505232FA03FC62FA20
:100A200003F787EA0C0757EAC0270AD052EA505268
:100A300032FA03FC6046BDE88040DFF890C000F069
:100A400093BC604680BD094218D450EA410C00D1E5
:100A500080BD102B07DD4FF00000BDE88040DFF8BF
:100A60006CC000F081BC03F5787CBCF1FF3F22D064
:100A7000BDE88040DFF858C000F076BCBDE880409B
:100A800001F1804212F5801F09DA50EA41024FF06D
:100A9000000018BFDFF834C040F066847047DFF80C
:100AA00030C0012841EB010212F5001F88BF4CF451
:100AB000803C00F059BCBDE8804070B500F054F8AF
:100AC000000000BFE800030480B5D1E7E800024061
:100AD000E8000204B1FA81F201FA02F1C2F11D024A
:100AE0004FEA415003EB025303EBD1217047000062
:100AF00051EA030C11D41CF5801F00F106809942C5
:100B000018BF704708BF9042704711F5801F58BF4B
:100B100013F5801F18D4994270471CF5801F09D522
:100B200050EA410C0EBF52EA430C8B42704708BF9B
:100B3000824270474FF4001C1CEB410F38BF1CEB86
:100B4000430F01D28B42704770B500F00DF800BF23
:100B50000000003F19001604FFF784BD4FF000515C
:100B60004FF08053FFF77EBD0EF1020E2EF0030E04
:100B700001285EF8086B41EB010414F5001418BF5E
:100B8000B4F5801F23D3364208D4012A43EB030572
:100B900015F5001518BFB5F5801F18D301EB010C32
:100BA0001CF5801F16D2364204D403EB030C1CF54F
:100BB000801F0FD2002C10D14FEAD17C002D0CEBFE
:100BC0004C0C0CF1020C08BF4CEBD37C07E04FF04F
:100BD000090C04E04FF0080C01E04FEAD37C0CEB69
:100BE0004C0526FA05F606F00706B6F1040C06D207
:100BF0000EEB860CBDE870404CF0010C6047DFE85E
:100C00000CF0222413025EF804CC1B2D08D1002C1A
:100C100088BFB4F5801F34BF4CF4804C4CF4004CBA
:100C2000BDE8704000F0A0BB002C88BFB4F5001FE9
:100C300024BF1946104670BD4FF000004FF0004130
:100C4000A1F5002170BD19461046012851EB0104A1
:100C500018BFD4F5001484BF5EF804CC2CF0806C6F
:100C6000BDE8704000F25F83704780B54FF0030627
:100C70005C004FEA03334FEA3606640D4FEA133344
:100C800018BF43F480131CD153EA125E04F101042F
:100C900002BF13460022203C1B4202BF130B120569
:100CA000143CB3FA83FEAEF10B0ECEF1200C03FA26
:100CB0000EF322FA0CFC02FA0EF2A4EB0E0443EA45
:100CC0000C030FB416F0010F0CBC03BC18BF254673
:100CD000CED180BD80B50126F3E70808A0F500114C
:100CE0004FEA3101704753EA010C11D41CF5801F03
:100CF00000F106808B4218BF704708BF82427047E0
:100D000013F5801F58BF11F5801F18D48B42704710
:100D10001CF5801F09D552EA430C0EBF50EA410C66
:100D20009942704708BF904270474FF4001C1CEB7B
:100D3000430F38BF1CEB410F01D2994270470FB4EB
:100D40000CBC03BCFFF700BF2DE9F04101F5801C8E
:100D5000BCF5001FC0F2DC804FEA115C21EA0C51A7
:100D600041F480110CF1FD0C5FEA5C0C0CF5C07CC9
:100D700001D34000494135A4890241EA90518702DC
:100D80008E0E0A0CA45D04FB04F602FB06F6C6F107
:100D90004046A4FB0662F60D46EA422606FB06F430
:100DA000A4FB01235242C3F1404338BF5B1EA6FBA4
:100DB00002420024E6FB0324D20B42EA4446A6FB8F
:100DC0000623A1FB02E2A3FB07E4E3FB61426442CA
:100DD000C2F1404E38BFAEF1010EA6FB04234FF026
:100DE0000002E6FB0E32A2FB03463400E2FB626423
:100DF000A1FB06E6A4FB07E8E4FB61687642C8F1C4
:100E0000405838BFA8F10108A2FB06E4A3FB08E59F
:100E1000E2FB6854A1FB05E6A7FB04E8E1FB64865E
:100E200018F12005F1EE104A56F10006A809B109A3
:100E300014F4400F40EA866028D1A8F11B0808F09E
:100E40001F08B8F10A0F21D9BDE8F04101EB0C51A0
:100E50004FF0170C4CF0804C00F086BAFCF5EEE831
:100E6000E2DDD8D3CFCBC7C3C0BDB9B6B4B1AEAC49
:100E7000A9A7A5A3A19F9D9B9A9896959392908FC1
:100E80008D8C8B898887868584838281A0FB00680E
:100E900000FB01F208EB4208B8EB872858EA06028B
:100EA00015D014F4400F16D118EA080F07D53418DE
:100EB00058EB0104C8D5401C51F10001C4E7341AB5
:100EC00078EB0104C0D4401E71F10001BCE701EBD6
:100ED0000C51BDE8F08114F4000F0CD118EA080F92
:100EE000B2D5361858EB0108401C51F100013618F4
:100EF00058EB0108F2E718EA080FA5D4361A78EB88
:100F00000108401E71F10001361A78EB0108F2E782
:100F10005FEA4C0C5FEA9C5C14D10AD350EA013CB6
:100F200001D1BDE8F08109420CD4FFF7D3FEA446FD
:100F300018E7BDE8F04170B5FFF716FE6DDBFFBEA8
:100F400017000004BDE8F0415FF80CC000F00CBAD7
:100F500010B5DFF894E211F5801C13F580141EEA39
:100F60004C0F18BF1EEA440F00F0F38091EA030F04
:100F700048BF83F000433FF564AA841A71EB030C69
:100F800007D212198CF0004C43EB0C03001B61EBF1
:100F90000C0152424FEA1154A4EB135C23EAAE0356
:100FA00021EA0451C3EBAE0338BF5B1EDCF1200E17
:100FB00048D322FA0CFE10EB0E0043FA0CFE41EB74
:100FC0000E01CCF1200E03FA0EFE10EB0E0051F1D3
:100FD0000001CCF1200E4CD412FA0EF201EB0451B8
:100FE000BDE8104008BF7047F1EE10CA1CF4400F76
:100FF00014D14FF0120C92F0000F4CF0804C40F1E5
:10100000B381401C18BFB2F1004F40F0AD81002801
:101010000CBF491C20F0010000F0A6B911F0004FF0
:1010200054BF1CF4000F1CF4800F4FF0120C4CF056
:10103000804C40F09981401C40F0968141F10001C4
:1010400000F092B912EB020E43EB030218BF4FF00F
:10105000010E4EEA4202ACF1200CDCF11E0E4BD91F
:1010600043FA0CFE10EB0E0051F1FF31CCF11E0ED5
:10107000B2D50EF1010E12FA0EFE404141EB010114
:1010800001EB445C5FEA5C5C06D95FEA0E0201EBAF
:101090000451BDE81040A5E73BD24FEAD42C11F52E
:1010A000001124F400641AD0B1FA81F20B3AA41AA8
:1010B000A41ED2F12003914030FA03F3194390406B
:1010C00001EBCC71002C01EB0451BDE81040A8BF2E
:1010D000704701F1C0414FF0120C00F087B8B0FA30
:1010E00080F310FA03F101D1BDE8104019D0E41AE1
:1010F000173C4805C90AE3E701EB0451BDE810407D
:10110000401E61F100015FF0FF326BE701EB04511B
:1011100010BD491001EB0451BDE810404FEA30000A
:101120000BE0F1EE10CA4FF000010CF4400CBCF5DE
:10113000000F08BF4FF0004170474FF0120C4A00FB
:1011400008BF0042EDD0B2F5001F28BF704700F085
:10115000EAB84EF4001E3EEA410418BF3EEA4304DA
:1011600034D091EA030F48BF83F000433FF539AA1A
:10117000841A71EB030C07D212198CF0004C43EB6C
:101180000C03001B61EB0C0152EA033E4FEA1154C1
:10119000A4EB135C14D05FEA445E21EA045109D049
:1011A00023F000435242ACF1010CC3F1000338BFFD
:1011B0005B1EFBE6BDE81040801A61EB0301BCE753
:1011C000BDE8104050EA410CB7D1AAE7BDE8104095
:1011D00070B5FFF7C9FC00BF40DFF63E1100000408
:1011E00083F00041104670470000C0FFF1EE103A56
:1011F00013F0807F1EBF01F000410020704713F400
:10120000006F40F0AA80094248BF4CF4803C4FF484
:10121000C0634FEA115203F1010321EA025122F4A3
:1012200000629A1A48BF6FF0FE0241F48011352A1D
:101230003CD830D0152A1ED3203A0CD90028C2F150
:10124000200321FA02F001FA03F218BF42F0010272
:101250004FF0000130E0C2F1000302F1200201FA78
:1012600003F120FA02F241EA020100FA03F2084611
:101270004FF0000120E0C2F1200310B400FA03F4A3
:1012800001FA03F320FA02F021FA02F1224610BC1F
:1012900043EA000010E050EA01324FF000004FF046
:1012A00000014FF0004218BF521C05E04FF0010250
:1012B0004FF000014FF000001CF4803F2CF4803C04
:1012C00018BF41F0004112421ED0F1EE103A13F463
:1012D000400F20D1520003D30CD0401C41F100013B
:1012E000F1EE103A4CF0804C43F00803E1EE103A76
:1012F00000F03AB85FEAAC72EFD4F1D1401C41F192
:10130000000120F00100EBE71CF0804F08BF7047A0
:101310002CF0004CE4E7094254BF13F4000F13F41F
:10132000800FDDD1D9E7F1EE103A13F0807F1EBFB8
:1013300001F000410020704713F4006F08BF7047B0
:101340002DE9F050FFF7C6FC04F5C064A4F10104D8
:10135000314301EB0451BDE8F0504CF0005C4CF01F
:10136000800C00F0AEBA00001CF0700F08BF0A46F7
:101370000FB4F1EE101A0CF0405030EA814318BF60
:101380004CF0804C4FEA4C0310EA814F4FEAD36394
:1013900023EA112318BF23F0100341EA030101F0EF
:1013A000E073E1EE101A4CEA030C0CF00F030A2B69
:1013B0001DBF082B0CF070034CEAC30C4FF4003334
:1013C00004BF33EA0C034CF4400C1CF0005F14D152
:1013D0001CF0805F0BD11CF0804F31D11CF0006FEE
:1013E00012D111F4807F0FBC62D000F06ABA11F400
:1013F000806F0FBC2BD000F064BA11F4006F0FBCEB
:1014000008BF704700F05DBA11F4007F0FBC40F0D8
:1014100058821CF0400F1EBF4FF0004040F001000A
:1014200070471CF0100F14BF81EA030242400CF019
:101430000F000A2808BF4FF0FF324FF0000326E0EC
:1014400011F4805F0FBC08BF704700F03ABAF1EEAC
:10145000103A2CF0805C1CF0800F14BF01F00042A9
:1014600000F0004212420CBF12EA336F12EAF35F3F
:101470000DD31CF0100F1DBF30A003C8114331481D
:1014800008BF104313F4805F40F01B8270471CF0CC
:10149000100F02F000421DBF0FF2940003C8114369
:1014A000254808BF104313F4805F40F00A8270475C
:1014B0001CF0400F40F028801CF4404F1BD01CF45F
:1014C000004F1CBF194610460CF4807218BF8CEAFE
:1014D000520C1CF0800F0CBF40F4800041F400213E
:1014E0008CEADC0313F0100F1CBF2CF00F0C4CF037
:1014F000080C00F08DB91CF0100F1ABF12A393E86E
:101500000300134800F084B91CF0800F14BF01F0F1
:10151000004200F000421CF0100F1BBF0AA393E82A
:1015200003000B48114308BF104300F071B900BF1E
:10153000000000000000F07F0000807FFFFFFFFF41
:10154000FFFFEF7FFFFF7F7F000000000000F87FBC
:101550000000C07F43004FEAD30C4FEA3C0C4340ED
:101560001FBF40070CF1605113F0FE4F70471CF095
:10157000006F14D133F0004004BF1946704783EA6E
:10158000830383EA430303F0070343EACC010CF02F
:10159000004303F15A5303F54013FFF79BBA0CF0D5
:1015A000004343EA507010B540EACC0000F00FF859
:1015B000000000BA180000044FEA0001FFF78DBBDD
:1015C0004FEAE0024FEA407042F0E04170470EF10E
:1015D000020E2EF0030E4FEA40025EF8084B12F1A5
:1015E000807218BFB2F5000F22D3244207D44FEA0D
:1015F000410313F1807318BFB3F5000F18D34FEAFE
:10160000400C1CF5000F16D2244204D44FEA410CC2
:101610001CF5000F0FD2002A10D14FEAD07C002B0E
:101620000CEB4C0C0CF1020C08BF4CEBD17C07E02E
:101630004FF0090C04E04FF0080C01E04FEAD17CB8
:101640000CEB4C0324FA03F404F00704B4F1040C8B
:1016500006D20EEB840CBDE810404CF0010C604744
:10166000DFE80CF01F2013025EF804CC1B2B08D11E
:10167000002A88BFB2F5000F34BF4CF4804C4CF404
:10168000004CBDE81040FFF76FBE002A88BFB2F1E2
:10169000807F28BF084610BD4FF00040A0F58000B5
:1016A00010BD0846420018BFD2F1807284BF5EF8B8
:1016B000042C22F08062BDE8104000F28A8070475E
:1016C0004FF00000E1EE100A7047FF2141EAD050D0
:1016D000C0057047F1EE101A11F0807F1CBF00F0BA
:1016E0000040704711F4006F40F08E8000F000431E
:1016F00043EAD05323F48073C3F1C10323F00041C4
:10170000172941D8C3F1200310FA03F1C3F12003D4
:1017100020F07F4040F4000020FA03F003F0004383
:1017200040EA030019D00B46F1EE101A41F008010F
:10173000E1EE101A11F4400F1CD1590009D318BF63
:10174000401C06D17FEAE27398BF401C38BF20F0EE
:10175000010042F0804CFFF707BE12F0804F08BF37
:101760007047F1EE101A944641F00801E1EE101AAC
:10177000FFF7FABD10F0004F14BF5FEAF1535FEAC4
:10178000316338BF401CE4E7182903EB912318BFED
:101790006FF000410131F1EE101A41F00801E1EE65
:1017A000101A11F4400F18BF03F00040E2D168BFD7
:1017B00003F0004009D6400203F0004000F10100B0
:1017C00004BF12F0004F20F001004FF0804CFFF7F3
:1017D000CBBDF1EE101A11F0807F1CBF00F000406D
:1017E000704711F4006F08BF704700F0004120F00F
:1017F0000040B0FA80F3A3F1080341F0C04100FAC1
:1018000003F0A1EBC351084442F0005C00F059B86A
:101810000CF00F03092B08BF082000F064800A2B8E
:1018200032D0082B18BF704708BF1CF0400F31D0D2
:101830001CF4803F23D11CF0200F11D11CF0100F9D
:101840000BBF02460A466FF000406FF0004118BF20
:101850004FF0FF3012F0004F1CBFC043C943704728
:101860001CF0100F0CBF02460A4612F0004F4FF05A
:10187000FF304FF0FF311CBFC043C94370474FF0EA
:1018800000004FF0000170471CF0400F18BF4FF0F0
:10189000004070471CF0100F08D020F0704300F09B
:1018A0007F4242EAD3014FEA4370704700F0604044
:1018B00021F07F4242EA000201F07F4040EA72706C
:1018C00070472DE900502DE90050EFF7AFFCBDE85F
:1018D0000050BDE800500CF00F0393F0090F18BF43
:1018E0007047AFF300801CF4801F24D01CF4E02F5D
:1018F00009D010F0080F02D1D0F1020070476FEA52
:10190000CC31490070474FF0604111EA407028BF68
:1019100040F04050F1EE103A23F0704343EA0003E8
:10192000E1EE103AEFF3008222F0704242EA000248
:1019300082F3008870471CEA004018BF01207047FE
:10194000B4260108FDED00080000000000000000C2
:101950008000000000000000000000009026010848
:10196000BD2100080100000000000000000200008E
:101970000000000000000000A0260108D574000847
:101980000300000000000000000400000000000050
:101990000000000080260108851F000801000000EB
:1019A0000000000000020000000000000000000035
:1019B00070260108078E00080200000000000000E9
:1019C000000200000000000000000000682601087E
:1019D000CDE70008000000000000000080000000CB
:1019E0000000000000000000AC2601084DCB0008FC
:1019F00000000000000000000001000000000000E6
:101A000000000000000000000000000001020304CC
:101A10000607080900000000010203041E00280058
:101A2000010064006400050000007A43000000002B
:101A300000000244000010416F12833A0AD7A3BD90
:101A400000A08C46000020410000000000007A4306
:101A5000000000000000024400007A44CDCCCC3DE0
:101A60000000000010E4DC3FCB8541BF7FB5F73CB0
:101A70000000803F00000000000000000000803FE8
:101A800000007A44CDCCCC3D0000000010E4DC3FE7
:101A9000CB8541BF7FB5F73C0000803F00000000D0
:101AA00000000000000000000000803F0000000077
:101AB00000000000000000000000803F0000000067
:101AC00000000000C3F51C410000803F0000000042
:101AD0000000000000000000000000000000000006
:101AE000000000000000803F000000000000000037
:101AF00000000000000000000000000000000000E6
:101B00000000803F00000000000000000000000016
:101B10000000000000000000000000000000803F06
:101B200000000000000000000000000000000000B5
:101B300000000000000000000000803F00000000E6
:101B40000000000000000000000000000000000095
:101B5000000000000000803F00061016000610166E
:101B6000FF005EBCE2613FDD83C29C7E20A3FD1FBF
:101B7000419DC3217FFCA2401E5F01E3BD3E608208
:101B8000DC237D9FC1421CFEA0E1BF5D0380DE3CE3
:101B900062BEE0025CDF81633D7C22C09E1D43A1EA
:101BA000FF4618FAA427799BC584DA3866E5BB5945
:101BB00007DB856739BAE406581947A5FB7826C4C0
:101BC0009A653BD987045AB8E6A7F91B45C6987AA7
:101BD00024F8A6441A99C7257B3A6486D85B05E7A2
:101BE000B98CD2306EEDB3510F4E10F2AC2F719311
:101BF000CD114FADF3702ECC92D38D6F31B2EC0E70
:101C000050AFF1134DCE90722C6D33D18F0C52B07A
:101C1000EE326C8ED0530DEFB1F0AE4C1291CF2D51
:101C200073CA947628ABF517490856B4EA6937D5D4
:101C30008B5709EBB536688AD495CB2977F4AA4837
:101C400016E9B7550B88D6346A2B7597C94A14F62E
:101C5000A8742AC896154BA9F7B6E80A54D7896B19
:101C600035000000891112239B322446AD5736659A
:101C7000BF74488CC19D5AAFD3BE6CCAE5DB7EE908
:101C8000F7F88110080193331A22A5562C47B7752F
:101C90003E64C99C408DDBBF52AEEDDA64CBFFF9E8
:101CA00076E802218B30100299132667AF76344410
:101CB000BD554AADC3BC588ED19F6EEBE7FA7CC8C8
:101CC000F5D983310A2091121803A7772E66B554EF
:101CD0003C45CBBD42ACD99E508FEFFB66EAFDD8A8
:101CE00074C904428D5316619F702004A9153227D0
:101CF000BB364CCEC5DF5EEDD7FC6888E1997AAB88
:101D0000F3BA85520C4397711E60A1142805B337AE
:101D10003A26CDDE44CFDFFD56ECE9986089FBBB67
:101D200072AA06638F7214409D512225AB3430068F
:101D3000B9174EEFC7FE5CCCD5DD6AA9E3B8788A47
:101D4000F19B87730E6295501C41A3352A24B1166E
:101D50003807CFFF46EEDDDC54CDEBB962A8F99A27
:101D6000708B088481951AA793B62CC2A5D33EE147
:101D7000B7F04008C919522BDB3A644EED5F766D1F
:101D8000FF7C899400859BB712A6ADD224C3BFF116
:101D900036E0C1184809D33B5A2AE55E6C4FF77DFF
:101DA0007E6C0AA583B4188691972EE3A7F23CC0F7
:101DB000B5D14229CB38500AD91B666FEF7E744CDF
:101DC000FD5D8BB502A499961087AFF326E2BDD0D6
:101DD00034C1C3394A28D11A580BE77F6E6EF55CBF
:101DE0007C4D0CC685D71EE597F42880A1913AA3B7
:101DF000B3B2444ACD5B5669DF78600CE91D722F9F
:101E0000FB3E8DD604C79FF516E4A9902081BBB395
:101E100032A2C55A4C4BD7795E68E11C680DF33F7E
:101E20007A2E0EE787F61CC495D52AA1A3B0388276
:101E3000B193466BCF7A5448DD59622DEB3C700E5E
:101E4000F91F8FF706E69DD414C5ABB122A0B99255
:101E50003083C77B4E6AD5585C49E33D6A2CF11E3E
:101E6000780F000000000000920E493CB10AC93C06
:101E70002BC3163D2EFB483D752B7B3D04A9963D9B
:101E800080B6AF3D36BDC83D2FBCE13D73B2FA3DD3
:101E900087CF093E8340163EB5AB223EA2102F3EAF
:101EA000CF6E3B3EC2C5473E0115543E135C603EBB
:101EB0007F9A6C3ECCCF783EC07D823E938E883E2A
:101EC000229A8E3E32A0943E86A09A3EE59AA03E8B
:101ED000128FA63ED47CAC3EEF63B23E2A44B83E9D
:101EE000491DBE3E15EFC33E53B9C93ECA7BCF3E26
:101EF0004136D53E80E8DA3E4F92E03E7533E63E0D
:101F0000BBCBEB3EEA5AF13ECBE0F63E275DFC3E12
:101F1000E4E7003F3D9C033F824B063F9BF5083FB3
:101F20006B9A0B3FDA390E3FCDD3103F2A68133F2F
:101F3000D9F6153FC07F183FC6021B3FD17F1D3F1A
:101F4000CBF61F3F9967223F25D2243F5636273FC5
:101F50001594293F4AEB2B3FDE3B2E3FBB85303F9C
:101F6000C9C8323FF304353F233A373F4268393F0F
:101F70003B8F3B3FF9AE3D3F67C73F3F70D8413F86
:101F800001E2433F03E4453F65DE473F12D1493F4D
:101F9000F8BB4B3F029F4D3F207A4F3F3D4D513F95
:101FA0004918533F31DB543FE595563F5348583F5E
:101FB0006AF2593F1A945B3F532D5D3F05BE5E3F69
:101FC0002146603F97C5613F5A3C633F59AA643F31
:101FD000880F663FD86B673F3CBF683FA7096A3FE1
:101FE0000C4B6B3F5E836C3F93B26D3F9ED86E3F50
:101FF00073F56F3F0809713F5213723F4714733FE7
:10200000DD0B743F0BFA743FC6DE753F07BA763FAF
:10201000C58B773FF853783F9812793F9DC7793F3A
:1020200002737A3FBE147B3FCDAC7B3F283B7C3FA5
:10203000C9BF7C3FAC3A7D3FCCAB7D3F23137E3F95
:10204000B0707E3F6DC47E3F580E7F3F6D4E7F3F28
:10205000AB847F3F0FB17F3F97D37F3F43EC7F3F00
:1020600011FB7F3F0000803F11FB7F3F43EC7F3F30
:1020700097D37F3F0FB17F3FAB847F3F6D4E7F3F54
:10208000580E7F3F6DC47E3FB0707E3F23137E3F6E
:10209000CCAB7D3FAC3A7D3FC9BF7C3F283B7C3F0A
:1020A000CDAC7B3FBE147B3F02737A3F9DC7793F27
:1020B0009812793FF853783FC58B773F07BA763F40
:1020C000C6DE753F0BFA743FDD0B743F4714733F58
:1020D0005213723F0809713F73F56F3F9ED86E3FF0
:1020E00093B26D3F5E836C3F0C4B6B3FA7096A3F19
:1020F0003CBF683FD86B673F880F663F59AA643F73
:102100005A3C633F97C5613F2146603F05BE5E3F35
:10211000532D5D3F1A945B3F6AF2593F5348583F35
:10212000E595563F31DB543F4918533F3D4D513FF4
:10213000207A4F3F029F4D3FF8BB4B3F12D1493FA2
:1021400065DE473F03E4453F01E2433F70D8413F2E
:1021500067C73F3FF9AE3D3F3B8F3B3F4268393F4A
:10216000233A373FF304353FC9C8323FBB85303F80
:10217000DE3B2E3F4AEB2B3F1594293F5636273F37
:1021800025D2243F9967223FCBF61F3FD17F1D3FC9
:10219000C6021B3FC07F183FD9F6153F2A68133F80
:1021A000CDD3103FDA390E3F6B9A0B3F9BF5083FBA
:1021B000824B063F3D9C033FE4E7003F275DFC3E2A
:1021C000CBE0F63EEA5AF13EBBCBEB3E7533E63E42
:1021D0004F92E03E80E8DA3E4136D53ECA7BCF3EA4
:1021E00053B9C93E15EFC33E491DBE3E2A44B83E11
:1021F000EF63B23ED47CAC3E128FA63EE59AA03E81
:1022000086A09A3E32A0943E229A8E3E938E883EBD
:10221000C07D823ECCCF783E7F9A6C3E135C603EA0
:102220000115543EC2C5473ECF6E3B3EA2102F3E25
:10223000B5AB223E8340163E87CF093E73B2FA3DCE
:102240002FBCE13D36BDC83D80B6AF3D04A9963DEB
:10225000752B7B3D2EFB483D2BC3163DB10AC93C77
:10226000920E493C00000000920E49BCB10AC9BC64
:102270002BC316BD2EFB48BD752B7BBD04A996BD97
:1022800080B6AFBD36BDC8BD2FBCE1BD73B2FABDCF
:1022900087CF09BE834016BEB5AB22BEA2102FBEAB
:1022A000CF6E3BBEC2C547BE011554BE135C60BEB7
:1022B0007F9A6CBECCCF78BEC07D82BE938E88BE26
:1022C000229A8EBE32A094BE86A09ABEE59AA0BE87
:1022D000128FA6BED47CACBEEF63B2BE2A44B8BE99
:1022E000491DBEBE15EFC3BE53B9C9BECA7BCFBE22
:1022F0004136D5BE80E8DABE4F92E0BE7533E6BE09
:10230000BBCBEBBEEA5AF1BECBE0F6BE275DFCBE0E
:10231000E4E700BF3D9C03BF824B06BF9BF508BFAF
:102320006B9A0BBFDA390EBFCDD310BF2A6813BF2B
:10233000D9F615BFC07F18BFC6021BBFD17F1DBF16
:10234000CBF61FBF996722BF25D224BF563627BFC1
:10235000159429BF4AEB2BBFDE3B2EBFBB8530BF98
:10236000C9C832BFF30435BF233A37BF426839BF0B
:102370003B8F3BBFF9AE3DBF67C73FBF70D841BF82
:1023800001E243BF03E445BF65DE47BF12D149BF49
:10239000F8BB4BBF029F4DBF207A4FBF3D4D51BF91
:1023A000491853BF31DB54BFE59556BF534858BF5A
:1023B0006AF259BF1A945BBF532D5DBF05BE5EBF65
:1023C000214660BF97C561BF5A3C63BF59AA64BF2D
:1023D000880F66BFD86B67BF3CBF68BFA7096ABFDD
:1023E0000C4B6BBF5E836CBF93B26DBF9ED86EBF4C
:1023F00073F56FBF080971BF521372BF471473BFE3
:10240000DD0B74BF0BFA74BFC6DE75BF07BA76BFAB
:10241000C58B77BFF85378BF981279BF9DC779BF36
:1024200002737ABFBE147BBFCDAC7BBF283B7CBFA1
:10243000C9BF7CBFAC3A7DBFCCAB7DBF23137EBF91
:10244000B0707EBF6DC47EBF580E7FBF6D4E7FBF24
:10245000AB847FBF0FB17FBF97D37FBF43EC7FBFFC
:1024600011FB7FBF000080BF11FB7FBF43EC7FBF2C
:1024700097D37FBF0FB17FBFAB847FBF6D4E7FBF50
:10248000580E7FBF6DC47EBFB0707EBF23137EBF6A
:10249000CCAB7DBFAC3A7DBFC9BF7CBF283B7CBF06
:1024A000CDAC7BBFBE147BBF02737ABF9DC779BF23
:1024B000981279BFF85378BFC58B77BF07BA76BF3C
:1024C000C6DE75BF0BFA74BFDD0B74BF471473BF54
:1024D000521372BF080971BF73F56FBF9ED86EBFEC
:1024E00093B26DBF5E836CBF0C4B6BBFA7096ABF15
:1024F0003CBF68BFD86B67BF880F66BF59AA64BF6F
:102500005A3C63BF97C561BF214660BF05BE5EBF31
:10251000532D5DBF1A945BBF6AF259BF534858BF31
:10252000E59556BF31DB54BF491853BF3D4D51BFF0
:10253000207A4FBF029F4DBFF8BB4BBF12D149BF9E
:1025400065DE47BF03E445BF01E243BF70D841BF2A
:1025500067C73FBFF9AE3DBF3B8F3BBF426839BF46
:10256000233A37BFF30435BFC9C832BFBB8530BF7C
:10257000DE3B2EBF4AEB2BBF159429BF563627BF33
:1025800025D224BF996722BFCBF61FBFD17F1DBFC5
:10259000C6021BBFC07F18BFD9F615BF2A6813BF7C
:1025A000CDD310BFDA390EBF6B9A0BBF9BF508BFB6
:1025B000824B06BF3D9C03BFE4E700BF275DFCBE26
:1025C000CBE0F6BEEA5AF1BEBBCBEBBE7533E6BE3E
:1025D0004F92E0BE80E8DABE4136D5BECA7BCFBEA0
:1025E00053B9C9BE15EFC3BE491DBEBE2A44B8BE0D
:1025F000EF63B2BED47CACBE128FA6BEE59AA0BE7D
:1026000086A09ABE32A094BE229A8EBE938E88BEB9
:10261000C07D82BECCCF78BE7F9A6CBE135C60BE9C
:10262000011554BEC2C547BECF6E3BBEA2102FBE21
:10263000B5AB22BE834016BE87CF09BE73B2FABDCA
:102640002FBCE1BD36BDC8BD80B6AFBD04A996BDE7
:10265000752B7BBD2EFB48BD2BC316BDB10AC9BC73
:10266000920E49BC00000080524546455245450047
:102670004F4253455256455F5441534B00000000B2
:10268000434841535349534C5F5441534B0000005E
:1026900043484153534953525F5441534B00000048
:1026A000494E535F5441534B00000000444554458C
:1026B000435400007465737400000000DC260108B8
:1026C00000000020DC040000C40100088C28010880
:1026D000DC040020A4CF0000280200080232000120
:1026E00000046E24F4000112640440F1C05B30C1A8
:1026F000FA7E2AC0304C3AC10534A2C188E3F141C8
:1027000024B958401E162441840D7F3F7AC7893F63
:102710006E3450403A9223423B0165400B5093C3C4
:10272000F951A343DBFB24C3A42348BFB09095C059
:102730008BC18D40153B19C1DFF2783BCC901C401A
:10274000E4018BC0AC881940215B19C08BFB1041A0
:102750002BB84EC1EA54BD408BFDA2C04642CAC34D
:102760003CEDD94304933BC3CEE3FF41104E64C21A
:102770000CFE7742C455D5C1CBB0A94057889943C8
:10278000B6178BC3F390C742F569F1406C97484187
:10279000AA0429C1DF916FBF8BDD9B3E149634C222
:1027A000E2AC2F42EC6178C193A8033F33D8BAC2A0
:1027B0000379B542301801C238AD343F1EBC034422
:1027C000E75AF2C327232A4362DEFE41D19BAD4282
:1027D000B268A1C27A6AE441A9E48B40FA64078036
:1027E0003F8FC2F53C7B0613011E474842991320D8
:1027F000410D513812F01423803F0AC405CDCC4C52
:102800003F4EB28010052E580118888007803F6F18
:1028100012833A64A16801121083C84286810C0AAF
:1028200059034821B8A0093333EB3A58A08B3A1426
:1028300024257D04017C000240AB034101055308BF
:10284000065804070F000810810911000A15800BB3
:1028500016000C18010D3A0F2A701729030B1320CC
:1028600042CD00081250C347CDCCCC3D0401531CCF
:10287000155C011A1C054E60037810000112AA01B4
:0C28800029FE000500FFFF000000000022
:040000050800018965
:00000001FF
